Stock,date,Price,volume,Probability,Action,RSI,macd_hist,adx14,sma20,sma50,sma200,atr14,bb_pos,stoch14,vol_ratio,SL,TP,rr,reason,Sector,ret_5d,ret_20d,ret_60d,avg_traded_value_20_cr,atr_pct,Trend_Score,Momentum_Score,Volume_Score,Liquidity_Score,Volatility_Score,volatility_risk,Sector_Score,breadth_above_sma20_pct,relative_strength_vs_market_20d,sector_macro_adj,Risk_Quality_Score,Analytics_Score,Suggested_Risk_Pct,Setup_Grade,Analytics_Reason,News_Adjusted_Score,Event_Adjusted_Score,final_score,News_Adjusted_Action,news_reason,Macro_Score,Macro_Risk,Macro_Regime,macro_reason,Macro_Adjusted_Score,Macro_Adjusted_Action,technical_score,Combined_Signal_Score,Final_Recommendation,Final_Signal_Reason,News_Sentiment_Score,Event_Caution_Score,Event_Risk,News_Summary,Upcoming_Event,Latest_Event,Event_Summary,event_source,event_url,News_Event_Count,Upcoming_Event_Count,Top_News_Type,Top_News_Confidence,Top_News_Materiality,News_Audit_Reason,macro_sector_adj,AI_Success_Probability,AI_Confidence,AI_Adjusted_Score,AI_Recommendation,AI_Reason
APOLLOHOSP,2026-09-28,8860.0,55787.0,10,BUY,50.61,3.1629,16.38,8851.67,8827.96,8234.98,147.65,0.521,47.11,1.5,8638.53,9229.12,1.67,RSI in swing zone; MACD bullish; Above SMA20; Above SMA50; Long-term trend positive,HEALTHCARE,0.28,2.43,-0.51,0.0,1.67,5,3,1,-2,1,LOW,2,50.0,5.77,2,-1,4.1,1.5,B,"Trend 5, Momentum 3, Volume 1, Liquidity -2 (0.0cr), VolRisk LOW, Sector HEALTHCARE 2",10,9,9,BUY,News 0; event caution -1; risk MEDIUM; type GENERIC_NEWS; confidence LOW; reason No material catalyst/event taxonomy match.. Upcoming event caution: Outcome of Board Meeting,-2,MEDIUM,CAUTIOUS,Nifty 20D return -3.9448571751706463; 60D return -4.281982537022666; Crude 20D change 11.414863871570024; India VIX latest; 20D change 9.84643344748708; USDINR 20D change 0.9026990410958335,9.0,BUY,10,13.1,STRONG_BUY,"Tech 10 | News 0 (GENERIC_NEWS, LOW) | Event caution -1 | Macro -2 | Sector 2 | Analytics 4.1 (B) | Risk MEDIUM/MEDIUM | Analytics: Trend 5, Momentum 3, Volume 1, Liquidity -2 (0.0cr), VolRisk LOW, Sector HEALTHCARE 2 | News logic: No material catalyst/event taxonomy match. | Upcoming event caution: Outcome of Board Meeting",0,-1,MEDIUM,,Upcoming event caution: Outcome of Board Meeting,Trading Window,Upcoming event caution: Outcome of Board Meeting,NSE Corporate Announcements,https://nsearchives.nseindia.com/corporate/APOLLOHOSP_25092026154148_SE_trading_window.pdf,0,1,GENERIC_NEWS,LOW,0,No material catalyst/event taxonomy match.,0,47.9,LOW,12.89,STRONG_BUY,"AI overlay from completed recommendation outcomes; use as probability/risk input, not standalone advice."
ETERNAL,2026-09-28,330.95,209922.0,11,BUY,54.79,0.415,23.91,327.18,323.22,273.23,7.65,0.618,59.97,1.6,319.48,350.06,1.67,RSI in swing zone; MACD bullish; Trend strength acceptable; Above SMA20; Above SMA50,UNKNOWN,-3.23,2.54,15.33,0.01,2.31,6,3,1,-2,1,LOW,0,,,0,-1,3.85,1.5,B,"Trend 6, Momentum 3, Volume 1, Liquidity -2 (0.01cr), VolRisk LOW, Sector UNKNOWN 0",11,11,11,BUY,News 0; event caution 0; risk LOW; type GENERIC_NEWS; confidence LOW; reason No material catalyst/event taxonomy match.. ,-2,MEDIUM,CAUTIOUS,Nifty 20D return -3.9448571751706463; 60D return -4.281982537022666; Crude 20D change 11.414863871570024; India VIX latest; 20D change 9.84643344748708; USDINR 20D change 0.9026990410958335,9.0,BUY,11,12.85,STRONG_BUY,"Tech 11 | News 0 (GENERIC_NEWS, LOW) | Event caution 0 | Macro -2 | Sector 0 | Analytics 3.85 (B) | Risk LOW/MEDIUM | Analytics: Trend 6, Momentum 3, Volume 1, Liquidity -2 (0.01cr), VolRisk LOW, Sector UNKNOWN 0 | News logic: No material catalyst/event taxonomy match.",0,0,LOW,,,Trading Window,Neutral news: Trading Window,NSE Corporate Announcements,https://nsearchives.nseindia.com/corporate/ZOMATO_18092026211627_TWCSept2026signed.pdf,0,0,GENERIC_NEWS,LOW,0,No material catalyst/event taxonomy match.,0,43.0,NEGATIVE,12.15,WATCH_AI_WEAK,"AI overlay from completed recommendation outcomes; use as probability/risk input, not standalone advice."
JSWINFRA,2026-09-28,348.75,51309.0,10,BUY,52.37,1.3673,23.12,344.9,338.94,295.03,12.02,0.572,53.56,0.68,330.72,378.8,1.67,RSI in swing zone; MACD bullish; Trend strength acceptable; Above SMA20; Above SMA50,UNKNOWN,-5.13,4.73,1.93,0.0,3.45,6,4,0,-2,0,MEDIUM,0,,,0,-2,3.6,1.5,B,"Trend 6, Momentum 4, Volume 0, Liquidity -2 (0.0cr), VolRisk MEDIUM, Sector UNKNOWN 0",11,11,11,BUY,News 1; event caution 0; risk MEDIUM; type BUSINESS_POSITIVE; confidence MEDIUM; reason Positive business development.. Positive catalyst: Acquisition,-2,MEDIUM,CAUTIOUS,Nifty 20D return -3.9448571751706463; 60D return -4.281982537022666; Crude 20D change 11.414863871570024; India VIX latest; 20D change 9.84643344748708; USDINR 20D change 0.9026990410958335,9.0,BUY,10,12.6,STRONG_BUY,"Tech 10 | News 1 (BUSINESS_POSITIVE, MEDIUM) | Event caution 0 | Macro -2 | Sector 0 | Analytics 3.6 (B) | Risk MEDIUM/MEDIUM | Positive catalyst: Acquisition | Analytics: Trend 6, Momentum 4, Volume 0, Liquidity -2 (0.0cr), VolRisk MEDIUM, Sector UNKNOWN 0 | News logic: Positive business development.",1,0,MEDIUM,Positive catalyst: Acquisition,,Acquisition,Positive catalyst: Acquisition,NSE Corporate Announcements,https://nsearchives.nseindia.com/corporate/JSWINFRA_10092026190128_Covering_Letter.pdf,2,0,BUSINESS_POSITIVE,MEDIUM,2,Positive business development.,0,53.5,LOW,12.95,STRONG_BUY,"AI overlay from completed recommendation outcomes; use as probability/risk input, not standalone advice."
TMB,2026-09-15,868.35,23429.0,9,BUY,60.8,2.8525,49.76,812.87,722.84,,46.56,0.704,61.77,0.59,798.51,984.75,1.67,RSI in swing zone; MACD bullish; Trend strength acceptable; Above SMA20; Above SMA50,UNKNOWN,1.95,17.4,,0.0,5.36,5,3,-1,-2,-1,HIGH,0,,,0,-3,2.2,1.0,B,"Trend 5, Momentum 3, Volume -1, Liquidity -2 (0.0cr), VolRisk HIGH, Sector UNKNOWN 0",11,11,11,BUY,News 2; event caution 0; risk LOW; type RESULTS_POSITIVE; confidence HIGH; reason Strong reported result or positive guidance.. Positive catalyst: Tamilnad Mercantile Bank's Q1 net profit surges 35% to ₹412 crore - Business Standard,-2,MEDIUM,CAUTIOUS,Nifty 20D return -3.9448571751706463; 60D return -4.281982537022666; Crude 20D change 11.414863871570024; India VIX latest; 20D change 9.84643344748708; USDINR 20D change 0.9026990410958335,9.0,BUY,9,11.2,STRONG_BUY,"Tech 9 | News 2 (RESULTS_POSITIVE, HIGH) | Event caution 0 | Macro -2 | Sector 0 | Analytics 2.2 (B) | Risk LOW/MEDIUM | Positive catalyst: Tamilnad Mercantile Bank's Q1 net profit surges 35% to ₹412 crore - Business Standard | Analytics: Trend 5, Momentum 3, Volume -1, Liquidity -2 (0.0cr), VolRisk HIGH, Sector UNKNOWN 0 | News logic: Strong reported result or positive guidance.",2,0,LOW,Positive catalyst: Tamilnad Mercantile Bank's Q1 net profit surges 35% to ₹412 crore - Business Standard,,Tamilnad Mercantile Bank's Q1 net profit surges 35% to ₹412 crore - Business Standard,Positive catalyst: Tamilnad Mercantile Bank's Q1 net profit surges 35% to ₹412 crore - Business Standard,Business Standard,https://news.google.com/rss/articles/CBMizwFBVV95cUxNWW53MU52Zlk1cDZkeU9KdjRhdFFYQW1pUU9yNzNNV0Vybkc0dTByeWJOdFpWMTR4b3hVVnh5QjZEVDZoWThKM056MGVvZ0hxeG45Z2Fxb1p2VHIySmpibjBYMWdUU1dGX2g2Ql9oMW5rRzU4WEdXT1RVeGZpTHI5WEdpUEhUZDhwVmZZWlBUMFVIbTRTRDNrZUlhMzkzNktsbTQzQW45MzhRSDJPVFRWTi04ZTg3OU9ZVjlxaERHS3lBMUNER0FjTWRCZGtOUEnSAdQBQVVfeXFMTVE5Vk9tMTU0MTV5VnpYMHhnc21tTklreHJSdkZCNFNnaDhEWE1GSmJPbUFES3pVcGVZNExCQ29tTjNhMTB2bk4yTXZmX3QxNjUyT2NITVZnQ1lWNURCRW5fNUVwbENvOGtBV2pJVks2dEZXaXZxOXpNZVNFT005ZWhrdThIMkswLTZUUE5UMzdwcTZXajFxUEtxOXBnSVFsNW9VU0RHWjNFRjdBTjBaN3hDS1FlZHlfNy1QQkQ5bWJDeTdXRk9sU0Y2bHFaWkV1dnFnVDE?oc=5,1,0,RESULTS_POSITIVE,HIGH,3,Strong reported result or positive guidance.,0,56.4,MEDIUM,11.84,STRONG_BUY,"AI overlay from completed recommendation outcomes; use as probability/risk input, not standalone advice."
LALPATHLAB,2026-09-27,1952.3,43609.0,8,BUY,60.78,3.4279,33.93,1914.33,1909.03,1598.91,58.54,0.925,48.81,0.93,1864.49,2098.65,1.67,RSI in swing zone; MACD bullish; Trend strength acceptable; Above SMA20; Above SMA50,HEALTHCARE,1.66,1.89,11.91,0.0,3.0,6,3,0,-2,0,MEDIUM,2,50.0,5.77,2,-2,3.95,1.5,B,"Trend 6, Momentum 3, Volume 0, Liquidity -2 (0.0cr), VolRisk MEDIUM, Sector HEALTHCARE 2",8,7,7,BUY,News 0; event caution -1; risk MEDIUM; type GENERIC_NEWS; confidence LOW; reason No material catalyst/event taxonomy match.. Upcoming event caution: Outcome of Board Meeting,-2,MEDIUM,CAUTIOUS,Nifty 20D return -3.9448571751706463; 60D return -4.281982537022666; Crude 20D change 11.414863871570024; India VIX latest; 20D change 9.84643344748708; USDINR 20D change 0.9026990410958335,7.0,BUY,8,10.95,STRONG_BUY,"Tech 8 | News 0 (GENERIC_NEWS, LOW) | Event caution -1 | Macro -2 | Sector 2 | Analytics 3.95 (B) | Risk MEDIUM/MEDIUM | Analytics: Trend 6, Momentum 3, Volume 0, Liquidity -2 (0.0cr), VolRisk MEDIUM, Sector HEALTHCARE 2 | News logic: No material catalyst/event taxonomy match. | Upcoming event caution: Outcome of Board Meeting",0,-1,MEDIUM,,Upcoming event caution: Outcome of Board Meeting,General Updates,Upcoming event caution: Outcome of Board Meeting,NSE Corporate Announcements,https://nsearchives.nseindia.com/corporate/LALPATHLAB_26092026165355_Update_on_Acquisition_Ghana.pdf,0,1,GENERIC_NEWS,LOW,0,No material catalyst/event taxonomy match.,0,52.6,LOW,11.21,STRONG_BUY,"AI overlay from completed recommendation outcomes; use as probability/risk input, not standalone advice."
EMCURE,2026-09-20,2003.8,51792.0,9,BUY,61.85,1.7366,30.94,1933.98,1822.21,,87.89,0.843,61.65,1.91,1871.97,2223.51,1.67,RSI in swing zone; MACD bullish; Trend strength acceptable; Above SMA20; Above SMA50,UNKNOWN,4.0,4.1,29.48,0.0,4.39,5,4,1,-2,0,MEDIUM,0,,,0,-2,3.4,1.5,B,"Trend 5, Momentum 4, Volume 1, Liquidity -2 (0.0cr), VolRisk MEDIUM, Sector UNKNOWN 0",9,9,9,BUY,News 0; event caution 0; risk LOW; type INVESTOR_COMMUNICATION; confidence HIGH; reason Investor/analyst communication is informational unless paired with adverse content.. ,-2,MEDIUM,CAUTIOUS,Nifty 20D return -3.9448571751706463; 60D return -4.281982537022666; Crude 20D change 11.414863871570024; India VIX latest; 20D change 9.84643344748708; USDINR 20D change 0.9026990410958335,7.0,BUY,9,10.4,STRONG_BUY,"Tech 9 | News 0 (INVESTOR_COMMUNICATION, HIGH) | Event caution 0 | Macro -2 | Sector 0 | Analytics 3.4 (B) | Risk LOW/MEDIUM | Analytics: Trend 5, Momentum 4, Volume 1, Liquidity -2 (0.0cr), VolRisk MEDIUM, Sector UNKNOWN 0 | News logic: Investor/analyst communication is informational unless paired with adverse content.",0,0,LOW,,,Investor Presentation,Informational event: Investor Presentation,NSE Corporate Announcements,https://nsearchives.nseindia.com/corporate/EMCURE_25092026164018_IntimationOfInvestorPresentation.pdf,0,0,INVESTOR_COMMUNICATION,HIGH,0,Investor/analyst communication is informational unless paired with adverse content.,0,54.6,LOW,10.86,STRONG_BUY,"AI overlay from completed recommendation outcomes; use as probability/risk input, not standalone advice."
CENTRALBK,2026-09-20,31.73,47655.0,10,BUY,52.63,0.0721,23.69,31.34,31.47,,0.98,0.63,73.31,1.69,30.26,34.18,1.67,RSI in swing zone; MACD bullish; Trend strength acceptable; Above SMA20; Above SMA50,UNKNOWN,3.9,-2.67,0.95,0.0,3.08,3,3,1,-2,0,MEDIUM,0,,,0,-2,2.15,1.5,B,"Trend 3, Momentum 3, Volume 1, Liquidity -2 (0.0cr), VolRisk MEDIUM, Sector UNKNOWN 0",10,10,10,BUY,News 0; event caution 0; risk LOW; type GENERIC_NEWS; confidence LOW; reason No material catalyst/event taxonomy match.. ,-2,MEDIUM,CAUTIOUS,Nifty 20D return -3.9448571751706463; 60D return -4.281982537022666; Crude 20D change 11.414863871570024; India VIX latest; 20D change 9.84643344748708; USDINR 20D change 0.9026990410958335,8.0,BUY,10,10.15,STRONG_BUY,"Tech 10 | News 0 (GENERIC_NEWS, LOW) | Event caution 0 | Macro -2 | Sector 0 | Analytics 2.15 (B) | Risk LOW/MEDIUM | Analytics: Trend 3, Momentum 3, Volume 1, Liquidity -2 (0.0cr), VolRisk MEDIUM, Sector UNKNOWN 0 | News logic: No material catalyst/event taxonomy match.",0,0,LOW,,,General Updates,Neutral news: General Updates,NSE Corporate Announcements,https://nsearchives.nseindia.com/corporate/CENTRALBK_28092026182342_Final_SE_outcome.pdf,0,0,GENERIC_NEWS,LOW,0,No material catalyst/event taxonomy match.,0,52.8,LOW,10.43,STRONG_BUY,"AI overlay from completed recommendation outcomes; use as probability/risk input, not standalone advice."
DIXON,2026-09-28,13640.0,77236.0,8,BUY,50.71,49.4757,34.96,13457.7,14006.1,12128.85,376.69,0.624,86.24,1.44,13074.96,14581.73,1.67,RSI in swing zone; MACD bullish; Trend strength acceptable; Above SMA20; Long-term trend positive,ELECTRONICS,4.25,-4.21,-6.5,0.0,2.76,3,3,1,-2,0,MEDIUM,0,,,0,-2,2.15,1.5,B,"Trend 3, Momentum 3, Volume 1, Liquidity -2 (0.0cr), VolRisk MEDIUM, Sector ELECTRONICS 0",10,10,10,BUY,News 2; event caution 0; risk LOW; type BUSINESS_POSITIVE; confidence MEDIUM; reason Positive business development.. Positive catalyst: Acquisition,-2,MEDIUM,CAUTIOUS,Nifty 20D return -3.9448571751706463; 60D return -4.281982537022666; Crude 20D change 11.414863871570024; India VIX latest; 20D change 9.84643344748708; USDINR 20D change 0.9026990410958335,8.0,BUY,8,10.15,STRONG_BUY,"Tech 8 | News 2 (BUSINESS_POSITIVE, MEDIUM) | Event caution 0 | Macro -2 | Sector 0 | Analytics 2.15 (B) | Risk LOW/MEDIUM | Positive catalyst: Acquisition | Analytics: Trend 3, Momentum 3, Volume 1, Liquidity -2 (0.0cr), VolRisk MEDIUM, Sector ELECTRONICS 0 | News logic: Positive business development.",2,0,LOW,Positive catalyst: Acquisition,,Acquisition,Positive catalyst: Acquisition,NSE Corporate Announcements,https://nsearchives.nseindia.com/corporate/DIXON_21092026184010_AcquisitionAdivistarFinal21092026.pdf,1,0,BUSINESS_POSITIVE,MEDIUM,2,Positive business development.,0,49.7,LOW,10.12,STRONG_BUY,"AI overlay from completed recommendation outcomes; use as probability/risk input, not standalone advice."
ACMESOLAR,2026-09-28,437.9,55004.0,9,BUY,59.63,0.4726,36.57,425.46,400.13,,20.57,0.652,55.33,0.83,407.04,489.33,1.67,RSI in swing zone; MACD bullish; Trend strength acceptable; Above SMA20; Above SMA50,UNKNOWN,-4.52,4.76,16.15,0.0,4.7,5,4,0,-2,0,MEDIUM,0,,,0,-2,3.15,1.5,B,"Trend 5, Momentum 4, Volume 0, Liquidity -2 (0.0cr), VolRisk MEDIUM, Sector UNKNOWN 0",10,9,9,BUY,News 1; event caution -1; risk MEDIUM; type BUSINESS_POSITIVE; confidence MEDIUM; reason Positive business development.. Positive catalyst: Acquisition,-2,MEDIUM,CAUTIOUS,Nifty 20D return -3.9448571751706463; 60D return -4.281982537022666; Crude 20D change 11.414863871570024; India VIX latest; 20D change 9.84643344748708; USDINR 20D change 0.9026990410958335,7.0,BUY,9,10.15,STRONG_BUY,"Tech 9 | News 1 (BUSINESS_POSITIVE, MEDIUM) | Event caution -1 | Macro -2 | Sector 0 | Analytics 3.15 (B) | Risk MEDIUM/MEDIUM | Positive catalyst: Acquisition | Analytics: Trend 5, Momentum 4, Volume 0, Liquidity -2 (0.0cr), VolRisk MEDIUM, Sector UNKNOWN 0 | News logic: Positive business development. | Upcoming event caution: Amalgamation/Merger",1,-1,MEDIUM,Positive catalyst: Acquisition,Upcoming event caution: Amalgamation/Merger,Acquisition,Positive catalyst: Acquisition,NSE Corporate Announcements,https://nsearchives.nseindia.com/corporate/ACMECS_19092026215120_Intimation19092026.pdf,2,1,BUSINESS_POSITIVE,MEDIUM,2,Positive business development.,0,54.7,LOW,10.62,STRONG_BUY,"AI overlay from completed recommendation outcomes; use as probability/risk input, not standalone advice."
SHADOWFAX,2026-09-28,274.05,42529.0,9,BUY,59.65,2.2186,22.36,261.62,253.99,,11.44,0.703,67.7,0.77,256.89,302.65,1.67,RSI in swing zone; MACD bullish; Trend strength acceptable; Above SMA20; Above SMA50,UNKNOWN,-3.18,8.09,22.75,0.0,4.17,5,4,0,-2,0,MEDIUM,0,,,0,-2,3.15,1.5,B,"Trend 5, Momentum 4, Volume 0, Liquidity -2 (0.0cr), VolRisk MEDIUM, Sector UNKNOWN 0",9,9,9,BUY,News 0; event caution 0; risk LOW; type GENERIC_NEWS; confidence LOW; reason No material catalyst/event taxonomy match.. ,-2,MEDIUM,CAUTIOUS,Nifty 20D return -3.9448571751706463; 60D return -4.281982537022666; Crude 20D change 11.414863871570024; India VIX latest; 20D change 9.84643344748708; USDINR 20D change 0.9026990410958335,7.0,BUY,9,10.15,STRONG_BUY,"Tech 9 | News 0 (GENERIC_NEWS, LOW) | Event caution 0 | Macro -2 | Sector 0 | Analytics 3.15 (B) | Risk LOW/MEDIUM | Analytics: Trend 5, Momentum 4, Volume 0, Liquidity -2 (0.0cr), VolRisk MEDIUM, Sector UNKNOWN 0 | News logic: No material catalyst/event taxonomy match.",0,0,LOW,,,Trading Window,Neutral news: Trading Window,NSE Corporate Announcements,https://nsearchives.nseindia.com/corporate/9900590024_28092026125448_Intimation_for_closure_of_trading_window.pdf,0,0,GENERIC_NEWS,LOW,0,No material catalyst/event taxonomy match.,0,54.5,LOW,10.6,STRONG_BUY,"AI overlay from completed recommendation outcomes; use as probability/risk input, not standalone advice."
AUROPHARMA,2026-09-28,1697.5,50245.0,8,BUY,53.54,-1.3185,23.83,1692.26,1656.55,1462.05,36.4,0.549,63.68,1.46,1642.9,1788.5,1.67,RSI in swing zone; MACD weak; Trend strength acceptable; Above SMA20; Above SMA50,PHARMA,-0.15,2.69,8.84,0.0,2.14,6,1,1,-2,1,LOW,0,50.0,3.96,0,-1,3.15,1.5,B,"Trend 6, Momentum 1, Volume 1, Liquidity -2 (0.0cr), VolRisk LOW, Sector PHARMA 0",10,9,9,BUY,News 2; event caution -1; risk MEDIUM; type BUSINESS_POSITIVE; confidence MEDIUM; reason Positive business development.. Positive catalyst: Acquisition,-2,MEDIUM,CAUTIOUS,Nifty 20D return -3.9448571751706463; 60D return -4.281982537022666; Crude 20D change 11.414863871570024; India VIX latest; 20D change 9.84643344748708; USDINR 20D change 0.9026990410958335,7.0,BUY,8,10.15,STRONG_BUY,"Tech 8 | News 2 (BUSINESS_POSITIVE, MEDIUM) | Event caution -1 | Macro -2 | Sector 0 | Analytics 3.15 (B) | Risk MEDIUM/MEDIUM | Positive catalyst: Acquisition | Analytics: Trend 6, Momentum 1, Volume 1, Liquidity -2 (0.0cr), VolRisk LOW, Sector PHARMA 0 | News logic: Positive business development. | Upcoming event caution: Aurobindo Pharma announces ₹800 crore share buyback; check record date and other key details - Upstox",2,-1,MEDIUM,Positive catalyst: Acquisition,Upcoming event caution: Aurobindo Pharma announces ₹800 crore share buyback; check record date and other key details - Upstox,Acquisition,Positive catalyst: Acquisition,NSE Corporate Announcements,https://nsearchives.nseindia.com/corporate/AUROPHARMA_12092026124039_LtrToSEsA1Biochem12092026.pdf,1,1,BUSINESS_POSITIVE,MEDIUM,2,Positive business development.,0,43.0,NEGATIVE,9.45,WATCH_AI_WEAK,"AI overlay from completed recommendation outcomes; use as probability/risk input, not standalone advice."
LAURUSLABS,2026-09-28,2010.7,39919.0,8,BUY,63.86,0.382,26.84,1962.5,1892.67,1409.9,48.52,0.737,76.75,0.85,1937.92,2132.0,1.67,MACD bullish; Trend strength acceptable; Above SMA20; Above SMA50; Long-term trend positive,PHARMA,0.21,9.28,28.98,0.0,2.41,6,4,0,-2,1,LOW,0,50.0,3.96,0,-1,3.95,1.5,B,"Trend 6, Momentum 4, Volume 0, Liquidity -2 (0.0cr), VolRisk LOW, Sector PHARMA 0",8,8,8,BUY,News 0; event caution 0; risk LOW; type GENERIC_NEWS; confidence LOW; reason No material catalyst/event taxonomy match.. ,-2,MEDIUM,CAUTIOUS,Nifty 20D return -3.9448571751706463; 60D return -4.281982537022666; Crude 20D change 11.414863871570024; India VIX latest; 20D change 9.84643344748708; USDINR 20D change 0.9026990410958335,6.0,WATCH,8,9.95,STRONG_BUY,"Tech 8 | News 0 (GENERIC_NEWS, LOW) | Event caution 0 | Macro -2 | Sector 0 | Analytics 3.95 (B) | Risk LOW/MEDIUM | Analytics: Trend 6, Momentum 4, Volume 0, Liquidity -2 (0.0cr), VolRisk LOW, Sector PHARMA 0 | News logic: No material catalyst/event taxonomy match.",0,0,LOW,,,Trading Window,Neutral news: Trading Window,NSE Corporate Announcements,https://nsearchives.nseindia.com/corporate/LAURUSLABS_25092026161435_Q2FY27TradingWindowClosure.pdf,0,0,GENERIC_NEWS,LOW,0,No material catalyst/event taxonomy match.,0,43.1,NEGATIVE,9.26,WATCH_AI_WEAK,"AI overlay from completed recommendation outcomes; use as probability/risk input, not standalone advice."
WOCKPHARMA,2026-09-28,2187.6,40009.0,9,BUY,54.97,3.3626,22.69,2178.36,2033.45,,90.68,0.527,56.1,0.58,2051.58,2414.31,1.67,RSI in swing zone; MACD bullish; Trend strength acceptable; Above SMA20; Above SMA50,PHARMA,0.1,4.74,17.96,0.0,4.15,5,4,-1,-2,0,MEDIUM,0,50.0,3.96,0,-2,2.9,1.5,B,"Trend 5, Momentum 4, Volume -1, Liquidity -2 (0.0cr), VolRisk MEDIUM, Sector PHARMA 0",10,9,9,BUY,"News 1; event caution -1; risk MEDIUM; type RESULTS_POSITIVE; confidence MEDIUM; reason Pattern matched positive quarterly result.. Positive catalyst: Wockhardt shares soar over 12% as loss turns to profit in Q4, EBITDA surges 147% YoY; key details to know - Upstox",-2,MEDIUM,CAUTIOUS,Nifty 20D return -3.9448571751706463; 60D return -4.281982537022666; Crude 20D change 11.414863871570024; India VIX latest; 20D change 9.84643344748708; USDINR 20D change 0.9026990410958335,7.0,BUY,9,9.9,STRONG_BUY,"Tech 9 | News 1 (RESULTS_POSITIVE, MEDIUM) | Event caution -1 | Macro -2 | Sector 0 | Analytics 2.9 (B) | Risk MEDIUM/MEDIUM | Positive catalyst: Wockhardt shares soar over 12% as loss turns to profit in Q4, EBITDA surges 147% YoY; key details to know - Upstox | Analytics: Trend 5, Momentum 4, Volume -1, Liquidity -2 (0.0cr), VolRisk MEDIUM, Sector PHARMA 0 | News logic: Pattern matched positive quarterly result. | Upcoming event caution: Outcome of Board Meeting",1,-1,MEDIUM,"Positive catalyst: Wockhardt shares soar over 12% as loss turns to profit in Q4, EBITDA surges 147% YoY; key details to know - Upstox",Upcoming event caution: Outcome of Board Meeting,"Wockhardt shares soar over 12% as loss turns to profit in Q4, EBITDA surges 147% YoY; key details to know - Upstox","Positive catalyst: Wockhardt shares soar over 12% as loss turns to profit in Q4, EBITDA surges 147% YoY; key details to know - Upstox",Upstox,https://news.google.com/rss/articles/CBMi8wFBVV95cUxNdVpRRlFkdVlHQ3ZRNGxsdTNGT1JwS2t1djc5eTBEUGVZU0R4Q2xDcTlIdVBiY241U1p0Q1ZMZVp6cUo3R1pvQWVELTJhVjFrLW40SHNwek0yV010ZjdqNWNoWkpFMEVtVm1XSVZpX21JeHZobWdsOEtnVm5leUluWkd1NFZFYTdjanlETVBjS2FUUVBtNzQxOHBFYld0d2VKTW9FUGJWNUlpLWIyQ3JJejBGcU5fZ2dTZEVFUXkwajdIM3JXNU1odlpfc3dleWx6cVJ2NkhjWS1XWEFiRzI1QV81aUZlRW1qazJNakJGQnE2UFU?oc=5,1,1,RESULTS_POSITIVE,MEDIUM,3,Pattern matched positive quarterly result.,0,55.1,MEDIUM,10.41,STRONG_BUY,"AI overlay from completed recommendation outcomes; use as probability/risk input, not standalone advice."
MTARTECH,2026-06-24,7777.0,158376.0,9,BUY,52.66,21.7988,28.37,7618.07,7249.58,,520.31,0.571,63.02,0.69,6996.54,9077.77,1.67,RSI in swing zone; MACD bullish; Trend strength acceptable; Above SMA20; Above SMA50,UNKNOWN,-6.36,10.01,57.39,0.02,6.69,5,4,0,-2,-1,HIGH,0,,,0,-3,2.8,1.0,B,"Trend 5, Momentum 4, Volume 0, Liquidity -2 (0.02cr), VolRisk HIGH, Sector UNKNOWN 0",9,9,9,BUY,News 0; event caution 0; risk LOW; type GENERIC_NEWS; confidence LOW; reason No material catalyst/event taxonomy match.. ,-2,MEDIUM,CAUTIOUS,Nifty 20D return -3.9448571751706463; 60D return -4.281982537022666; Crude 20D change 11.414863871570024; India VIX latest; 20D change 9.84643344748708; USDINR 20D change 0.9026990410958335,7.0,BUY,9,9.8,STRONG_BUY,"Tech 9 | News 0 (GENERIC_NEWS, LOW) | Event caution 0 | Macro -2 | Sector 0 | Analytics 2.8 (B) | Risk LOW/MEDIUM | Analytics: Trend 5, Momentum 4, Volume 0, Liquidity -2 (0.02cr), VolRisk HIGH, Sector UNKNOWN 0 | News logic: No material catalyst/event taxonomy match.",0,0,LOW,,,Shareholders meeting,Neutral news: Shareholders meeting,NSE Corporate Announcements,https://nsearchives.nseindia.com/corporate/MTARTECH_28092026190024_FINAL_sw.pdf,0,0,GENERIC_NEWS,LOW,0,No material catalyst/event taxonomy match.,0,56.8,MEDIUM,10.48,STRONG_BUY,"AI overlay from completed recommendation outcomes; use as probability/risk input, not standalone advice."
CLEAN,2026-09-20,851.9,30830.0,9,BUY,60.26,2.4477,25.24,822.04,803.85,,34.89,0.747,70.18,0.78,799.56,939.13,1.67,RSI in swing zone; MACD bullish; Trend strength acceptable; Above SMA20; Above SMA50,UNKNOWN,1.88,15.54,19.81,0.0,4.1,5,3,0,-2,0,MEDIUM,0,,,0,-2,2.8,1.5,B,"Trend 5, Momentum 3, Volume 0, Liquidity -2 (0.0cr), VolRisk MEDIUM, Sector UNKNOWN 0",9,9,9,BUY,News 0; event caution 0; risk LOW; type GENERIC_NEWS; confidence LOW; reason No material catalyst/event taxonomy match.. ,-2,MEDIUM,CAUTIOUS,Nifty 20D return -3.9448571751706463; 60D return -4.281982537022666; Crude 20D change 11.414863871570024; India VIX latest; 20D change 9.84643344748708; USDINR 20D change 0.9026990410958335,7.0,BUY,9,9.8,STRONG_BUY,"Tech 9 | News 0 (GENERIC_NEWS, LOW) | Event caution 0 | Macro -2 | Sector 0 | Analytics 2.8 (B) | Risk LOW/MEDIUM | Analytics: Trend 5, Momentum 3, Volume 0, Liquidity -2 (0.0cr), VolRisk MEDIUM, Sector UNKNOWN 0 | News logic: No material catalyst/event taxonomy match.",0,0,LOW,,,Credit Rating,Neutral news: Credit Rating,NSE Corporate Announcements,https://nsearchives.nseindia.com/corporate/CLEAN_24092026130037_Intimation_of_Credit_Ratings.pdf,0,0,GENERIC_NEWS,LOW,0,No material catalyst/event taxonomy match.,0,54.5,LOW,10.25,STRONG_BUY,"AI overlay from completed recommendation outcomes; use as probability/risk input, not standalone advice."
RADICO,2026-09-27,4557.1,28496.0,9,BUY,54.21,0.2626,24.23,4503.44,4441.81,3488.15,116.03,0.679,81.92,0.94,4383.05,4847.18,1.67,RSI in swing zone; MACD bullish; Trend strength acceptable; Above SMA20; Above SMA50,UNKNOWN,4.04,-2.96,17.08,0.0,2.55,5,3,0,-2,0,MEDIUM,0,,,0,-2,2.8,1.5,B,"Trend 5, Momentum 3, Volume 0, Liquidity -2 (0.0cr), VolRisk MEDIUM, Sector UNKNOWN 0",9,9,9,BUY,News 0; event caution 0; risk LOW; type GENERIC_NEWS; confidence LOW; reason No material catalyst/event taxonomy match.. ,-2,MEDIUM,CAUTIOUS,Nifty 20D return -3.9448571751706463; 60D return -4.281982537022666; Crude 20D change 11.414863871570024; India VIX latest; 20D change 9.84643344748708; USDINR 20D change 0.9026990410958335,7.0,BUY,9,9.8,STRONG_BUY,"Tech 9 | News 0 (GENERIC_NEWS, LOW) | Event caution 0 | Macro -2 | Sector 0 | Analytics 2.8 (B) | Risk LOW/MEDIUM | Analytics: Trend 5, Momentum 3, Volume 0, Liquidity -2 (0.0cr), VolRisk MEDIUM, Sector UNKNOWN 0 | News logic: No material catalyst/event taxonomy match.",0,0,LOW,,,Press Release,Neutral news: Press Release,NSE Corporate Announcements,https://nsearchives.nseindia.com/corporate/RADICO_28092026085739_PressRelease28092026signed.pdf,0,0,GENERIC_NEWS,LOW,0,No material catalyst/event taxonomy match.,0,49.7,LOW,9.77,STRONG_BUY,"AI overlay from completed recommendation outcomes; use as probability/risk input, not standalone advice."
CLEANMAX,2026-09-28,1373.1,308446.0,9,BUY,53.47,5.3012,19.81,1330.51,1312.38,,99.38,0.655,62.55,6.23,1224.03,1621.56,1.67,RSI in swing zone; MACD bullish; Above SMA20; Above SMA50; Bollinger position healthy,UNKNOWN,0.41,1.75,17.72,0.0,7.24,4,3,2,-2,-1,HIGH,0,,,0,-3,2.5,1.0,B,"Trend 4, Momentum 3, Volume 2, Liquidity -2 (0.0cr), VolRisk HIGH, Sector UNKNOWN 0",9,9,9,BUY,News 0; event caution 0; risk LOW; type GENERIC_NEWS; confidence LOW; reason No material catalyst/event taxonomy match.. ,-2,MEDIUM,CAUTIOUS,Nifty 20D return -3.9448571751706463; 60D return -4.281982537022666; Crude 20D change 11.414863871570024; India VIX latest; 20D change 9.84643344748708; USDINR 20D change 0.9026990410958335,7.0,BUY,9,9.5,STRONG_BUY,"Tech 9 | News 0 (GENERIC_NEWS, LOW) | Event caution 0 | Macro -2 | Sector 0 | Analytics 2.5 (B) | Risk LOW/MEDIUM | Analytics: Trend 4, Momentum 3, Volume 2, Liquidity -2 (0.0cr), VolRisk HIGH, Sector UNKNOWN 0 | News logic: No material catalyst/event taxonomy match.",0,0,LOW,,,Shareholders meeting,Neutral news: Shareholders meeting,NSE Corporate Announcements,https://nsearchives.nseindia.com/corporate/CLEANMAX_28092026201247_Postal_Ballot_Result__Scrutnizer_Report_CMES.pdf,0,0,GENERIC_NEWS,LOW,0,No material catalyst/event taxonomy match.,0,59.9,MEDIUM,10.49,STRONG_BUY,"AI overlay from completed recommendation outcomes; use as probability/risk input, not standalone advice."
CIPLA,2026-09-28,1383.7,26653.0,8,BUY,45.36,4.1814,26.35,1380.4,1416.74,1364.34,26.03,0.556,51.37,0.62,1344.65,1448.78,1.67,RSI in swing zone; MACD bullish; Trend strength acceptable; Above SMA20; Long-term trend positive,PHARMA,-0.03,-0.09,-2.47,0.0,1.88,3,3,0,-2,1,LOW,0,50.0,3.96,0,-1,2.25,1.5,B,"Trend 3, Momentum 3, Volume 0, Liquidity -2 (0.0cr), VolRisk LOW, Sector PHARMA 0",10,9,9,BUY,News 2; event caution -1; risk MEDIUM; type RESULTS_POSITIVE; confidence HIGH; reason Strong reported result or positive guidance.. Positive catalyst: Cipla stocks gain 2.5% as Q1 profit jumps 42% QoQ; here's what Motilal Oswal says - Moneycontrol.com,-2,MEDIUM,CAUTIOUS,Nifty 20D return -3.9448571751706463; 60D return -4.281982537022666; Crude 20D change 11.414863871570024; India VIX latest; 20D change 9.84643344748708; USDINR 20D change 0.9026990410958335,7.0,BUY,8,9.25,STRONG_BUY,"Tech 8 | News 2 (RESULTS_POSITIVE, HIGH) | Event caution -1 | Macro -2 | Sector 0 | Analytics 2.25 (B) | Risk MEDIUM/MEDIUM | Positive catalyst: Cipla stocks gain 2.5% as Q1 profit jumps 42% QoQ; here's what Motilal Oswal says - Moneycontrol.com | Analytics: Trend 3, Momentum 3, Volume 0, Liquidity -2 (0.0cr), VolRisk LOW, Sector PHARMA 0 | News logic: Strong reported result or positive guidance. | Upcoming event caution: Amalgamation/Merger",2,-1,MEDIUM,Positive catalyst: Cipla stocks gain 2.5% as Q1 profit jumps 42% QoQ; here's what Motilal Oswal says - Moneycontrol.com,Upcoming event caution: Amalgamation/Merger,Cipla stocks gain 2.5% as Q1 profit jumps 42% QoQ; here's what Motilal Oswal says - Moneycontrol.com,Positive catalyst: Cipla stocks gain 2.5% as Q1 profit jumps 42% QoQ; here's what Motilal Oswal says - Moneycontrol.com,Moneycontrol.com,https://news.google.com/rss/articles/CBMi2gFBVV95cUxQemdKdE1pdjB3eFFNSDllSUNtVnhfNkJONFRQSXZQQlNibGZ2cFJIbDVMMlFidVNPd24wcncwanRQXzZZWVFaUjZpZzliaXdoMUxpOTIwajF5cGE4cVpTWFN2bDZmUXZIaS16YWpKSDNWWmV1ZjlIMkduS2hNZzRpZWEzMF9lYWhpN3pWZFo5TFVNeW42cEVZNnZ6bS1FcEJiMG1GT19BRC1FQi02cVJPTmZ0WWdzdm01akpLRklYT1Rral9oQjJMdUpVeThxMWt6UEJFSjNocTRaZ9IB3wFBVV95cUxQM2pEbWk2aTZ6Z0NqRGpuejUzSzBMRUNOTGNncTN6Y2EtSlFINWlwZ3RGZjBHaDJoWmE1cVdaU0Z0UlZRcWxPaEcwbzRBd0hnUGZuTWV5cUNWZlc1SmVQOUppeEFMTVQ0SklNLXFSZU9hVFZHem1uZ2tZellNSm1sOHhfa3JoaTdyOVJNWjdtTUhXdDRDczN1VV9lTkcxeFBYY2JYeWlYMEgzT1B1cUlHNGl4VVhXcXFxWHFRbTVOXzJhbFZfc0RRb0xqU29ua0ctVVN0LTRTU0xFT3plenA0?oc=5,1,1,RESULTS_POSITIVE,HIGH,3,Strong reported result or positive guidance.,0,45.6,LOW,8.81,STRONG_BUY,"AI overlay from completed recommendation outcomes; use as probability/risk input, not standalone advice."
COALINDIA,2026-09-28,422.5,93277.0,9,BUY,53.32,0.2248,23.56,422.0,414.16,437.68,7.93,0.52,52.13,1.12,410.6,442.33,1.67,RSI in swing zone; MACD bullish; Trend strength acceptable; Above SMA20; Above SMA50,MINING,-1.29,1.72,-1.61,0.0,1.88,5,3,0,-2,1,LOW,0,,,0,-1,3.15,1.5,B,"Trend 5, Momentum 3, Volume 0, Liquidity -2 (0.0cr), VolRisk LOW, Sector MINING 0",9,8,8,BUY,"News 0; event caution -1; risk MEDIUM; type GENERIC_NEWS; confidence LOW; reason No material catalyst/event taxonomy match.. Upcoming event caution: Coal India declares ₹5.50 interim dividend, ex-date tomorrow; shares close flat in previous session - TradingView",-2,MEDIUM,CAUTIOUS,Nifty 20D return -3.9448571751706463; 60D return -4.281982537022666; Crude 20D change 11.414863871570024; India VIX latest; 20D change 9.84643344748708; USDINR 20D change 0.9026990410958335,6.0,WATCH,9,9.15,STRONG_BUY,"Tech 9 | News 0 (GENERIC_NEWS, LOW) | Event caution -1 | Macro -2 | Sector 0 | Analytics 3.15 (B) | Risk MEDIUM/MEDIUM | Analytics: Trend 5, Momentum 3, Volume 0, Liquidity -2 (0.0cr), VolRisk LOW, Sector MINING 0 | News logic: No material catalyst/event taxonomy match. | Upcoming event caution: Coal India declares ₹5.50 interim dividend, ex-date tomorrow; shares close flat in previous session - TradingView",0,-1,MEDIUM,,"Upcoming event caution: Coal India declares ₹5.50 interim dividend, ex-date tomorrow; shares close flat in previous session - TradingView",Trading Window,"Upcoming event caution: Coal India declares ₹5.50 interim dividend, ex-date tomorrow; shares close flat in previous session - TradingView",NSE Corporate Announcements,https://nsearchives.nseindia.com/corporate/COALINDIA_24092026144558_Letter_Stock_Exchange.pdf,0,1,GENERIC_NEWS,LOW,0,No material catalyst/event taxonomy match.,0,43.5,NEGATIVE,8.5,WATCH_AI_WEAK,"AI overlay from completed recommendation outcomes; use as probability/risk input, not standalone advice."
APOLLO,2026-09-28,408.3,84269.0,9,BUY,56.68,1.0119,15.14,399.25,393.54,332.25,16.37,0.625,74.21,1.02,383.75,449.21,1.67,RSI in swing zone; MACD bullish; Above SMA20; Above SMA50; Long-term trend positive,UNKNOWN,0.38,4.99,3.95,0.0,4.01,5,4,0,-2,0,MEDIUM,0,,,0,-2,3.15,1.5,B,"Trend 5, Momentum 4, Volume 0, Liquidity -2 (0.0cr), VolRisk MEDIUM, Sector UNKNOWN 0",8,8,8,BUY,"News -1; event caution 0; risk LOW; type BROKERAGE_NEGATIVE; confidence MEDIUM; reason Negative brokerage/research view.. Negative catalyst: Here's why Ajit Mishra is bullish on MCX, Apollo Hospitals; bearish on TCS - Business Standard",-2,MEDIUM,CAUTIOUS,Nifty 20D return -3.9448571751706463; 60D return -4.281982537022666; Crude 20D change 11.414863871570024; India VIX latest; 20D change 9.84643344748708; USDINR 20D change 0.9026990410958335,6.0,WATCH,9,9.15,STRONG_BUY,"Tech 9 | News -1 (BROKERAGE_NEGATIVE, MEDIUM) | Event caution 0 | Macro -2 | Sector 0 | Analytics 3.15 (B) | Risk LOW/MEDIUM | Negative catalyst: Here's why Ajit Mishra is bullish on MCX, Apollo Hospitals; bearish on TCS - Business Standard | Analytics: Trend 5, Momentum 4, Volume 0, Liquidity -2 (0.0cr), VolRisk MEDIUM, Sector UNKNOWN 0 | News logic: Negative brokerage/research view.",-1,0,LOW,"Negative catalyst: Here's why Ajit Mishra is bullish on MCX, Apollo Hospitals; bearish on TCS - Business Standard",,"Here's why Ajit Mishra is bullish on MCX, Apollo Hospitals; bearish on TCS - Business Standard","Negative catalyst: Here's why Ajit Mishra is bullish on MCX, Apollo Hospitals; bearish on TCS - Business Standard",Business Standard,https://news.google.com/rss/articles/CBMi1gFBVV95cUxNb2E0OUpncnBVdnNuYzY5SUdDYkRYeG9Obm9xcUF5elFqUGNSaVdsNzVPYXFBdlVtNWNTZW0wU1Z0U1duR3pWbEthV0xRVUR0MnlIbEhXTVJWcy1NMlZOT3hsak0tZmp2N2o3ejVpbjJxTTZTY3poUTI0Ulh5VW5MWlpwVU9QUFhzSXhGWGZuTjZWdEY1Wk1tT3J6RHk1UFg1T0dFRXUwd2RSVXktMlRVX2hFMFhNS0toNm1fMkhzRUFLVGx4UHUzYXpjMDZFZGJRb2twRkV30gHbAUFVX3lxTFBiajAtY3Q4V2RHOUhWSUdPUWlvMUxnV1RxVGdma2ZRNmhTcXhwYWQ3Y0t6S2pGZ0FoQTRjbXZyVjBUTVI5cFBmeC1keFFLYkVmX2o0UUsxem03Wkl6LW9Mb3RCZGhlV2oxaW1VZ25NNVN4ZWJVVjl3LXBBUVFIQ0V5X2ttYTdLLTFHbC1CYnEwbHZkNm00bTl6TEtTcXpTZXdsRDJFak5vZkM3VWlSODdjMnRTZE84NVlSUW5CNmtndGJ3RUVLYUtBR3JfMzQyVzd3SDhFR2ZBVjd2QQ?oc=5,1,0,BROKERAGE_NEGATIVE,MEDIUM,1,Negative brokerage/research view.,0,55.2,MEDIUM,9.67,STRONG_BUY,"AI overlay from completed recommendation outcomes; use as probability/risk input, not standalone advice."
PATANJALI,2026-09-28,390.8,43812.0,9,BUY,60.53,4.4128,40.16,369.44,357.62,,11.75,0.708,71.21,0.61,373.18,420.17,1.67,RSI in swing zone; MACD bullish; Trend strength acceptable; Above SMA20; Above SMA50,UNKNOWN,-3.27,10.93,-5.65,0.0,3.01,5,4,0,-2,0,MEDIUM,0,,,0,-2,3.15,1.5,B,"Trend 5, Momentum 4, Volume 0, Liquidity -2 (0.0cr), VolRisk MEDIUM, Sector UNKNOWN 0",9,8,8,BUY,News 0; event caution -1; risk MEDIUM; type GENERIC_NEWS; confidence LOW; reason No material catalyst/event taxonomy match.. Upcoming event caution: Record Date,-2,MEDIUM,CAUTIOUS,Nifty 20D return -3.9448571751706463; 60D return -4.281982537022666; Crude 20D change 11.414863871570024; India VIX latest; 20D change 9.84643344748708; USDINR 20D change 0.9026990410958335,6.0,WATCH,9,9.15,STRONG_BUY,"Tech 9 | News 0 (GENERIC_NEWS, LOW) | Event caution -1 | Macro -2 | Sector 0 | Analytics 3.15 (B) | Risk MEDIUM/MEDIUM | Analytics: Trend 5, Momentum 4, Volume 0, Liquidity -2 (0.0cr), VolRisk MEDIUM, Sector UNKNOWN 0 | News logic: No material catalyst/event taxonomy match. | Upcoming event caution: Record Date",0,-1,MEDIUM,,Upcoming event caution: Record Date,Trading Window,Upcoming event caution: Record Date,NSE Corporate Announcements,https://nsearchives.nseindia.com/corporate/RUCHI_23092026125854_TWC.pdf,0,1,GENERIC_NEWS,LOW,0,No material catalyst/event taxonomy match.,0,51.8,LOW,9.33,STRONG_BUY,"AI overlay from completed recommendation outcomes; use as probability/risk input, not standalone advice."
GABRIEL,2026-09-23,1428.1,73855.0,8,BUY,55.23,3.2193,20.48,1366.32,1365.23,,75.99,0.78,70.5,1.73,1314.12,1618.07,1.67,RSI in swing zone; MACD bullish; Above SMA20; Above SMA50; Volume expansion,UNKNOWN,11.25,-4.78,35.45,0.0,5.32,3,3,1,-2,-1,HIGH,0,,,0,-3,1.8,1.0,B,"Trend 3, Momentum 3, Volume 1, Liquidity -2 (0.0cr), VolRisk HIGH, Sector UNKNOWN 0",10,9,9,BUY,News 2; event caution -1; risk MEDIUM; type BUSINESS_POSITIVE; confidence MEDIUM; reason Positive business development.. Positive catalyst: Acquisition,-2,MEDIUM,CAUTIOUS,Nifty 20D return -3.9448571751706463; 60D return -4.281982537022666; Crude 20D change 11.414863871570024; India VIX latest; 20D change 9.84643344748708; USDINR 20D change 0.9026990410958335,7.0,BUY,8,8.8,STRONG_BUY,"Tech 8 | News 2 (BUSINESS_POSITIVE, MEDIUM) | Event caution -1 | Macro -2 | Sector 0 | Analytics 1.8 (B) | Risk MEDIUM/MEDIUM | Positive catalyst: Acquisition | Analytics: Trend 3, Momentum 3, Volume 1, Liquidity -2 (0.0cr), VolRisk HIGH, Sector UNKNOWN 0 | News logic: Positive business development. | Upcoming event caution: Outcome of Board Meeting",2,-1,MEDIUM,Positive catalyst: Acquisition,Upcoming event caution: Outcome of Board Meeting,Acquisition,Positive catalyst: Acquisition,NSE Corporate Announcements,https://nsearchives.nseindia.com/corporate/GABRIEL_21082026151524_SE_Disclosure_signed.pdf,1,1,BUSINESS_POSITIVE,MEDIUM,2,Positive business development.,0,57.4,MEDIUM,9.54,STRONG_BUY,"AI overlay from completed recommendation outcomes; use as probability/risk input, not standalone advice."
RAYMONDREL,2026-09-28,672.95,39000.0,9,BUY,56.86,9.0427,24.56,636.98,597.55,,49.7,0.633,70.07,0.57,598.4,797.2,1.67,RSI in swing zone; MACD bullish; Trend strength acceptable; Above SMA20; Above SMA50,UNKNOWN,14.16,-4.25,,0.0,7.39,4,3,-1,-2,-1,HIGH,0,,,0,-3,1.75,1.0,B,"Trend 4, Momentum 3, Volume -1, Liquidity -2 (0.0cr), VolRisk HIGH, Sector UNKNOWN 0",10,9,9,BUY,News 1; event caution -1; risk MEDIUM; type RESULTS_POSITIVE; confidence HIGH; reason Strong reported result or positive guidance.. Positive catalyst: Raymond Realty Q1 Profit Rises; Launch Pipeline Strong - HDFC Sky,-2,MEDIUM,CAUTIOUS,Nifty 20D return -3.9448571751706463; 60D return -4.281982537022666; Crude 20D change 11.414863871570024; India VIX latest; 20D change 9.84643344748708; USDINR 20D change 0.9026990410958335,7.0,BUY,9,8.75,STRONG_BUY,"Tech 9 | News 1 (RESULTS_POSITIVE, HIGH) | Event caution -1 | Macro -2 | Sector 0 | Analytics 1.75 (B) | Risk MEDIUM/MEDIUM | Positive catalyst: Raymond Realty Q1 Profit Rises; Launch Pipeline Strong - HDFC Sky | Analytics: Trend 4, Momentum 3, Volume -1, Liquidity -2 (0.0cr), VolRisk HIGH, Sector UNKNOWN 0 | News logic: Strong reported result or positive guidance. | Upcoming event caution: Outcome of Board Meeting",1,-1,MEDIUM,Positive catalyst: Raymond Realty Q1 Profit Rises; Launch Pipeline Strong - HDFC Sky,Upcoming event caution: Outcome of Board Meeting,Raymond Realty Q1 Profit Rises; Launch Pipeline Strong - HDFC Sky,Positive catalyst: Raymond Realty Q1 Profit Rises; Launch Pipeline Strong - HDFC Sky,HDFC Sky,https://news.google.com/rss/articles/CBMidkFVX3lxTE9lc0lGWHZ2YVptdzV2VllOb1BudHpFQXY1bGlLTDgzRmNpZ2lzSkJZSlNKUW9FLXY5SUFQZzBYZlAxZDFRb2lTRl9kY1h6TmJGQnMxRmVSYjJHRUI4c1dYUzIwQnAyR2lBbE1pNVhjMXRvc0xzblE?oc=5,1,1,RESULTS_POSITIVE,HIGH,3,Strong reported result or positive guidance.,0,60.3,MEDIUM,9.78,STRONG_BUY,"AI overlay from completed recommendation outcomes; use as probability/risk input, not standalone advice."
LLOYDSENT,2026-09-27,79.67,67000.0,7,BUY,56.0,-0.9199,25.5,79.06,69.45,,4.84,0.551,64.73,2.06,72.41,91.78,1.67,RSI in swing zone; MACD weak; Trend strength acceptable; Above SMA20; Above SMA50,UNKNOWN,-1.01,6.81,,0.0,6.08,5,2,2,-2,-1,HIGH,0,,,0,-3,2.6,1.0,B,"Trend 5, Momentum 2, Volume 2, Liquidity -2 (0.0cr), VolRisk HIGH, Sector UNKNOWN 0",9,8,8,BUY,News 2; event caution -1; risk MEDIUM; type BUSINESS_POSITIVE; confidence MEDIUM; reason Positive business development.. Positive catalyst: Acquisition,-2,MEDIUM,CAUTIOUS,Nifty 20D return -3.9448571751706463; 60D return -4.281982537022666; Crude 20D change 11.414863871570024; India VIX latest; 20D change 9.84643344748708; USDINR 20D change 0.9026990410958335,6.0,WATCH,7,8.6,STRONG_BUY,"Tech 7 | News 2 (BUSINESS_POSITIVE, MEDIUM) | Event caution -1 | Macro -2 | Sector 0 | Analytics 2.6 (B) | Risk MEDIUM/MEDIUM | Positive catalyst: Acquisition | Analytics: Trend 5, Momentum 2, Volume 2, Liquidity -2 (0.0cr), VolRisk HIGH, Sector UNKNOWN 0 | News logic: Positive business development. | Upcoming event caution: Outcome of Board Meeting",2,-1,MEDIUM,Positive catalyst: Acquisition,Upcoming event caution: Outcome of Board Meeting,Acquisition,Positive catalyst: Acquisition,NSE Corporate Announcements,https://nsearchives.nseindia.com/corporate/SGTL2008_17082026183719_IntimationUpdateonAcquisition17082026.pdf,1,1,BUSINESS_POSITIVE,MEDIUM,2,Positive business development.,0,57.0,MEDIUM,9.3,STRONG_BUY,"AI overlay from completed recommendation outcomes; use as probability/risk input, not standalone advice."
IONEXCHANG,2026-09-14,445.7,38821.0,8,BUY,60.21,2.4252,22.66,424.01,403.34,,26.57,0.735,83.46,1.19,405.85,512.11,1.67,RSI in swing zone; MACD bullish; Trend strength acceptable; Above SMA20; Above SMA50,UNKNOWN,3.23,1.17,,0.0,5.96,5,3,0,-2,-1,HIGH,0,,,0,-3,2.45,1.0,B,"Trend 5, Momentum 3, Volume 0, Liquidity -2 (0.0cr), VolRisk HIGH, Sector UNKNOWN 0",9,8,8,BUY,News 1; event caution -1; risk MEDIUM; type ORDER_WIN; confidence MEDIUM; reason Order/contract win can be a positive catalyst.. Positive catalyst: Ion Exchange Bags ₹205 Cr Solar Water Projects Order Wins - HDFC Sky,-2,MEDIUM,CAUTIOUS,Nifty 20D return -3.9448571751706463; 60D return -4.281982537022666; Crude 20D change 11.414863871570024; India VIX latest; 20D change 9.84643344748708; USDINR 20D change 0.9026990410958335,6.0,WATCH,8,8.45,STRONG_BUY,"Tech 8 | News 1 (ORDER_WIN, MEDIUM) | Event caution -1 | Macro -2 | Sector 0 | Analytics 2.45 (B) | Risk MEDIUM/MEDIUM | Positive catalyst: Ion Exchange Bags ₹205 Cr Solar Water Projects Order Wins - HDFC Sky | Analytics: Trend 5, Momentum 3, Volume 0, Liquidity -2 (0.0cr), VolRisk HIGH, Sector UNKNOWN 0 | News logic: Order/contract win can be a positive catalyst. | Upcoming event caution: Outcome of Board Meeting",1,-1,MEDIUM,Positive catalyst: Ion Exchange Bags ₹205 Cr Solar Water Projects Order Wins - HDFC Sky,Upcoming event caution: Outcome of Board Meeting,Ion Exchange Bags ₹205 Cr Solar Water Projects Order Wins - HDFC Sky,Positive catalyst: Ion Exchange Bags ₹205 Cr Solar Water Projects Order Wins - HDFC Sky,HDFC Sky,https://news.google.com/rss/articles/CBMitAFBVV95cUxQNjltYjZRMWJ6RHFTS2daVHJUT21LN1pMSnk2T0h6UkUyQktVTXA1Umc3RlFnVnZTb2QtbjdNTzJnNHFCOFZmZGZmWGtvUmxiS1I5NGNYSXI0OVB2VkVBdk1vend1NHlubTFPZ2ZTdG1IZDFPX1dNY241OVlqYjdoTVpaSGdKMWpyOXdyV0d1RUQ2VHlDUl9HR3lJOGtyT1RhSExYTWs0VGdEdUN4M21HRGg1bUg?oc=5,1,1,ORDER_WIN,MEDIUM,2,Order/contract win can be a positive catalyst.,0,56.8,MEDIUM,9.13,STRONG_BUY,"AI overlay from completed recommendation outcomes; use as probability/risk input, not standalone advice."
SONACOMS,2026-09-28,807.9,63742.0,11,BUY,51.99,2.0066,23.01,800.52,803.31,636.81,22.24,0.612,62.67,1.35,774.54,863.5,1.67,RSI in swing zone; MACD bullish; Trend strength acceptable; Above SMA20; Above SMA50,AUTO_ANC,-0.14,2.4,13.06,0.0,2.75,5,3,1,-2,0,MEDIUM,-3,14.3,-1.51,-3,-2,2.0,1.25,B,"Trend 5, Momentum 3, Volume 1, Liquidity -2 (0.0cr), VolRisk MEDIUM, Sector AUTO_ANC -3",12,11,11,BUY,News 1; event caution -1; risk MEDIUM; type RESULTS_POSITIVE; confidence HIGH; reason Strong reported result or positive guidance.. Positive catalyst: Sona BLW Precision Forgings Q1 profit jumps 45% YoY to ₹180 crore; co enters Robotics & Physical AI segment - Upstox,-2,MEDIUM,CAUTIOUS,Nifty 20D return -3.9448571751706463; 60D return -4.281982537022666; Crude 20D change 11.414863871570024; India VIX latest; 20D change 9.84643344748708; USDINR 20D change 0.9026990410958335,6.0,WATCH,11,8.0,STRONG_BUY,"Tech 11 | News 1 (RESULTS_POSITIVE, HIGH) | Event caution -1 | Macro -2 | Sector -3 | Analytics 2 (B) | Risk MEDIUM/MEDIUM | Positive catalyst: Sona BLW Precision Forgings Q1 profit jumps 45% YoY to ₹180 crore; co enters Robotics & Physical AI segment - Upstox | Analytics: Trend 5, Momentum 3, Volume 1, Liquidity -2 (0.0cr), VolRisk MEDIUM, Sector AUTO_ANC -3 | News logic: Strong reported result or positive guidance. | Upcoming event caution: Outcome of Board Meeting",1,-1,MEDIUM,Positive catalyst: Sona BLW Precision Forgings Q1 profit jumps 45% YoY to ₹180 crore; co enters Robotics & Physical AI segment - Upstox,Upcoming event caution: Outcome of Board Meeting,Sona BLW Precision Forgings Q1 profit jumps 45% YoY to ₹180 crore; co enters Robotics & Physical AI segment - Upstox,Positive catalyst: Sona BLW Precision Forgings Q1 profit jumps 45% YoY to ₹180 crore; co enters Robotics & Physical AI segment - Upstox,Upstox,https://news.google.com/rss/articles/CBMi_AFBVV95cUxQVElxRWZDOXRsQlFFTm90Z3lYNlVfS21KVkR5Y0NvclR0S0phTmVKX3Bjam9nbTFnR0g1bHZSMkV0OERjUmdUUXFUQmRlMlpzZjZfUEJxNE5EZkR4TVZWNkRLdWxRR1ZrXzhUaGltZnJxX2JZUnExdzAySVVYV1pOT1J3Z01ib0Y5Qkctb0tlQ21qUmtjRGczQmV4aEhCY1gxdS13U3hOQlRjSnNxT21hN1Q4S3FBS1UxSU5wcXJKLWlLOWFBZEgwdnlwb2NCSlpNSk4zSXlvSkJZelpzVzNVak1qLW1ZdHdqUDhMZVhDNVJVQy1jSTJYU3ZSWXk?oc=5,1,1,RESULTS_POSITIVE,HIGH,3,Strong reported result or positive guidance.,-1,52.0,LOW,8.2,STRONG_BUY,"AI overlay from completed recommendation outcomes; use as probability/risk input, not standalone advice."
IOB,2026-07-21,35.25,40247.0,9,BUY,57.74,0.3976,28.15,33.34,34.48,,1.59,0.893,75.05,1.25,32.87,39.21,1.66,RSI in swing zone; MACD bullish; Trend strength acceptable; Above SMA20; Above SMA50,UNKNOWN,9.47,3.43,,0.0,4.5,4,4,1,-2,0,MEDIUM,0,,,0,-2,2.95,1.5,B,"Trend 4, Momentum 4, Volume 1, Liquidity -2 (0.0cr), VolRisk MEDIUM, Sector UNKNOWN 0",9,7,7,WATCH_EVENT_CAUTION,News 0; event caution -2; risk MEDIUM; type GENERIC_NEWS; confidence LOW; reason No material catalyst/event taxonomy match.. Upcoming event caution: Outcome of Board Meeting,-2,MEDIUM,CAUTIOUS,Nifty 20D return -3.9448571751706463; 60D return -4.281982537022666; Crude 20D change 11.414863871570024; India VIX latest; 20D change 9.84643344748708; USDINR 20D change 0.9026990410958335,5.0,WATCH,9,7.95,WATCH_EVENT_CAUTION,"Tech 9 | News 0 (GENERIC_NEWS, LOW) | Event caution -2 | Macro -2 | Sector 0 | Analytics 2.95 (B) | Risk MEDIUM/MEDIUM | Analytics: Trend 4, Momentum 4, Volume 1, Liquidity -2 (0.0cr), VolRisk MEDIUM, Sector UNKNOWN 0 | News logic: No material catalyst/event taxonomy match. | Upcoming event caution: Outcome of Board Meeting",0,-2,MEDIUM,,Upcoming event caution: Outcome of Board Meeting,Trading Window,Upcoming event caution: Outcome of Board Meeting,NSE Corporate Announcements,https://nsearchives.nseindia.com/corporate/IOB_28092026170557_FINALCLOSUREOFTRADINGWINDOW.pdf,0,2,GENERIC_NEWS,LOW,0,No material catalyst/event taxonomy match.,0,55.3,MEDIUM,8.48,WATCH_EVENT_CAUTION,"AI overlay from completed recommendation outcomes; use as probability/risk input, not standalone advice."
HBLENGINE,2026-09-28,785.65,100974.0,8,BUY,64.4,6.209,35.53,745.22,715.59,741.88,29.98,0.808,67.91,1.37,740.68,860.6,1.67,MACD bullish; Trend strength acceptable; Above SMA20; Above SMA50; Long-term trend positive,UNKNOWN,2.41,12.92,5.98,0.0,3.82,6,4,1,-2,0,MEDIUM,0,,,0,-2,3.85,1.5,B,"Trend 6, Momentum 4, Volume 1, Liquidity -2 (0.0cr), VolRisk MEDIUM, Sector UNKNOWN 0",8,6,6,WATCH_EVENT_CAUTION,News 0; event caution -2; risk MEDIUM; type GENERIC_NEWS; confidence LOW; reason No material catalyst/event taxonomy match.. Upcoming event caution: Record Date,-2,MEDIUM,CAUTIOUS,Nifty 20D return -3.9448571751706463; 60D return -4.281982537022666; Crude 20D change 11.414863871570024; India VIX latest; 20D change 9.84643344748708; USDINR 20D change 0.9026990410958335,4.0,WATCH,8,7.85,WATCH_EVENT_CAUTION,"Tech 8 | News 0 (GENERIC_NEWS, LOW) | Event caution -2 | Macro -2 | Sector 0 | Analytics 3.85 (B) | Risk MEDIUM/MEDIUM | Analytics: Trend 6, Momentum 4, Volume 1, Liquidity -2 (0.0cr), VolRisk MEDIUM, Sector UNKNOWN 0 | News logic: No material catalyst/event taxonomy match. | Upcoming event caution: Record Date",0,-2,MEDIUM,,Upcoming event caution: Record Date,Shareholders meeting,Upcoming event caution: Record Date,NSE Corporate Announcements,https://nsearchives.nseindia.com/corporate/HBLPOWER_26092026205140_OutcomeofAGM2026.pdf,0,2,GENERIC_NEWS,LOW,0,No material catalyst/event taxonomy match.,0,54.8,LOW,8.33,WATCH_EVENT_CAUTION,"AI overlay from completed recommendation outcomes; use as probability/risk input, not standalone advice."
AETHER,2026-09-28,1739.2,30450.0,8,BUY,61.87,2.0432,46.54,1668.56,1558.56,,87.66,0.861,74.47,0.7,1607.71,1958.35,1.67,RSI in swing zone; MACD bullish; Trend strength acceptable; Above SMA20; Above SMA50,UNKNOWN,3.85,6.92,47.48,0.0,5.04,5,4,0,-2,-1,HIGH,0,,,0,-3,2.8,1.0,B,"Trend 5, Momentum 4, Volume 0, Liquidity -2 (0.0cr), VolRisk HIGH, Sector UNKNOWN 0",8,7,7,BUY,News 0; event caution -1; risk MEDIUM; type GENERIC_NEWS; confidence LOW; reason No material catalyst/event taxonomy match.. Upcoming event caution: Outcome of Board Meeting,-2,MEDIUM,CAUTIOUS,Nifty 20D return -3.9448571751706463; 60D return -4.281982537022666; Crude 20D change 11.414863871570024; India VIX latest; 20D change 9.84643344748708; USDINR 20D change 0.9026990410958335,5.0,WATCH,8,7.8,BUY,"Tech 8 | News 0 (GENERIC_NEWS, LOW) | Event caution -1 | Macro -2 | Sector 0 | Analytics 2.8 (B) | Risk MEDIUM/MEDIUM | Analytics: Trend 5, Momentum 4, Volume 0, Liquidity -2 (0.0cr), VolRisk HIGH, Sector UNKNOWN 0 | News logic: No material catalyst/event taxonomy match. | Upcoming event caution: Outcome of Board Meeting",0,-1,MEDIUM,,Upcoming event caution: Outcome of Board Meeting,Credit Rating,Upcoming event caution: Outcome of Board Meeting,NSE Corporate Announcements,https://nsearchives.nseindia.com/corporate/AETHER_24092026114049_35.pdf,0,1,GENERIC_NEWS,LOW,0,No material catalyst/event taxonomy match.,0,56.3,MEDIUM,8.43,BUY,"AI overlay from completed recommendation outcomes; use as probability/risk input, not standalone advice."
ACE,2026-09-28,1212.9,22380.0,7,BUY,62.78,2.5672,30.83,1173.1,1082.77,,47.43,0.716,69.71,0.74,1141.75,1331.48,1.67,MACD bullish; Trend strength acceptable; Above SMA20; Above SMA50; Bollinger position healthy,UNKNOWN,-1.33,2.68,33.38,0.0,3.91,5,3,0,-2,0,MEDIUM,0,,,0,-2,2.8,1.5,B,"Trend 5, Momentum 3, Volume 0, Liquidity -2 (0.0cr), VolRisk MEDIUM, Sector UNKNOWN 0",7,7,7,BUY,News 0; event caution 0; risk LOW; type INVESTOR_COMMUNICATION; confidence HIGH; reason Investor/analyst communication is informational unless paired with adverse content.. ,-2,MEDIUM,CAUTIOUS,Nifty 20D return -3.9448571751706463; 60D return -4.281982537022666; Crude 20D change 11.414863871570024; India VIX latest; 20D change 9.84643344748708; USDINR 20D change 0.9026990410958335,5.0,WATCH,7,7.8,BUY,"Tech 7 | News 0 (INVESTOR_COMMUNICATION, HIGH) | Event caution 0 | Macro -2 | Sector 0 | Analytics 2.8 (B) | Risk LOW/MEDIUM | Analytics: Trend 5, Momentum 3, Volume 0, Liquidity -2 (0.0cr), VolRisk MEDIUM, Sector UNKNOWN 0 | News logic: Investor/analyst communication is informational unless paired with adverse content.",0,0,LOW,,,Analysts/Institutional Investor Meet/Con. Call Updates,Informational event: Analysts/Institutional Investor Meet/Con. Call Updates,NSE Corporate Announcements,https://nsearchives.nseindia.com/corporate/ACE_26092026211924_Investor_Meet_revised_signed.pdf,0,0,INVESTOR_COMMUNICATION,HIGH,0,Investor/analyst communication is informational unless paired with adverse content.,0,54.2,LOW,8.22,BUY,"AI overlay from completed recommendation outcomes; use as probability/risk input, not standalone advice."
INDIGO,2026-09-28,4874.5,61706.0,7,BUY,41.62,9.7408,27.97,4932.77,5107.01,4783.78,106.31,0.312,47.72,1.25,4715.04,5140.27,1.67,RSI in swing zone; MACD bullish; Trend strength acceptable; Long-term trend positive; Bollinger position healthy,AVIATION,-3.09,-2.06,-6.78,0.0,2.18,2,2,1,-2,1,LOW,0,,,-1,-1,1.7,1.5,B,"Trend 2, Momentum 2, Volume 1, Liquidity -2 (0.0cr), VolRisk LOW, Sector AVIATION 0",9,9,9,BUY,News 2; event caution 0; risk LOW; type RESULTS_POSITIVE; confidence HIGH; reason Strong reported result or positive guidance.. Positive catalyst: IndiGo Q1 Results: Airline reports Rs 238 crore loss vs profit YoY; revenue rises 20% - The Economic Times,-2,MEDIUM,CAUTIOUS,Nifty 20D return -3.9448571751706463; 60D return -4.281982537022666; Crude 20D change 11.414863871570024; India VIX latest; 20D change 9.84643344748708; USDINR 20D change 0.9026990410958335,6.0,WATCH,7,7.7,BUY,"Tech 7 | News 2 (RESULTS_POSITIVE, HIGH) | Event caution 0 | Macro -2 | Sector -1 | Analytics 1.7 (B) | Risk LOW/MEDIUM | Positive catalyst: IndiGo Q1 Results: Airline reports Rs 238 crore loss vs profit YoY; revenue rises 20% - The Economic Times | Analytics: Trend 2, Momentum 2, Volume 1, Liquidity -2 (0.0cr), VolRisk LOW, Sector AVIATION 0 | News logic: Strong reported result or positive guidance.",2,0,LOW,Positive catalyst: IndiGo Q1 Results: Airline reports Rs 238 crore loss vs profit YoY; revenue rises 20% - The Economic Times,,IndiGo Q1 Results: Airline reports Rs 238 crore loss vs profit YoY; revenue rises 20% - The Economic Times,Positive catalyst: IndiGo Q1 Results: Airline reports Rs 238 crore loss vs profit YoY; revenue rises 20% - The Economic Times,The Economic Times,https://news.google.com/rss/articles/CBMigwJBVV95cUxOT0pqMkhqXzRNbUhBVExVSG5VTVRuSU1WbU9Fd01QME9TQk5VNEUzNE1EaTlSWklZVFNocmpYNFg4N2tQUC1vRkNzanRtTDFLSnA4UWNWRHNibjMxbXZwbnc1TElodHNMWERsbENTTTNOQzFHNnkwRDlzNDV0OVpkd0VrMjZwd3U3Z1FOclFJYXMxdkcza1ZndHZLUDdna0V1YlJXeElhb2Nfd2ZvRGJYVkRpUkcydFRocGFqS0xYbHRhXzVLaVNTTW45NmU1M0ZpTlN0ZHNLX1h4T1R6N3NaRjUwT0JPbVd5dzNNdUFDdzJSRlZhUy1KVjlROTZ6QTByQlRj0gGIAkFVX3lxTE0wVFpVRE5JRXh5YjZWcW5nTUJwYm43VEZub3ZsYmJyVHRSNzAtSm00ejBwYXpEdDBYVnktckFHS1BHUWNydi1vdEVDRjdOU1Z6N3pHWW9tdFVvdDA4NXFCcjN0d2NjR1N0QmdleFZQU05TSExQc0l3aHlZQzloUE96TGk3dHFwb0xUalVMVE9Rb3hBbzFDVDFjREVhZ1FfSklCWUVtS0JVbkNLQ2ZZRV9JNFpRWXNya0VVcGYwVzEzWUNKaFpDQU90NjNkY0N6dzFTYkgxYWx2SnBCTlZzdWQwNkFfRFlwY2tmSHJmMVEydzIxSi1VSFRsbXVZYXVmVnpVelJxZG80bg?oc=5,1,0,RESULTS_POSITIVE,HIGH,3,Strong reported result or positive guidance.,-1,45.2,LOW,7.22,BUY,"AI overlay from completed recommendation outcomes; use as probability/risk input, not standalone advice."
JAIBALAJI,2026-05-18,80.87,56864.0,7,BUY,57.16,-0.7677,36.84,79.73,70.37,,5.73,0.568,58.64,2.13,72.28,95.19,1.67,RSI in swing zone; MACD weak; Trend strength acceptable; Above SMA20; Above SMA50,UNKNOWN,-6.16,11.58,,0.0,7.08,5,2,2,-2,-1,HIGH,0,,,0,-3,2.6,1.0,B,"Trend 5, Momentum 2, Volume 2, Liquidity -2 (0.0cr), VolRisk HIGH, Sector UNKNOWN 0",7,7,7,BUY,News 0; event caution 0; risk LOW; type GENERIC_NEWS; confidence LOW; reason No material catalyst/event taxonomy match.. ,-2,MEDIUM,CAUTIOUS,Nifty 20D return -3.9448571751706463; 60D return -4.281982537022666; Crude 20D change 11.414863871570024; India VIX latest; 20D change 9.84643344748708; USDINR 20D change 0.9026990410958335,5.0,WATCH,7,7.6,BUY,"Tech 7 | News 0 (GENERIC_NEWS, LOW) | Event caution 0 | Macro -2 | Sector 0 | Analytics 2.6 (B) | Risk LOW/MEDIUM | Analytics: Trend 5, Momentum 2, Volume 2, Liquidity -2 (0.0cr), VolRisk HIGH, Sector UNKNOWN 0 | News logic: No material catalyst/event taxonomy match.",0,0,LOW,,,Shareholders meeting,Neutral news: Shareholders meeting,NSE Corporate Announcements,https://nsearchives.nseindia.com/corporate/JAIBALAJI_25092026191748_VotingResultsandScrutinizersReport.pdf,0,0,GENERIC_NEWS,LOW,0,No material catalyst/event taxonomy match.,0,59.0,MEDIUM,8.5,BUY,"AI overlay from completed recommendation outcomes; use as probability/risk input, not standalone advice."
CPPLUS,2026-09-28,3723.4,20767.0,8,BUY,54.69,7.3268,17.91,3668.63,3589.18,,187.95,0.585,64.69,0.62,3441.47,4193.28,1.67,RSI in swing zone; MACD bullish; Above SMA20; Above SMA50; Bollinger position healthy,UNKNOWN,6.92,-0.74,0.25,0.0,5.05,3,3,0,-2,-1,HIGH,0,,,0,-3,1.55,1.0,B,"Trend 3, Momentum 3, Volume 0, Liquidity -2 (0.0cr), VolRisk HIGH, Sector UNKNOWN 0",9,8,8,BUY,News 1; event caution -1; risk MEDIUM; type RESULTS_POSITIVE; confidence MEDIUM; reason Pattern matched positive quarterly result.. Positive catalyst: Aditya Infotech Stock Prcie Jumps 8.7% on 239% Q2 Profit Surge - HDFC Sky,-2,MEDIUM,CAUTIOUS,Nifty 20D return -3.9448571751706463; 60D return -4.281982537022666; Crude 20D change 11.414863871570024; India VIX latest; 20D change 9.84643344748708; USDINR 20D change 0.9026990410958335,6.0,WATCH,8,7.55,BUY,"Tech 8 | News 1 (RESULTS_POSITIVE, MEDIUM) | Event caution -1 | Macro -2 | Sector 0 | Analytics 1.55 (B) | Risk MEDIUM/MEDIUM | Positive catalyst: Aditya Infotech Stock Prcie Jumps 8.7% on 239% Q2 Profit Surge - HDFC Sky | Analytics: Trend 3, Momentum 3, Volume 0, Liquidity -2 (0.0cr), VolRisk HIGH, Sector UNKNOWN 0 | News logic: Pattern matched positive quarterly result. | Upcoming event caution: Outcome of Board Meeting",1,-1,MEDIUM,Positive catalyst: Aditya Infotech Stock Prcie Jumps 8.7% on 239% Q2 Profit Surge - HDFC Sky,Upcoming event caution: Outcome of Board Meeting,Aditya Infotech Stock Prcie Jumps 8.7% on 239% Q2 Profit Surge - HDFC Sky,Positive catalyst: Aditya Infotech Stock Prcie Jumps 8.7% on 239% Q2 Profit Surge - HDFC Sky,HDFC Sky,https://news.google.com/rss/articles/CBMijgFBVV95cUxNektnMmh5NF9UaHhYNnZ2TWlsdFZBd3VKN1hpOXYtV2ZYRXo3aXVDRk1DcVVMdkJUalBjSTFfajl4dFoyM2U1NXlJYWx3Mjg5NzJvN2hueWZ0Tldpdko4RWZqdjdUdVJNYnR3aG4tWlkzRWFtY1h2ZFhyZXpES3RZcGtTYWh5VlBDWVZRZ3dR?oc=5,1,1,RESULTS_POSITIVE,MEDIUM,3,Pattern matched positive quarterly result.,0,57.7,MEDIUM,8.32,BUY,"AI overlay from completed recommendation outcomes; use as probability/risk input, not standalone advice."
LLOYDSME,2026-09-27,1838.0,22721.0,7,BUY,47.35,6.4124,30.41,1822.59,1900.78,,59.48,0.626,57.06,0.89,1748.78,1986.7,1.67,RSI in swing zone; MACD bullish; Trend strength acceptable; Above SMA20; Bollinger position healthy,UNKNOWN,3.33,-3.18,4.32,0.0,3.24,2,3,0,-2,0,MEDIUM,0,,,0,-2,1.45,1.5,B,"Trend 2, Momentum 3, Volume 0, Liquidity -2 (0.0cr), VolRisk MEDIUM, Sector UNKNOWN 0",9,8,8,BUY,News 2; event caution -1; risk MEDIUM; type BUSINESS_POSITIVE; confidence MEDIUM; reason Positive business development.. Positive catalyst: Acquisition,-2,MEDIUM,CAUTIOUS,Nifty 20D return -3.9448571751706463; 60D return -4.281982537022666; Crude 20D change 11.414863871570024; India VIX latest; 20D change 9.84643344748708; USDINR 20D change 0.9026990410958335,6.0,WATCH,7,7.45,BUY,"Tech 7 | News 2 (BUSINESS_POSITIVE, MEDIUM) | Event caution -1 | Macro -2 | Sector 0 | Analytics 1.45 (B) | Risk MEDIUM/MEDIUM | Positive catalyst: Acquisition | Analytics: Trend 2, Momentum 3, Volume 0, Liquidity -2 (0.0cr), VolRisk MEDIUM, Sector UNKNOWN 0 | News logic: Positive business development. | Upcoming event caution: Outcome of Board Meeting",2,-1,MEDIUM,Positive catalyst: Acquisition,Upcoming event caution: Outcome of Board Meeting,Acquisition,Positive catalyst: Acquisition,NSE Corporate Announcements,https://nsearchives.nseindia.com/corporate/LLOYDSME_13092026133000_Intimation.pdf,1,1,BUSINESS_POSITIVE,MEDIUM,2,Positive business development.,0,53.7,LOW,7.82,BUY,"AI overlay from completed recommendation outcomes; use as probability/risk input, not standalone advice."
PCJEWELLER,2026-09-28,13.52,339562.0,7,BUY,58.28,-0.0259,37.48,13.41,11.47,,0.79,0.538,56.07,1.41,12.34,15.49,1.67,RSI in swing zone; MACD weak; Trend strength acceptable; Above SMA20; Above SMA50,UNKNOWN,-0.44,14.0,37.4,0.01,5.82,5,2,1,-2,-1,HIGH,0,,,0,-3,2.35,1.0,B,"Trend 5, Momentum 2, Volume 1, Liquidity -2 (0.01cr), VolRisk HIGH, Sector UNKNOWN 0",7,7,7,BUY,News 0; event caution 0; risk LOW; type GENERIC_NEWS; confidence LOW; reason No material catalyst/event taxonomy match.. ,-2,MEDIUM,CAUTIOUS,Nifty 20D return -3.9448571751706463; 60D return -4.281982537022666; Crude 20D change 11.414863871570024; India VIX latest; 20D change 9.84643344748708; USDINR 20D change 0.9026990410958335,5.0,WATCH,7,7.35,BUY,"Tech 7 | News 0 (GENERIC_NEWS, LOW) | Event caution 0 | Macro -2 | Sector 0 | Analytics 2.35 (B) | Risk LOW/MEDIUM | Analytics: Trend 5, Momentum 2, Volume 1, Liquidity -2 (0.01cr), VolRisk HIGH, Sector UNKNOWN 0 | News logic: No material catalyst/event taxonomy match.",0,0,LOW,,,Disclosure of material issue,Neutral news: Disclosure of material issue,NSE Corporate Announcements,https://nsearchives.nseindia.com/corporate/PCJEWELLER_25092026165942_update250926.pdf,0,0,GENERIC_NEWS,LOW,0,No material catalyst/event taxonomy match.,0,55.2,MEDIUM,7.87,BUY,"AI overlay from completed recommendation outcomes; use as probability/risk input, not standalone advice."
SBFC,2026-09-03,99.9,24969.0,7,BUY,60.22,0.7641,21.63,94.87,92.23,,5.26,0.872,72.56,0.8,92.01,113.06,1.67,RSI in swing zone; MACD bullish; Above SMA20; Above SMA50,UNKNOWN,10.53,6.82,,0.0,5.27,4,4,0,-2,-1,HIGH,0,,,0,-3,2.35,1.0,B,"Trend 4, Momentum 4, Volume 0, Liquidity -2 (0.0cr), VolRisk HIGH, Sector UNKNOWN 0",7,7,7,BUY,News 0; event caution 0; risk LOW; type GENERIC_NEWS; confidence LOW; reason No material catalyst/event taxonomy match.. ,-2,MEDIUM,CAUTIOUS,Nifty 20D return -3.9448571751706463; 60D return -4.281982537022666; Crude 20D change 11.414863871570024; India VIX latest; 20D change 9.84643344748708; USDINR 20D change 0.9026990410958335,5.0,WATCH,7,7.35,BUY,"Tech 7 | News 0 (GENERIC_NEWS, LOW) | Event caution 0 | Macro -2 | Sector 0 | Analytics 2.35 (B) | Risk LOW/MEDIUM | Analytics: Trend 4, Momentum 4, Volume 0, Liquidity -2 (0.0cr), VolRisk HIGH, Sector UNKNOWN 0 | News logic: No material catalyst/event taxonomy match.",0,0,LOW,,,Trading Window,Neutral news: Trading Window,NSE Corporate Announcements,https://nsearchives.nseindia.com/corporate/SBFC_25092026160420_BMIntimationTWD_24102026_signed.pdf,0,0,GENERIC_NEWS,LOW,0,No material catalyst/event taxonomy match.,0,57.1,MEDIUM,8.06,BUY,"AI overlay from completed recommendation outcomes; use as probability/risk input, not standalone advice."
ICICIAMC,2026-09-22,3151.2,21096.0,8,BUY,54.72,22.3389,20.21,3072.82,3115.81,,96.3,0.742,61.61,0.44,3006.75,3391.95,1.67,RSI in swing zone; MACD bullish; Above SMA20; Above SMA50; Bollinger position healthy,UNKNOWN,2.1,-2.44,-7.77,0.0,3.06,2,3,-1,-2,0,MEDIUM,0,,,0,-2,1.2,1.5,B,"Trend 2, Momentum 3, Volume -1, Liquidity -2 (0.0cr), VolRisk MEDIUM, Sector UNKNOWN 0",9,8,8,BUY,"News 1; event caution -1; risk MEDIUM; type RESULTS_POSITIVE; confidence HIGH; reason Strong reported result or positive guidance.. Positive catalyst: ICICI Prudential AMC Q1 results: Net profit jumps 23% YoY to ₹965 crore, revenue rises 18% - Upstox",-2,MEDIUM,CAUTIOUS,Nifty 20D return -3.9448571751706463; 60D return -4.281982537022666; Crude 20D change 11.414863871570024; India VIX latest; 20D change 9.84643344748708; USDINR 20D change 0.9026990410958335,6.0,WATCH,8,7.2,BUY,"Tech 8 | News 1 (RESULTS_POSITIVE, HIGH) | Event caution -1 | Macro -2 | Sector 0 | Analytics 1.2 (B) | Risk MEDIUM/MEDIUM | Positive catalyst: ICICI Prudential AMC Q1 results: Net profit jumps 23% YoY to ₹965 crore, revenue rises 18% - Upstox | Analytics: Trend 2, Momentum 3, Volume -1, Liquidity -2 (0.0cr), VolRisk MEDIUM, Sector UNKNOWN 0 | News logic: Strong reported result or positive guidance. | Upcoming event caution: Outcome of Board Meeting",1,-1,MEDIUM,"Positive catalyst: ICICI Prudential AMC Q1 results: Net profit jumps 23% YoY to ₹965 crore, revenue rises 18% - Upstox",Upcoming event caution: Outcome of Board Meeting,"ICICI Prudential AMC Q1 results: Net profit jumps 23% YoY to ₹965 crore, revenue rises 18% - Upstox","Positive catalyst: ICICI Prudential AMC Q1 results: Net profit jumps 23% YoY to ₹965 crore, revenue rises 18% - Upstox",Upstox,https://news.google.com/rss/articles/CBMi4AFBVV95cUxQenROSThFTzd5NHh4dDVQNkhLZGhudERpeFhwMXNZaVV1MWhVYVRqQVhYN3ZhOFl3OGRZbWRIaHgwc3VkRWQ4NFYxWXE0dU1DcTdaejhWQWwyTE5DdExMdTJlcENNeWotOGNQaXFqYlZuSlRJcW9WWUFDZHB3Zl9qYlZ6aTNkZWd2Vklvc05Wc2I4ZmNfa0dUMjl1S2FKQjVyQUdBaTRsTjZHR0R0cGVDSmNDNkhXalRydHhxZFF2T1VCTU9Vb0c0a2pIMmVSc3l4T3JjQ1V6MUQxXzhYOXhkVA?oc=5,1,1,RESULTS_POSITIVE,HIGH,3,Strong reported result or positive guidance.,0,52.4,LOW,7.44,BUY,"AI overlay from completed recommendation outcomes; use as probability/risk input, not standalone advice."
SANSERA,2026-09-28,4457.2,48102.0,7,BUY,62.05,21.3847,39.72,4232.67,3835.49,,192.67,0.702,69.66,1.12,4168.2,4938.87,1.67,MACD bullish; Trend strength acceptable; Above SMA20; Above SMA50; Bollinger position healthy,UNKNOWN,-2.82,10.93,41.63,0.0,4.32,5,4,0,-2,0,MEDIUM,0,,,0,-2,3.15,1.5,B,"Trend 5, Momentum 4, Volume 0, Liquidity -2 (0.0cr), VolRisk MEDIUM, Sector UNKNOWN 0",8,6,6,WATCH_EVENT_CAUTION,"News 1; event caution -2; risk MEDIUM; type ORDER_WIN; confidence MEDIUM; reason Order/contract win can be a positive catalyst.. Positive catalyst: Sansera Engineering: Strong order wins lift growth outlook; Nomura raises target to Rs 4,278 - Moneycontrol.com",-2,MEDIUM,CAUTIOUS,Nifty 20D return -3.9448571751706463; 60D return -4.281982537022666; Crude 20D change 11.414863871570024; India VIX latest; 20D change 9.84643344748708; USDINR 20D change 0.9026990410958335,4.0,WATCH,7,7.15,WATCH_EVENT_CAUTION,"Tech 7 | News 1 (ORDER_WIN, MEDIUM) | Event caution -2 | Macro -2 | Sector 0 | Analytics 3.15 (B) | Risk MEDIUM/MEDIUM | Positive catalyst: Sansera Engineering: Strong order wins lift growth outlook; Nomura raises target to Rs 4,278 - Moneycontrol.com | Analytics: Trend 5, Momentum 4, Volume 0, Liquidity -2 (0.0cr), VolRisk MEDIUM, Sector UNKNOWN 0 | News logic: Order/contract win can be a positive catalyst. | Upcoming event caution: Record Date",1,-2,MEDIUM,"Positive catalyst: Sansera Engineering: Strong order wins lift growth outlook; Nomura raises target to Rs 4,278 - Moneycontrol.com",Upcoming event caution: Record Date,"Sansera Engineering: Strong order wins lift growth outlook; Nomura raises target to Rs 4,278 - Moneycontrol.com","Positive catalyst: Sansera Engineering: Strong order wins lift growth outlook; Nomura raises target to Rs 4,278 - Moneycontrol.com",Moneycontrol.com,https://news.google.com/rss/articles/CBMi6gFBVV95cUxQQTNHMll3SExpVHhHU18tcGZZcjVDNGZVMTkyQkJod294ZTF0Ym1ON1NtZW1GUXB4dXRsUF9nSEg5WkdHWjVURWlVbE4wNlJ6UVpNSkZOQ1RSdTEzWlJ4MDdzVnl5Z0VDSGtNMlZLM2xzUC14a1pkQTFuQXFwU29KX0piZWpMaVNPTjI5SnM0OGFBVVFpd0lCbFpMU25ta09rUWxNeVNwcDRWTktnZmIyUElIeDFGZUtZbElvZTM5bzRiMXBhYVItNkpJc2ZRYUhtUWE3UVlvOU1IS3NTVWNncXFuMXFIUWNsY3fSAe8BQVVfeXFMTzItc08wREZFdkotakhhV2NTdkJaR0JZVXVndllIMGF6YmdNdFA5X1VkdWdyZjNnRVIyUS1QaHhsMUhkSzJQalBNdVQ4RzRLNVpyRnNQYk50Rkl3OXNFUUk0WklGX2NVSXJVdnhZNENqamlPRjlhQXFRTzByZ3J4RkZXb0k2NGdiZ1RkZUZHdTVYZGRLRFZlWDVzNVE1Y3ZLYldFLXM4OWRxbnFMajM0RWd1QzFLSFNoT0p5SFNENURJaE43M1B5WHJPSW9yZ2lfcTU1Y2VuNHAwdF92NUo5c2VsS29sU19PWGdfaTlENG8?oc=5,1,2,ORDER_WIN,MEDIUM,2,Order/contract win can be a positive catalyst.,0,55.7,MEDIUM,7.72,WATCH_EVENT_CAUTION,"AI overlay from completed recommendation outcomes; use as probability/risk input, not standalone advice."
AARTIPHARM,2026-09-28,914.0,29840.0,6,WATCH,62.28,7.152,24.13,863.79,802.4,,43.14,0.768,75.63,0.89,849.29,1021.85,1.67,MACD bullish; Trend strength acceptable; Above SMA20; Above SMA50,UNKNOWN,3.42,8.11,46.77,0.0,4.72,5,4,0,-2,0,MEDIUM,0,,,0,-2,3.15,1.5,B,"Trend 5, Momentum 4, Volume 0, Liquidity -2 (0.0cr), VolRisk MEDIUM, Sector UNKNOWN 0",6,6,6,WATCH,News 0; event caution 0; risk LOW; type ; confidence ; reason . ,-2,MEDIUM,CAUTIOUS,Nifty 20D return -3.9448571751706463; 60D return -4.281982537022666; Crude 20D change 11.414863871570024; India VIX latest; 20D change 9.84643344748708; USDINR 20D change 0.9026990410958335,4.0,WATCH,6,7.15,BUY,"Tech 6 | News 0 (, ) | Event caution 0 | Macro -2 | Sector 0 | Analytics 3.15 (B) | Risk LOW/MEDIUM | Analytics: Trend 5, Momentum 4, Volume 0, Liquidity -2 (0.0cr), VolRisk MEDIUM, Sector UNKNOWN 0",0,0,LOW,,,,,,,0,0,,,0,,0,55.0,MEDIUM,7.65,BUY,"AI overlay from completed recommendation outcomes; use as probability/risk input, not standalone advice."
BANDHANBNK,2026-09-28,181.0,42435.0,9,BUY,54.06,1.2677,26.47,176.54,173.48,181.91,6.0,0.646,49.3,0.7,172.0,196.0,1.67,RSI in swing zone; MACD bullish; Trend strength acceptable; Above SMA20; Above SMA50,BANK,-2.0,10.21,-12.93,0.0,3.31,5,4,0,-2,0,MEDIUM,-3,15.4,-0.84,-2,-2,2.1,1.25,B,"Trend 5, Momentum 4, Volume 0, Liquidity -2 (0.0cr), VolRisk MEDIUM, Sector BANK -3",9,9,9,BUY,News 0; event caution 0; risk LOW; type GENERIC_NEWS; confidence LOW; reason No material catalyst/event taxonomy match.. ,-2,MEDIUM,CAUTIOUS,Nifty 20D return -3.9448571751706463; 60D return -4.281982537022666; Crude 20D change 11.414863871570024; India VIX latest; 20D change 9.84643344748708; USDINR 20D change 0.9026990410958335,5.0,WATCH,9,7.1,BUY,"Tech 9 | News 0 (GENERIC_NEWS, LOW) | Event caution 0 | Macro -2 | Sector -2 | Analytics 2.1 (B) | Risk LOW/MEDIUM | Analytics: Trend 5, Momentum 4, Volume 0, Liquidity -2 (0.0cr), VolRisk MEDIUM, Sector BANK -3 | News logic: No material catalyst/event taxonomy match.",0,0,LOW,,,Credit Rating,Neutral news: Credit Rating,NSE Corporate Announcements,https://nsearchives.nseindia.com/corporate/BANDHANBNK_28092026184155_SE_Disclosure_Credit_Rating_28092026_sd.pdf,0,0,GENERIC_NEWS,LOW,0,No material catalyst/event taxonomy match.,0,50.9,LOW,7.19,BUY,"AI overlay from completed recommendation outcomes; use as probability/risk input, not standalone advice."
LICHSGFIN,2026-09-28,564.15,37939.0,9,BUY,59.35,0.4477,31.58,556.36,530.88,,16.42,0.708,73.35,0.79,539.52,605.2,1.67,RSI in swing zone; MACD bullish; Trend strength acceptable; Above SMA20; Above SMA50,NBFC,2.92,4.78,1.75,0.0,2.91,5,4,0,-2,0,MEDIUM,-3,12.5,-3.44,-2,-2,2.1,1.25,B,"Trend 5, Momentum 4, Volume 0, Liquidity -2 (0.0cr), VolRisk MEDIUM, Sector NBFC -3",10,9,9,BUY,"News 1; event caution -1; risk MEDIUM; type RESULTS_POSITIVE; confidence HIGH; reason Strong reported result or positive guidance.. Positive catalyst: LIC Housing Finance Q1 Profit Rises 9% to Rs 1,488 Cr - HDFC Sky",-2,MEDIUM,CAUTIOUS,Nifty 20D return -3.9448571751706463; 60D return -4.281982537022666; Crude 20D change 11.414863871570024; India VIX latest; 20D change 9.84643344748708; USDINR 20D change 0.9026990410958335,5.0,WATCH,9,7.1,BUY,"Tech 9 | News 1 (RESULTS_POSITIVE, HIGH) | Event caution -1 | Macro -2 | Sector -2 | Analytics 2.1 (B) | Risk MEDIUM/MEDIUM | Positive catalyst: LIC Housing Finance Q1 Profit Rises 9% to Rs 1,488 Cr - HDFC Sky | Analytics: Trend 5, Momentum 4, Volume 0, Liquidity -2 (0.0cr), VolRisk MEDIUM, Sector NBFC -3 | News logic: Strong reported result or positive guidance. | Upcoming event caution: Outcome of Board Meeting",1,-1,MEDIUM,"Positive catalyst: LIC Housing Finance Q1 Profit Rises 9% to Rs 1,488 Cr - HDFC Sky",Upcoming event caution: Outcome of Board Meeting,"LIC Housing Finance Q1 Profit Rises 9% to Rs 1,488 Cr - HDFC Sky","Positive catalyst: LIC Housing Finance Q1 Profit Rises 9% to Rs 1,488 Cr - HDFC Sky",HDFC Sky,https://news.google.com/rss/articles/CBMia0FVX3lxTE04bFlacHk2cGZTT1JXcmx3dDA3NDdGVmdmQUZVaWxoNC11cjJfTVpET3FhRnNPaktwUy1GZERyeFBieE14ckFSNXk4YmJpd1lLQVhBVmFTMnk3WEl0TTB3MUNYa0NtZF9QbndZ?oc=5,1,1,RESULTS_POSITIVE,HIGH,3,Strong reported result or positive guidance.,0,52.6,LOW,7.36,BUY,"AI overlay from completed recommendation outcomes; use as probability/risk input, not standalone advice."
MOREPENLAB,2026-09-28,120.71,78443.0,6,WATCH,61.2,-1.045,33.24,117.7,100.67,,6.77,0.698,79.54,1.19,110.55,137.65,1.67,RSI in swing zone; MACD weak; Trend strength acceptable; Above SMA20; Above SMA50,UNKNOWN,1.4,6.13,97.17,0.0,5.61,5,2,0,-2,-1,HIGH,0,,,0,-3,2.1,1.0,B,"Trend 5, Momentum 2, Volume 0, Liquidity -2 (0.0cr), VolRisk HIGH, Sector UNKNOWN 0",7,7,7,BUY,News 1; event caution 0; risk LOW; type RESULTS_POSITIVE; confidence MEDIUM; reason Pattern matched positive quarterly result.. Positive catalyst: Morepen Clocks Highest-Ever Quarterly Revenue and Earnings in Q1'FY27; EBITDA Grows by 207% and PAT by 394%; CDMO Enters Full Scale Commercialization,-2,MEDIUM,CAUTIOUS,Nifty 20D return -3.9448571751706463; 60D return -4.281982537022666; Crude 20D change 11.414863871570024; India VIX latest; 20D change 9.84643344748708; USDINR 20D change 0.9026990410958335,5.0,WATCH,6,7.1,BUY,"Tech 6 | News 1 (RESULTS_POSITIVE, MEDIUM) | Event caution 0 | Macro -2 | Sector 0 | Analytics 2.1 (B) | Risk LOW/MEDIUM | Positive catalyst: Morepen Clocks Highest-Ever Quarterly Revenue and Earnings in Q1'FY27; EBITDA Grows by 207% and PAT by 394%; CDMO Enters Full Scale Commercia | Analytics: Trend 5, Momentum 2, Volume 0, Liquidity -2 (0.0cr), VolRisk HIGH, Sector UNKNOWN 0 | News logic: Pattern matched positive quarterly result.",1,0,LOW,Positive catalyst: Morepen Clocks Highest-Ever Quarterly Revenue and Earnings in Q1'FY27; EBITDA Grows by 207% and PAT by 394%; CDMO Enters Full Scale Commercialization,,Morepen Clocks Highest-Ever Quarterly Revenue and Earnings in Q1'FY27; EBITDA Grows by 207% and PAT by 394%; CDMO Enters Full Scale Commercialization - ANI News,Positive catalyst: Morepen Clocks Highest-Ever Quarterly Revenue and Earnings in Q1'FY27; EBITDA Grows by 207% and PAT by 394%; CDMO Enters Full Scale Commercialization,ANI News,https://news.google.com/rss/articles/CBMioAJBVV95cUxQT2hfRzJNV3VqM08ySnI3YWpGODI0M0gxRHpmNHVWdkpESFZVdXN2THFqWUswc0JSTkVIR3duN2VKaTVWU25LcTZRTE5PU3AtWEhCOXI5VVpkdkx2T0twRGJMdkhHVTJKNkE2RHNMUjNBck9sZ0ZPdFhOMUU0WmZpWWFpbG1SLWFnaDJNVVFfdWd2WERfdHROT05XMUE4b0RvbHh0YWt1ZGlSZ1A3VXBVRUlpbURmZGxieVQ2VmlaY0JyRWl0aHNmQ05JVEY3bC14T3hjcGdkSDl5dS1oTVZyX2E3NnMzOGlNWUVLenE5U180WDV5NWhCeldOLXREZGZPN0ZXWkxCSHRpYWhyeGlmdTNCOFp0TS1STWo0ekNqTFA?oc=5,1,0,RESULTS_POSITIVE,MEDIUM,3,Pattern matched positive quarterly result.,0,56.1,MEDIUM,7.71,BUY,"AI overlay from completed recommendation outcomes; use as probability/risk input, not standalone advice."
SYRMA,2026-09-28,1746.4,80042.0,6,WATCH,68.02,6.3289,26.38,1644.97,1529.62,1171.05,69.51,0.788,85.1,0.69,1642.14,1920.16,1.67,MACD bullish; Trend strength acceptable; Above SMA20; Above SMA50; Long-term trend positive,UNKNOWN,0.26,19.84,30.25,0.01,3.98,6,2,0,-2,0,MEDIUM,0,,,0,-2,2.9,1.5,B,"Trend 6, Momentum 2, Volume 0, Liquidity -2 (0.01cr), VolRisk MEDIUM, Sector UNKNOWN 0",6,6,6,WATCH,News 0; event caution 0; risk LOW; type GENERIC_NEWS; confidence LOW; reason No material catalyst/event taxonomy match.. ,-2,MEDIUM,CAUTIOUS,Nifty 20D return -3.9448571751706463; 60D return -4.281982537022666; Crude 20D change 11.414863871570024; India VIX latest; 20D change 9.84643344748708; USDINR 20D change 0.9026990410958335,4.0,WATCH,6,6.9,BUY,"Tech 6 | News 0 (GENERIC_NEWS, LOW) | Event caution 0 | Macro -2 | Sector 0 | Analytics 2.9 (B) | Risk LOW/MEDIUM | Analytics: Trend 6, Momentum 2, Volume 0, Liquidity -2 (0.01cr), VolRisk MEDIUM, Sector UNKNOWN 0 | News logic: No material catalyst/event taxonomy match.",0,0,LOW,,,Trading Window,Neutral news: Trading Window,NSE Corporate Announcements,https://nsearchives.nseindia.com/corporate/SYRMASGS_28092026170627_ClosureoftradingWindowforQ2FY2027SyrmaSGSSigned.pdf,0,0,GENERIC_NEWS,LOW,0,No material catalyst/event taxonomy match.,0,53.5,LOW,7.25,BUY,"AI overlay from completed recommendation outcomes; use as probability/risk input, not standalone advice."
SUNTV,2026-09-28,519.9,38149.0,6,WATCH,60.3,8.2733,24.78,480.94,511.65,,24.86,0.966,84.4,0.78,482.61,582.05,1.67,RSI in swing zone; MACD bullish; Trend strength acceptable; Above SMA20; Above SMA50,UNKNOWN,6.08,5.38,-15.37,0.0,4.78,4,4,0,-2,0,MEDIUM,0,,,0,-2,2.7,1.5,B,"Trend 4, Momentum 4, Volume 0, Liquidity -2 (0.0cr), VolRisk MEDIUM, Sector UNKNOWN 0",6,6,6,WATCH,News 0; event caution 0; risk LOW; type ; confidence ; reason . ,-2,MEDIUM,CAUTIOUS,Nifty 20D return -3.9448571751706463; 60D return -4.281982537022666; Crude 20D change 11.414863871570024; India VIX latest; 20D change 9.84643344748708; USDINR 20D change 0.9026990410958335,4.0,WATCH,6,6.7,BUY,"Tech 6 | News 0 (, ) | Event caution 0 | Macro -2 | Sector 0 | Analytics 2.7 (B) | Risk LOW/MEDIUM | Analytics: Trend 4, Momentum 4, Volume 0, Liquidity -2 (0.0cr), VolRisk MEDIUM, Sector UNKNOWN 0",0,0,LOW,,,,,,,0,0,,,0,,0,53.3,LOW,7.03,BUY,"AI overlay from completed recommendation outcomes; use as probability/risk input, not standalone advice."
USHAMART,2026-09-24,523.2,19360.0,7,BUY,58.99,3.2244,20.17,505.49,499.56,,18.43,0.771,75.27,0.52,495.56,569.27,1.67,RSI in swing zone; MACD bullish; Above SMA20; Above SMA50,UNKNOWN,3.15,6.24,29.15,0.0,3.52,4,4,-1,-2,0,MEDIUM,0,,,0,-2,2.45,1.5,B,"Trend 4, Momentum 4, Volume -1, Liquidity -2 (0.0cr), VolRisk MEDIUM, Sector UNKNOWN 0",7,6,6,WATCH,News 0; event caution -1; risk MEDIUM; type GENERIC_NEWS; confidence LOW; reason No material catalyst/event taxonomy match.. Upcoming event caution: Outcome of Board Meeting,-2,MEDIUM,CAUTIOUS,Nifty 20D return -3.9448571751706463; 60D return -4.281982537022666; Crude 20D change 11.414863871570024; India VIX latest; 20D change 9.84643344748708; USDINR 20D change 0.9026990410958335,4.0,WATCH,7,6.45,BUY,"Tech 7 | News 0 (GENERIC_NEWS, LOW) | Event caution -1 | Macro -2 | Sector 0 | Analytics 2.45 (B) | Risk MEDIUM/MEDIUM | Analytics: Trend 4, Momentum 4, Volume -1, Liquidity -2 (0.0cr), VolRisk MEDIUM, Sector UNKNOWN 0 | News logic: No material catalyst/event taxonomy match. | Upcoming event caution: Outcome of Board Meeting",0,-1,MEDIUM,,Upcoming event caution: Outcome of Board Meeting,Trading Window,Upcoming event caution: Outcome of Board Meeting,NSE Corporate Announcements,https://nsearchives.nseindia.com/corporate/USHAMART_28092026160729_ClosureofTradingWindow.pdf,0,1,GENERIC_NEWS,LOW,0,No material catalyst/event taxonomy match.,0,55.2,MEDIUM,6.97,BUY,"AI overlay from completed recommendation outcomes; use as probability/risk input, not standalone advice."
COHANCE,2026-09-23,461.45,42024.0,6,WATCH,55.15,-0.2674,33.3,454.59,446.94,,20.08,0.688,61.62,0.9,431.33,511.65,1.67,RSI in swing zone; MACD weak; Trend strength acceptable; Above SMA20; Above SMA50,UNKNOWN,4.08,4.72,6.1,0.0,4.35,5,2,0,-2,0,MEDIUM,0,,,0,-2,2.45,1.5,B,"Trend 5, Momentum 2, Volume 0, Liquidity -2 (0.0cr), VolRisk MEDIUM, Sector UNKNOWN 0",6,6,6,WATCH,News 0; event caution 0; risk LOW; type GENERIC_NEWS; confidence LOW; reason No material catalyst/event taxonomy match.. ,-2,MEDIUM,CAUTIOUS,Nifty 20D return -3.9448571751706463; 60D return -4.281982537022666; Crude 20D change 11.414863871570024; India VIX latest; 20D change 9.84643344748708; USDINR 20D change 0.9026990410958335,4.0,WATCH,6,6.45,BUY,"Tech 6 | News 0 (GENERIC_NEWS, LOW) | Event caution 0 | Macro -2 | Sector 0 | Analytics 2.45 (B) | Risk LOW/MEDIUM | Analytics: Trend 5, Momentum 2, Volume 0, Liquidity -2 (0.0cr), VolRisk MEDIUM, Sector UNKNOWN 0 | News logic: No material catalyst/event taxonomy match.",0,0,LOW,,,Trading Window,Neutral news: Trading Window,NSE Corporate Announcements,https://nsearchives.nseindia.com/corporate/SUVENPHARMROHIT_28092026142039_Closure_of_Trading_Window_28Sept26.pdf,0,0,GENERIC_NEWS,LOW,0,No material catalyst/event taxonomy match.,0,55.1,MEDIUM,6.96,BUY,"AI overlay from completed recommendation outcomes; use as probability/risk input, not standalone advice."
KISSHT,2026-09-28,344.9,34892.0,6,WATCH,55.79,-0.8696,29.21,340.38,321.01,,17.01,0.577,42.06,0.68,319.38,387.43,1.67,RSI in swing zone; MACD weak; Trend strength acceptable; Above SMA20; Above SMA50,UNKNOWN,-2.17,11.51,7.51,0.0,4.93,5,2,0,-2,0,MEDIUM,0,,,0,-2,2.45,1.5,B,"Trend 5, Momentum 2, Volume 0, Liquidity -2 (0.0cr), VolRisk MEDIUM, Sector UNKNOWN 0",6,6,6,WATCH,News 0; event caution 0; risk LOW; type ; confidence ; reason . ,-2,MEDIUM,CAUTIOUS,Nifty 20D return -3.9448571751706463; 60D return -4.281982537022666; Crude 20D change 11.414863871570024; India VIX latest; 20D change 9.84643344748708; USDINR 20D change 0.9026990410958335,4.0,WATCH,6,6.45,BUY,"Tech 6 | News 0 (, ) | Event caution 0 | Macro -2 | Sector 0 | Analytics 2.45 (B) | Risk LOW/MEDIUM | Analytics: Trend 5, Momentum 2, Volume 0, Liquidity -2 (0.0cr), VolRisk MEDIUM, Sector UNKNOWN 0",0,0,LOW,,,,,,,0,0,,,0,,0,55.4,MEDIUM,6.99,BUY,"AI overlay from completed recommendation outcomes; use as probability/risk input, not standalone advice."
CASTROLIND,2026-09-28,201.04,56557.0,5,WATCH,69.13,1.0145,42.5,192.71,189.63,,3.99,0.926,85.57,1.33,195.06,211.01,1.67,MACD bullish; Trend strength acceptable; Above SMA20; Above SMA50; Near upper Bollinger band,UNKNOWN,2.78,5.66,8.81,0.0,1.98,5,3,1,-2,1,LOW,0,,,0,-1,3.4,1.5,B,"Trend 5, Momentum 3, Volume 1, Liquidity -2 (0.0cr), VolRisk LOW, Sector UNKNOWN 0",5,5,5,WATCH,News 0; event caution 0; risk LOW; type ; confidence ; reason . ,-2,MEDIUM,CAUTIOUS,Nifty 20D return -3.9448571751706463; 60D return -4.281982537022666; Crude 20D change 11.414863871570024; India VIX latest; 20D change 9.84643344748708; USDINR 20D change 0.9026990410958335,3.0,NEUTRAL,5,6.4,BUY,"Tech 5 | News 0 (, ) | Event caution 0 | Macro -2 | Sector 0 | Analytics 3.4 (B) | Risk LOW/MEDIUM | Analytics: Trend 5, Momentum 3, Volume 1, Liquidity -2 (0.0cr), VolRisk LOW, Sector UNKNOWN 0",0,0,LOW,,,,,,,0,0,,,0,,0,45.7,LOW,5.97,BUY,"AI overlay from completed recommendation outcomes; use as probability/risk input, not standalone advice."
SAIL,2026-09-28,184.2,70463.0,9,BUY,53.83,0.5317,21.53,181.46,180.76,173.7,5.7,0.614,65.68,1.17,175.64,198.46,1.67,RSI in swing zone; MACD bullish; Above SMA20; Above SMA50; Long-term trend positive,METALS,5.86,-6.4,13.26,0.0,3.1,4,3,0,-2,0,MEDIUM,-3,30.0,-0.68,-2,-2,1.3,1.25,B,"Trend 4, Momentum 3, Volume 0, Liquidity -2 (0.0cr), VolRisk MEDIUM, Sector METALS -3",11,9,9,WATCH_EVENT_CAUTION,News 2; event caution -2; risk MEDIUM; type RESULTS_POSITIVE; confidence HIGH; reason Strong reported result or positive guidance.. Positive catalyst: SAIL rises 3% after Q1 PAT jumps two-fold; Emkay retains Buy for 18% upside - Business Standard,-2,MEDIUM,CAUTIOUS,Nifty 20D return -3.9448571751706463; 60D return -4.281982537022666; Crude 20D change 11.414863871570024; India VIX latest; 20D change 9.84643344748708; USDINR 20D change 0.9026990410958335,5.0,WATCH,9,6.3,WATCH_EVENT_CAUTION,"Tech 9 | News 2 (RESULTS_POSITIVE, HIGH) | Event caution -2 | Macro -2 | Sector -2 | Analytics 1.3 (B) | Risk MEDIUM/MEDIUM | Positive catalyst: SAIL rises 3% after Q1 PAT jumps two-fold; Emkay retains Buy for 18% upside - Business Standard | Analytics: Trend 4, Momentum 3, Volume 0, Liquidity -2 (0.0cr), VolRisk MEDIUM, Sector METALS -3 | News logic: Strong reported result or positive guidance. | Upcoming event caution: Record Date",2,-2,MEDIUM,Positive catalyst: SAIL rises 3% after Q1 PAT jumps two-fold; Emkay retains Buy for 18% upside - Business Standard,Upcoming event caution: Record Date,SAIL rises 3% after Q1 PAT jumps two-fold; Emkay retains Buy for 18% upside - Business Standard,Positive catalyst: SAIL rises 3% after Q1 PAT jumps two-fold; Emkay retains Buy for 18% upside - Business Standard,Business Standard,https://news.google.com/rss/articles/CBMi1gFBVV95cUxQTkFsTUp0TUxMaHF1eVR5TkRKbGVESExMS0RaUFZXb3Y5NV9sVWk2alBfYVo2N0NvTVo1MkhIcWM1Z2JPeVJlQWJGX1p4dXdsbUZ6MUNOVExNVk5kTDUwZjFjXzZ1d05OVzU1dVRZYkUtWTlSS1pQRG9Xb1I2LS1GNXVoRWtsZDF2WjVhajNsbGNYRmNMWnE1MG1RVDF6eEZMcjlNTGNwNVVQbFpVdFRXYjNFcTZpNUlxZzc0dGVweFBXWjlyV3FuQTk5a0dqRmJuRGljdnd30gHbAUFVX3lxTE5FcXR2WGRSRFl3VHAtTWo3VWcybVN0UTVjeUFuZDAxcUU4UHdDZFVXV2hqYVhzenkwMHNnMm1LVjkxbXdjWmJrZ2VMeTR0MVRHR3kzQWJ5ZlV6WGtzNUpnRklSaVg4NEVYYnBkejFxUzZxVlVtbUhnNXdoZFBMOExSVnUxejNEOExLSEI3dnM4b1ZlZ2ZpY29NbEMzZ3E2OVFrMGFOY2JVNENIaDFDZWpkLUN2dTBKR3FlMEJabjQyX0dwdGkwR0JSM21Ka3BxWU5GbzNJWTV5Y216SQ?oc=5,1,2,RESULTS_POSITIVE,HIGH,3,Strong reported result or positive guidance.,0,52.6,LOW,6.56,WATCH_EVENT_CAUTION,"AI overlay from completed recommendation outcomes; use as probability/risk input, not standalone advice."
TENNIND,2026-09-23,518.6,39546.0,7,BUY,45.09,2.4361,19.77,518.56,538.0,,16.17,0.501,41.07,1.22,494.35,559.02,1.67,RSI in swing zone; MACD bullish; Above SMA20; Bollinger position healthy; Volume expansion,UNKNOWN,1.28,-3.52,-12.46,0.0,3.12,1,3,1,-2,0,MEDIUM,0,,,0,-2,1.25,1.5,B,"Trend 1, Momentum 3, Volume 1, Liquidity -2 (0.0cr), VolRisk MEDIUM, Sector UNKNOWN 0",7,7,7,BUY,News 0; event caution 0; risk LOW; type GENERIC_NEWS; confidence LOW; reason No material catalyst/event taxonomy match.. ,-2,MEDIUM,CAUTIOUS,Nifty 20D return -3.9448571751706463; 60D return -4.281982537022666; Crude 20D change 11.414863871570024; India VIX latest; 20D change 9.84643344748708; USDINR 20D change 0.9026990410958335,5.0,WATCH,7,6.25,BUY,"Tech 7 | News 0 (GENERIC_NEWS, LOW) | Event caution 0 | Macro -2 | Sector 0 | Analytics 1.25 (B) | Risk LOW/MEDIUM | Analytics: Trend 1, Momentum 3, Volume 1, Liquidity -2 (0.0cr), VolRisk MEDIUM, Sector UNKNOWN 0 | News logic: No material catalyst/event taxonomy match.",0,0,LOW,,,Trading Window,Neutral news: Trading Window,NSE Corporate Announcements,https://nsearchives.nseindia.com/corporate/TENNECO_28092026184301_Trading_Window_Closure_Intimation_sd.pdf,0,0,GENERIC_NEWS,LOW,0,No material catalyst/event taxonomy match.,0,51.6,LOW,6.41,BUY,"AI overlay from completed recommendation outcomes; use as probability/risk input, not standalone advice."
DIVISLAB,2026-09-28,9550.0,45455.0,5,WATCH,63.16,-10.4296,43.7,9404.45,8974.53,7136.56,180.72,0.73,76.74,0.79,9278.93,10001.79,1.67,MACD weak; Trend strength acceptable; Above SMA20; Above SMA50; Long-term trend positive,PHARMA,2.12,4.95,30.5,0.0,1.89,6,2,0,-2,1,LOW,0,50.0,3.96,0,-1,3.25,1.5,B,"Trend 6, Momentum 2, Volume 0, Liquidity -2 (0.0cr), VolRisk LOW, Sector PHARMA 0",5,5,5,WATCH,News 0; event caution 0; risk LOW; type ; confidence ; reason . ,-2,MEDIUM,CAUTIOUS,Nifty 20D return -3.9448571751706463; 60D return -4.281982537022666; Crude 20D change 11.414863871570024; India VIX latest; 20D change 9.84643344748708; USDINR 20D change 0.9026990410958335,3.0,NEUTRAL,5,6.25,BUY,"Tech 5 | News 0 (, ) | Event caution 0 | Macro -2 | Sector 0 | Analytics 3.25 (B) | Risk LOW/MEDIUM | Analytics: Trend 6, Momentum 2, Volume 0, Liquidity -2 (0.0cr), VolRisk LOW, Sector PHARMA 0",0,0,LOW,,,,,,,0,0,,,0,,0,45.0,LOW,5.75,BUY,"AI overlay from completed recommendation outcomes; use as probability/risk input, not standalone advice."
FSL,2026-09-20,273.45,24556.0,8,BUY,51.7,1.0968,19.72,268.19,270.49,,12.4,0.624,59.1,0.53,254.85,304.46,1.67,RSI in swing zone; MACD bullish; Above SMA20; Above SMA50; Bollinger position healthy,UNKNOWN,10.44,-2.29,8.94,0.0,4.54,2,3,-1,-2,0,MEDIUM,0,,,0,-2,1.2,1.5,B,"Trend 2, Momentum 3, Volume -1, Liquidity -2 (0.0cr), VolRisk MEDIUM, Sector UNKNOWN 0",7,7,7,BUY,News -1; event caution 0; risk MEDIUM; type RESULTS_NEGATIVE; confidence HIGH; reason Weak reported result or guidance cut.. Negative catalyst: Firstsource Solutions shares tumble over 17% as Q1 profit falls 2% YoY to ₹166 crore; check June quarter results,-2,MEDIUM,CAUTIOUS,Nifty 20D return -3.9448571751706463; 60D return -4.281982537022666; Crude 20D change 11.414863871570024; India VIX latest; 20D change 9.84643344748708; USDINR 20D change 0.9026990410958335,5.0,WATCH,8,6.2,BUY,"Tech 8 | News -1 (RESULTS_NEGATIVE, HIGH) | Event caution 0 | Macro -2 | Sector 0 | Analytics 1.2 (B) | Risk MEDIUM/MEDIUM | Negative catalyst: Firstsource Solutions shares tumble over 17% as Q1 profit falls 2% YoY to ₹166 crore; check June quarter results | Analytics: Trend 2, Momentum 3, Volume -1, Liquidity -2 (0.0cr), VolRisk MEDIUM, Sector UNKNOWN 0 | News logic: Weak reported result or guidance cut.",-1,0,MEDIUM,Negative catalyst: Firstsource Solutions shares tumble over 17% as Q1 profit falls 2% YoY to ₹166 crore; check June quarter results,,Firstsource Solutions shares tumble over 17% as Q1 profit falls 2% YoY to ₹166 crore; check June quarter results - Upstox,Negative catalyst: Firstsource Solutions shares tumble over 17% as Q1 profit falls 2% YoY to ₹166 crore; check June quarter results,Upstox,https://news.google.com/rss/articles/CBMi_AFBVV95cUxNSHhaWFRWR0NsOUFGd2xIT1hmOHdHdmpDWWF5VzJjR0ZvSXI1c0NRazk1aTVQcGhKSnJfZi1pUUxCaEtrWlJqemcwb3ZxTzZCa1ZpNU1KTlpHSU5jVm5TNXJBT0lnX1dKWV90bjBlSGhTdDd5V2d6eFJmSnJuMEpzdTVUcXRPNVhxRTA1cUVfMDlydjctcy11SlhzSUlEU3lMSEhuYkdTZzIzZkxDSThWazZFZlVCYk1uVGphbDgwTVFQV3o1NUJ1UTFNb0JTcHZ5bGNZbmJFajNXNmNvZERtUDlhT0hfejVDTXVVVFFUNVRnUDMtejFYR21fN3A?oc=5,1,0,RESULTS_NEGATIVE,HIGH,3,Weak reported result or guidance cut.,0,55.7,MEDIUM,6.77,BUY,"AI overlay from completed recommendation outcomes; use as probability/risk input, not standalone advice."
MEDANTA,2026-09-27,1495.4,20988.0,6,WATCH,56.93,-0.2875,24.43,1467.67,1406.67,,56.52,0.723,78.49,0.54,1410.62,1636.7,1.67,RSI in swing zone; MACD weak; Trend strength acceptable; Above SMA20; Above SMA50,UNKNOWN,-0.27,7.31,20.67,0.0,3.78,5,2,-1,-2,0,MEDIUM,0,,,0,-2,2.2,1.5,B,"Trend 5, Momentum 2, Volume -1, Liquidity -2 (0.0cr), VolRisk MEDIUM, Sector UNKNOWN 0",6,6,6,WATCH,News 0; event caution 0; risk LOW; type ; confidence ; reason . ,-2,MEDIUM,CAUTIOUS,Nifty 20D return -3.9448571751706463; 60D return -4.281982537022666; Crude 20D change 11.414863871570024; India VIX latest; 20D change 9.84643344748708; USDINR 20D change 0.9026990410958335,4.0,WATCH,6,6.2,BUY,"Tech 6 | News 0 (, ) | Event caution 0 | Macro -2 | Sector 0 | Analytics 2.2 (B) | Risk LOW/MEDIUM | Analytics: Trend 5, Momentum 2, Volume -1, Liquidity -2 (0.0cr), VolRisk MEDIUM, Sector UNKNOWN 0",0,0,LOW,,,,,,,0,0,,,0,,0,54.9,LOW,6.69,BUY,"AI overlay from completed recommendation outcomes; use as probability/risk input, not standalone advice."
SOUTHBANK,2026-09-28,48.64,36471.0,8,BUY,60.22,0.4027,21.16,46.95,46.56,42.49,1.52,0.774,66.78,0.87,46.35,52.45,1.66,RSI in swing zone; MACD bullish; Above SMA20; Above SMA50; Long-term trend positive,BANK,6.85,6.53,3.8,0.0,3.13,5,4,0,-2,0,MEDIUM,-3,15.4,-0.84,-2,-2,2.1,1.25,B,"Trend 5, Momentum 4, Volume 0, Liquidity -2 (0.0cr), VolRisk MEDIUM, Sector BANK -3",8,8,8,BUY,News 0; event caution 0; risk LOW; type GENERIC_NEWS; confidence LOW; reason No material catalyst/event taxonomy match.. ,-2,MEDIUM,CAUTIOUS,Nifty 20D return -3.9448571751706463; 60D return -4.281982537022666; Crude 20D change 11.414863871570024; India VIX latest; 20D change 9.84643344748708; USDINR 20D change 0.9026990410958335,4.0,WATCH,8,6.1,BUY,"Tech 8 | News 0 (GENERIC_NEWS, LOW) | Event caution 0 | Macro -2 | Sector -2 | Analytics 2.1 (B) | Risk LOW/MEDIUM | Analytics: Trend 5, Momentum 4, Volume 0, Liquidity -2 (0.0cr), VolRisk MEDIUM, Sector BANK -3 | News logic: No material catalyst/event taxonomy match.",0,0,LOW,,,Strikes/Lockouts/Disturbances,Neutral news: Strikes/Lockouts/Disturbances,NSE Corporate Announcements,https://nsearchives.nseindia.com/corporate/SOUTHBANK_26092026211652_signedstrike_stt.pdf,0,0,GENERIC_NEWS,LOW,0,No material catalyst/event taxonomy match.,0,53.3,LOW,6.43,BUY,"AI overlay from completed recommendation outcomes; use as probability/risk input, not standalone advice."
APLAPOLLO,2026-09-28,2197.0,22079.0,7,BUY,54.73,-7.4175,27.41,2192.24,2091.32,1995.85,65.52,0.526,68.05,0.65,2098.72,2360.8,1.67,RSI in swing zone; MACD weak; Trend strength acceptable; Above SMA20; Above SMA50,UNKNOWN,-3.22,-1.19,19.67,0.0,2.98,5,1,0,-2,0,MEDIUM,0,,,0,-2,2.1,1.5,B,"Trend 5, Momentum 1, Volume 0, Liquidity -2 (0.0cr), VolRisk MEDIUM, Sector UNKNOWN 0",7,6,6,WATCH,News 0; event caution -1; risk MEDIUM; type GENERIC_NEWS; confidence LOW; reason No material catalyst/event taxonomy match.. Upcoming event caution: Record Date,-2,MEDIUM,CAUTIOUS,Nifty 20D return -3.9448571751706463; 60D return -4.281982537022666; Crude 20D change 11.414863871570024; India VIX latest; 20D change 9.84643344748708; USDINR 20D change 0.9026990410958335,4.0,WATCH,7,6.1,BUY,"Tech 7 | News 0 (GENERIC_NEWS, LOW) | Event caution -1 | Macro -2 | Sector 0 | Analytics 2.1 (B) | Risk MEDIUM/MEDIUM | Analytics: Trend 5, Momentum 1, Volume 0, Liquidity -2 (0.0cr), VolRisk MEDIUM, Sector UNKNOWN 0 | News logic: No material catalyst/event taxonomy match. | Upcoming event caution: Record Date",0,-1,MEDIUM,,Upcoming event caution: Record Date,Trading Window,Upcoming event caution: Record Date,NSE Corporate Announcements,https://nsearchives.nseindia.com/corporate/APLAPOLLO_25092026151545_SE_Trading_window_closure.pdf,0,1,GENERIC_NEWS,LOW,0,No material catalyst/event taxonomy match.,0,53.7,LOW,6.47,BUY,"AI overlay from completed recommendation outcomes; use as probability/risk input, not standalone advice."
CONCORDBIO,2026-09-24,1478.8,38984.0,6,WATCH,56.59,-4.0964,31.15,1453.62,1275.97,,77.71,0.592,47.23,1.19,1362.23,1673.08,1.67,RSI in swing zone; MACD weak; Trend strength acceptable; Above SMA20; Above SMA50,PHARMA,0.98,10.36,24.23,0.0,5.26,5,2,0,-2,-1,HIGH,0,50.0,3.96,0,-3,2.1,1.0,B,"Trend 5, Momentum 2, Volume 0, Liquidity -2 (0.0cr), VolRisk HIGH, Sector PHARMA 0",6,6,6,WATCH,News 0; event caution 0; risk LOW; type ; confidence ; reason . ,-2,MEDIUM,CAUTIOUS,Nifty 20D return -3.9448571751706463; 60D return -4.281982537022666; Crude 20D change 11.414863871570024; India VIX latest; 20D change 9.84643344748708; USDINR 20D change 0.9026990410958335,4.0,WATCH,6,6.1,BUY,"Tech 6 | News 0 (, ) | Event caution 0 | Macro -2 | Sector 0 | Analytics 2.1 (B) | Risk LOW/MEDIUM | Analytics: Trend 5, Momentum 2, Volume 0, Liquidity -2 (0.0cr), VolRisk HIGH, Sector PHARMA 0",0,0,LOW,,,,,,,0,0,,,0,,0,57.3,MEDIUM,6.83,BUY,"AI overlay from completed recommendation outcomes; use as probability/risk input, not standalone advice."
SUVEN,2026-09-09,357.5,26652.0,6,WATCH,53.27,-1.8015,34.67,352.95,319.01,,22.95,0.538,48.1,0.93,323.08,414.87,1.67,RSI in swing zone; MACD weak; Trend strength acceptable; Above SMA20; Above SMA50,UNKNOWN,-4.12,5.61,31.9,0.0,6.42,5,2,0,-2,-1,HIGH,0,,,0,-3,2.1,1.0,B,"Trend 5, Momentum 2, Volume 0, Liquidity -2 (0.0cr), VolRisk HIGH, Sector UNKNOWN 0",6,6,6,WATCH,News 0; event caution 0; risk LOW; type ; confidence ; reason . ,-2,MEDIUM,CAUTIOUS,Nifty 20D return -3.9448571751706463; 60D return -4.281982537022666; Crude 20D change 11.414863871570024; India VIX latest; 20D change 9.84643344748708; USDINR 20D change 0.9026990410958335,4.0,WATCH,6,6.1,BUY,"Tech 6 | News 0 (, ) | Event caution 0 | Macro -2 | Sector 0 | Analytics 2.1 (B) | Risk LOW/MEDIUM | Analytics: Trend 5, Momentum 2, Volume 0, Liquidity -2 (0.0cr), VolRisk HIGH, Sector UNKNOWN 0",0,0,LOW,,,,,,,0,0,,,0,,0,59.1,MEDIUM,7.01,BUY,"AI overlay from completed recommendation outcomes; use as probability/risk input, not standalone advice."
NEOGEN,2026-09-27,2385.2,25117.0,6,WATCH,57.17,-8.108,34.82,2324.95,2219.52,,120.0,0.647,61.42,0.78,2205.2,2685.2,1.67,RSI in swing zone; MACD weak; Trend strength acceptable; Above SMA20; Above SMA50,UNKNOWN,-4.15,9.25,64.36,0.0,5.03,5,2,0,-2,-1,HIGH,0,,,0,-3,2.1,1.0,B,"Trend 5, Momentum 2, Volume 0, Liquidity -2 (0.0cr), VolRisk HIGH, Sector UNKNOWN 0",6,6,6,WATCH,News 0; event caution 0; risk LOW; type ; confidence ; reason . ,-2,MEDIUM,CAUTIOUS,Nifty 20D return -3.9448571751706463; 60D return -4.281982537022666; Crude 20D change 11.414863871570024; India VIX latest; 20D change 9.84643344748708; USDINR 20D change 0.9026990410958335,4.0,WATCH,6,6.1,BUY,"Tech 6 | News 0 (, ) | Event caution 0 | Macro -2 | Sector 0 | Analytics 2.1 (B) | Risk LOW/MEDIUM | Analytics: Trend 5, Momentum 2, Volume 0, Liquidity -2 (0.0cr), VolRisk HIGH, Sector UNKNOWN 0",0,0,LOW,,,,,,,0,0,,,0,,0,56.5,MEDIUM,6.75,BUY,"AI overlay from completed recommendation outcomes; use as probability/risk input, not standalone advice."
CYIENTDLM,2026-09-28,917.95,23605.0,6,WATCH,58.75,-7.3114,52.82,902.62,786.58,,50.46,0.598,59.55,0.61,842.26,1044.1,1.67,RSI in swing zone; MACD weak; Trend strength acceptable; Above SMA20; Above SMA50,UNKNOWN,-2.42,8.89,156.55,0.0,5.5,5,2,0,-2,-1,HIGH,0,,,0,-3,2.1,1.0,B,"Trend 5, Momentum 2, Volume 0, Liquidity -2 (0.0cr), VolRisk HIGH, Sector UNKNOWN 0",6,6,6,WATCH,News 0; event caution 0; risk LOW; type ; confidence ; reason . ,-2,MEDIUM,CAUTIOUS,Nifty 20D return -3.9448571751706463; 60D return -4.281982537022666; Crude 20D change 11.414863871570024; India VIX latest; 20D change 9.84643344748708; USDINR 20D change 0.9026990410958335,4.0,WATCH,6,6.1,BUY,"Tech 6 | News 0 (, ) | Event caution 0 | Macro -2 | Sector 0 | Analytics 2.1 (B) | Risk LOW/MEDIUM | Analytics: Trend 5, Momentum 2, Volume 0, Liquidity -2 (0.0cr), VolRisk HIGH, Sector UNKNOWN 0",0,0,LOW,,,,,,,0,0,,,0,,0,56.4,MEDIUM,6.74,BUY,"AI overlay from completed recommendation outcomes; use as probability/risk input, not standalone advice."
KRN,2026-09-27,1381.8,19600.0,6,WATCH,52.42,-6.1135,33.3,1360.4,1227.89,,103.38,0.532,50.96,0.69,1226.73,1640.25,1.67,RSI in swing zone; MACD weak; Trend strength acceptable; Above SMA20; Above SMA50,UNKNOWN,-14.16,7.07,62.52,0.0,7.48,5,2,0,-2,-1,HIGH,0,,,0,-3,2.1,1.0,B,"Trend 5, Momentum 2, Volume 0, Liquidity -2 (0.0cr), VolRisk HIGH, Sector UNKNOWN 0",6,6,6,WATCH,News 0; event caution 0; risk LOW; type ; confidence ; reason . ,-2,MEDIUM,CAUTIOUS,Nifty 20D return -3.9448571751706463; 60D return -4.281982537022666; Crude 20D change 11.414863871570024; India VIX latest; 20D change 9.84643344748708; USDINR 20D change 0.9026990410958335,4.0,WATCH,6,6.1,BUY,"Tech 6 | News 0 (, ) | Event caution 0 | Macro -2 | Sector 0 | Analytics 2.1 (B) | Risk LOW/MEDIUM | Analytics: Trend 5, Momentum 2, Volume 0, Liquidity -2 (0.0cr), VolRisk HIGH, Sector UNKNOWN 0",0,0,LOW,,,,,,,0,0,,,0,,0,61.1,MEDIUM,7.21,BUY,"AI overlay from completed recommendation outcomes; use as probability/risk input, not standalone advice."
LTTS,2026-08-31,3608.4,49688.0,8,BUY,59.17,19.5594,19.08,3419.69,3419.05,,154.0,0.784,77.67,1.41,3377.4,3993.39,1.67,RSI in swing zone; MACD bullish; Above SMA20; Above SMA50; Volume expansion,IT,3.79,13.94,8.9,0.0,4.27,4,4,1,-2,0,MEDIUM,-3,16.7,-6.08,-2,-2,1.9,1.25,B,"Trend 4, Momentum 4, Volume 1, Liquidity -2 (0.0cr), VolRisk MEDIUM, Sector IT -3",10,8,8,WATCH_EVENT_CAUTION,"News 2; event caution -2; risk MEDIUM; type RESULTS_POSITIVE; confidence HIGH; reason Strong reported result or positive guidance.. Positive catalyst: LTTS Q1 profit rises 17.4% as mobility, sustainability biz drive growth - Business Standard",-2,MEDIUM,CAUTIOUS,Nifty 20D return -3.9448571751706463; 60D return -4.281982537022666; Crude 20D change 11.414863871570024; India VIX latest; 20D change 9.84643344748708; USDINR 20D change 0.9026990410958335,4.0,WATCH,8,5.9,WATCH_EVENT_CAUTION,"Tech 8 | News 2 (RESULTS_POSITIVE, HIGH) | Event caution -2 | Macro -2 | Sector -2 | Analytics 1.9 (B) | Risk MEDIUM/MEDIUM | Positive catalyst: LTTS Q1 profit rises 17.4% as mobility, sustainability biz drive growth - Business Standard | Analytics: Trend 4, Momentum 4, Volume 1, Liquidity -2 (0.0cr), VolRisk MEDIUM, Sector IT -3 | News logic: Strong reported result or positive guidance. | Upcoming event caution: Q1 Results: Tata Elxsi, LTTS, Jindal Saw, Anand Rathi Share, Den Networks, Benares Hotels, others to post earnings on July 14",2,-2,MEDIUM,"Positive catalyst: LTTS Q1 profit rises 17.4% as mobility, sustainability biz drive growth - Business Standard","Upcoming event caution: Q1 Results: Tata Elxsi, LTTS, Jindal Saw, Anand Rathi Share, Den Networks, Benares Hotels, others to post earnings on July 14","LTTS Q1 profit rises 17.4% as mobility, sustainability biz drive growth - Business Standard","Positive catalyst: LTTS Q1 profit rises 17.4% as mobility, sustainability biz drive growth - Business Standard",Business Standard,https://news.google.com/rss/articles/CBMi5gFBVV95cUxOUnhhNWJSc0d1VU80aTNMcUhtWlVTanpfeGFBZmEzU3Vqb0gwbW5ONF9CMW1DMXFRYVVDX2tQSlMxMjFSczFMOVFhWVE5TDJoNG9oZlVRNzE2YWlvOWpKWVYtUWV5a3RVZ2FrX2J6QmcxNE9ESnF1SENHcXVKcklQSzQ3VHNNVU4teERSTHV2dDI0TktWSVduX1VEZHlleXpyc0FmTG5GcGpKeG1wUmNySVpCU2FwajBlbmFyYmtpVWNEdmpuMFR1T0JValZJWk8wcDRkM295ZWU1MUdCalozM3BtLTZOQdIB6wFBVV95cUxNZW92eDJ2ZkhRSmE3dDVyckotOE90YUphNmZRRDlpWHFVY2lRMmYxemw3MGpMejNGMTh4R2dGMFQ5TzlRVWphNHlhSVFUTWRaNk9mZDZYeHQ3cU9Jc0dBaE5EVWo1cUpZWkRZa2lReDlZZGVBR0hpc2cyWU9JYVJ4cTZBQU1OQlkzU29iRFhMNW1mM3BDbVFCRmk5bHU5WWZid3ZmMWR6QnlFQXpYTVk1YVBGVDEzeG5QU0RLd1Q5d2poc0dmM1V5VGhISlhmZ21nM0c3TUo3ZlAwMGF2ZjQ0Z2pzNnE1UkQya0tn?oc=5,1,1,RESULTS_POSITIVE,HIGH,3,Strong reported result or positive guidance.,0,54.3,LOW,6.33,WATCH_EVENT_CAUTION,"AI overlay from completed recommendation outcomes; use as probability/risk input, not standalone advice."
REDINGTON,2026-09-28,404.85,68839.0,5,WATCH,62.7,-0.6373,47.44,393.5,367.57,274.09,14.73,0.736,69.67,0.78,382.76,441.67,1.67,MACD weak; Trend strength acceptable; Above SMA20; Above SMA50; Long-term trend positive,UNKNOWN,-1.34,9.04,50.22,0.0,3.64,6,2,0,-2,0,MEDIUM,0,,,0,-2,2.9,1.5,B,"Trend 6, Momentum 2, Volume 0, Liquidity -2 (0.0cr), VolRisk MEDIUM, Sector UNKNOWN 0",5,5,5,WATCH,News 0; event caution 0; risk LOW; type ; confidence ; reason . ,-2,MEDIUM,CAUTIOUS,Nifty 20D return -3.9448571751706463; 60D return -4.281982537022666; Crude 20D change 11.414863871570024; India VIX latest; 20D change 9.84643344748708; USDINR 20D change 0.9026990410958335,3.0,NEUTRAL,5,5.9,BUY,"Tech 5 | News 0 (, ) | Event caution 0 | Macro -2 | Sector 0 | Analytics 2.9 (B) | Risk LOW/MEDIUM | Analytics: Trend 6, Momentum 2, Volume 0, Liquidity -2 (0.0cr), VolRisk MEDIUM, Sector UNKNOWN 0",0,0,LOW,,,,,,,0,0,,,0,,0,55.4,MEDIUM,6.44,BUY,"AI overlay from completed recommendation outcomes; use as probability/risk input, not standalone advice."
CONFIPET,2026-09-27,88.28,19539.0,6,WATCH,58.75,-0.9577,31.73,85.96,74.74,,5.41,0.615,55.68,0.55,80.17,101.79,1.67,RSI in swing zone; MACD weak; Trend strength acceptable; Above SMA20; Above SMA50,UNKNOWN,-0.76,6.7,,0.0,6.12,5,2,-1,-2,-1,HIGH,0,,,0,-3,1.85,1.0,B,"Trend 5, Momentum 2, Volume -1, Liquidity -2 (0.0cr), VolRisk HIGH, Sector UNKNOWN 0",6,6,6,WATCH,News 0; event caution 0; risk LOW; type ; confidence ; reason . ,-2,MEDIUM,CAUTIOUS,Nifty 20D return -3.9448571751706463; 60D return -4.281982537022666; Crude 20D change 11.414863871570024; India VIX latest; 20D change 9.84643344748708; USDINR 20D change 0.9026990410958335,4.0,WATCH,6,5.85,BUY,"Tech 6 | News 0 (, ) | Event caution 0 | Macro -2 | Sector 0 | Analytics 1.85 (B) | Risk LOW/MEDIUM | Analytics: Trend 5, Momentum 2, Volume -1, Liquidity -2 (0.0cr), VolRisk HIGH, Sector UNKNOWN 0",0,0,LOW,,,,,,,0,0,,,0,,0,57.6,MEDIUM,6.61,BUY,"AI overlay from completed recommendation outcomes; use as probability/risk input, not standalone advice."
ABSLAMC,2026-09-20,1060.4,30534.0,6,WATCH,49.0,5.7276,17.52,1048.56,1091.25,,44.04,0.583,51.17,1.14,994.34,1170.51,1.67,RSI in swing zone; MACD bullish; Above SMA20; Bollinger position healthy,UNKNOWN,-4.46,4.22,2.53,0.0,4.15,2,4,0,-2,0,MEDIUM,0,,,0,-2,1.8,1.5,B,"Trend 2, Momentum 4, Volume 0, Liquidity -2 (0.0cr), VolRisk MEDIUM, Sector UNKNOWN 0",6,6,6,WATCH,News 0; event caution 0; risk LOW; type ; confidence ; reason . ,-2,MEDIUM,CAUTIOUS,Nifty 20D return -3.9448571751706463; 60D return -4.281982537022666; Crude 20D change 11.414863871570024; India VIX latest; 20D change 9.84643344748708; USDINR 20D change 0.9026990410958335,4.0,WATCH,6,5.8,BUY,"Tech 6 | News 0 (, ) | Event caution 0 | Macro -2 | Sector 0 | Analytics 1.8 (B) | Risk LOW/MEDIUM | Analytics: Trend 2, Momentum 4, Volume 0, Liquidity -2 (0.0cr), VolRisk MEDIUM, Sector UNKNOWN 0",0,0,LOW,,,,,,,0,0,,,0,,0,56.2,MEDIUM,6.42,BUY,"AI overlay from completed recommendation outcomes; use as probability/risk input, not standalone advice."
AEGISVOPAK,2026-09-28,298.55,39502.0,6,WATCH,52.19,-1.7439,24.45,296.12,284.74,,17.17,0.546,44.96,0.9,272.79,341.49,1.67,RSI in swing zone; MACD weak; Trend strength acceptable; Above SMA20; Above SMA50,UNKNOWN,-5.21,0.81,38.14,0.0,5.75,5,1,0,-2,-1,HIGH,0,,,0,-3,1.75,1.0,B,"Trend 5, Momentum 1, Volume 0, Liquidity -2 (0.0cr), VolRisk HIGH, Sector UNKNOWN 0",6,6,6,WATCH,News 0; event caution 0; risk LOW; type ; confidence ; reason . ,-2,MEDIUM,CAUTIOUS,Nifty 20D return -3.9448571751706463; 60D return -4.281982537022666; Crude 20D change 11.414863871570024; India VIX latest; 20D change 9.84643344748708; USDINR 20D change 0.9026990410958335,4.0,WATCH,6,5.75,BUY,"Tech 6 | News 0 (, ) | Event caution 0 | Macro -2 | Sector 0 | Analytics 1.75 (B) | Risk LOW/MEDIUM | Analytics: Trend 5, Momentum 1, Volume 0, Liquidity -2 (0.0cr), VolRisk HIGH, Sector UNKNOWN 0",0,0,LOW,,,,,,,0,0,,,0,,0,58.1,MEDIUM,6.56,BUY,"AI overlay from completed recommendation outcomes; use as probability/risk input, not standalone advice."
AJANTPHARM,2026-09-20,3563.6,37503.0,7,BUY,56.42,-8.7357,32.94,3521.54,3302.94,,129.46,0.594,50.64,1.44,3369.41,3887.25,1.67,RSI in swing zone; MACD weak; Trend strength acceptable; Above SMA20; Above SMA50,UNKNOWN,-2.97,4.54,27.42,0.0,3.63,5,2,1,-2,0,MEDIUM,0,,,0,-2,2.7,1.5,B,"Trend 5, Momentum 2, Volume 1, Liquidity -2 (0.0cr), VolRisk MEDIUM, Sector UNKNOWN 0",7,5,5,WATCH_EVENT_CAUTION,News 0; event caution -2; risk MEDIUM; type GENERIC_NEWS; confidence LOW; reason No material catalyst/event taxonomy match.. Upcoming event caution: Record Date,-2,MEDIUM,CAUTIOUS,Nifty 20D return -3.9448571751706463; 60D return -4.281982537022666; Crude 20D change 11.414863871570024; India VIX latest; 20D change 9.84643344748708; USDINR 20D change 0.9026990410958335,3.0,NEUTRAL,7,5.7,WATCH_EVENT_CAUTION,"Tech 7 | News 0 (GENERIC_NEWS, LOW) | Event caution -2 | Macro -2 | Sector 0 | Analytics 2.7 (B) | Risk MEDIUM/MEDIUM | Analytics: Trend 5, Momentum 2, Volume 1, Liquidity -2 (0.0cr), VolRisk MEDIUM, Sector UNKNOWN 0 | News logic: No material catalyst/event taxonomy match. | Upcoming event caution: Record Date",0,-2,MEDIUM,,Upcoming event caution: Record Date,Trading Window,Upcoming event caution: Record Date,NSE Corporate Announcements,https://nsearchives.nseindia.com/corporate/AJANTPHARM_25092026094828_TWClosure30092026.pdf,0,2,GENERIC_NEWS,LOW,0,No material catalyst/event taxonomy match.,0,55.7,MEDIUM,6.27,WATCH_EVENT_CAUTION,"AI overlay from completed recommendation outcomes; use as probability/risk input, not standalone advice."
ROLEXRINGS,2026-09-28,193.45,41907.0,5,WATCH,66.95,0.7836,33.8,181.51,163.73,,9.79,0.912,84.35,1.26,178.76,217.94,1.67,MACD bullish; Trend strength acceptable; Above SMA20; Above SMA50; Near upper Bollinger band,UNKNOWN,12.88,9.73,,0.0,5.06,5,3,1,-2,-1,HIGH,0,,,0,-3,2.7,1.0,B,"Trend 5, Momentum 3, Volume 1, Liquidity -2 (0.0cr), VolRisk HIGH, Sector UNKNOWN 0",5,5,5,WATCH,News 0; event caution 0; risk LOW; type ; confidence ; reason . ,-2,MEDIUM,CAUTIOUS,Nifty 20D return -3.9448571751706463; 60D return -4.281982537022666; Crude 20D change 11.414863871570024; India VIX latest; 20D change 9.84643344748708; USDINR 20D change 0.9026990410958335,3.0,NEUTRAL,5,5.7,BUY,"Tech 5 | News 0 (, ) | Event caution 0 | Macro -2 | Sector 0 | Analytics 2.7 (B) | Risk LOW/MEDIUM | Analytics: Trend 5, Momentum 3, Volume 1, Liquidity -2 (0.0cr), VolRisk HIGH, Sector UNKNOWN 0",0,0,LOW,,,,,,,0,0,,,0,,0,56.8,MEDIUM,6.38,BUY,"AI overlay from completed recommendation outcomes; use as probability/risk input, not standalone advice."
UCOBANK,2026-07-27,26.66,29729.0,9,BUY,53.83,0.1236,25.05,25.93,26.3,,1.15,0.645,32.8,1.04,24.93,29.54,1.66,RSI in swing zone; MACD bullish; Trend strength acceptable; Above SMA20; Above SMA50,BANK,2.11,12.58,-7.27,0.0,4.32,4,4,0,-2,0,MEDIUM,-3,15.4,-0.84,-2,-2,1.65,1.25,B,"Trend 4, Momentum 4, Volume 0, Liquidity -2 (0.0cr), VolRisk MEDIUM, Sector BANK -3",9,8,8,BUY,News 0; event caution -1; risk MEDIUM; type GENERIC_NEWS; confidence LOW; reason No material catalyst/event taxonomy match.. Upcoming event caution: Outcome of Board Meeting,-2,MEDIUM,CAUTIOUS,Nifty 20D return -3.9448571751706463; 60D return -4.281982537022666; Crude 20D change 11.414863871570024; India VIX latest; 20D change 9.84643344748708; USDINR 20D change 0.9026990410958335,4.0,WATCH,9,5.65,BUY,"Tech 9 | News 0 (GENERIC_NEWS, LOW) | Event caution -1 | Macro -2 | Sector -2 | Analytics 1.65 (B) | Risk MEDIUM/MEDIUM | Analytics: Trend 4, Momentum 4, Volume 0, Liquidity -2 (0.0cr), VolRisk MEDIUM, Sector BANK -3 | News logic: No material catalyst/event taxonomy match. | Upcoming event caution: Outcome of Board Meeting",0,-1,MEDIUM,,Upcoming event caution: Outcome of Board Meeting,Trading Window,Upcoming event caution: Outcome of Board Meeting,NSE Corporate Announcements,https://nsearchives.nseindia.com/corporate/UCOBANK_25092026165344_NSEBSETW30092026.pdf,0,1,GENERIC_NEWS,LOW,0,No material catalyst/event taxonomy match.,0,54.9,LOW,6.14,BUY,"AI overlay from completed recommendation outcomes; use as probability/risk input, not standalone advice."
EDELWEISS,2026-09-28,135.45,48171.0,6,WATCH,53.49,-0.1621,23.73,135.05,127.83,,5.71,0.523,52.33,0.73,126.88,149.73,1.67,RSI in swing zone; MACD weak; Trend strength acceptable; Above SMA20; Above SMA50,UNKNOWN,-4.05,-0.46,12.12,0.0,4.22,4,1,0,-2,0,MEDIUM,0,,,0,-2,1.65,1.5,B,"Trend 4, Momentum 1, Volume 0, Liquidity -2 (0.0cr), VolRisk MEDIUM, Sector UNKNOWN 0",7,6,6,WATCH,"News 1; event caution -1; risk MEDIUM; type RESULTS_POSITIVE; confidence HIGH; reason Strong reported result or positive guidance.. Positive catalyst: Edelweiss Q2 Profit Up 28%; Board OKs ₹1,000 Cr NCD - HDFC Sky",-2,MEDIUM,CAUTIOUS,Nifty 20D return -3.9448571751706463; 60D return -4.281982537022666; Crude 20D change 11.414863871570024; India VIX latest; 20D change 9.84643344748708; USDINR 20D change 0.9026990410958335,4.0,WATCH,6,5.65,BUY,"Tech 6 | News 1 (RESULTS_POSITIVE, HIGH) | Event caution -1 | Macro -2 | Sector 0 | Analytics 1.65 (B) | Risk MEDIUM/MEDIUM | Positive catalyst: Edelweiss Q2 Profit Up 28%; Board OKs ₹1,000 Cr NCD - HDFC Sky | Analytics: Trend 4, Momentum 1, Volume 0, Liquidity -2 (0.0cr), VolRisk MEDIUM, Sector UNKNOWN 0 | News logic: Strong reported result or positive guidance. | Upcoming event caution: Record Date",1,-1,MEDIUM,"Positive catalyst: Edelweiss Q2 Profit Up 28%; Board OKs ₹1,000 Cr NCD - HDFC Sky",Upcoming event caution: Record Date,"Edelweiss Q2 Profit Up 28%; Board OKs ₹1,000 Cr NCD - HDFC Sky","Positive catalyst: Edelweiss Q2 Profit Up 28%; Board OKs ₹1,000 Cr NCD - HDFC Sky",HDFC Sky,https://news.google.com/rss/articles/CBMikgFBVV95cUxQVnBTUGY1YWRlOHVZT2w2Z3o5RFdxd0RweHhpNTJoNFp2eDhSNEpOOTNvWnlrRDhhdTlndS1CdWRBOXpqNkRUWm9uYzU1RHgyd3NmSTJJTUNvRnVyaUFWeEI4UzI2OEJsbkloYjM5dl8tMkczZk85YkdzRmpJWlFmaFl2Ti1oSEJXZENldmUyZFN0Zw?oc=5,1,1,RESULTS_POSITIVE,HIGH,3,Strong reported result or positive guidance.,0,56.1,MEDIUM,6.26,BUY,"AI overlay from completed recommendation outcomes; use as probability/risk input, not standalone advice."
SKYGOLD,2026-09-28,796.95,27165.0,6,WATCH,54.86,-6.0759,25.84,796.43,743.53,,38.48,0.505,53.76,0.81,739.23,893.15,1.67,RSI in swing zone; MACD weak; Trend strength acceptable; Above SMA20; Above SMA50,UNKNOWN,0.55,-5.38,61.9,0.0,4.83,4,1,0,-2,0,MEDIUM,0,,,0,-2,1.65,1.5,B,"Trend 4, Momentum 1, Volume 0, Liquidity -2 (0.0cr), VolRisk MEDIUM, Sector UNKNOWN 0",6,6,6,WATCH,News 0; event caution 0; risk LOW; type ; confidence ; reason . ,-2,MEDIUM,CAUTIOUS,Nifty 20D return -3.9448571751706463; 60D return -4.281982537022666; Crude 20D change 11.414863871570024; India VIX latest; 20D change 9.84643344748708; USDINR 20D change 0.9026990410958335,4.0,WATCH,6,5.65,BUY,"Tech 6 | News 0 (, ) | Event caution 0 | Macro -2 | Sector 0 | Analytics 1.65 (B) | Risk LOW/MEDIUM | Analytics: Trend 4, Momentum 1, Volume 0, Liquidity -2 (0.0cr), VolRisk MEDIUM, Sector UNKNOWN 0",0,0,LOW,,,,,,,0,0,,,0,,0,56.3,MEDIUM,6.28,BUY,"AI overlay from completed recommendation outcomes; use as probability/risk input, not standalone advice."
KPIL,2026-09-28,1375.6,24130.0,6,WATCH,50.99,-3.6459,34.52,1375.08,1337.94,,47.96,0.503,26.2,0.72,1303.66,1495.51,1.67,RSI in swing zone; MACD weak; Trend strength acceptable; Above SMA20; Above SMA50,UNKNOWN,-2.97,-0.62,16.87,0.0,3.49,4,1,0,-2,0,MEDIUM,0,,,0,-2,1.65,1.5,B,"Trend 4, Momentum 1, Volume 0, Liquidity -2 (0.0cr), VolRisk MEDIUM, Sector UNKNOWN 0",6,6,6,WATCH,News 0; event caution 0; risk LOW; type ; confidence ; reason . ,-2,MEDIUM,CAUTIOUS,Nifty 20D return -3.9448571751706463; 60D return -4.281982537022666; Crude 20D change 11.414863871570024; India VIX latest; 20D change 9.84643344748708; USDINR 20D change 0.9026990410958335,4.0,WATCH,6,5.65,BUY,"Tech 6 | News 0 (, ) | Event caution 0 | Macro -2 | Sector 0 | Analytics 1.65 (B) | Risk LOW/MEDIUM | Analytics: Trend 4, Momentum 1, Volume 0, Liquidity -2 (0.0cr), VolRisk MEDIUM, Sector UNKNOWN 0",0,0,LOW,,,,,,,0,0,,,0,,0,55.8,MEDIUM,6.23,BUY,"AI overlay from completed recommendation outcomes; use as probability/risk input, not standalone advice."
BEML,2026-09-20,2135.0,89759.0,7,BUY,64.55,0.1181,29.81,2022.19,1887.39,,90.47,0.899,79.62,2.11,1999.3,2361.17,1.67,MACD bullish; Trend strength acceptable; Above SMA20; Above SMA50; Volume expansion,UNKNOWN,5.22,10.31,18.21,0.0,4.24,5,4,2,-2,0,MEDIUM,0,,,0,-2,3.65,1.5,B,"Trend 5, Momentum 4, Volume 2, Liquidity -2 (0.0cr), VolRisk MEDIUM, Sector UNKNOWN 0",7,4,4,WATCH_EVENT_CAUTION,"News 0; event caution -3; risk MEDIUM; type GENERIC_NEWS; confidence LOW; reason No material catalyst/event taxonomy match.. Upcoming event caution: BEML Q1 Results Today: Time, Earnings Call, Dividend, What To Watch, Share Price - NDTV Profit",-2,MEDIUM,CAUTIOUS,Nifty 20D return -3.9448571751706463; 60D return -4.281982537022666; Crude 20D change 11.414863871570024; India VIX latest; 20D change 9.84643344748708; USDINR 20D change 0.9026990410958335,2.0,NEUTRAL,7,5.65,WATCH_EVENT_CAUTION,"Tech 7 | News 0 (GENERIC_NEWS, LOW) | Event caution -3 | Macro -2 | Sector 0 | Analytics 3.65 (B) | Risk MEDIUM/MEDIUM | Analytics: Trend 5, Momentum 4, Volume 2, Liquidity -2 (0.0cr), VolRisk MEDIUM, Sector UNKNOWN 0 | News logic: No material catalyst/event taxonomy match. | Upcoming event caution: BEML Q1 Results Today: Time, Earnings Call, Dividend, What To Watch, Share Price - NDTV Profit",0,-3,MEDIUM,,"Upcoming event caution: BEML Q1 Results Today: Time, Earnings Call, Dividend, What To Watch, Share Price - NDTV Profit",Trading Window,"Upcoming event caution: BEML Q1 Results Today: Time, Earnings Call, Dividend, What To Watch, Share Price - NDTV Profit",NSE Corporate Announcements,https://nsearchives.nseindia.com/corporate/BEML_25092026155148_TWNSE0926.pdf,0,3,GENERIC_NEWS,LOW,0,No material catalyst/event taxonomy match.,0,55.3,MEDIUM,6.18,WATCH_EVENT_CAUTION,"AI overlay from completed recommendation outcomes; use as probability/risk input, not standalone advice."
ZYDUSLIFE,2026-09-28,1215.0,80209.0,4,WATCH,69.74,8.1468,19.87,1152.12,1143.46,1027.57,27.95,0.986,90.46,2.16,1173.08,1284.87,1.67,MACD bullish; Above SMA20; Above SMA50; Long-term trend positive; Near upper Bollinger band,PHARMA,4.53,4.04,5.3,0.0,2.3,5,3,2,-2,1,LOW,0,50.0,3.96,0,-1,3.65,1.5,B,"Trend 5, Momentum 3, Volume 2, Liquidity -2 (0.0cr), VolRisk LOW, Sector PHARMA 0",4,4,4,WATCH,News 0; event caution 0; risk LOW; type ; confidence ; reason . ,-2,MEDIUM,CAUTIOUS,Nifty 20D return -3.9448571751706463; 60D return -4.281982537022666; Crude 20D change 11.414863871570024; India VIX latest; 20D change 9.84643344748708; USDINR 20D change 0.9026990410958335,2.0,NEUTRAL,4,5.65,BUY,"Tech 4 | News 0 (, ) | Event caution 0 | Macro -2 | Sector 0 | Analytics 3.65 (B) | Risk LOW/MEDIUM | Analytics: Trend 5, Momentum 3, Volume 2, Liquidity -2 (0.0cr), VolRisk LOW, Sector PHARMA 0",0,0,LOW,,,,,,,0,0,,,0,,0,47.1,LOW,5.36,BUY,"AI overlay from completed recommendation outcomes; use as probability/risk input, not standalone advice."
LLOYDSENGG,2026-09-28,95.97,76908.0,5,WATCH,62.41,1.6188,24.27,87.81,89.89,,4.92,0.905,82.6,1.41,88.59,108.27,1.67,MACD bullish; Trend strength acceptable; Above SMA20; Above SMA50; Near upper Bollinger band,UNKNOWN,11.94,6.57,14.33,0.0,5.13,4,4,1,-2,-1,HIGH,0,,,0,-3,2.6,1.0,B,"Trend 4, Momentum 4, Volume 1, Liquidity -2 (0.0cr), VolRisk HIGH, Sector UNKNOWN 0",5,5,5,WATCH,News 0; event caution 0; risk LOW; type ; confidence ; reason . ,-2,MEDIUM,CAUTIOUS,Nifty 20D return -3.9448571751706463; 60D return -4.281982537022666; Crude 20D change 11.414863871570024; India VIX latest; 20D change 9.84643344748708; USDINR 20D change 0.9026990410958335,3.0,NEUTRAL,5,5.6,BUY,"Tech 5 | News 0 (, ) | Event caution 0 | Macro -2 | Sector 0 | Analytics 2.6 (B) | Risk LOW/MEDIUM | Analytics: Trend 4, Momentum 4, Volume 1, Liquidity -2 (0.0cr), VolRisk HIGH, Sector UNKNOWN 0",0,0,LOW,,,,,,,0,0,,,0,,0,56.6,MEDIUM,6.26,BUY,"AI overlay from completed recommendation outcomes; use as probability/risk input, not standalone advice."
LGEINDIA,2026-09-28,1730.7,41828.0,4,WATCH,65.1,6.651,28.97,1667.88,1642.03,1554.76,42.43,0.957,92.42,0.97,1667.05,1836.79,1.67,MACD bullish; Trend strength acceptable; Above SMA20; Above SMA50; Long-term trend positive,UNKNOWN,4.03,4.11,11.19,0.0,2.45,6,3,0,-2,1,LOW,0,,,0,-1,3.6,1.5,B,"Trend 6, Momentum 3, Volume 0, Liquidity -2 (0.0cr), VolRisk LOW, Sector UNKNOWN 0",4,4,4,WATCH,News 0; event caution 0; risk LOW; type ; confidence ; reason . ,-2,MEDIUM,CAUTIOUS,Nifty 20D return -3.9448571751706463; 60D return -4.281982537022666; Crude 20D change 11.414863871570024; India VIX latest; 20D change 9.84643344748708; USDINR 20D change 0.9026990410958335,2.0,NEUTRAL,4,5.6,BUY,"Tech 4 | News 0 (, ) | Event caution 0 | Macro -2 | Sector 0 | Analytics 3.6 (B) | Risk LOW/MEDIUM | Analytics: Trend 6, Momentum 3, Volume 0, Liquidity -2 (0.0cr), VolRisk LOW, Sector UNKNOWN 0",0,0,LOW,,,,,,,0,0,,,0,,0,46.5,LOW,5.25,BUY,"AI overlay from completed recommendation outcomes; use as probability/risk input, not standalone advice."
GENESYS,2026-09-24,283.18,24246.0,8,BUY,51.68,5.9012,19.8,262.69,281.33,,35.48,0.595,74.12,0.48,229.96,371.88,1.67,RSI in swing zone; MACD bullish; Above SMA20; Above SMA50; Bollinger position healthy,UNKNOWN,-8.0,-10.87,,0.0,12.53,2,3,-1,-2,-2,VERY_HIGH,0,,,0,-3,0.5,1.0,B,"Trend 2, Momentum 3, Volume -1, Liquidity -2 (0.0cr), VolRisk VERY_HIGH, Sector UNKNOWN 0",8,7,7,BUY,News 0; event caution -1; risk MEDIUM; type GENERIC_NEWS; confidence LOW; reason No material catalyst/event taxonomy match.. Upcoming event caution: Outcome of Board Meeting,-2,MEDIUM,CAUTIOUS,Nifty 20D return -3.9448571751706463; 60D return -4.281982537022666; Crude 20D change 11.414863871570024; India VIX latest; 20D change 9.84643344748708; USDINR 20D change 0.9026990410958335,5.0,WATCH,8,5.5,BUY,"Tech 8 | News 0 (GENERIC_NEWS, LOW) | Event caution -1 | Macro -2 | Sector 0 | Analytics 0.5 (B) | Risk MEDIUM/MEDIUM | Analytics: Trend 2, Momentum 3, Volume -1, Liquidity -2 (0.0cr), VolRisk VERY_HIGH, Sector UNKNOWN 0 | News logic: No material catalyst/event taxonomy match. | Upcoming event caution: Outcome of Board Meeting",0,-1,MEDIUM,,Upcoming event caution: Outcome of Board Meeting,Bagging/Receiving of orders/contracts,Upcoming event caution: Outcome of Board Meeting,NSE Corporate Announcements,https://nsearchives.nseindia.com/corporate/GENESYS_24092026171029_Ahemdabad_Reg_30_order_intimation.pdf,0,1,GENERIC_NEWS,LOW,0,No material catalyst/event taxonomy match.,0,60.7,MEDIUM,6.57,BUY,"AI overlay from completed recommendation outcomes; use as probability/risk input, not standalone advice."
STALLION,2026-08-10,254.0,22617.0,6,WATCH,59.99,-2.2176,42.96,250.9,211.23,,15.29,0.552,44.38,0.51,231.07,292.21,1.67,RSI in swing zone; MACD weak; Trend strength acceptable; Above SMA20; Above SMA50,UNKNOWN,-5.42,18.27,,0.0,6.02,5,1,-1,-2,-1,HIGH,0,,,0,-3,1.5,1.0,B,"Trend 5, Momentum 1, Volume -1, Liquidity -2 (0.0cr), VolRisk HIGH, Sector UNKNOWN 0",6,6,6,WATCH,News 0; event caution 0; risk LOW; type ; confidence ; reason . ,-2,MEDIUM,CAUTIOUS,Nifty 20D return -3.9448571751706463; 60D return -4.281982537022666; Crude 20D change 11.414863871570024; India VIX latest; 20D change 9.84643344748708; USDINR 20D change 0.9026990410958335,4.0,WATCH,6,5.5,BUY,"Tech 6 | News 0 (, ) | Event caution 0 | Macro -2 | Sector 0 | Analytics 1.5 (B) | Risk LOW/MEDIUM | Analytics: Trend 5, Momentum 1, Volume -1, Liquidity -2 (0.0cr), VolRisk HIGH, Sector UNKNOWN 0",0,0,LOW,,,,,,,0,0,,,0,,0,57.8,MEDIUM,6.28,BUY,"AI overlay from completed recommendation outcomes; use as probability/risk input, not standalone advice."
ENRIN,2026-09-28,3189.0,36239.0,6,WATCH,46.57,19.7616,15.4,3182.3,3299.42,3197.93,112.05,0.522,58.16,0.91,3020.93,3469.12,1.67,RSI in swing zone; MACD bullish; Above SMA20; Bollinger position healthy,UNKNOWN,-1.42,2.35,-5.8,0.0,3.51,2,3,0,-2,0,MEDIUM,0,,,0,-2,1.45,1.5,B,"Trend 2, Momentum 3, Volume 0, Liquidity -2 (0.0cr), VolRisk MEDIUM, Sector UNKNOWN 0",6,6,6,WATCH,News 0; event caution 0; risk LOW; type ; confidence ; reason . ,-2,MEDIUM,CAUTIOUS,Nifty 20D return -3.9448571751706463; 60D return -4.281982537022666; Crude 20D change 11.414863871570024; India VIX latest; 20D change 9.84643344748708; USDINR 20D change 0.9026990410958335,4.0,WATCH,6,5.45,BUY,"Tech 6 | News 0 (, ) | Event caution 0 | Macro -2 | Sector 0 | Analytics 1.45 (B) | Risk LOW/MEDIUM | Analytics: Trend 2, Momentum 3, Volume 0, Liquidity -2 (0.0cr), VolRisk MEDIUM, Sector UNKNOWN 0",0,0,LOW,,,,,,,0,0,,,0,,0,55.5,MEDIUM,6.0,BUY,"AI overlay from completed recommendation outcomes; use as probability/risk input, not standalone advice."
MANKIND,2026-09-28,2435.6,27988.0,6,WATCH,50.7,14.8729,21.66,2398.76,2463.84,,66.0,0.64,73.71,0.95,2336.59,2600.61,1.67,RSI in swing zone; MACD bullish; Above SMA20; Bollinger position healthy,UNKNOWN,-1.79,0.43,2.53,0.0,2.71,2,3,0,-2,0,MEDIUM,0,,,0,-2,1.45,1.5,B,"Trend 2, Momentum 3, Volume 0, Liquidity -2 (0.0cr), VolRisk MEDIUM, Sector UNKNOWN 0",6,6,6,WATCH,News 0; event caution 0; risk LOW; type ; confidence ; reason . ,-2,MEDIUM,CAUTIOUS,Nifty 20D return -3.9448571751706463; 60D return -4.281982537022666; Crude 20D change 11.414863871570024; India VIX latest; 20D change 9.84643344748708; USDINR 20D change 0.9026990410958335,4.0,WATCH,6,5.45,BUY,"Tech 6 | News 0 (, ) | Event caution 0 | Macro -2 | Sector 0 | Analytics 1.45 (B) | Risk LOW/MEDIUM | Analytics: Trend 2, Momentum 3, Volume 0, Liquidity -2 (0.0cr), VolRisk MEDIUM, Sector UNKNOWN 0",0,0,LOW,,,,,,,0,0,,,0,,0,53.1,LOW,5.76,BUY,"AI overlay from completed recommendation outcomes; use as probability/risk input, not standalone advice."
HSCL,2026-09-28,669.95,24564.0,6,WATCH,46.38,3.8141,16.15,667.58,701.98,,19.35,0.558,62.11,0.69,640.92,718.33,1.67,RSI in swing zone; MACD bullish; Above SMA20; Bollinger position healthy,UNKNOWN,-0.96,1.57,-9.66,0.0,2.89,2,3,0,-2,0,MEDIUM,0,,,0,-2,1.45,1.5,B,"Trend 2, Momentum 3, Volume 0, Liquidity -2 (0.0cr), VolRisk MEDIUM, Sector UNKNOWN 0",6,6,6,WATCH,News 0; event caution 0; risk LOW; type ; confidence ; reason . ,-2,MEDIUM,CAUTIOUS,Nifty 20D return -3.9448571751706463; 60D return -4.281982537022666; Crude 20D change 11.414863871570024; India VIX latest; 20D change 9.84643344748708; USDINR 20D change 0.9026990410958335,4.0,WATCH,6,5.45,BUY,"Tech 6 | News 0 (, ) | Event caution 0 | Macro -2 | Sector 0 | Analytics 1.45 (B) | Risk LOW/MEDIUM | Analytics: Trend 2, Momentum 3, Volume 0, Liquidity -2 (0.0cr), VolRisk MEDIUM, Sector UNKNOWN 0",0,0,LOW,,,,,,,0,0,,,0,,0,52.7,LOW,5.72,BUY,"AI overlay from completed recommendation outcomes; use as probability/risk input, not standalone advice."
MANINDS,2026-09-28,953.35,58363.0,6,WATCH,63.91,7.6517,54.57,873.74,733.61,,62.9,0.767,70.7,0.66,859.0,1110.6,1.67,MACD bullish; Trend strength acceptable; Above SMA20; Above SMA50,UNKNOWN,12.17,20.9,103.45,0.0,6.6,5,3,0,-2,-1,HIGH,0,,,0,-3,2.45,1.0,B,"Trend 5, Momentum 3, Volume 0, Liquidity -2 (0.0cr), VolRisk HIGH, Sector UNKNOWN 0",5,5,5,WATCH,News -1; event caution 0; risk LOW; type BROKERAGE_NEGATIVE; confidence MEDIUM; reason Negative brokerage/research view.. Negative catalyst: Downgrade: Here's How This Analyst Sees Man Industries (India) Limited (NSE:MANINDS) Performing In The Near Term,-2,MEDIUM,CAUTIOUS,Nifty 20D return -3.9448571751706463; 60D return -4.281982537022666; Crude 20D change 11.414863871570024; India VIX latest; 20D change 9.84643344748708; USDINR 20D change 0.9026990410958335,3.0,NEUTRAL,6,5.45,BUY,"Tech 6 | News -1 (BROKERAGE_NEGATIVE, MEDIUM) | Event caution 0 | Macro -2 | Sector 0 | Analytics 2.45 (B) | Risk LOW/MEDIUM | Negative catalyst: Downgrade: Here's How This Analyst Sees Man Industries (India) Limited (NSE:MANINDS) Performing In The Near Term | Analytics: Trend 5, Momentum 3, Volume 0, Liquidity -2 (0.0cr), VolRisk HIGH, Sector UNKNOWN 0 | News logic: Negative brokerage/research view.",-1,0,LOW,Negative catalyst: Downgrade: Here's How This Analyst Sees Man Industries (India) Limited (NSE:MANINDS) Performing In The Near Term,,Downgrade: Here's How This Analyst Sees Man Industries (India) Limited (NSE:MANINDS) Performing In The Near Term - simplywall.st,Negative catalyst: Downgrade: Here's How This Analyst Sees Man Industries (India) Limited (NSE:MANINDS) Performing In The Near Term,simplywall.st,https://news.google.com/rss/articles/CBMi5gFBVV95cUxQR2ZzLXJVcXFsa0tyU1dOR0ZOSEJUczhNa3RsUm1tN0U4dUR4REprVzVEcVRXV0l4cUVYQmlURzdNbi1rM1JZMDJHTkUwVTJOM2VaUUN2SWU1OThDREJoZWo5UndQOVRMLW1UQ1puUDBvcGRXU0FNelNXRGtCOW83VHlRQmJQUnJ2dWZ0S1B0MVpYQU55bGFueU9pYjVlVzl4aFZwdjNIcHlkdHpCbWZuYThIYVlBWEN1cjZLdzFEdGJFN1RIRmxZMlF1NVRZWlpDSXRjenp2ZUZxVXFRaGpETDRnY0txUdIB6wFBVV95cUxNRUxMeFh5X0JpcERDNVNGNjRxODUxaXJIWEZGTlhXejZHbkt3dUZvV1R3bWpIcGtkd3lVS0c5VW1nZm9tLS1qRTcyekMzajk0Z2J5WWd3WWdocGZ0SnJWVkpHLUFFcVJuS05vY2F0SmV2azUxaHJxTzQtLWFmM1dodnM5RTJfYzFCMUNwTnJwLVQ2X09jeF9GeUVGYnBJZWI0SjVraU9ibFp5OW5EdE5DaUJpdjl1OG9WbDc5TjZnN1FIZkwzQndtaUthZW44VEV4TG5Cck9mUGtyRmhwVVhIRWFqbWVrQnJpR1Rj?oc=5,1,0,BROKERAGE_NEGATIVE,MEDIUM,1,Negative brokerage/research view.,0,58.3,MEDIUM,6.28,BUY,"AI overlay from completed recommendation outcomes; use as probability/risk input, not standalone advice."
MEESHO,2026-09-28,216.83,185022.0,5,WATCH,51.33,-0.702,32.94,217.88,206.44,180.02,10.08,0.47,26.53,1.05,201.72,242.02,1.67,RSI in swing zone; MACD weak; Trend strength acceptable; Above SMA50; Long-term trend positive,UNKNOWN,-9.73,3.75,16.78,0.01,4.65,5,2,0,-2,0,MEDIUM,0,,,0,-2,2.45,1.5,B,"Trend 5, Momentum 2, Volume 0, Liquidity -2 (0.01cr), VolRisk MEDIUM, Sector UNKNOWN 0",5,5,5,WATCH,News 0; event caution 0; risk LOW; type ; confidence ; reason . ,-2,MEDIUM,CAUTIOUS,Nifty 20D return -3.9448571751706463; 60D return -4.281982537022666; Crude 20D change 11.414863871570024; India VIX latest; 20D change 9.84643344748708; USDINR 20D change 0.9026990410958335,3.0,NEUTRAL,5,5.45,BUY,"Tech 5 | News 0 (, ) | Event caution 0 | Macro -2 | Sector 0 | Analytics 2.45 (B) | Risk LOW/MEDIUM | Analytics: Trend 5, Momentum 2, Volume 0, Liquidity -2 (0.01cr), VolRisk MEDIUM, Sector UNKNOWN 0",0,0,LOW,,,,,,,0,0,,,0,,0,55.3,MEDIUM,5.98,BUY,"AI overlay from completed recommendation outcomes; use as probability/risk input, not standalone advice."
WELCORP,2026-09-28,2739.7,86411.0,5,WATCH,59.22,-6.6408,38.42,2660.46,2317.36,,133.6,0.661,83.56,0.72,2539.29,3073.71,1.67,RSI in swing zone; MACD weak; Trend strength acceptable; Above SMA20; Above SMA50,UNKNOWN,0.3,5.76,73.23,0.01,4.88,5,2,0,-2,0,MEDIUM,0,,,0,-2,2.45,1.5,B,"Trend 5, Momentum 2, Volume 0, Liquidity -2 (0.01cr), VolRisk MEDIUM, Sector UNKNOWN 0",5,5,5,WATCH,News 0; event caution 0; risk LOW; type ; confidence ; reason . ,-2,MEDIUM,CAUTIOUS,Nifty 20D return -3.9448571751706463; 60D return -4.281982537022666; Crude 20D change 11.414863871570024; India VIX latest; 20D change 9.84643344748708; USDINR 20D change 0.9026990410958335,3.0,NEUTRAL,5,5.45,BUY,"Tech 5 | News 0 (, ) | Event caution 0 | Macro -2 | Sector 0 | Analytics 2.45 (B) | Risk LOW/MEDIUM | Analytics: Trend 5, Momentum 2, Volume 0, Liquidity -2 (0.01cr), VolRisk MEDIUM, Sector UNKNOWN 0",0,0,LOW,,,,,,,0,0,,,0,,0,54.5,LOW,5.9,BUY,"AI overlay from completed recommendation outcomes; use as probability/risk input, not standalone advice."
CARBORUNIV,2026-09-27,1278.5,28929.0,5,WATCH,67.41,14.4718,29.87,1172.18,1132.92,,65.51,0.925,72.08,0.67,1180.23,1442.28,1.67,MACD bullish; Trend strength acceptable; Above SMA20; Above SMA50; Near upper Bollinger band,UNKNOWN,8.45,8.92,55.3,0.0,5.12,5,3,0,-2,-1,HIGH,0,,,0,-3,2.45,1.0,B,"Trend 5, Momentum 3, Volume 0, Liquidity -2 (0.0cr), VolRisk HIGH, Sector UNKNOWN 0",5,5,5,WATCH,News 0; event caution 0; risk LOW; type ; confidence ; reason . ,-2,MEDIUM,CAUTIOUS,Nifty 20D return -3.9448571751706463; 60D return -4.281982537022666; Crude 20D change 11.414863871570024; India VIX latest; 20D change 9.84643344748708; USDINR 20D change 0.9026990410958335,3.0,NEUTRAL,5,5.45,BUY,"Tech 5 | News 0 (, ) | Event caution 0 | Macro -2 | Sector 0 | Analytics 2.45 (B) | Risk LOW/MEDIUM | Analytics: Trend 5, Momentum 3, Volume 0, Liquidity -2 (0.0cr), VolRisk HIGH, Sector UNKNOWN 0",0,0,LOW,,,,,,,0,0,,,0,,0,56.7,MEDIUM,6.12,BUY,"AI overlay from completed recommendation outcomes; use as probability/risk input, not standalone advice."
AEQUS,2026-09-28,260.1,337473.0,5,WATCH,69.59,3.1627,21.38,236.74,241.81,,10.58,1.055,77.06,5.91,244.23,286.55,1.67,MACD bullish; Above SMA20; Above SMA50; Near upper Bollinger band; Volume expansion,UNKNOWN,7.09,5.1,4.55,0.0,4.07,3,3,2,-2,0,MEDIUM,0,,,0,-2,2.4,1.5,B,"Trend 3, Momentum 3, Volume 2, Liquidity -2 (0.0cr), VolRisk MEDIUM, Sector UNKNOWN 0",5,5,5,WATCH,News 0; event caution 0; risk LOW; type ; confidence ; reason . ,-2,MEDIUM,CAUTIOUS,Nifty 20D return -3.9448571751706463; 60D return -4.281982537022666; Crude 20D change 11.414863871570024; India VIX latest; 20D change 9.84643344748708; USDINR 20D change 0.9026990410958335,3.0,NEUTRAL,5,5.4,BUY,"Tech 5 | News 0 (, ) | Event caution 0 | Macro -2 | Sector 0 | Analytics 2.4 (B) | Risk LOW/MEDIUM | Analytics: Trend 3, Momentum 3, Volume 2, Liquidity -2 (0.0cr), VolRisk MEDIUM, Sector UNKNOWN 0",0,0,LOW,,,,,,,0,0,,,0,,0,54.7,LOW,5.87,BUY,"AI overlay from completed recommendation outcomes; use as probability/risk input, not standalone advice."
GESHIP,2026-09-28,1533.4,150021.0,4,WATCH,76.03,8.8897,36.83,1433.64,1370.9,1410.2,39.01,1.018,83.5,3.01,1474.89,1630.92,1.67,RSI overbought; MACD bullish; Trend strength acceptable; Above SMA20; Above SMA50,UNKNOWN,4.88,11.95,13.97,0.0,2.54,6,2,2,-2,0,MEDIUM,0,,,0,-2,3.4,1.5,B,"Trend 6, Momentum 2, Volume 2, Liquidity -2 (0.0cr), VolRisk MEDIUM, Sector UNKNOWN 0",4,4,4,WATCH,News 0; event caution 0; risk LOW; type ; confidence ; reason . ,-2,MEDIUM,CAUTIOUS,Nifty 20D return -3.9448571751706463; 60D return -4.281982537022666; Crude 20D change 11.414863871570024; India VIX latest; 20D change 9.84643344748708; USDINR 20D change 0.9026990410958335,2.0,NEUTRAL,4,5.4,BUY,"Tech 4 | News 0 (, ) | Event caution 0 | Macro -2 | Sector 0 | Analytics 3.4 (B) | Risk LOW/MEDIUM | Analytics: Trend 6, Momentum 2, Volume 2, Liquidity -2 (0.0cr), VolRisk MEDIUM, Sector UNKNOWN 0",0,0,LOW,,,,,,,0,0,,,0,,0,51.9,LOW,5.59,BUY,"AI overlay from completed recommendation outcomes; use as probability/risk input, not standalone advice."
ITCHOTELS,2026-09-28,158.57,25608.0,6,WATCH,46.82,0.9082,18.75,157.75,161.78,164.11,3.88,0.561,56.08,0.86,152.75,168.26,1.66,RSI in swing zone; MACD bullish; Above SMA20; Bollinger position healthy,UNKNOWN,-0.02,-0.04,-15.11,0.0,2.45,1,3,0,-2,1,LOW,0,,,0,-1,1.35,1.5,B,"Trend 1, Momentum 3, Volume 0, Liquidity -2 (0.0cr), VolRisk LOW, Sector UNKNOWN 0",6,6,6,WATCH,News 0; event caution 0; risk LOW; type ; confidence ; reason . ,-2,MEDIUM,CAUTIOUS,Nifty 20D return -3.9448571751706463; 60D return -4.281982537022666; Crude 20D change 11.414863871570024; India VIX latest; 20D change 9.84643344748708; USDINR 20D change 0.9026990410958335,4.0,WATCH,6,5.35,BUY,"Tech 6 | News 0 (, ) | Event caution 0 | Macro -2 | Sector 0 | Analytics 1.35 (B) | Risk LOW/MEDIUM | Analytics: Trend 1, Momentum 3, Volume 0, Liquidity -2 (0.0cr), VolRisk LOW, Sector UNKNOWN 0",0,0,LOW,,,,,,,0,0,,,0,,0,44.0,NEGATIVE,4.75,WATCH_AI_WEAK,"AI overlay from completed recommendation outcomes; use as probability/risk input, not standalone advice."
VINCOFE,2026-09-24,183.75,46470.0,7,BUY,65.04,0.2868,33.95,171.71,158.44,,9.89,0.766,67.45,1.21,168.91,208.49,1.67,MACD bullish; Trend strength acceptable; Above SMA20; Above SMA50; Volume expansion,UNKNOWN,2.72,24.09,,0.0,5.38,5,2,1,-2,-1,HIGH,0,,,0,-3,2.35,1.0,B,"Trend 5, Momentum 2, Volume 1, Liquidity -2 (0.0cr), VolRisk HIGH, Sector UNKNOWN 0",7,5,5,WATCH_EVENT_CAUTION,News 0; event caution -2; risk MEDIUM; type GENERIC_NEWS; confidence LOW; reason No material catalyst/event taxonomy match.. Upcoming event caution: Record Date,-2,MEDIUM,CAUTIOUS,Nifty 20D return -3.9448571751706463; 60D return -4.281982537022666; Crude 20D change 11.414863871570024; India VIX latest; 20D change 9.84643344748708; USDINR 20D change 0.9026990410958335,3.0,NEUTRAL,7,5.35,WATCH_EVENT_CAUTION,"Tech 7 | News 0 (GENERIC_NEWS, LOW) | Event caution -2 | Macro -2 | Sector 0 | Analytics 2.35 (B) | Risk MEDIUM/MEDIUM | Analytics: Trend 5, Momentum 2, Volume 1, Liquidity -2 (0.0cr), VolRisk HIGH, Sector UNKNOWN 0 | News logic: No material catalyst/event taxonomy match. | Upcoming event caution: Record Date",0,-2,MEDIUM,,Upcoming event caution: Record Date,Trading Window,Upcoming event caution: Record Date,NSE Corporate Announcements,https://nsearchives.nseindia.com/corporate/VINTAGE_22092026133318_closure_of_trading_window.pdf,0,2,GENERIC_NEWS,LOW,0,No material catalyst/event taxonomy match.,0,57.8,MEDIUM,6.13,WATCH_EVENT_CAUTION,"AI overlay from completed recommendation outcomes; use as probability/risk input, not standalone advice."
GREAVESCOT,2026-09-28,230.4,36289.0,6,WATCH,53.61,-0.2514,32.55,230.05,218.18,,13.85,0.504,64.1,0.75,209.62,265.03,1.67,RSI in swing zone; MACD weak; Trend strength acceptable; Above SMA20; Above SMA50,UNKNOWN,15.39,-12.28,,0.0,6.01,4,1,0,-2,-1,HIGH,0,,,0,-3,1.3,1.0,B,"Trend 4, Momentum 1, Volume 0, Liquidity -2 (0.0cr), VolRisk HIGH, Sector UNKNOWN 0",6,6,6,WATCH,News 0; event caution 0; risk LOW; type ; confidence ; reason . ,-2,MEDIUM,CAUTIOUS,Nifty 20D return -3.9448571751706463; 60D return -4.281982537022666; Crude 20D change 11.414863871570024; India VIX latest; 20D change 9.84643344748708; USDINR 20D change 0.9026990410958335,4.0,WATCH,6,5.3,BUY,"Tech 6 | News 0 (, ) | Event caution 0 | Macro -2 | Sector 0 | Analytics 1.3 (B) | Risk LOW/MEDIUM | Analytics: Trend 4, Momentum 1, Volume 0, Liquidity -2 (0.0cr), VolRisk HIGH, Sector UNKNOWN 0",0,0,LOW,,,,,,,0,0,,,0,,0,59.3,MEDIUM,6.23,BUY,"AI overlay from completed recommendation outcomes; use as probability/risk input, not standalone advice."
LUMAXTECH,2026-09-24,2068.8,23425.0,6,WATCH,60.62,-5.237,32.58,2024.38,1798.52,,104.6,0.714,59.1,0.78,1911.89,2330.31,1.67,RSI in swing zone; MACD weak; Trend strength acceptable; Above SMA20; Above SMA50,UNKNOWN,2.52,-0.36,15.29,0.0,5.06,4,1,0,-2,-1,HIGH,0,,,0,-3,1.3,1.0,B,"Trend 4, Momentum 1, Volume 0, Liquidity -2 (0.0cr), VolRisk HIGH, Sector UNKNOWN 0",6,6,6,WATCH,News 0; event caution 0; risk LOW; type ; confidence ; reason . ,-2,MEDIUM,CAUTIOUS,Nifty 20D return -3.9448571751706463; 60D return -4.281982537022666; Crude 20D change 11.414863871570024; India VIX latest; 20D change 9.84643344748708; USDINR 20D change 0.9026990410958335,4.0,WATCH,6,5.3,BUY,"Tech 6 | News 0 (, ) | Event caution 0 | Macro -2 | Sector 0 | Analytics 1.3 (B) | Risk LOW/MEDIUM | Analytics: Trend 4, Momentum 1, Volume 0, Liquidity -2 (0.0cr), VolRisk HIGH, Sector UNKNOWN 0",0,0,LOW,,,,,,,0,0,,,0,,0,57.0,MEDIUM,6.0,BUY,"AI overlay from completed recommendation outcomes; use as probability/risk input, not standalone advice."
STARHEALTH,2026-09-27,558.15,54555.0,6,WATCH,47.53,0.3076,28.21,559.93,577.1,,19.59,0.464,63.5,1.47,528.77,607.12,1.67,RSI in swing zone; MACD bullish; Trend strength acceptable; Bollinger position healthy; Volume expansion,UNKNOWN,2.03,-3.01,6.11,0.0,3.51,1,3,1,-2,0,MEDIUM,0,,,0,-2,1.25,1.5,B,"Trend 1, Momentum 3, Volume 1, Liquidity -2 (0.0cr), VolRisk MEDIUM, Sector UNKNOWN 0",6,6,6,WATCH,News 0; event caution 0; risk LOW; type GENERIC_NEWS; confidence LOW; reason No material catalyst/event taxonomy match.. ,-2,MEDIUM,CAUTIOUS,Nifty 20D return -3.9448571751706463; 60D return -4.281982537022666; Crude 20D change 11.414863871570024; India VIX latest; 20D change 9.84643344748708; USDINR 20D change 0.9026990410958335,4.0,WATCH,6,5.25,BUY,"Tech 6 | News 0 (GENERIC_NEWS, LOW) | Event caution 0 | Macro -2 | Sector 0 | Analytics 1.25 (B) | Risk LOW/MEDIUM | Analytics: Trend 1, Momentum 3, Volume 1, Liquidity -2 (0.0cr), VolRisk MEDIUM, Sector UNKNOWN 0 | News logic: No material catalyst/event taxonomy match.",0,0,LOW,,,Trading Window,Neutral news: Trading Window,NSE Corporate Announcements,https://nsearchives.nseindia.com/corporate/STARHEALTH_25092026163633_SHAICL-_Trading_Window_Closure__Q2_FY_27.pdf,0,0,GENERIC_NEWS,LOW,0,No material catalyst/event taxonomy match.,0,54.8,LOW,5.73,BUY,"AI overlay from completed recommendation outcomes; use as probability/risk input, not standalone advice."
RAIN,2026-09-27,219.35,23273.0,7,BUY,55.52,1.1983,14.61,212.96,215.51,,9.58,0.69,72.66,0.68,204.98,243.3,1.67,RSI in swing zone; MACD bullish; Weak trend; Above SMA20; Above SMA50,UNKNOWN,3.38,12.04,7.34,0.0,4.37,3,4,0,-2,0,MEDIUM,0,,,0,-2,2.25,1.5,B,"Trend 3, Momentum 4, Volume 0, Liquidity -2 (0.0cr), VolRisk MEDIUM, Sector UNKNOWN 0",7,5,5,WATCH_EVENT_CAUTION,News 0; event caution -2; risk MEDIUM; type GENERIC_NEWS; confidence LOW; reason No material catalyst/event taxonomy match.. Upcoming event caution: Record Date,-2,MEDIUM,CAUTIOUS,Nifty 20D return -3.9448571751706463; 60D return -4.281982537022666; Crude 20D change 11.414863871570024; India VIX latest; 20D change 9.84643344748708; USDINR 20D change 0.9026990410958335,3.0,NEUTRAL,7,5.25,WATCH_EVENT_CAUTION,"Tech 7 | News 0 (GENERIC_NEWS, LOW) | Event caution -2 | Macro -2 | Sector 0 | Analytics 2.25 (B) | Risk MEDIUM/MEDIUM | Analytics: Trend 3, Momentum 4, Volume 0, Liquidity -2 (0.0cr), VolRisk MEDIUM, Sector UNKNOWN 0 | News logic: No material catalyst/event taxonomy match. | Upcoming event caution: Record Date",0,-2,MEDIUM,,Upcoming event caution: Record Date,Press Release,Upcoming event caution: Record Date,NSE Corporate Announcements,https://nsearchives.nseindia.com/corporate/RAIN_24092026134037_Rain_Industries_-_Press_Release.pdf,0,2,GENERIC_NEWS,LOW,0,No material catalyst/event taxonomy match.,0,56.4,MEDIUM,5.89,WATCH_EVENT_CAUTION,"AI overlay from completed recommendation outcomes; use as probability/risk input, not standalone advice."
HFCL,2026-09-02,226.27,121641.0,5,WATCH,48.66,-0.574,30.85,231.92,217.43,,10.15,0.371,21.35,1.39,211.04,251.65,1.67,RSI in swing zone; MACD weak; Trend strength acceptable; Above SMA50; Bollinger position healthy,UNKNOWN,-7.96,6.25,10.5,0.0,4.49,4,2,1,-2,0,MEDIUM,0,,,0,-2,2.25,1.5,B,"Trend 4, Momentum 2, Volume 1, Liquidity -2 (0.0cr), VolRisk MEDIUM, Sector UNKNOWN 0",5,5,5,WATCH,News 0; event caution 0; risk LOW; type ; confidence ; reason . ,-2,MEDIUM,CAUTIOUS,Nifty 20D return -3.9448571751706463; 60D return -4.281982537022666; Crude 20D change 11.414863871570024; India VIX latest; 20D change 9.84643344748708; USDINR 20D change 0.9026990410958335,3.0,NEUTRAL,5,5.25,BUY,"Tech 5 | News 0 (, ) | Event caution 0 | Macro -2 | Sector 0 | Analytics 2.25 (B) | Risk LOW/MEDIUM | Analytics: Trend 4, Momentum 2, Volume 1, Liquidity -2 (0.0cr), VolRisk MEDIUM, Sector UNKNOWN 0",0,0,LOW,,,,,,,0,0,,,0,,0,56.7,MEDIUM,5.92,BUY,"AI overlay from completed recommendation outcomes; use as probability/risk input, not standalone advice."
TFCILTD,2026-09-28,139.68,49484.0,5,WATCH,61.58,-1.909,40.67,140.87,119.4,,5.68,0.379,45.86,1.35,131.15,153.89,1.67,RSI in swing zone; MACD weak; Trend strength acceptable; Above SMA50; Bollinger position healthy,UNKNOWN,-0.8,7.81,86.14,0.0,4.07,4,2,1,-2,0,MEDIUM,0,,,0,-2,2.25,1.5,B,"Trend 4, Momentum 2, Volume 1, Liquidity -2 (0.0cr), VolRisk MEDIUM, Sector UNKNOWN 0",5,5,5,WATCH,News 0; event caution 0; risk LOW; type ; confidence ; reason . ,-2,MEDIUM,CAUTIOUS,Nifty 20D return -3.9448571751706463; 60D return -4.281982537022666; Crude 20D change 11.414863871570024; India VIX latest; 20D change 9.84643344748708; USDINR 20D change 0.9026990410958335,3.0,NEUTRAL,5,5.25,BUY,"Tech 5 | News 0 (, ) | Event caution 0 | Macro -2 | Sector 0 | Analytics 2.25 (B) | Risk LOW/MEDIUM | Analytics: Trend 4, Momentum 2, Volume 1, Liquidity -2 (0.0cr), VolRisk MEDIUM, Sector UNKNOWN 0",0,0,LOW,,,,,,,0,0,,,0,,0,55.8,MEDIUM,5.83,BUY,"AI overlay from completed recommendation outcomes; use as probability/risk input, not standalone advice."
TRIDENT,2026-08-09,25.18,26171.0,5,WATCH,50.29,0.0144,13.11,25.18,24.73,,1.18,0.5,33.64,0.9,23.4,28.14,1.66,RSI in swing zone; MACD bullish; Weak trend; Above SMA50; Bollinger position healthy,UNKNOWN,-2.89,4.39,-3.19,0.0,4.7,3,4,0,-2,0,MEDIUM,0,,,0,-2,2.25,1.5,B,"Trend 3, Momentum 4, Volume 0, Liquidity -2 (0.0cr), VolRisk MEDIUM, Sector UNKNOWN 0",5,5,5,WATCH,News 0; event caution 0; risk LOW; type ; confidence ; reason . ,-2,MEDIUM,CAUTIOUS,Nifty 20D return -3.9448571751706463; 60D return -4.281982537022666; Crude 20D change 11.414863871570024; India VIX latest; 20D change 9.84643344748708; USDINR 20D change 0.9026990410958335,3.0,NEUTRAL,5,5.25,BUY,"Tech 5 | News 0 (, ) | Event caution 0 | Macro -2 | Sector 0 | Analytics 2.25 (B) | Risk LOW/MEDIUM | Analytics: Trend 3, Momentum 4, Volume 0, Liquidity -2 (0.0cr), VolRisk MEDIUM, Sector UNKNOWN 0",0,0,LOW,,,,,,,0,0,,,0,,0,57.3,MEDIUM,5.98,BUY,"AI overlay from completed recommendation outcomes; use as probability/risk input, not standalone advice."
DABUR,2026-09-28,385.75,22408.0,7,BUY,46.46,1.8312,34.84,382.24,397.57,443.12,7.08,0.633,63.33,0.76,375.13,403.45,1.67,RSI in swing zone; MACD bullish; Trend strength acceptable; Above SMA20; Bollinger position healthy,FMCG,-2.4,1.78,-12.95,0.0,1.84,3,3,0,-2,1,LOW,-3,33.3,-0.2,-2,-1,1.2,1.25,B,"Trend 3, Momentum 3, Volume 0, Liquidity -2 (0.0cr), VolRisk LOW, Sector FMCG -3",8,8,8,BUY,"News 1; event caution 0; risk LOW; type BROKERAGE_POSITIVE; confidence MEDIUM; reason Positive brokerage/research view.. Positive catalyst: Dabur maintains FY27 growth guidance; Nomura raises target price to Rs 625, retains Buy - Moneycontrol.com",-2,MEDIUM,CAUTIOUS,Nifty 20D return -3.9448571751706463; 60D return -4.281982537022666; Crude 20D change 11.414863871570024; India VIX latest; 20D change 9.84643344748708; USDINR 20D change 0.9026990410958335,4.0,WATCH,7,5.2,BUY,"Tech 7 | News 1 (BROKERAGE_POSITIVE, MEDIUM) | Event caution 0 | Macro -2 | Sector -2 | Analytics 1.2 (B) | Risk LOW/MEDIUM | Positive catalyst: Dabur maintains FY27 growth guidance; Nomura raises target price to Rs 625, retains Buy - Moneycontrol.com | Analytics: Trend 3, Momentum 3, Volume 0, Liquidity -2 (0.0cr), VolRisk LOW, Sector FMCG -3 | News logic: Positive brokerage/research view.",1,0,LOW,"Positive catalyst: Dabur maintains FY27 growth guidance; Nomura raises target price to Rs 625, retains Buy - Moneycontrol.com",,"Dabur maintains FY27 growth guidance; Nomura raises target price to Rs 625, retains Buy - Moneycontrol.com","Positive catalyst: Dabur maintains FY27 growth guidance; Nomura raises target price to Rs 625, retains Buy - Moneycontrol.com",Moneycontrol.com,https://news.google.com/rss/articles/CBMi4wFBVV95cUxOcGxibkVPaVZyV1JIa2lMU2czWW1zMVlna2pvTlhhS3dROVVMVmZicV9PS0Zrb21UaE5sN2d1c3ZtTFNZelM4SkREUjVYVDF6ZTY0T2dzVm1qV21NblpzZWItUVYyeHdJMEVuLXRDWU1uUE9MYmVaNkZtTlZBSzFKQ0MyVEoyazE0elRDeVJudWtUU3ZYdXJwLWxaLXdsN2d3VGZ6Q3NQUnp3WjJVQmtPQ3lURms3clc3cGtOTGZzUm1ybWNwamQtOWhjQkxDX0w1SzlIcVFJalAxaFFVM3kxd1BJQdIB6AFBVV95cUxQV21weHVBTXB5VG9YdGtyZVpxMGw1YnJUWVpKQXdDS3E4S3ZlZFVOQmt3UlYyRGZpVl9KcmhpcXk1SDdEMmhNc3VmSldsdVpoOXZNaDBoSVkxNVhzeTBWdGRlR1N1Ry10YVg4M0ItLVdQSWpaMjJGaWNVdHNGNXlBaHpSWDY3RDRTLVgwMkgxNUZLVjZJQVBiNGMtY0N3REg2alg4X01IeXl6U3hyY29PTTJzOEYxeEUzbVctQV8wbUZ4ZFBoWmpBQ3lnUktxbjk0TV80U0pHTFpzQmdMQl9QTldWcWk3TFRN?oc=5,1,0,BROKERAGE_POSITIVE,MEDIUM,1,Positive brokerage/research view.,0,41.5,NEGATIVE,4.35,WATCH_AI_WEAK,"AI overlay from completed recommendation outcomes; use as probability/risk input, not standalone advice."
RATNAVEER,2026-09-28,330.95,32923.0,5,WATCH,68.98,0.1322,39.05,308.9,261.1,,21.31,0.801,81.33,0.54,298.98,384.23,1.67,MACD bullish; Trend strength acceptable; Above SMA20; Above SMA50,UNKNOWN,-0.41,12.21,85.54,0.0,6.44,5,3,-1,-2,-1,HIGH,0,,,0,-3,2.2,1.0,B,"Trend 5, Momentum 3, Volume -1, Liquidity -2 (0.0cr), VolRisk HIGH, Sector UNKNOWN 0",5,5,5,WATCH,News 0; event caution 0; risk LOW; type ; confidence ; reason . ,-2,MEDIUM,CAUTIOUS,Nifty 20D return -3.9448571751706463; 60D return -4.281982537022666; Crude 20D change 11.414863871570024; India VIX latest; 20D change 9.84643344748708; USDINR 20D change 0.9026990410958335,3.0,NEUTRAL,5,5.2,BUY,"Tech 5 | News 0 (, ) | Event caution 0 | Macro -2 | Sector 0 | Analytics 2.2 (B) | Risk LOW/MEDIUM | Analytics: Trend 5, Momentum 3, Volume -1, Liquidity -2 (0.0cr), VolRisk HIGH, Sector UNKNOWN 0",0,0,LOW,,,,,,,0,0,,,0,,0,56.9,MEDIUM,5.89,BUY,"AI overlay from completed recommendation outcomes; use as probability/risk input, not standalone advice."
DRREDDY,2026-09-28,1221.0,135653.0,4,WATCH,66.35,5.7599,31.11,1175.23,1176.45,1251.49,23.74,0.923,91.18,2.07,1185.38,1280.36,1.67,MACD bullish; Trend strength acceptable; Above SMA20; Above SMA50; Near upper Bollinger band,PHARMA,0.83,6.08,-0.17,0.0,1.94,4,3,2,-2,1,LOW,0,50.0,3.96,0,-1,3.2,1.5,B,"Trend 4, Momentum 3, Volume 2, Liquidity -2 (0.0cr), VolRisk LOW, Sector PHARMA 0",4,4,4,WATCH,News 0; event caution 0; risk LOW; type ; confidence ; reason . ,-2,MEDIUM,CAUTIOUS,Nifty 20D return -3.9448571751706463; 60D return -4.281982537022666; Crude 20D change 11.414863871570024; India VIX latest; 20D change 9.84643344748708; USDINR 20D change 0.9026990410958335,2.0,NEUTRAL,4,5.2,BUY,"Tech 4 | News 0 (, ) | Event caution 0 | Macro -2 | Sector 0 | Analytics 3.2 (B) | Risk LOW/MEDIUM | Analytics: Trend 4, Momentum 3, Volume 2, Liquidity -2 (0.0cr), VolRisk LOW, Sector PHARMA 0",0,0,LOW,,,,,,,0,0,,,0,,0,47.3,LOW,4.93,BUY,"AI overlay from completed recommendation outcomes; use as probability/risk input, not standalone advice."
QUADFUTURE,2026-09-28,531.5,43357.0,6,WATCH,69.41,3.3716,48.2,477.72,399.19,,47.06,0.778,77.72,0.44,460.91,649.16,1.67,MACD bullish; Trend strength acceptable; Above SMA20; Above SMA50,UNKNOWN,0.62,48.92,,0.0,8.85,5,1,-1,-2,-2,VERY_HIGH,0,,,0,-3,1.15,1.0,B,"Trend 5, Momentum 1, Volume -1, Liquidity -2 (0.0cr), VolRisk VERY_HIGH, Sector UNKNOWN 0",6,6,6,WATCH,News 0; event caution 0; risk LOW; type GENERIC_NEWS; confidence LOW; reason No material catalyst/event taxonomy match.. ,-2,MEDIUM,CAUTIOUS,Nifty 20D return -3.9448571751706463; 60D return -4.281982537022666; Crude 20D change 11.414863871570024; India VIX latest; 20D change 9.84643344748708; USDINR 20D change 0.9026990410958335,4.0,WATCH,6,5.15,BUY,"Tech 6 | News 0 (GENERIC_NEWS, LOW) | Event caution 0 | Macro -2 | Sector 0 | Analytics 1.15 (B) | Risk LOW/MEDIUM | Analytics: Trend 5, Momentum 1, Volume -1, Liquidity -2 (0.0cr), VolRisk VERY_HIGH, Sector UNKNOWN 0 | News logic: No material catalyst/event taxonomy match.",0,0,LOW,,,Shareholders meeting,Neutral news: Shareholders meeting,NSE Corporate Announcements,https://nsearchives.nseindia.com/corporate/QUADRANT_25092026215905_Intimation_Voting_Result_final.pdf,0,0,GENERIC_NEWS,LOW,0,No material catalyst/event taxonomy match.,0,61.1,MEDIUM,6.26,BUY,"AI overlay from completed recommendation outcomes; use as probability/risk input, not standalone advice."
ENGINERSIN,2026-09-28,313.9,101594.0,4,WATCH,72.77,3.9032,39.45,282.16,261.35,230.12,12.69,0.916,88.94,1.39,294.86,345.64,1.67,RSI overbought; MACD bullish; Trend strength acceptable; Above SMA20; Above SMA50,UNKNOWN,3.75,12.33,32.17,0.0,4.04,6,2,1,-2,0,MEDIUM,0,,,0,-2,3.15,1.5,B,"Trend 6, Momentum 2, Volume 1, Liquidity -2 (0.0cr), VolRisk MEDIUM, Sector UNKNOWN 0",4,4,4,WATCH,News 0; event caution 0; risk LOW; type ; confidence ; reason . ,-2,MEDIUM,CAUTIOUS,Nifty 20D return -3.9448571751706463; 60D return -4.281982537022666; Crude 20D change 11.414863871570024; India VIX latest; 20D change 9.84643344748708; USDINR 20D change 0.9026990410958335,2.0,NEUTRAL,4,5.15,BUY,"Tech 4 | News 0 (, ) | Event caution 0 | Macro -2 | Sector 0 | Analytics 3.15 (B) | Risk LOW/MEDIUM | Analytics: Trend 6, Momentum 2, Volume 1, Liquidity -2 (0.0cr), VolRisk MEDIUM, Sector UNKNOWN 0",0,0,LOW,,,,,,,0,0,,,0,,0,55.0,MEDIUM,5.65,BUY,"AI overlay from completed recommendation outcomes; use as probability/risk input, not standalone advice."
DLF,2026-09-28,663.55,50118.0,7,BUY,50.41,3.4655,19.06,657.56,663.72,616.16,16.18,0.579,72.19,0.99,639.28,704.01,1.67,RSI in swing zone; MACD bullish; Above SMA20; Long-term trend positive; Bollinger position healthy,REALTY,-0.89,-2.69,-0.76,0.0,2.44,2,3,0,-2,1,LOW,-2,50.0,-0.92,-2,-1,1.1,1.25,B,"Trend 2, Momentum 3, Volume 0, Liquidity -2 (0.0cr), VolRisk LOW, Sector REALTY -2",9,8,8,BUY,News 2; event caution -1; risk MEDIUM; type BUSINESS_POSITIVE; confidence MEDIUM; reason Positive business development.. Positive catalyst: Acquisition,-2,MEDIUM,CAUTIOUS,Nifty 20D return -3.9448571751706463; 60D return -4.281982537022666; Crude 20D change 11.414863871570024; India VIX latest; 20D change 9.84643344748708; USDINR 20D change 0.9026990410958335,4.0,WATCH,7,5.1,BUY,"Tech 7 | News 2 (BUSINESS_POSITIVE, MEDIUM) | Event caution -1 | Macro -2 | Sector -2 | Analytics 1.1 (B) | Risk MEDIUM/MEDIUM | Positive catalyst: Acquisition | Analytics: Trend 2, Momentum 3, Volume 0, Liquidity -2 (0.0cr), VolRisk LOW, Sector REALTY -2 | News logic: Positive business development. | Upcoming event caution: Outcome of Board Meeting",2,-1,MEDIUM,Positive catalyst: Acquisition,Upcoming event caution: Outcome of Board Meeting,Acquisition,Positive catalyst: Acquisition,NSE Corporate Announcements,https://nsearchives.nseindia.com/corporate/DLF_18082026174254_Letter.pdf,1,1,BUSINESS_POSITIVE,MEDIUM,2,Positive business development.,0,44.0,NEGATIVE,4.5,WATCH_AI_WEAK,"AI overlay from completed recommendation outcomes; use as probability/risk input, not standalone advice."
IIFL,2026-09-28,598.15,39232.0,6,WATCH,42.44,0.7545,22.6,611.0,626.61,526.0,21.6,0.332,43.4,0.7,565.76,652.14,1.67,RSI in swing zone; MACD bullish; Trend strength acceptable; Long-term trend positive; Bollinger position healthy,UNKNOWN,-3.14,-8.14,7.25,0.0,3.61,2,2,0,-2,0,MEDIUM,0,,,0,-2,1.1,1.5,B,"Trend 2, Momentum 2, Volume 0, Liquidity -2 (0.0cr), VolRisk MEDIUM, Sector UNKNOWN 0",6,6,6,WATCH,News 0; event caution 0; risk LOW; type ; confidence ; reason . ,-2,MEDIUM,CAUTIOUS,Nifty 20D return -3.9448571751706463; 60D return -4.281982537022666; Crude 20D change 11.414863871570024; India VIX latest; 20D change 9.84643344748708; USDINR 20D change 0.9026990410958335,4.0,WATCH,6,5.1,BUY,"Tech 6 | News 0 (, ) | Event caution 0 | Macro -2 | Sector 0 | Analytics 1.1 (B) | Risk LOW/MEDIUM | Analytics: Trend 2, Momentum 2, Volume 0, Liquidity -2 (0.0cr), VolRisk MEDIUM, Sector UNKNOWN 0",0,0,LOW,,,,,,,0,0,,,0,,0,56.0,MEDIUM,5.7,BUY,"AI overlay from completed recommendation outcomes; use as probability/risk input, not standalone advice."
EMIL,2026-09-28,192.89,58422.0,6,WATCH,57.73,-0.8516,33.85,188.5,169.12,,10.92,0.645,62.29,1.09,176.51,220.19,1.67,RSI in swing zone; MACD weak; Trend strength acceptable; Above SMA20; Above SMA50,UNKNOWN,0.15,3.31,82.3,0.0,5.66,5,2,0,-2,-1,HIGH,0,,,0,-3,2.1,1.0,B,"Trend 5, Momentum 2, Volume 0, Liquidity -2 (0.0cr), VolRisk HIGH, Sector UNKNOWN 0",6,5,5,WATCH,News 0; event caution -1; risk MEDIUM; type GENERIC_NEWS; confidence LOW; reason No material catalyst/event taxonomy match.. Upcoming event caution: Outcome of Board Meeting,-2,MEDIUM,CAUTIOUS,Nifty 20D return -3.9448571751706463; 60D return -4.281982537022666; Crude 20D change 11.414863871570024; India VIX latest; 20D change 9.84643344748708; USDINR 20D change 0.9026990410958335,3.0,NEUTRAL,6,5.1,BUY,"Tech 6 | News 0 (GENERIC_NEWS, LOW) | Event caution -1 | Macro -2 | Sector 0 | Analytics 2.1 (B) | Risk MEDIUM/MEDIUM | Analytics: Trend 5, Momentum 2, Volume 0, Liquidity -2 (0.0cr), VolRisk HIGH, Sector UNKNOWN 0 | News logic: No material catalyst/event taxonomy match. | Upcoming event caution: Outcome of Board Meeting",0,-1,MEDIUM,,Upcoming event caution: Outcome of Board Meeting,Shareholders meeting,Upcoming event caution: Outcome of Board Meeting,NSE Corporate Announcements,https://nsearchives.nseindia.com/corporate/EMILTD_26092026155717_Intimation_SRVR.pdf,0,1,GENERIC_NEWS,LOW,0,No material catalyst/event taxonomy match.,0,57.5,MEDIUM,5.85,BUY,"AI overlay from completed recommendation outcomes; use as probability/risk input, not standalone advice."
AVALON,2026-09-27,2328.5,57494.0,6,WATCH,53.38,-9.1354,25.35,2310.42,2138.34,,161.59,0.54,54.62,0.8,2086.11,2732.48,1.67,RSI in swing zone; MACD weak; Trend strength acceptable; Above SMA20; Above SMA50,UNKNOWN,-8.24,6.34,35.31,0.0,6.94,5,2,0,-2,-1,HIGH,0,,,0,-3,2.1,1.0,B,"Trend 5, Momentum 2, Volume 0, Liquidity -2 (0.0cr), VolRisk HIGH, Sector UNKNOWN 0",6,5,5,WATCH,News 0; event caution -1; risk MEDIUM; type GENERIC_NEWS; confidence LOW; reason No material catalyst/event taxonomy match.. Upcoming event caution: Outcome of Board Meeting,-2,MEDIUM,CAUTIOUS,Nifty 20D return -3.9448571751706463; 60D return -4.281982537022666; Crude 20D change 11.414863871570024; India VIX latest; 20D change 9.84643344748708; USDINR 20D change 0.9026990410958335,3.0,NEUTRAL,6,5.1,BUY,"Tech 6 | News 0 (GENERIC_NEWS, LOW) | Event caution -1 | Macro -2 | Sector 0 | Analytics 2.1 (B) | Risk MEDIUM/MEDIUM | Analytics: Trend 5, Momentum 2, Volume 0, Liquidity -2 (0.0cr), VolRisk HIGH, Sector UNKNOWN 0 | News logic: No material catalyst/event taxonomy match. | Upcoming event caution: Outcome of Board Meeting",0,-1,MEDIUM,,Upcoming event caution: Outcome of Board Meeting,Shareholders meeting,Upcoming event caution: Outcome of Board Meeting,NSE Corporate Announcements,https://nsearchives.nseindia.com/corporate/AVALON2022_28092026185645_AGM_Proceedings.pdf,0,1,GENERIC_NEWS,LOW,0,No material catalyst/event taxonomy match.,0,59.7,MEDIUM,6.07,BUY,"AI overlay from completed recommendation outcomes; use as probability/risk input, not standalone advice."
JYOTICNC,2026-09-28,1046.1,51329.0,6,WATCH,55.58,-1.4773,31.77,1029.09,955.98,,47.25,0.593,57.04,0.93,975.23,1164.21,1.67,RSI in swing zone; MACD weak; Trend strength acceptable; Above SMA20; Above SMA50,UNKNOWN,-3.52,1.87,33.28,0.0,4.52,5,1,0,-2,0,MEDIUM,0,,,0,-2,2.1,1.5,B,"Trend 5, Momentum 1, Volume 0, Liquidity -2 (0.0cr), VolRisk MEDIUM, Sector UNKNOWN 0",6,5,5,WATCH,News 0; event caution -1; risk MEDIUM; type GENERIC_NEWS; confidence LOW; reason No material catalyst/event taxonomy match.. Upcoming event caution: Outcome of Board Meeting,-2,MEDIUM,CAUTIOUS,Nifty 20D return -3.9448571751706463; 60D return -4.281982537022666; Crude 20D change 11.414863871570024; India VIX latest; 20D change 9.84643344748708; USDINR 20D change 0.9026990410958335,3.0,NEUTRAL,6,5.1,BUY,"Tech 6 | News 0 (GENERIC_NEWS, LOW) | Event caution -1 | Macro -2 | Sector 0 | Analytics 2.1 (B) | Risk MEDIUM/MEDIUM | Analytics: Trend 5, Momentum 1, Volume 0, Liquidity -2 (0.0cr), VolRisk MEDIUM, Sector UNKNOWN 0 | News logic: No material catalyst/event taxonomy match. | Upcoming event caution: Outcome of Board Meeting",0,-1,MEDIUM,,Upcoming event caution: Outcome of Board Meeting,Rumour Verification - Regulation 30(11),Upcoming event caution: Outcome of Board Meeting,NSE Corporate Announcements,https://nsearchives.nseindia.com/corporate/JYOTICNC_NSE_27092026123252_BSEnseJCALClarificationONFireIncident27092026.pdf,0,1,GENERIC_NEWS,LOW,0,No material catalyst/event taxonomy match.,0,55.7,MEDIUM,5.67,BUY,"AI overlay from completed recommendation outcomes; use as probability/risk input, not standalone advice."
CANHLIFE,2026-09-24,151.51,65833.0,10,BUY,53.4,0.4822,26.47,149.31,145.74,,8.63,0.593,51.05,1.41,138.57,173.08,1.67,RSI in swing zone; MACD bullish; Trend strength acceptable; Above SMA20; Above SMA50,PHARMA,1.45,8.92,4.57,0.0,5.7,5,4,1,-2,-1,HIGH,0,50.0,3.96,0,-3,3.05,1.0,B,"Trend 5, Momentum 4, Volume 1, Liquidity -2 (0.0cr), VolRisk HIGH, Sector PHARMA 0",5,4,4,WATCH_EVENT_RISK,News -5; event caution -1; risk HIGH; type GOVERNANCE_RISK; confidence HIGH; reason Material management/auditor/governance risk.. Negative catalyst: Resignation of Director/KMP/SMP,-2,MEDIUM,CAUTIOUS,Nifty 20D return -3.9448571751706463; 60D return -4.281982537022666; Crude 20D change 11.414863871570024; India VIX latest; 20D change 9.84643344748708; USDINR 20D change 0.9026990410958335,2.0,NEUTRAL,10,5.05,WATCH_EVENT_RISK,"Tech 10 | News -5 (GOVERNANCE_RISK, HIGH) | Event caution -1 | Macro -2 | Sector 0 | Analytics 3.05 (B) | Risk HIGH/MEDIUM | Negative catalyst: Resignation of Director/KMP/SMP | Analytics: Trend 5, Momentum 4, Volume 1, Liquidity -2 (0.0cr), VolRisk HIGH, Sector PHARMA 0 | News logic: Material management/auditor/governance risk. | Upcoming event caution: Record Date",-5,-1,HIGH,Negative catalyst: Resignation of Director/KMP/SMP,Upcoming event caution: Record Date,Resignation of Director/KMP/SMP,Negative catalyst: Resignation of Director/KMP/SMP,NSE Corporate Announcements,https://nsearchives.nseindia.com/corporate/CANHLIFE_ROID_96870_KMP_Doc.zip,2,1,GOVERNANCE_RISK,HIGH,3,Material management/auditor/governance risk.,0,58.6,MEDIUM,5.91,WATCH_EVENT_RISK,"AI overlay from completed recommendation outcomes; use as probability/risk input, not standalone advice."
IDBI,2026-09-28,84.39,42196.0,6,WATCH,49.14,0.1729,16.94,83.75,85.82,,2.97,0.563,47.66,0.75,79.94,91.8,1.67,RSI in swing zone; MACD bullish; Above SMA20; Bollinger position healthy,UNKNOWN,1.82,-6.89,-2.33,0.0,3.51,1,3,0,-2,0,MEDIUM,0,,,0,-2,1.0,1.5,B,"Trend 1, Momentum 3, Volume 0, Liquidity -2 (0.0cr), VolRisk MEDIUM, Sector UNKNOWN 0",6,6,6,WATCH,News 0; event caution 0; risk LOW; type GENERIC_NEWS; confidence LOW; reason No material catalyst/event taxonomy match.. ,-2,MEDIUM,CAUTIOUS,Nifty 20D return -3.9448571751706463; 60D return -4.281982537022666; Crude 20D change 11.414863871570024; India VIX latest; 20D change 9.84643344748708; USDINR 20D change 0.9026990410958335,4.0,WATCH,6,5.0,BUY,"Tech 6 | News 0 (GENERIC_NEWS, LOW) | Event caution 0 | Macro -2 | Sector 0 | Analytics 1 (B) | Risk LOW/MEDIUM | Analytics: Trend 1, Momentum 3, Volume 0, Liquidity -2 (0.0cr), VolRisk MEDIUM, Sector UNKNOWN 0 | News logic: No material catalyst/event taxonomy match.",0,0,LOW,,,Trading Window,Neutral news: Trading Window,NSE Corporate Announcements,https://nsearchives.nseindia.com/corporate/MANESHJ_25092026162551_SE_ClosureofTW_25092026.pdf,0,0,GENERIC_NEWS,LOW,0,No material catalyst/event taxonomy match.,0,54.3,LOW,5.43,BUY,"AI overlay from completed recommendation outcomes; use as probability/risk input, not standalone advice."
SCHNEIDER,2026-09-21,1235.2,28802.0,6,WATCH,47.48,4.5055,16.28,1234.67,1327.6,,55.4,0.502,73.32,0.83,1152.1,1373.7,1.67,RSI in swing zone; MACD bullish; Above SMA20; Bollinger position healthy,UNKNOWN,0.23,-13.74,4.55,0.0,4.49,1,3,0,-2,0,MEDIUM,0,,,0,-2,1.0,1.5,B,"Trend 1, Momentum 3, Volume 0, Liquidity -2 (0.0cr), VolRisk MEDIUM, Sector UNKNOWN 0",6,6,6,WATCH,News 0; event caution 0; risk LOW; type ; confidence ; reason . ,-2,MEDIUM,CAUTIOUS,Nifty 20D return -3.9448571751706463; 60D return -4.281982537022666; Crude 20D change 11.414863871570024; India VIX latest; 20D change 9.84643344748708; USDINR 20D change 0.9026990410958335,4.0,WATCH,6,5.0,BUY,"Tech 6 | News 0 (, ) | Event caution 0 | Macro -2 | Sector 0 | Analytics 1 (B) | Risk LOW/MEDIUM | Analytics: Trend 1, Momentum 3, Volume 0, Liquidity -2 (0.0cr), VolRisk MEDIUM, Sector UNKNOWN 0",0,0,LOW,,,,,,,0,0,,,0,,0,55.5,MEDIUM,5.55,BUY,"AI overlay from completed recommendation outcomes; use as probability/risk input, not standalone advice."
MARICO,2026-09-28,813.25,23428.0,8,BUY,46.05,3.1839,33.12,813.08,837.12,808.41,15.82,0.504,52.44,0.47,789.51,852.81,1.67,RSI in swing zone; MACD bullish; Trend strength acceptable; Above SMA20; Long-term trend positive,FMCG,1.16,-1.94,-3.64,0.0,1.95,3,3,-1,-2,1,LOW,-3,33.3,-0.2,-2,-1,0.95,1.25,B,"Trend 3, Momentum 3, Volume -1, Liquidity -2 (0.0cr), VolRisk LOW, Sector FMCG -3",8,8,8,BUY,News 0; event caution 0; risk LOW; type GENERIC_NEWS; confidence LOW; reason No material catalyst/event taxonomy match.. ,-2,MEDIUM,CAUTIOUS,Nifty 20D return -3.9448571751706463; 60D return -4.281982537022666; Crude 20D change 11.414863871570024; India VIX latest; 20D change 9.84643344748708; USDINR 20D change 0.9026990410958335,4.0,WATCH,8,4.95,WATCH,"Tech 8 | News 0 (GENERIC_NEWS, LOW) | Event caution 0 | Macro -2 | Sector -2 | Analytics 0.95 (B) | Risk LOW/MEDIUM | Analytics: Trend 3, Momentum 3, Volume -1, Liquidity -2 (0.0cr), VolRisk LOW, Sector FMCG -3 | News logic: No material catalyst/event taxonomy match.",0,0,LOW,,,General Updates,Neutral news: General Updates,NSE Corporate Announcements,https://nsearchives.nseindia.com/corporate/marico_24092026165503_SEIntimation.pdf,0,0,GENERIC_NEWS,LOW,0,No material catalyst/event taxonomy match.,0,41.8,NEGATIVE,4.13,WATCH,"AI overlay from completed recommendation outcomes; use as probability/risk input, not standalone advice."
TIMETECHNO,2026-09-28,183.44,35348.0,6,WATCH,44.2,0.1273,30.18,184.75,195.32,,5.97,0.425,47.75,1.31,174.48,198.37,1.67,RSI in swing zone; MACD bullish; Trend strength acceptable; Bollinger position healthy; Volume expansion,UNKNOWN,2.34,-1.2,0.75,0.0,3.25,1,2,1,-2,0,MEDIUM,0,,,0,-2,0.9,1.5,C,"Trend 1, Momentum 2, Volume 1, Liquidity -2 (0.0cr), VolRisk MEDIUM, Sector UNKNOWN 0",6,6,6,WATCH,News 0; event caution 0; risk LOW; type ; confidence ; reason . ,-2,MEDIUM,CAUTIOUS,Nifty 20D return -3.9448571751706463; 60D return -4.281982537022666; Crude 20D change 11.414863871570024; India VIX latest; 20D change 9.84643344748708; USDINR 20D change 0.9026990410958335,4.0,WATCH,6,4.9,WATCH,"Tech 6 | News 0 (, ) | Event caution 0 | Macro -2 | Sector 0 | Analytics 0.9 (C) | Risk LOW/MEDIUM | Analytics: Trend 1, Momentum 2, Volume 1, Liquidity -2 (0.0cr), VolRisk MEDIUM, Sector UNKNOWN 0",0,0,LOW,,,,,,,0,0,,,0,,0,53.8,LOW,5.28,WATCH,"AI overlay from completed recommendation outcomes; use as probability/risk input, not standalone advice."
CHENNPETRO,2026-09-28,1408.1,104447.0,5,WATCH,48.44,-14.4643,22.99,1457.73,1398.65,1120.42,65.85,0.353,14.94,1.39,1309.33,1572.72,1.67,RSI in swing zone; MACD weak; Trend strength acceptable; Above SMA50; Long-term trend positive,UNKNOWN,1.16,-3.04,15.99,0.0,4.68,4,1,1,-2,0,MEDIUM,0,,,0,-2,1.9,1.5,C,"Trend 4, Momentum 1, Volume 1, Liquidity -2 (0.0cr), VolRisk MEDIUM, Sector UNKNOWN 0",5,5,5,WATCH,News 0; event caution 0; risk LOW; type ; confidence ; reason . ,-2,MEDIUM,CAUTIOUS,Nifty 20D return -3.9448571751706463; 60D return -4.281982537022666; Crude 20D change 11.414863871570024; India VIX latest; 20D change 9.84643344748708; USDINR 20D change 0.9026990410958335,3.0,NEUTRAL,5,4.9,WATCH,"Tech 5 | News 0 (, ) | Event caution 0 | Macro -2 | Sector 0 | Analytics 1.9 (C) | Risk LOW/MEDIUM | Analytics: Trend 4, Momentum 1, Volume 1, Liquidity -2 (0.0cr), VolRisk MEDIUM, Sector UNKNOWN 0",0,0,LOW,,,,,,,0,0,,,0,,0,57.1,MEDIUM,5.61,WATCH,"AI overlay from completed recommendation outcomes; use as probability/risk input, not standalone advice."
JSL,2026-09-28,745.7,84366.0,5,WATCH,51.92,-0.7313,19.38,747.12,734.91,739.07,21.76,0.474,59.21,1.42,713.06,800.09,1.67,RSI in swing zone; MACD weak; Above SMA50; Long-term trend positive; Bollinger position healthy,UNKNOWN,0.3,1.06,6.19,0.0,2.92,4,1,1,-2,0,MEDIUM,0,,,0,-2,1.9,1.5,C,"Trend 4, Momentum 1, Volume 1, Liquidity -2 (0.0cr), VolRisk MEDIUM, Sector UNKNOWN 0",5,5,5,WATCH,News 0; event caution 0; risk LOW; type ; confidence ; reason . ,-2,MEDIUM,CAUTIOUS,Nifty 20D return -3.9448571751706463; 60D return -4.281982537022666; Crude 20D change 11.414863871570024; India VIX latest; 20D change 9.84643344748708; USDINR 20D change 0.9026990410958335,3.0,NEUTRAL,5,4.9,WATCH,"Tech 5 | News 0 (, ) | Event caution 0 | Macro -2 | Sector 0 | Analytics 1.9 (C) | Risk LOW/MEDIUM | Analytics: Trend 4, Momentum 1, Volume 1, Liquidity -2 (0.0cr), VolRisk MEDIUM, Sector UNKNOWN 0",0,0,LOW,,,,,,,0,0,,,0,,0,54.0,LOW,5.3,WATCH,"AI overlay from completed recommendation outcomes; use as probability/risk input, not standalone advice."
NH,2026-09-20,1928.5,29854.0,5,WATCH,56.65,4.4319,16.96,1896.38,1898.92,,50.21,0.779,91.09,1.06,1853.19,2054.02,1.67,RSI in swing zone; MACD bullish; Above SMA20; Above SMA50,UNKNOWN,3.17,2.43,-3.71,0.0,2.6,3,3,0,-2,0,MEDIUM,0,,,0,-2,1.9,1.5,C,"Trend 3, Momentum 3, Volume 0, Liquidity -2 (0.0cr), VolRisk MEDIUM, Sector UNKNOWN 0",5,5,5,WATCH,News 0; event caution 0; risk LOW; type ; confidence ; reason . ,-2,MEDIUM,CAUTIOUS,Nifty 20D return -3.9448571751706463; 60D return -4.281982537022666; Crude 20D change 11.414863871570024; India VIX latest; 20D change 9.84643344748708; USDINR 20D change 0.9026990410958335,3.0,NEUTRAL,5,4.9,WATCH,"Tech 5 | News 0 (, ) | Event caution 0 | Macro -2 | Sector 0 | Analytics 1.9 (C) | Risk LOW/MEDIUM | Analytics: Trend 3, Momentum 3, Volume 0, Liquidity -2 (0.0cr), VolRisk MEDIUM, Sector UNKNOWN 0",0,0,LOW,,,,,,,0,0,,,0,,0,52.9,LOW,5.19,WATCH,"AI overlay from completed recommendation outcomes; use as probability/risk input, not standalone advice."
SCHAEFFLER,2026-09-20,4217.6,29729.0,5,WATCH,56.86,-1.6515,13.71,4147.94,4074.0,,156.03,0.671,55.86,1.32,3983.55,4607.69,1.67,RSI in swing zone; MACD weak; Weak trend; Above SMA20; Above SMA50,UNKNOWN,3.39,0.57,6.77,0.0,3.7,4,1,1,-2,0,MEDIUM,0,,,0,-2,1.9,1.5,C,"Trend 4, Momentum 1, Volume 1, Liquidity -2 (0.0cr), VolRisk MEDIUM, Sector UNKNOWN 0",5,5,5,WATCH,News 0; event caution 0; risk LOW; type ; confidence ; reason . ,-2,MEDIUM,CAUTIOUS,Nifty 20D return -3.9448571751706463; 60D return -4.281982537022666; Crude 20D change 11.414863871570024; India VIX latest; 20D change 9.84643344748708; USDINR 20D change 0.9026990410958335,3.0,NEUTRAL,5,4.9,WATCH,"Tech 5 | News 0 (, ) | Event caution 0 | Macro -2 | Sector 0 | Analytics 1.9 (C) | Risk LOW/MEDIUM | Analytics: Trend 4, Momentum 1, Volume 1, Liquidity -2 (0.0cr), VolRisk MEDIUM, Sector UNKNOWN 0",0,0,LOW,,,,,,,0,0,,,0,,0,56.6,MEDIUM,5.56,WATCH,"AI overlay from completed recommendation outcomes; use as probability/risk input, not standalone advice."
JMFINANCIL,2026-09-27,127.68,27212.0,7,BUY,52.41,0.1244,11.25,127.54,126.76,,3.88,0.509,52.77,0.86,121.87,137.37,1.67,RSI in swing zone; MACD bullish; Weak trend; Above SMA20; Above SMA50,FINANCIALS,1.09,-1.41,3.32,0.0,3.04,3,3,0,-2,0,MEDIUM,-3,22.7,-2.46,-2,-2,0.85,1.25,B,"Trend 3, Momentum 3, Volume 0, Liquidity -2 (0.0cr), VolRisk MEDIUM, Sector FINANCIALS -3",8,8,8,BUY,"News 1; event caution 0; risk LOW; type RESULTS_POSITIVE; confidence HIGH; reason Strong reported result or positive guidance.. Positive catalyst: ""JM Financial Q2FY26 Profit Up 16%, Declares ₹1.50 Dividend"" - HDFC Sky",-2,MEDIUM,CAUTIOUS,Nifty 20D return -3.9448571751706463; 60D return -4.281982537022666; Crude 20D change 11.414863871570024; India VIX latest; 20D change 9.84643344748708; USDINR 20D change 0.9026990410958335,4.0,WATCH,7,4.85,WATCH,"Tech 7 | News 1 (RESULTS_POSITIVE, HIGH) | Event caution 0 | Macro -2 | Sector -2 | Analytics 0.85 (B) | Risk LOW/MEDIUM | Positive catalyst: ""JM Financial Q2FY26 Profit Up 16%, Declares ₹1.50 Dividend"" - HDFC Sky | Analytics: Trend 3, Momentum 3, Volume 0, Liquidity -2 (0.0cr), VolRisk MEDIUM, Sector FINANCIALS -3 | News logic: Strong reported result or positive guidance.",1,0,LOW,"Positive catalyst: ""JM Financial Q2FY26 Profit Up 16%, Declares ₹1.50 Dividend"" - HDFC Sky",,"""JM Financial Q2FY26 Profit Up 16%, Declares ₹1.50 Dividend"" - HDFC Sky","Positive catalyst: ""JM Financial Q2FY26 Profit Up 16%, Declares ₹1.50 Dividend"" - HDFC Sky",HDFC Sky,https://news.google.com/rss/articles/CBMijAFBVV95cUxQZlhrajh1QXZQV1cxMG13c2tLVFpRTzNyN0p0TGllNlVNVkxZaVo5VlhfZWxIWmJqYkl1WFlvLThnNGNnZEF1NWxkZUd0WFlXc3l5WFFNSXhkbTQ2VG5Ld1FialpOc2pNdndGZGN2MTJzT0VuWU5mRkNHcHlIbklqcXE0bDV0T1JScFI0Tg?oc=5,1,0,RESULTS_POSITIVE,HIGH,3,Strong reported result or positive guidance.,0,53.4,LOW,5.19,WATCH,"AI overlay from completed recommendation outcomes; use as probability/risk input, not standalone advice."
FIRSTCRY,2026-09-28,184.72,272695.0,7,BUY,43.84,2.1388,20.85,183.53,208.04,,11.21,0.525,66.87,3.17,167.9,212.75,1.67,RSI in swing zone; MACD bullish; Above SMA20; Bollinger position healthy; Volume expansion,UNKNOWN,5.51,-13.74,-23.93,0.0,6.07,1,2,2,-2,-1,HIGH,0,,,0,-3,0.8,1.0,B,"Trend 1, Momentum 2, Volume 2, Liquidity -2 (0.0cr), VolRisk HIGH, Sector UNKNOWN 0",7,6,6,WATCH,News 0; event caution -1; risk MEDIUM; type RESULTS_NEGATIVE; confidence HIGH; reason Weak reported result or guidance cut.. Negative catalyst: FirstCry share price slumps 12% to record low after Q3 net loss widens - Business Standard,-2,MEDIUM,CAUTIOUS,Nifty 20D return -3.9448571751706463; 60D return -4.281982537022666; Crude 20D change 11.414863871570024; India VIX latest; 20D change 9.84643344748708; USDINR 20D change 0.9026990410958335,4.0,WATCH,7,4.8,WATCH,"Tech 7 | News 0 (RESULTS_NEGATIVE, HIGH) | Event caution -1 | Macro -2 | Sector 0 | Analytics 0.8 (B) | Risk MEDIUM/MEDIUM | Negative catalyst: FirstCry share price slumps 12% to record low after Q3 net loss widens - Business Standard | Analytics: Trend 1, Momentum 2, Volume 2, Liquidity -2 (0.0cr), VolRisk HIGH, Sector UNKNOWN 0 | News logic: Weak reported result or guidance cut. | Upcoming event caution: Outcome of Board Meeting",0,-1,MEDIUM,Negative catalyst: FirstCry share price slumps 12% to record low after Q3 net loss widens - Business Standard,Upcoming event caution: Outcome of Board Meeting,FirstCry share price slumps 12% to record low after Q3 net loss widens - Business Standard,Negative catalyst: FirstCry share price slumps 12% to record low after Q3 net loss widens - Business Standard,Business Standard,https://news.google.com/rss/articles/CBMi0gFBVV95cUxON0xrVGVXZUkydmR6MzIzeEEwUDFmRWdGTU5DZ2Z4YWRJTVh5Q1hycDlMV25RS19RQ0VGQmxaQTNyV1otZEhzajhIU3VhMlh3R2hWZnNRM0pNR190ZWlzMzB4aU95emxGWnhuNTFzazZ4SFZlNzVzOXpJOWJXempHTlF4R0laVW0tV2thbExmbXdTeE5XZVQ2WWMyd2haUGx0emZoT294Ukd5QU5IVUFfa3ZRTVNHblBDZmx1Y25pR1ozWVlTVnJjUV9ScXp3OVhVR0HSAdcBQVVfeXFMTjFZREsxTzh1a1NJMkYta2NfcmJGc0JqVlBEZkhpTmtJZ3l2RTYxU2pKUF90LVlsbUVIdFNoSzV6bHF6MklTLWFRbkNVa0ZZcmRQcVAwaTZxXzNhSk9weFlIY0hqakZyV2I0NjJiV1Nva3NCRWloM2RTSThnOGVJdVVMTVZYVmRmN0R5YTJaZktBdDJUcm1kQmRkM0lZdFZ4UEs1Q25CUzNDNmpVdVFlTVFpUTdIQ0phcjVtV0ctZEtST3RFUDNwaXJ3RXpsNThCeVZpTWE0X1k?oc=5,2,1,RESULTS_NEGATIVE,HIGH,3,Weak reported result or guidance cut.,0,57.2,MEDIUM,5.52,WATCH,"AI overlay from completed recommendation outcomes; use as probability/risk input, not standalone advice."
PAISALO,2026-09-28,79.6,105341.0,5,WATCH,43.92,-0.9263,39.88,85.37,76.82,,4.6,0.227,28.8,2.09,72.7,91.09,1.67,RSI in swing zone; MACD weak; Trend strength acceptable; Above SMA50; Bollinger position healthy,UNKNOWN,-14.8,7.42,37.55,0.0,5.78,4,1,2,-2,-1,HIGH,0,,,0,-3,1.8,1.0,C,"Trend 4, Momentum 1, Volume 2, Liquidity -2 (0.0cr), VolRisk HIGH, Sector UNKNOWN 0",5,5,5,WATCH,News 0; event caution 0; risk LOW; type ; confidence ; reason . ,-2,MEDIUM,CAUTIOUS,Nifty 20D return -3.9448571751706463; 60D return -4.281982537022666; Crude 20D change 11.414863871570024; India VIX latest; 20D change 9.84643344748708; USDINR 20D change 0.9026990410958335,3.0,NEUTRAL,5,4.8,WATCH,"Tech 5 | News 0 (, ) | Event caution 0 | Macro -2 | Sector 0 | Analytics 1.8 (C) | Risk LOW/MEDIUM | Analytics: Trend 4, Momentum 1, Volume 2, Liquidity -2 (0.0cr), VolRisk HIGH, Sector UNKNOWN 0",0,0,LOW,,,,,,,0,0,,,0,,0,59.8,MEDIUM,5.78,WATCH,"AI overlay from completed recommendation outcomes; use as probability/risk input, not standalone advice."
ABDL,2026-09-28,723.45,49911.0,4,WATCH,71.78,5.6911,27.26,649.33,578.95,,35.65,0.987,82.05,1.1,669.98,812.57,1.67,MACD bullish; Trend strength acceptable; Above SMA20; Above SMA50; Near upper Bollinger band,UNKNOWN,11.66,11.51,56.15,0.0,4.93,5,3,0,-2,0,MEDIUM,0,,,0,-2,2.8,1.5,C,"Trend 5, Momentum 3, Volume 0, Liquidity -2 (0.0cr), VolRisk MEDIUM, Sector UNKNOWN 0",4,4,4,WATCH,News 0; event caution 0; risk LOW; type ; confidence ; reason . ,-2,MEDIUM,CAUTIOUS,Nifty 20D return -3.9448571751706463; 60D return -4.281982537022666; Crude 20D change 11.414863871570024; India VIX latest; 20D change 9.84643344748708; USDINR 20D change 0.9026990410958335,2.0,NEUTRAL,4,4.8,WATCH,"Tech 4 | News 0 (, ) | Event caution 0 | Macro -2 | Sector 0 | Analytics 2.8 (C) | Risk LOW/MEDIUM | Analytics: Trend 5, Momentum 3, Volume 0, Liquidity -2 (0.0cr), VolRisk MEDIUM, Sector UNKNOWN 0",0,0,LOW,,,,,,,0,0,,,0,,0,55.0,MEDIUM,5.3,WATCH,"AI overlay from completed recommendation outcomes; use as probability/risk input, not standalone advice."
TATASTEEL,2026-09-28,186.3,95141.0,8,BUY,50.31,0.3189,19.37,185.88,186.29,197.19,4.15,0.545,52.26,0.76,180.07,196.68,1.67,RSI in swing zone; MACD bullish; Above SMA20; Above SMA50; Bollinger position healthy,METALS,0.72,-1.32,-0.06,0.0,2.23,2,3,0,-2,1,LOW,-3,30.0,-0.68,-2,-1,0.75,1.25,B,"Trend 2, Momentum 3, Volume 0, Liquidity -2 (0.0cr), VolRisk LOW, Sector METALS -3",8,8,8,WATCH_EVENT_RISK,News 0; event caution 0; risk HIGH; type REGULATORY_RISK; confidence HIGH; reason Regulatory/legal/credit risk event.. Negative catalyst: Pendency of Litigation(s)/dispute(s) or the outcome impacting the Company,-2,MEDIUM,CAUTIOUS,Nifty 20D return -3.9448571751706463; 60D return -4.281982537022666; Crude 20D change 11.414863871570024; India VIX latest; 20D change 9.84643344748708; USDINR 20D change 0.9026990410958335,4.0,WATCH,8,4.75,WATCH_EVENT_RISK,"Tech 8 | News 0 (REGULATORY_RISK, HIGH) | Event caution 0 | Macro -2 | Sector -2 | Analytics 0.75 (B) | Risk HIGH/MEDIUM | Negative catalyst: Pendency of Litigation(s)/dispute(s) or the outcome impacting the Company | Analytics: Trend 2, Momentum 3, Volume 0, Liquidity -2 (0.0cr), VolRisk LOW, Sector METALS -3 | News logic: Regulatory/legal/credit risk event.",0,0,HIGH,Negative catalyst: Pendency of Litigation(s)/dispute(s) or the outcome impacting the Company,,Pendency of Litigation(s)/dispute(s) or the outcome impacting the Company,Negative catalyst: Pendency of Litigation(s)/dispute(s) or the outcome impacting the Company,NSE Corporate Announcements,https://nsearchives.nseindia.com/corporate/NIDHIFADNAVIS_18092026201353_BSENSE.pdf,3,0,REGULATORY_RISK,HIGH,3,Regulatory/legal/credit risk event.,0,42.0,NEGATIVE,3.95,WATCH_EVENT_RISK,"AI overlay from completed recommendation outcomes; use as probability/risk input, not standalone advice."
POLYMED,2026-09-07,1701.1,24728.0,5,WATCH,54.74,-13.6675,26.14,1700.62,1501.68,,102.31,0.501,19.01,0.83,1547.64,1956.86,1.67,RSI in swing zone; MACD weak; Trend strength acceptable; Above SMA20; Above SMA50,UNKNOWN,-4.68,20.01,22.43,0.0,6.01,5,1,0,-2,-1,HIGH,0,,,0,-3,1.75,1.0,C,"Trend 5, Momentum 1, Volume 0, Liquidity -2 (0.0cr), VolRisk HIGH, Sector UNKNOWN 0",5,5,5,WATCH,News 0; event caution 0; risk LOW; type ; confidence ; reason . ,-2,MEDIUM,CAUTIOUS,Nifty 20D return -3.9448571751706463; 60D return -4.281982537022666; Crude 20D change 11.414863871570024; India VIX latest; 20D change 9.84643344748708; USDINR 20D change 0.9026990410958335,3.0,NEUTRAL,5,4.75,WATCH,"Tech 5 | News 0 (, ) | Event caution 0 | Macro -2 | Sector 0 | Analytics 1.75 (C) | Risk LOW/MEDIUM | Analytics: Trend 5, Momentum 1, Volume 0, Liquidity -2 (0.0cr), VolRisk HIGH, Sector UNKNOWN 0",0,0,LOW,,,,,,,0,0,,,0,,0,57.7,MEDIUM,5.52,WATCH,"AI overlay from completed recommendation outcomes; use as probability/risk input, not standalone advice."
HEG,2026-09-06,728.25,51535.0,7,BUY,61.83,-3.5365,63.27,712.69,641.38,,30.2,0.713,55.85,1.26,682.95,803.75,1.67,RSI in swing zone; MACD weak; Trend strength acceptable; Above SMA20; Above SMA50,UNKNOWN,-1.23,6.13,31.68,0.0,4.15,5,2,1,-2,0,MEDIUM,0,,,0,-2,2.7,1.5,B,"Trend 5, Momentum 2, Volume 1, Liquidity -2 (0.0cr), VolRisk MEDIUM, Sector UNKNOWN 0",7,4,4,WATCH_EVENT_CAUTION,News 0; event caution -3; risk MEDIUM; type INVESTOR_COMMUNICATION; confidence HIGH; reason Investor/analyst communication is informational unless paired with adverse content.. Upcoming event caution: Here’s why you should ignore the 65% plunge in HEG share price today post demerger - Moneycontrol.com,-2,MEDIUM,CAUTIOUS,Nifty 20D return -3.9448571751706463; 60D return -4.281982537022666; Crude 20D change 11.414863871570024; India VIX latest; 20D change 9.84643344748708; USDINR 20D change 0.9026990410958335,2.0,NEUTRAL,7,4.7,WATCH_EVENT_CAUTION,"Tech 7 | News 0 (INVESTOR_COMMUNICATION, HIGH) | Event caution -3 | Macro -2 | Sector 0 | Analytics 2.7 (B) | Risk MEDIUM/MEDIUM | Analytics: Trend 5, Momentum 2, Volume 1, Liquidity -2 (0.0cr), VolRisk MEDIUM, Sector UNKNOWN 0 | News logic: Investor/analyst communication is informational unless paired with adverse content. | Upcoming event caution: Here’s why you should ignore the 65% plunge in HEG share price today post demerger - Moneycontrol.com",0,-3,MEDIUM,,Upcoming event caution: Here’s why you should ignore the 65% plunge in HEG share price today post demerger - Moneycontrol.com,Analysts/Institutional Investor Meet/Con. Call Updates,Upcoming event caution: Here’s why you should ignore the 65% plunge in HEG share price today post demerger - Moneycontrol.com,NSE Corporate Announcements,https://nsearchives.nseindia.com/corporate/PFOCUS_29092026004350_PFL_presentation_Signed.pdf,0,3,INVESTOR_COMMUNICATION,HIGH,0,Investor/analyst communication is informational unless paired with adverse content.,0,55.9,MEDIUM,5.29,WATCH_EVENT_CAUTION,"AI overlay from completed recommendation outcomes; use as probability/risk input, not standalone advice."
ICIL,2026-09-23,476.55,56267.0,4,WATCH,63.98,0.2508,45.65,429.83,388.88,,30.68,0.951,90.5,1.29,430.53,553.24,1.67,MACD bullish; Trend strength acceptable; Above SMA20; Above SMA50; Near upper Bollinger band,UNKNOWN,1.51,18.8,,0.0,6.44,5,3,1,-2,-1,HIGH,0,,,0,-3,2.7,1.0,C,"Trend 5, Momentum 3, Volume 1, Liquidity -2 (0.0cr), VolRisk HIGH, Sector UNKNOWN 0",4,4,4,WATCH,News 0; event caution 0; risk LOW; type ; confidence ; reason . ,-2,MEDIUM,CAUTIOUS,Nifty 20D return -3.9448571751706463; 60D return -4.281982537022666; Crude 20D change 11.414863871570024; India VIX latest; 20D change 9.84643344748708; USDINR 20D change 0.9026990410958335,2.0,NEUTRAL,4,4.7,WATCH,"Tech 4 | News 0 (, ) | Event caution 0 | Macro -2 | Sector 0 | Analytics 2.7 (C) | Risk LOW/MEDIUM | Analytics: Trend 5, Momentum 3, Volume 1, Liquidity -2 (0.0cr), VolRisk HIGH, Sector UNKNOWN 0",0,0,LOW,,,,,,,0,0,,,0,,0,57.6,MEDIUM,5.46,WATCH,"AI overlay from completed recommendation outcomes; use as probability/risk input, not standalone advice."
JKCEMENT,2026-08-02,5444.0,21936.0,7,BUY,50.0,14.8106,14.2,5403.65,5384.14,,251.76,0.554,62.57,0.79,5066.35,6073.41,1.67,RSI in swing zone; MACD bullish; Weak trend; Above SMA20; Above SMA50,CEMENT,-0.17,2.97,-2.25,0.0,4.62,4,3,0,-2,0,MEDIUM,-2,28.6,0.69,-3,-2,1.65,1.25,B,"Trend 4, Momentum 3, Volume 0, Liquidity -2 (0.0cr), VolRisk MEDIUM, Sector CEMENT -2",9,8,8,BUY,News 2; event caution -1; risk MEDIUM; type BUSINESS_POSITIVE; confidence MEDIUM; reason Positive business development.. Positive catalyst: Acquisition,-2,MEDIUM,CAUTIOUS,Nifty 20D return -3.9448571751706463; 60D return -4.281982537022666; Crude 20D change 11.414863871570024; India VIX latest; 20D change 9.84643344748708; USDINR 20D change 0.9026990410958335,3.0,NEUTRAL,7,4.65,WATCH,"Tech 7 | News 2 (BUSINESS_POSITIVE, MEDIUM) | Event caution -1 | Macro -2 | Sector -3 | Analytics 1.65 (B) | Risk MEDIUM/MEDIUM | Positive catalyst: Acquisition | Analytics: Trend 4, Momentum 3, Volume 0, Liquidity -2 (0.0cr), VolRisk MEDIUM, Sector CEMENT -2 | News logic: Positive business development. | Upcoming event caution: Outcome of Board Meeting",2,-1,MEDIUM,Positive catalyst: Acquisition,Upcoming event caution: Outcome of Board Meeting,Acquisition,Positive catalyst: Acquisition,NSE Corporate Announcements,https://nsearchives.nseindia.com/corporate/JKCEMENT_29072026204113_SEIntimationforInvestmentinMehrauniPvtLtd29072026.pdf,1,1,BUSINESS_POSITIVE,MEDIUM,2,Positive business development.,-1,55.9,MEDIUM,5.24,WATCH,"AI overlay from completed recommendation outcomes; use as probability/risk input, not standalone advice."
MARKSANS,2026-09-28,331.55,43653.0,6,WATCH,53.27,-0.5657,26.12,330.79,313.76,,13.64,0.524,61.08,1.05,311.09,365.66,1.67,RSI in swing zone; MACD weak; Trend strength acceptable; Above SMA20; Above SMA50,UNKNOWN,-0.42,-0.29,21.71,0.0,4.11,4,1,0,-2,0,MEDIUM,0,,,0,-2,1.65,1.5,B,"Trend 4, Momentum 1, Volume 0, Liquidity -2 (0.0cr), VolRisk MEDIUM, Sector UNKNOWN 0",7,5,5,WATCH,News 1; event caution -2; risk MEDIUM; type BUSINESS_POSITIVE; confidence MEDIUM; reason Positive business development.. Positive catalyst: Marksans Pharma share price jumps nearly 4% on acquisition of German pharma company ABCnow Gmbh - Upstox,-2,MEDIUM,CAUTIOUS,Nifty 20D return -3.9448571751706463; 60D return -4.281982537022666; Crude 20D change 11.414863871570024; India VIX latest; 20D change 9.84643344748708; USDINR 20D change 0.9026990410958335,3.0,NEUTRAL,6,4.65,WATCH,"Tech 6 | News 1 (BUSINESS_POSITIVE, MEDIUM) | Event caution -2 | Macro -2 | Sector 0 | Analytics 1.65 (B) | Risk MEDIUM/MEDIUM | Positive catalyst: Marksans Pharma share price jumps nearly 4% on acquisition of German pharma company ABCnow Gmbh - Upstox | Analytics: Trend 4, Momentum 1, Volume 0, Liquidity -2 (0.0cr), VolRisk MEDIUM, Sector UNKNOWN 0 | News logic: Positive business development. | Upcoming event caution: Outcome of Board Meeting",1,-2,MEDIUM,Positive catalyst: Marksans Pharma share price jumps nearly 4% on acquisition of German pharma company ABCnow Gmbh - Upstox,Upcoming event caution: Outcome of Board Meeting,Marksans Pharma share price jumps nearly 4% on acquisition of German pharma company ABCnow Gmbh - Upstox,Positive catalyst: Marksans Pharma share price jumps nearly 4% on acquisition of German pharma company ABCnow Gmbh - Upstox,Upstox,https://news.google.com/rss/articles/CBMi6gFBVV95cUxQTHF0dFdjUzEycXJEZmtMUnFaaWdSQzNfVWNiZmtZbUJ2QWRGUEFFNmg1eDlWU1BmTHhOd1pzcUNXd18xV01fa19MM08ySkZ1T0xsSldqSWhDVGc4NFRRRTJ3MUhfelNqay1wekw1Yk1tcjVCTEpDMmJqTFhuX21pMkVPTHhHZzJRb2tSS2VWaVkxMF9EYmNWR1gwN3lTeTduQzNJRnJfZUhuMC1BVWt5R3lkR01lZVpkV19XYW1GUHM4b0lwbVE2ekVmREQyWUl3emRfRzZRYkdnU01SZ3Qzbmh4RDluUHhYX0E?oc=5,1,2,BUSINESS_POSITIVE,MEDIUM,2,Positive business development.,0,56.5,MEDIUM,5.3,WATCH,"AI overlay from completed recommendation outcomes; use as probability/risk input, not standalone advice."
JTLIND,2026-09-28,87.87,38853.0,5,WATCH,56.54,-0.2689,21.55,85.29,75.16,,5.98,0.633,68.87,1.13,78.9,102.82,1.67,RSI in swing zone; MACD weak; Above SMA20; Above SMA50; Bollinger position healthy,UNKNOWN,-2.01,6.78,25.74,0.0,6.8,4,2,0,-2,-1,HIGH,0,,,0,-3,1.65,1.0,C,"Trend 4, Momentum 2, Volume 0, Liquidity -2 (0.0cr), VolRisk HIGH, Sector UNKNOWN 0",5,5,5,WATCH,News 0; event caution 0; risk LOW; type ; confidence ; reason . ,-2,MEDIUM,CAUTIOUS,Nifty 20D return -3.9448571751706463; 60D return -4.281982537022666; Crude 20D change 11.414863871570024; India VIX latest; 20D change 9.84643344748708; USDINR 20D change 0.9026990410958335,3.0,NEUTRAL,5,4.65,WATCH,"Tech 5 | News 0 (, ) | Event caution 0 | Macro -2 | Sector 0 | Analytics 1.65 (C) | Risk LOW/MEDIUM | Analytics: Trend 4, Momentum 2, Volume 0, Liquidity -2 (0.0cr), VolRisk HIGH, Sector UNKNOWN 0",0,0,LOW,,,,,,,0,0,,,0,,0,60.7,MEDIUM,5.72,WATCH,"AI overlay from completed recommendation outcomes; use as probability/risk input, not standalone advice."
EBGNG,2026-09-28,672.15,28477.0,5,WATCH,55.72,-4.917,21.05,665.26,611.72,,40.41,0.555,44.59,0.74,611.53,773.18,1.67,RSI in swing zone; MACD weak; Above SMA20; Above SMA50; Bollinger position healthy,UNKNOWN,-2.91,5.83,59.56,0.0,6.01,4,2,0,-2,-1,HIGH,0,,,0,-3,1.65,1.0,C,"Trend 4, Momentum 2, Volume 0, Liquidity -2 (0.0cr), VolRisk HIGH, Sector UNKNOWN 0",5,5,5,WATCH,News 0; event caution 0; risk LOW; type ; confidence ; reason . ,-2,MEDIUM,CAUTIOUS,Nifty 20D return -3.9448571751706463; 60D return -4.281982537022666; Crude 20D change 11.414863871570024; India VIX latest; 20D change 9.84643344748708; USDINR 20D change 0.9026990410958335,3.0,NEUTRAL,5,4.65,WATCH,"Tech 5 | News 0 (, ) | Event caution 0 | Macro -2 | Sector 0 | Analytics 1.65 (C) | Risk LOW/MEDIUM | Analytics: Trend 4, Momentum 2, Volume 0, Liquidity -2 (0.0cr), VolRisk HIGH, Sector UNKNOWN 0",0,0,LOW,,,,,,,0,0,,,0,,0,58.0,MEDIUM,5.45,WATCH,"AI overlay from completed recommendation outcomes; use as probability/risk input, not standalone advice."
PARADEEP,2026-09-28,155.7,27963.0,5,WATCH,52.77,-0.1889,18.32,155.13,152.37,132.2,4.59,0.55,83.66,0.88,148.82,167.17,1.67,RSI in swing zone; MACD weak; Above SMA20; Above SMA50; Long-term trend positive,UNKNOWN,-0.02,-0.31,8.68,0.0,2.95,4,1,0,-2,0,MEDIUM,0,,,0,-2,1.65,1.5,C,"Trend 4, Momentum 1, Volume 0, Liquidity -2 (0.0cr), VolRisk MEDIUM, Sector UNKNOWN 0",5,5,5,WATCH,News 0; event caution 0; risk LOW; type ; confidence ; reason . ,-2,MEDIUM,CAUTIOUS,Nifty 20D return -3.9448571751706463; 60D return -4.281982537022666; Crude 20D change 11.414863871570024; India VIX latest; 20D change 9.84643344748708; USDINR 20D change 0.9026990410958335,3.0,NEUTRAL,5,4.65,WATCH,"Tech 5 | News 0 (, ) | Event caution 0 | Macro -2 | Sector 0 | Analytics 1.65 (C) | Risk LOW/MEDIUM | Analytics: Trend 4, Momentum 1, Volume 0, Liquidity -2 (0.0cr), VolRisk MEDIUM, Sector UNKNOWN 0",0,0,LOW,,,,,,,0,0,,,0,,0,53.9,LOW,5.04,WATCH,"AI overlay from completed recommendation outcomes; use as probability/risk input, not standalone advice."
MOTILALOFS,2026-09-28,1011.6,23334.0,5,WATCH,51.8,-4.6009,28.06,1025.08,958.2,844.59,33.7,0.323,49.59,0.79,961.05,1095.85,1.67,RSI in swing zone; MACD weak; Trend strength acceptable; Above SMA50; Long-term trend positive,UNKNOWN,0.46,-2.55,11.21,0.0,3.33,4,1,0,-2,0,MEDIUM,0,,,0,-2,1.65,1.5,C,"Trend 4, Momentum 1, Volume 0, Liquidity -2 (0.0cr), VolRisk MEDIUM, Sector UNKNOWN 0",5,5,5,WATCH,News 0; event caution 0; risk LOW; type ; confidence ; reason . ,-2,MEDIUM,CAUTIOUS,Nifty 20D return -3.9448571751706463; 60D return -4.281982537022666; Crude 20D change 11.414863871570024; India VIX latest; 20D change 9.84643344748708; USDINR 20D change 0.9026990410958335,3.0,NEUTRAL,5,4.65,WATCH,"Tech 5 | News 0 (, ) | Event caution 0 | Macro -2 | Sector 0 | Analytics 1.65 (C) | Risk LOW/MEDIUM | Analytics: Trend 4, Momentum 1, Volume 0, Liquidity -2 (0.0cr), VolRisk MEDIUM, Sector UNKNOWN 0",0,0,LOW,,,,,,,0,0,,,0,,0,55.4,MEDIUM,5.19,WATCH,"AI overlay from completed recommendation outcomes; use as probability/risk input, not standalone advice."
BELRISE,2026-09-28,248.62,53097.0,6,WATCH,65.45,1.9132,20.97,236.28,238.32,217.3,7.08,0.856,82.05,1.2,238.0,266.32,1.67,MACD bullish; Above SMA20; Above SMA50; Long-term trend positive; Volume expansion,UNKNOWN,1.59,4.96,9.57,0.0,2.85,4,3,1,-2,0,MEDIUM,0,,,0,-2,2.6,1.5,B,"Trend 4, Momentum 3, Volume 1, Liquidity -2 (0.0cr), VolRisk MEDIUM, Sector UNKNOWN 0",6,4,4,WATCH,News 0; event caution -2; risk MEDIUM; type GENERIC_NEWS; confidence LOW; reason No material catalyst/event taxonomy match.. Upcoming event caution: Record Date,-2,MEDIUM,CAUTIOUS,Nifty 20D return -3.9448571751706463; 60D return -4.281982537022666; Crude 20D change 11.414863871570024; India VIX latest; 20D change 9.84643344748708; USDINR 20D change 0.9026990410958335,2.0,NEUTRAL,6,4.6,WATCH,"Tech 6 | News 0 (GENERIC_NEWS, LOW) | Event caution -2 | Macro -2 | Sector 0 | Analytics 2.6 (B) | Risk MEDIUM/MEDIUM | Analytics: Trend 4, Momentum 3, Volume 1, Liquidity -2 (0.0cr), VolRisk MEDIUM, Sector UNKNOWN 0 | News logic: No material catalyst/event taxonomy match. | Upcoming event caution: Record Date",0,-2,MEDIUM,,Upcoming event caution: Record Date,Trading Window,Upcoming event caution: Record Date,NSE Corporate Announcements,https://nsearchives.nseindia.com/corporate/BELRISE_28092026132121_BELRISE_Intimation_of_Trading_Window_Closure_28092026.pdf,0,2,GENERIC_NEWS,LOW,0,No material catalyst/event taxonomy match.,0,53.5,LOW,4.95,WATCH,"AI overlay from completed recommendation outcomes; use as probability/risk input, not standalone advice."
ANANTRAJ,2026-09-28,607.95,27318.0,5,WATCH,48.69,1.1763,15.37,611.24,615.12,542.57,19.11,0.449,52.58,0.49,579.29,655.71,1.67,RSI in swing zone; MACD bullish; Long-term trend positive; Bollinger position healthy,UNKNOWN,-0.35,3.43,5.92,0.0,3.14,2,4,-1,-2,0,MEDIUM,0,,,0,-2,1.55,1.5,C,"Trend 2, Momentum 4, Volume -1, Liquidity -2 (0.0cr), VolRisk MEDIUM, Sector UNKNOWN 0",5,5,5,WATCH,News 0; event caution 0; risk LOW; type ; confidence ; reason . ,-2,MEDIUM,CAUTIOUS,Nifty 20D return -3.9448571751706463; 60D return -4.281982537022666; Crude 20D change 11.414863871570024; India VIX latest; 20D change 9.84643344748708; USDINR 20D change 0.9026990410958335,3.0,NEUTRAL,5,4.55,WATCH,"Tech 5 | News 0 (, ) | Event caution 0 | Macro -2 | Sector 0 | Analytics 1.55 (C) | Risk LOW/MEDIUM | Analytics: Trend 2, Momentum 4, Volume -1, Liquidity -2 (0.0cr), VolRisk MEDIUM, Sector UNKNOWN 0",0,0,LOW,,,,,,,0,0,,,0,,0,55.1,MEDIUM,5.06,WATCH,"AI overlay from completed recommendation outcomes; use as probability/risk input, not standalone advice."
INDOMIM,2026-09-28,1227.6,52529.0,6,WATCH,69.04,18.5033,50.54,1084.85,954.17,,64.27,0.776,71.53,0.51,1131.2,1388.26,1.67,MACD bullish; Trend strength acceptable; Above SMA20; Above SMA50,UNKNOWN,-0.46,26.36,,0.0,5.24,5,1,-1,-2,-1,HIGH,0,,,0,-3,1.5,1.0,B,"Trend 5, Momentum 1, Volume -1, Liquidity -2 (0.0cr), VolRisk HIGH, Sector UNKNOWN 0",6,5,5,WATCH,News 0; event caution -1; risk MEDIUM; type GENERIC_NEWS; confidence LOW; reason No material catalyst/event taxonomy match.. Upcoming event caution: Outcome of Board Meeting,-2,MEDIUM,CAUTIOUS,Nifty 20D return -3.9448571751706463; 60D return -4.281982537022666; Crude 20D change 11.414863871570024; India VIX latest; 20D change 9.84643344748708; USDINR 20D change 0.9026990410958335,3.0,NEUTRAL,6,4.5,WATCH,"Tech 6 | News 0 (GENERIC_NEWS, LOW) | Event caution -1 | Macro -2 | Sector 0 | Analytics 1.5 (B) | Risk MEDIUM/MEDIUM | Analytics: Trend 5, Momentum 1, Volume -1, Liquidity -2 (0.0cr), VolRisk HIGH, Sector UNKNOWN 0 | News logic: No material catalyst/event taxonomy match. | Upcoming event caution: Outcome of Board Meeting",0,-1,MEDIUM,,Upcoming event caution: Outcome of Board Meeting,Price movement,Upcoming event caution: Outcome of Board Meeting,NSE Corporate Announcements,https://nsearchives.nseindia.com/corporate/INDOMIM_24092026103911_INDO_MIM_-_Clarification_on_Price_Movement_-_24-09-2026.pdf,0,1,GENERIC_NEWS,LOW,0,No material catalyst/event taxonomy match.,0,58.2,MEDIUM,5.32,WATCH,"AI overlay from completed recommendation outcomes; use as probability/risk input, not standalone advice."
GOLDCASE,2026-09-28,23.08,21002.0,5,WATCH,49.66,0.1038,12.08,23.01,23.7,,1.04,0.522,32.84,0.85,21.51,25.69,1.66,RSI in swing zone; MACD bullish; Weak trend; Above SMA20; Bollinger position healthy,UNKNOWN,0.87,0.39,-4.94,0.0,4.52,2,3,0,-2,0,MEDIUM,0,,,0,-2,1.45,1.5,C,"Trend 2, Momentum 3, Volume 0, Liquidity -2 (0.0cr), VolRisk MEDIUM, Sector UNKNOWN 0",5,5,5,WATCH,News 0; event caution 0; risk LOW; type ; confidence ; reason . ,-2,MEDIUM,CAUTIOUS,Nifty 20D return -3.9448571751706463; 60D return -4.281982537022666; Crude 20D change 11.414863871570024; India VIX latest; 20D change 9.84643344748708; USDINR 20D change 0.9026990410958335,3.0,NEUTRAL,5,4.45,WATCH,"Tech 5 | News 0 (, ) | Event caution 0 | Macro -2 | Sector 0 | Analytics 1.45 (C) | Risk LOW/MEDIUM | Analytics: Trend 2, Momentum 3, Volume 0, Liquidity -2 (0.0cr), VolRisk MEDIUM, Sector UNKNOWN 0",0,0,LOW,,,,,,,0,0,,,0,,0,57.6,MEDIUM,5.21,WATCH,"AI overlay from completed recommendation outcomes; use as probability/risk input, not standalone advice."
BAJAJCON,2026-09-24,501.7,19304.0,5,WATCH,46.21,2.943,13.12,496.06,538.93,,24.04,0.558,53.56,0.64,465.64,561.79,1.67,RSI in swing zone; MACD bullish; Weak trend; Above SMA20; Bollinger position healthy,UNKNOWN,-0.42,0.2,-9.24,0.0,4.79,2,3,0,-2,0,MEDIUM,0,,,0,-2,1.45,1.5,C,"Trend 2, Momentum 3, Volume 0, Liquidity -2 (0.0cr), VolRisk MEDIUM, Sector UNKNOWN 0",5,5,5,WATCH,News 0; event caution 0; risk LOW; type ; confidence ; reason . ,-2,MEDIUM,CAUTIOUS,Nifty 20D return -3.9448571751706463; 60D return -4.281982537022666; Crude 20D change 11.414863871570024; India VIX latest; 20D change 9.84643344748708; USDINR 20D change 0.9026990410958335,3.0,NEUTRAL,5,4.45,WATCH,"Tech 5 | News 0 (, ) | Event caution 0 | Macro -2 | Sector 0 | Analytics 1.45 (C) | Risk LOW/MEDIUM | Analytics: Trend 2, Momentum 3, Volume 0, Liquidity -2 (0.0cr), VolRisk MEDIUM, Sector UNKNOWN 0",0,0,LOW,,,,,,,0,0,,,0,,0,55.7,MEDIUM,5.02,WATCH,"AI overlay from completed recommendation outcomes; use as probability/risk input, not standalone advice."
SHILPAMED,2026-09-28,1025.25,33055.0,4,WATCH,62.83,-3.6387,40.73,984.46,885.2,,49.4,0.736,75.14,0.79,951.15,1148.74,1.67,MACD weak; Trend strength acceptable; Above SMA20; Above SMA50; Bollinger position healthy,UNKNOWN,-0.76,6.34,63.48,0.0,4.82,5,2,0,-2,0,MEDIUM,0,,,0,-2,2.45,1.5,C,"Trend 5, Momentum 2, Volume 0, Liquidity -2 (0.0cr), VolRisk MEDIUM, Sector UNKNOWN 0",4,4,4,WATCH,News 0; event caution 0; risk LOW; type ; confidence ; reason . ,-2,MEDIUM,CAUTIOUS,Nifty 20D return -3.9448571751706463; 60D return -4.281982537022666; Crude 20D change 11.414863871570024; India VIX latest; 20D change 9.84643344748708; USDINR 20D change 0.9026990410958335,2.0,NEUTRAL,4,4.45,WATCH,"Tech 4 | News 0 (, ) | Event caution 0 | Macro -2 | Sector 0 | Analytics 2.45 (C) | Risk LOW/MEDIUM | Analytics: Trend 5, Momentum 2, Volume 0, Liquidity -2 (0.0cr), VolRisk MEDIUM, Sector UNKNOWN 0",0,0,LOW,,,,,,,0,0,,,0,,0,55.5,MEDIUM,5.0,WATCH,"AI overlay from completed recommendation outcomes; use as probability/risk input, not standalone advice."
NATCOPHARM,2026-09-28,828.55,44687.0,8,BUY,44.05,5.3345,27.17,823.96,865.03,953.37,21.15,0.611,48.46,1.36,796.83,881.41,1.67,RSI in swing zone; MACD bullish; Trend strength acceptable; Above SMA20; Bollinger position healthy,UNKNOWN,1.66,-0.01,-11.34,0.0,2.55,2,2,1,-2,0,MEDIUM,0,,,0,-2,1.35,1.5,B,"Trend 2, Momentum 2, Volume 1, Liquidity -2 (0.0cr), VolRisk MEDIUM, Sector UNKNOWN 0",8,5,5,WATCH_EVENT_CAUTION,News 0; event caution -3; risk MEDIUM; type GENERIC_NEWS; confidence LOW; reason No material catalyst/event taxonomy match.. Upcoming event caution: Record Date,-2,MEDIUM,CAUTIOUS,Nifty 20D return -3.9448571751706463; 60D return -4.281982537022666; Crude 20D change 11.414863871570024; India VIX latest; 20D change 9.84643344748708; USDINR 20D change 0.9026990410958335,3.0,NEUTRAL,8,4.35,WATCH_EVENT_CAUTION,"Tech 8 | News 0 (GENERIC_NEWS, LOW) | Event caution -3 | Macro -2 | Sector 0 | Analytics 1.35 (B) | Risk MEDIUM/MEDIUM | Analytics: Trend 2, Momentum 2, Volume 1, Liquidity -2 (0.0cr), VolRisk MEDIUM, Sector UNKNOWN 0 | News logic: No material catalyst/event taxonomy match. | Upcoming event caution: Record Date",0,-3,MEDIUM,,Upcoming event caution: Record Date,Committee Meeting Updates,Upcoming event caution: Record Date,NSE Corporate Announcements,https://nsearchives.nseindia.com/corporate/NATCOPHARM_28092026205152_Outcome_FundRaising_Committee_Meeting_28092026.pdf,0,3,GENERIC_NEWS,LOW,0,No material catalyst/event taxonomy match.,0,51.1,LOW,4.46,WATCH_EVENT_CAUTION,"AI overlay from completed recommendation outcomes; use as probability/risk input, not standalone advice."
JINDRILL,2026-09-28,624.15,182090.0,5,WATCH,47.4,-5.0348,22.99,639.06,606.65,,46.71,0.309,35.85,3.27,554.09,740.92,1.67,RSI in swing zone; MACD weak; Trend strength acceptable; Above SMA50; Bollinger position healthy,UNKNOWN,-7.36,-0.22,,0.0,7.48,3,1,2,-2,-1,HIGH,0,,,0,-3,1.35,1.0,C,"Trend 3, Momentum 1, Volume 2, Liquidity -2 (0.0cr), VolRisk HIGH, Sector UNKNOWN 0",5,5,5,WATCH,News 0; event caution 0; risk LOW; type ; confidence ; reason . ,-2,MEDIUM,CAUTIOUS,Nifty 20D return -3.9448571751706463; 60D return -4.281982537022666; Crude 20D change 11.414863871570024; India VIX latest; 20D change 9.84643344748708; USDINR 20D change 0.9026990410958335,3.0,NEUTRAL,5,4.35,WATCH,"Tech 5 | News 0 (, ) | Event caution 0 | Macro -2 | Sector 0 | Analytics 1.35 (C) | Risk LOW/MEDIUM | Analytics: Trend 3, Momentum 1, Volume 2, Liquidity -2 (0.0cr), VolRisk HIGH, Sector UNKNOWN 0",0,0,LOW,,,,,,,0,0,,,0,,0,61.6,MEDIUM,5.51,WATCH,"AI overlay from completed recommendation outcomes; use as probability/risk input, not standalone advice."
HDFCBANK,2026-09-28,719.05,287448.0,7,BUY,46.92,1.7073,24.02,718.94,722.96,782.22,14.86,0.502,55.12,0.91,696.76,756.21,1.67,RSI in swing zone; MACD bullish; Trend strength acceptable; Above SMA20; Bollinger position healthy,BANK,-2.65,0.98,-7.53,0.02,2.07,3,3,0,-2,1,LOW,-3,15.4,-0.84,-2,-1,1.2,1.25,B,"Trend 3, Momentum 3, Volume 0, Liquidity -2 (0.02cr), VolRisk LOW, Sector BANK -3",7,7,7,BUY,News 0; event caution 0; risk LOW; type GENERIC_NEWS; confidence LOW; reason No material catalyst/event taxonomy match.. ,-2,MEDIUM,CAUTIOUS,Nifty 20D return -3.9448571751706463; 60D return -4.281982537022666; Crude 20D change 11.414863871570024; India VIX latest; 20D change 9.84643344748708; USDINR 20D change 0.9026990410958335,3.0,NEUTRAL,7,4.2,WATCH,"Tech 7 | News 0 (GENERIC_NEWS, LOW) | Event caution 0 | Macro -2 | Sector -2 | Analytics 1.2 (B) | Risk LOW/MEDIUM | Analytics: Trend 3, Momentum 3, Volume 0, Liquidity -2 (0.02cr), VolRisk LOW, Sector BANK -3 | News logic: No material catalyst/event taxonomy match.",0,0,LOW,,,ESOP/ESOS/ESPS,Neutral news: ESOP/ESOS/ESPS,NSE Corporate Announcements,https://nsearchives.nseindia.com/corporate/HDFCBANK_25092026121829_SELetterESOP23092026.pdf,0,0,GENERIC_NEWS,LOW,0,No material catalyst/event taxonomy match.,0,41.9,NEGATIVE,3.39,WATCH,"AI overlay from completed recommendation outcomes; use as probability/risk input, not standalone advice."
RRKABEL,2026-09-27,2528.3,22384.0,5,WATCH,49.69,19.3211,35.34,2454.89,2643.73,,91.74,0.812,82.68,0.44,2390.68,2757.66,1.67,RSI in swing zone; MACD bullish; Trend strength acceptable; Above SMA20,UNKNOWN,3.16,-3.88,10.34,0.0,3.63,2,3,-1,-2,0,MEDIUM,0,,,0,-2,1.2,1.5,C,"Trend 2, Momentum 3, Volume -1, Liquidity -2 (0.0cr), VolRisk MEDIUM, Sector UNKNOWN 0",5,5,5,WATCH,News 0; event caution 0; risk LOW; type ; confidence ; reason . ,-2,MEDIUM,CAUTIOUS,Nifty 20D return -3.9448571751706463; 60D return -4.281982537022666; Crude 20D change 11.414863871570024; India VIX latest; 20D change 9.84643344748708; USDINR 20D change 0.9026990410958335,3.0,NEUTRAL,5,4.2,WATCH,"Tech 5 | News 0 (, ) | Event caution 0 | Macro -2 | Sector 0 | Analytics 1.2 (C) | Risk LOW/MEDIUM | Analytics: Trend 2, Momentum 3, Volume -1, Liquidity -2 (0.0cr), VolRisk MEDIUM, Sector UNKNOWN 0",0,0,LOW,,,,,,,0,0,,,0,,0,55.3,MEDIUM,4.73,WATCH,"AI overlay from completed recommendation outcomes; use as probability/risk input, not standalone advice."
PWL,2026-09-28,128.07,64094.0,4,WATCH,46.69,-0.4363,26.85,131.95,126.3,113.68,6.14,0.27,19.01,0.72,118.86,143.42,1.67,RSI in swing zone; MACD weak; Trend strength acceptable; Above SMA50; Long-term trend positive,UNKNOWN,-6.07,1.31,-5.87,0.0,4.79,5,1,0,-2,0,MEDIUM,0,,,0,-2,2.1,1.5,C,"Trend 5, Momentum 1, Volume 0, Liquidity -2 (0.0cr), VolRisk MEDIUM, Sector UNKNOWN 0",4,4,4,WATCH,News 0; event caution 0; risk LOW; type ; confidence ; reason . ,-2,MEDIUM,CAUTIOUS,Nifty 20D return -3.9448571751706463; 60D return -4.281982537022666; Crude 20D change 11.414863871570024; India VIX latest; 20D change 9.84643344748708; USDINR 20D change 0.9026990410958335,2.0,NEUTRAL,4,4.1,WATCH,"Tech 4 | News 0 (, ) | Event caution 0 | Macro -2 | Sector 0 | Analytics 2.1 (C) | Risk LOW/MEDIUM | Analytics: Trend 5, Momentum 1, Volume 0, Liquidity -2 (0.0cr), VolRisk MEDIUM, Sector UNKNOWN 0",0,0,LOW,,,,,,,0,0,,,0,,0,55.9,MEDIUM,4.69,WATCH,"AI overlay from completed recommendation outcomes; use as probability/risk input, not standalone advice."
STAR,2026-09-22,1217.4,25638.0,4,WATCH,63.52,17.4893,21.87,1090.3,1070.43,,70.0,0.839,86.8,0.59,1112.4,1392.4,1.67,MACD bullish; Above SMA20; Above SMA50,UNKNOWN,1.81,13.26,39.9,0.0,5.75,4,4,-1,-2,-1,HIGH,0,,,0,-3,2.1,1.0,C,"Trend 4, Momentum 4, Volume -1, Liquidity -2 (0.0cr), VolRisk HIGH, Sector UNKNOWN 0",4,4,4,WATCH,News 0; event caution 0; risk LOW; type ; confidence ; reason . ,-2,MEDIUM,CAUTIOUS,Nifty 20D return -3.9448571751706463; 60D return -4.281982537022666; Crude 20D change 11.414863871570024; India VIX latest; 20D change 9.84643344748708; USDINR 20D change 0.9026990410958335,2.0,NEUTRAL,4,4.1,WATCH,"Tech 4 | News 0 (, ) | Event caution 0 | Macro -2 | Sector 0 | Analytics 2.1 (C) | Risk LOW/MEDIUM | Analytics: Trend 4, Momentum 4, Volume -1, Liquidity -2 (0.0cr), VolRisk HIGH, Sector UNKNOWN 0",0,0,LOW,,,,,,,0,0,,,0,,0,57.8,MEDIUM,4.88,WATCH,"AI overlay from completed recommendation outcomes; use as probability/risk input, not standalone advice."
AIIL,2026-09-20,559.0,25530.0,5,WATCH,54.54,-1.9523,18.17,551.25,512.53,,42.09,0.604,53.49,0.5,495.87,664.21,1.67,RSI in swing zone; MACD weak; Above SMA20; Above SMA50; Bollinger position healthy,UNKNOWN,10.16,1.33,37.92,0.0,7.53,4,1,-1,-2,-1,HIGH,0,,,0,-3,1.05,1.0,C,"Trend 4, Momentum 1, Volume -1, Liquidity -2 (0.0cr), VolRisk HIGH, Sector UNKNOWN 0",5,5,5,WATCH,News 0; event caution 0; risk LOW; type ; confidence ; reason . ,-2,MEDIUM,CAUTIOUS,Nifty 20D return -3.9448571751706463; 60D return -4.281982537022666; Crude 20D change 11.414863871570024; India VIX latest; 20D change 9.84643344748708; USDINR 20D change 0.9026990410958335,3.0,NEUTRAL,5,4.05,WATCH,"Tech 5 | News 0 (, ) | Event caution 0 | Macro -2 | Sector 0 | Analytics 1.05 (C) | Risk LOW/MEDIUM | Analytics: Trend 4, Momentum 1, Volume -1, Liquidity -2 (0.0cr), VolRisk HIGH, Sector UNKNOWN 0",0,0,LOW,,,,,,,0,0,,,0,,0,61.1,MEDIUM,5.16,WATCH,"AI overlay from completed recommendation outcomes; use as probability/risk input, not standalone advice."
BHARATFORG,2026-09-28,1957.0,27878.0,5,WATCH,42.72,9.4847,18.99,1968.85,2058.14,1932.95,48.95,0.427,61.69,0.62,1883.57,2079.39,1.67,RSI in swing zone; MACD bullish; Long-term trend positive; Bollinger position healthy,UNKNOWN,-2.59,-4.64,-7.68,0.0,2.5,1,2,0,-2,1,LOW,0,,,0,-1,1.0,1.5,C,"Trend 1, Momentum 2, Volume 0, Liquidity -2 (0.0cr), VolRisk LOW, Sector UNKNOWN 0",5,5,5,WATCH,News 0; event caution 0; risk LOW; type ; confidence ; reason . ,-2,MEDIUM,CAUTIOUS,Nifty 20D return -3.9448571751706463; 60D return -4.281982537022666; Crude 20D change 11.414863871570024; India VIX latest; 20D change 9.84643344748708; USDINR 20D change 0.9026990410958335,3.0,NEUTRAL,5,4.0,WATCH,"Tech 5 | News 0 (, ) | Event caution 0 | Macro -2 | Sector 0 | Analytics 1 (C) | Risk LOW/MEDIUM | Analytics: Trend 1, Momentum 2, Volume 0, Liquidity -2 (0.0cr), VolRisk LOW, Sector UNKNOWN 0",0,0,LOW,,,,,,,0,0,,,0,,0,43.4,NEGATIVE,3.34,WATCH,"AI overlay from completed recommendation outcomes; use as probability/risk input, not standalone advice."
WHIRLPOOL,2026-09-28,917.1,119906.0,4,WATCH,62.26,20.2177,23.0,812.19,848.43,,58.19,0.936,83.11,1.05,829.82,1062.57,1.67,MACD bullish; Trend strength acceptable; Above SMA20; Above SMA50; Near upper Bollinger band,UNKNOWN,27.78,21.09,0.3,0.0,6.34,4,3,0,-2,-1,HIGH,0,,,0,-3,2.0,1.0,C,"Trend 4, Momentum 3, Volume 0, Liquidity -2 (0.0cr), VolRisk HIGH, Sector UNKNOWN 0",4,4,4,WATCH,News 0; event caution 0; risk LOW; type ; confidence ; reason . ,-2,MEDIUM,CAUTIOUS,Nifty 20D return -3.9448571751706463; 60D return -4.281982537022666; Crude 20D change 11.414863871570024; India VIX latest; 20D change 9.84643344748708; USDINR 20D change 0.9026990410958335,2.0,NEUTRAL,4,4.0,WATCH,"Tech 4 | News 0 (, ) | Event caution 0 | Macro -2 | Sector 0 | Analytics 2 (C) | Risk LOW/MEDIUM | Analytics: Trend 4, Momentum 3, Volume 0, Liquidity -2 (0.0cr), VolRisk HIGH, Sector UNKNOWN 0",0,0,LOW,,,,,,,0,0,,,0,,0,58.4,MEDIUM,4.84,WATCH,"AI overlay from completed recommendation outcomes; use as probability/risk input, not standalone advice."
KAYNES,2026-09-28,3658.0,54819.0,4,WATCH,54.85,23.9007,18.74,3539.93,3689.27,3624.28,139.17,0.849,90.8,0.78,3449.25,4005.91,1.67,RSI in swing zone; MACD bullish; Above SMA20; Long-term trend positive,UNKNOWN,5.88,1.67,9.89,0.0,3.8,3,3,0,-2,0,MEDIUM,0,,,0,-2,1.9,1.5,C,"Trend 3, Momentum 3, Volume 0, Liquidity -2 (0.0cr), VolRisk MEDIUM, Sector UNKNOWN 0",4,4,4,WATCH,News 0; event caution 0; risk LOW; type ; confidence ; reason . ,-2,MEDIUM,CAUTIOUS,Nifty 20D return -3.9448571751706463; 60D return -4.281982537022666; Crude 20D change 11.414863871570024; India VIX latest; 20D change 9.84643344748708; USDINR 20D change 0.9026990410958335,2.0,NEUTRAL,4,3.9,WATCH,"Tech 4 | News 0 (, ) | Event caution 0 | Macro -2 | Sector 0 | Analytics 1.9 (C) | Risk LOW/MEDIUM | Analytics: Trend 3, Momentum 3, Volume 0, Liquidity -2 (0.0cr), VolRisk MEDIUM, Sector UNKNOWN 0",0,0,LOW,,,,,,,0,0,,,0,,0,55.6,MEDIUM,4.46,WATCH,"AI overlay from completed recommendation outcomes; use as probability/risk input, not standalone advice."
DECNGOLD,2026-09-15,222.82,40976.0,4,WATCH,50.41,-2.9013,25.8,230.08,211.16,,14.9,0.305,18.33,1.31,200.47,260.07,1.67,RSI in swing zone; MACD weak; Trend strength acceptable; Above SMA50; Bollinger position healthy,UNKNOWN,1.58,3.05,,0.0,6.69,4,2,1,-2,-1,HIGH,0,,,0,-3,1.9,1.0,C,"Trend 4, Momentum 2, Volume 1, Liquidity -2 (0.0cr), VolRisk HIGH, Sector UNKNOWN 0",4,4,4,WATCH,News 0; event caution 0; risk LOW; type ; confidence ; reason . ,-2,MEDIUM,CAUTIOUS,Nifty 20D return -3.9448571751706463; 60D return -4.281982537022666; Crude 20D change 11.414863871570024; India VIX latest; 20D change 9.84643344748708; USDINR 20D change 0.9026990410958335,2.0,NEUTRAL,4,3.9,WATCH,"Tech 4 | News 0 (, ) | Event caution 0 | Macro -2 | Sector 0 | Analytics 1.9 (C) | Risk LOW/MEDIUM | Analytics: Trend 4, Momentum 2, Volume 1, Liquidity -2 (0.0cr), VolRisk HIGH, Sector UNKNOWN 0",0,0,LOW,,,,,,,0,0,,,0,,0,61.3,MEDIUM,5.03,WATCH,"AI overlay from completed recommendation outcomes; use as probability/risk input, not standalone advice."
DMART,2026-09-28,3803.5,32030.0,7,BUY,50.08,19.0201,25.07,3752.48,3865.1,4052.74,70.51,0.74,70.38,1.11,3697.73,3979.78,1.67,RSI in swing zone; MACD bullish; Trend strength acceptable; Above SMA20; Bollinger position healthy,RETAIL,0.7,-0.26,-3.76,0.0,1.85,2,3,0,-2,1,LOW,-3,25.0,-1.7,-2,-1,0.75,1.25,B,"Trend 2, Momentum 3, Volume 0, Liquidity -2 (0.0cr), VolRisk LOW, Sector RETAIL -3",7,7,7,BUY,News 0; event caution 0; risk LOW; type GENERIC_NEWS; confidence LOW; reason No material catalyst/event taxonomy match.. ,-2,MEDIUM,CAUTIOUS,Nifty 20D return -3.9448571751706463; 60D return -4.281982537022666; Crude 20D change 11.414863871570024; India VIX latest; 20D change 9.84643344748708; USDINR 20D change 0.9026990410958335,3.0,NEUTRAL,7,3.75,WATCH,"Tech 7 | News 0 (GENERIC_NEWS, LOW) | Event caution 0 | Macro -2 | Sector -2 | Analytics 0.75 (B) | Risk LOW/MEDIUM | Analytics: Trend 2, Momentum 3, Volume 0, Liquidity -2 (0.0cr), VolRisk LOW, Sector RETAIL -3 | News logic: No material catalyst/event taxonomy match.",0,0,LOW,,,Updates,Neutral news: Updates,NSE Corporate Announcements,https://nsearchives.nseindia.com/corporate/DMART_28092026182626_RedemptionofCP2809026.pdf,0,0,GENERIC_NEWS,LOW,0,No material catalyst/event taxonomy match.,0,43.5,NEGATIVE,3.1,WATCH,"AI overlay from completed recommendation outcomes; use as probability/risk input, not standalone advice."
GRAPHITE,2026-09-28,799.0,26702.0,4,WATCH,53.86,-4.8536,43.45,806.37,738.78,,33.03,0.446,31.04,0.29,749.45,881.58,1.67,RSI in swing zone; MACD weak; Trend strength acceptable; Above SMA50; Bollinger position healthy,UNKNOWN,-3.47,10.77,30.01,0.0,4.13,4,2,-1,-2,0,MEDIUM,0,,,0,-2,1.75,1.5,C,"Trend 4, Momentum 2, Volume -1, Liquidity -2 (0.0cr), VolRisk MEDIUM, Sector UNKNOWN 0",4,4,4,WATCH,News 0; event caution 0; risk LOW; type ; confidence ; reason . ,-2,MEDIUM,CAUTIOUS,Nifty 20D return -3.9448571751706463; 60D return -4.281982537022666; Crude 20D change 11.414863871570024; India VIX latest; 20D change 9.84643344748708; USDINR 20D change 0.9026990410958335,2.0,NEUTRAL,4,3.75,WATCH,"Tech 4 | News 0 (, ) | Event caution 0 | Macro -2 | Sector 0 | Analytics 1.75 (C) | Risk LOW/MEDIUM | Analytics: Trend 4, Momentum 2, Volume -1, Liquidity -2 (0.0cr), VolRisk MEDIUM, Sector UNKNOWN 0",0,0,LOW,,,,,,,0,0,,,0,,0,57.7,MEDIUM,4.52,WATCH,"AI overlay from completed recommendation outcomes; use as probability/risk input, not standalone advice."
MINDACORP,2026-08-30,702.8,19417.0,4,WATCH,50.77,-5.6953,34.49,711.37,679.42,,27.89,0.393,20.72,0.5,660.97,772.52,1.67,RSI in swing zone; MACD weak; Trend strength acceptable; Above SMA50; Bollinger position healthy,UNKNOWN,-5.45,3.61,31.91,0.0,3.97,4,2,-1,-2,0,MEDIUM,0,,,0,-2,1.75,1.5,C,"Trend 4, Momentum 2, Volume -1, Liquidity -2 (0.0cr), VolRisk MEDIUM, Sector UNKNOWN 0",4,4,4,WATCH,News 0; event caution 0; risk LOW; type ; confidence ; reason . ,-2,MEDIUM,CAUTIOUS,Nifty 20D return -3.9448571751706463; 60D return -4.281982537022666; Crude 20D change 11.414863871570024; India VIX latest; 20D change 9.84643344748708; USDINR 20D change 0.9026990410958335,2.0,NEUTRAL,4,3.75,WATCH,"Tech 4 | News 0 (, ) | Event caution 0 | Macro -2 | Sector 0 | Analytics 1.75 (C) | Risk LOW/MEDIUM | Analytics: Trend 4, Momentum 2, Volume -1, Liquidity -2 (0.0cr), VolRisk MEDIUM, Sector UNKNOWN 0",0,0,LOW,,,,,,,0,0,,,0,,0,57.3,MEDIUM,4.48,WATCH,"AI overlay from completed recommendation outcomes; use as probability/risk input, not standalone advice."
TEXRAIL,2026-09-28,123.14,23457.0,8,BUY,59.99,0.6698,18.58,117.44,110.1,,5.87,0.744,68.58,0.72,114.34,137.81,1.67,RSI in swing zone; MACD bullish; Above SMA20; Above SMA50; Bollinger position healthy,UNKNOWN,3.31,10.42,7.8,0.0,4.76,4,4,0,-2,0,MEDIUM,0,,,0,-2,2.7,1.5,B,"Trend 4, Momentum 4, Volume 0, Liquidity -2 (0.0cr), VolRisk MEDIUM, Sector UNKNOWN 0",3,3,3,WATCH_EVENT_RISK,News -5; event caution 0; risk HIGH; type GOVERNANCE_RISK; confidence HIGH; reason Material management/auditor/governance risk.. Negative catalyst: Resignation of Director/KMP/SMP,-2,MEDIUM,CAUTIOUS,Nifty 20D return -3.9448571751706463; 60D return -4.281982537022666; Crude 20D change 11.414863871570024; India VIX latest; 20D change 9.84643344748708; USDINR 20D change 0.9026990410958335,1.0,NEUTRAL,8,3.7,WATCH_EVENT_RISK,"Tech 8 | News -5 (GOVERNANCE_RISK, HIGH) | Event caution 0 | Macro -2 | Sector 0 | Analytics 2.7 (B) | Risk HIGH/MEDIUM | Negative catalyst: Resignation of Director/KMP/SMP | Analytics: Trend 4, Momentum 4, Volume 0, Liquidity -2 (0.0cr), VolRisk MEDIUM, Sector UNKNOWN 0 | News logic: Material management/auditor/governance risk.",-5,0,HIGH,Negative catalyst: Resignation of Director/KMP/SMP,,Resignation of Director/KMP/SMP,Negative catalyst: Resignation of Director/KMP/SMP,NSE Corporate Announcements,https://nsearchives.nseindia.com/corporate/TEXRAIL_ROID_97555_KMP_Doc.zip,3,0,GOVERNANCE_RISK,HIGH,3,Material management/auditor/governance risk.,0,55.9,MEDIUM,4.29,WATCH_EVENT_RISK,"AI overlay from completed recommendation outcomes; use as probability/risk input, not standalone advice."
TMCV,2026-09-28,432.95,75334.0,5,WATCH,41.65,0.1947,16.18,441.15,454.79,430.88,13.24,0.283,42.32,0.71,413.09,466.06,1.67,RSI in swing zone; MACD bullish; Long-term trend positive; Bollinger position healthy,UNKNOWN,-1.62,-5.51,5.77,0.0,3.06,1,2,0,-2,0,MEDIUM,0,,,0,-2,0.65,1.5,C,"Trend 1, Momentum 2, Volume 0, Liquidity -2 (0.0cr), VolRisk MEDIUM, Sector UNKNOWN 0",5,5,5,WATCH,News 0; event caution 0; risk LOW; type ; confidence ; reason . ,-2,MEDIUM,CAUTIOUS,Nifty 20D return -3.9448571751706463; 60D return -4.281982537022666; Crude 20D change 11.414863871570024; India VIX latest; 20D change 9.84643344748708; USDINR 20D change 0.9026990410958335,3.0,NEUTRAL,5,3.65,WATCH,"Tech 5 | News 0 (, ) | Event caution 0 | Macro -2 | Sector 0 | Analytics 0.65 (C) | Risk LOW/MEDIUM | Analytics: Trend 1, Momentum 2, Volume 0, Liquidity -2 (0.0cr), VolRisk MEDIUM, Sector UNKNOWN 0",0,0,LOW,,,,,,,0,0,,,0,,0,53.5,LOW,4.0,WATCH,"AI overlay from completed recommendation outcomes; use as probability/risk input, not standalone advice."
E2E,2026-08-10,602.8,46288.0,5,WATCH,47.48,59.9479,20.4,488.36,1078.07,,69.43,0.863,89.1,1.21,498.65,776.38,1.67,RSI in swing zone; MACD bullish; Above SMA20; Volume expansion,UNKNOWN,5.73,59.13,,0.0,11.52,2,2,1,-2,-2,VERY_HIGH,0,,,0,-3,0.65,1.0,C,"Trend 2, Momentum 2, Volume 1, Liquidity -2 (0.0cr), VolRisk VERY_HIGH, Sector UNKNOWN 0",5,5,5,WATCH,News 0; event caution 0; risk LOW; type ; confidence ; reason . ,-2,MEDIUM,CAUTIOUS,Nifty 20D return -3.9448571751706463; 60D return -4.281982537022666; Crude 20D change 11.414863871570024; India VIX latest; 20D change 9.84643344748708; USDINR 20D change 0.9026990410958335,3.0,NEUTRAL,5,3.65,WATCH,"Tech 5 | News 0 (, ) | Event caution 0 | Macro -2 | Sector 0 | Analytics 0.65 (C) | Risk LOW/MEDIUM | Analytics: Trend 2, Momentum 2, Volume 1, Liquidity -2 (0.0cr), VolRisk VERY_HIGH, Sector UNKNOWN 0",0,0,LOW,,,,,,,0,0,,,0,,0,61.6,MEDIUM,4.81,WATCH,"AI overlay from completed recommendation outcomes; use as probability/risk input, not standalone advice."
APTUS,2026-09-27,244.6,34431.0,5,WATCH,44.24,0.8191,30.0,247.49,261.67,,8.02,0.406,57.09,0.91,232.58,264.64,1.67,RSI in swing zone; MACD bullish; Trend strength acceptable; Bollinger position healthy,UNKNOWN,3.09,-4.62,-7.59,0.0,3.28,1,2,0,-2,0,MEDIUM,0,,,0,-2,0.65,1.5,C,"Trend 1, Momentum 2, Volume 0, Liquidity -2 (0.0cr), VolRisk MEDIUM, Sector UNKNOWN 0",5,5,5,WATCH,News 0; event caution 0; risk LOW; type ; confidence ; reason . ,-2,MEDIUM,CAUTIOUS,Nifty 20D return -3.9448571751706463; 60D return -4.281982537022666; Crude 20D change 11.414863871570024; India VIX latest; 20D change 9.84643344748708; USDINR 20D change 0.9026990410958335,3.0,NEUTRAL,5,3.65,WATCH,"Tech 5 | News 0 (, ) | Event caution 0 | Macro -2 | Sector 0 | Analytics 0.65 (C) | Risk LOW/MEDIUM | Analytics: Trend 1, Momentum 2, Volume 0, Liquidity -2 (0.0cr), VolRisk MEDIUM, Sector UNKNOWN 0",0,0,LOW,,,,,,,0,0,,,0,,0,52.5,LOW,3.9,WATCH,"AI overlay from completed recommendation outcomes; use as probability/risk input, not standalone advice."
POONAWALLA,2026-09-28,445.15,29160.0,5,WATCH,40.83,0.06,23.32,457.65,471.06,,18.17,0.3,26.68,0.67,417.9,490.57,1.67,RSI in swing zone; MACD bullish; Trend strength acceptable; Bollinger position healthy,UNKNOWN,-5.67,-4.02,1.1,0.0,4.08,1,2,0,-2,0,MEDIUM,0,,,0,-2,0.65,1.5,C,"Trend 1, Momentum 2, Volume 0, Liquidity -2 (0.0cr), VolRisk MEDIUM, Sector UNKNOWN 0",5,5,5,WATCH,News 0; event caution 0; risk LOW; type ; confidence ; reason . ,-2,MEDIUM,CAUTIOUS,Nifty 20D return -3.9448571751706463; 60D return -4.281982537022666; Crude 20D change 11.414863871570024; India VIX latest; 20D change 9.84643344748708; USDINR 20D change 0.9026990410958335,3.0,NEUTRAL,5,3.65,WATCH,"Tech 5 | News 0 (, ) | Event caution 0 | Macro -2 | Sector 0 | Analytics 0.65 (C) | Risk LOW/MEDIUM | Analytics: Trend 1, Momentum 2, Volume 0, Liquidity -2 (0.0cr), VolRisk MEDIUM, Sector UNKNOWN 0",0,0,LOW,,,,,,,0,0,,,0,,0,55.9,MEDIUM,4.24,WATCH,"AI overlay from completed recommendation outcomes; use as probability/risk input, not standalone advice."
BALRAMCHIN,2026-09-28,680.7,42386.0,4,WATCH,51.63,-3.2636,27.53,687.33,661.62,,30.75,0.386,46.89,0.82,634.58,757.57,1.67,RSI in swing zone; MACD weak; Trend strength acceptable; Above SMA50; Bollinger position healthy,UNKNOWN,2.57,1.77,32.23,0.0,4.52,4,1,0,-2,0,MEDIUM,0,,,0,-2,1.65,1.5,C,"Trend 4, Momentum 1, Volume 0, Liquidity -2 (0.0cr), VolRisk MEDIUM, Sector UNKNOWN 0",4,4,4,WATCH,News 0; event caution 0; risk LOW; type ; confidence ; reason . ,-2,MEDIUM,CAUTIOUS,Nifty 20D return -3.9448571751706463; 60D return -4.281982537022666; Crude 20D change 11.414863871570024; India VIX latest; 20D change 9.84643344748708; USDINR 20D change 0.9026990410958335,2.0,NEUTRAL,4,3.65,WATCH,"Tech 4 | News 0 (, ) | Event caution 0 | Macro -2 | Sector 0 | Analytics 1.65 (C) | Risk LOW/MEDIUM | Analytics: Trend 4, Momentum 1, Volume 0, Liquidity -2 (0.0cr), VolRisk MEDIUM, Sector UNKNOWN 0",0,0,LOW,,,,,,,0,0,,,0,,0,57.3,MEDIUM,4.38,WATCH,"AI overlay from completed recommendation outcomes; use as probability/risk input, not standalone advice."
PCBL,2026-09-28,332.55,24513.0,4,WATCH,50.49,-0.1413,23.69,333.02,326.58,,12.17,0.487,48.74,0.73,314.29,362.99,1.67,RSI in swing zone; MACD weak; Trend strength acceptable; Above SMA50; Bollinger position healthy,UNKNOWN,-4.37,1.79,14.18,0.0,3.66,4,1,0,-2,0,MEDIUM,0,,,0,-2,1.65,1.5,C,"Trend 4, Momentum 1, Volume 0, Liquidity -2 (0.0cr), VolRisk MEDIUM, Sector UNKNOWN 0",4,4,4,WATCH,News 0; event caution 0; risk LOW; type ; confidence ; reason . ,-2,MEDIUM,CAUTIOUS,Nifty 20D return -3.9448571751706463; 60D return -4.281982537022666; Crude 20D change 11.414863871570024; India VIX latest; 20D change 9.84643344748708; USDINR 20D change 0.9026990410958335,2.0,NEUTRAL,4,3.65,WATCH,"Tech 4 | News 0 (, ) | Event caution 0 | Macro -2 | Sector 0 | Analytics 1.65 (C) | Risk LOW/MEDIUM | Analytics: Trend 4, Momentum 1, Volume 0, Liquidity -2 (0.0cr), VolRisk MEDIUM, Sector UNKNOWN 0",0,0,LOW,,,,,,,0,0,,,0,,0,56.4,MEDIUM,4.29,WATCH,"AI overlay from completed recommendation outcomes; use as probability/risk input, not standalone advice."
ARVIND,2026-09-27,549.05,24038.0,4,WATCH,47.95,-2.0087,29.88,558.77,547.77,,23.23,0.311,22.07,0.76,514.21,607.12,1.67,RSI in swing zone; MACD weak; Trend strength acceptable; Above SMA50; Bollinger position healthy,UNKNOWN,-0.64,1.5,-0.08,0.0,4.23,4,1,0,-2,0,MEDIUM,0,,,0,-2,1.65,1.5,C,"Trend 4, Momentum 1, Volume 0, Liquidity -2 (0.0cr), VolRisk MEDIUM, Sector UNKNOWN 0",4,4,4,WATCH,News 0; event caution 0; risk LOW; type ; confidence ; reason . ,-2,MEDIUM,CAUTIOUS,Nifty 20D return -3.9448571751706463; 60D return -4.281982537022666; Crude 20D change 11.414863871570024; India VIX latest; 20D change 9.84643344748708; USDINR 20D change 0.9026990410958335,2.0,NEUTRAL,4,3.65,WATCH,"Tech 4 | News 0 (, ) | Event caution 0 | Macro -2 | Sector 0 | Analytics 1.65 (C) | Risk LOW/MEDIUM | Analytics: Trend 4, Momentum 1, Volume 0, Liquidity -2 (0.0cr), VolRisk MEDIUM, Sector UNKNOWN 0",0,0,LOW,,,,,,,0,0,,,0,,0,57.1,MEDIUM,4.36,WATCH,"AI overlay from completed recommendation outcomes; use as probability/risk input, not standalone advice."
JBCHEPHARM,2026-07-16,2408.9,157981.0,8,BUY,62.98,10.629,41.92,2310.13,2187.26,,69.26,0.685,66.14,4.03,2305.01,2582.05,1.67,MACD bullish; Trend strength acceptable; Above SMA20; Above SMA50; Bollinger position healthy,UNKNOWN,-1.09,12.55,15.8,0.0,2.88,5,4,2,-2,0,MEDIUM,0,,,0,-2,3.65,1.5,B,"Trend 5, Momentum 4, Volume 2, Liquidity -2 (0.0cr), VolRisk MEDIUM, Sector UNKNOWN 0",3,2,2,WATCH_EVENT_RISK,News -5; event caution -1; risk HIGH; type REGULATORY_RISK; confidence HIGH; reason Regulatory/legal/credit risk event.. Negative catalyst: Suspension of Trading,-2,MEDIUM,CAUTIOUS,Nifty 20D return -3.9448571751706463; 60D return -4.281982537022666; Crude 20D change 11.414863871570024; India VIX latest; 20D change 9.84643344748708; USDINR 20D change 0.9026990410958335,0.0,NEUTRAL,8,3.65,WATCH_EVENT_RISK,"Tech 8 | News -5 (REGULATORY_RISK, HIGH) | Event caution -1 | Macro -2 | Sector 0 | Analytics 3.65 (B) | Risk HIGH/MEDIUM | Negative catalyst: Suspension of Trading | Analytics: Trend 5, Momentum 4, Volume 2, Liquidity -2 (0.0cr), VolRisk MEDIUM, Sector UNKNOWN 0 | News logic: Regulatory/legal/credit risk event. | Upcoming event caution: Record Date",-5,-1,HIGH,Negative catalyst: Suspension of Trading,Upcoming event caution: Record Date,Suspension of Trading,Negative catalyst: Suspension of Trading,NSE Corporate Announcements,-,3,1,REGULATORY_RISK,HIGH,3,Regulatory/legal/credit risk event.,0,54.4,LOW,4.09,WATCH_EVENT_RISK,"AI overlay from completed recommendation outcomes; use as probability/risk input, not standalone advice."
PHOENIXLTD,2026-09-27,1978.4,26276.0,7,BUY,58.89,12.3793,19.92,1918.62,1934.25,,59.09,0.846,73.44,0.84,1889.76,2126.13,1.67,RSI in swing zone; MACD bullish; Above SMA20; Above SMA50,REALTY,2.56,3.2,-2.18,0.0,2.99,3,4,0,-2,0,MEDIUM,-2,50.0,-0.92,-2,-2,1.55,1.25,B,"Trend 3, Momentum 4, Volume 0, Liquidity -2 (0.0cr), VolRisk MEDIUM, Sector REALTY -2",7,6,6,WATCH,News 0; event caution -1; risk MEDIUM; type GENERIC_NEWS; confidence LOW; reason No material catalyst/event taxonomy match.. Upcoming event caution: Amalgamation/Merger,-2,MEDIUM,CAUTIOUS,Nifty 20D return -3.9448571751706463; 60D return -4.281982537022666; Crude 20D change 11.414863871570024; India VIX latest; 20D change 9.84643344748708; USDINR 20D change 0.9026990410958335,2.0,NEUTRAL,7,3.55,WATCH,"Tech 7 | News 0 (GENERIC_NEWS, LOW) | Event caution -1 | Macro -2 | Sector -2 | Analytics 1.55 (B) | Risk MEDIUM/MEDIUM | Analytics: Trend 3, Momentum 4, Volume 0, Liquidity -2 (0.0cr), VolRisk MEDIUM, Sector REALTY -2 | News logic: No material catalyst/event taxonomy match. | Upcoming event caution: Amalgamation/Merger",0,-1,MEDIUM,,Upcoming event caution: Amalgamation/Merger,General Updates,Upcoming event caution: Amalgamation/Merger,NSE Corporate Announcements,https://nsearchives.nseindia.com/corporate/PHOENIXLTD_28092026221025_PML_ShareholderPres_sd.pdf,0,1,GENERIC_NEWS,LOW,0,No material catalyst/event taxonomy match.,0,53.1,LOW,3.86,WATCH,"AI overlay from completed recommendation outcomes; use as probability/risk input, not standalone advice."
ANTELOPUS,2026-09-28,1159.45,57768.0,4,WATCH,62.04,-8.8924,49.58,1116.74,799.48,,106.11,0.631,55.41,0.44,1000.29,1424.72,1.67,MACD weak; Trend strength acceptable; Above SMA20; Above SMA50; Bollinger position healthy,UNKNOWN,5.33,14.42,,0.0,9.15,5,2,-1,-2,-2,VERY_HIGH,0,,,0,-3,1.5,1.0,C,"Trend 5, Momentum 2, Volume -1, Liquidity -2 (0.0cr), VolRisk VERY_HIGH, Sector UNKNOWN 0",4,4,4,WATCH,News 0; event caution 0; risk LOW; type ; confidence ; reason . ,-2,MEDIUM,CAUTIOUS,Nifty 20D return -3.9448571751706463; 60D return -4.281982537022666; Crude 20D change 11.414863871570024; India VIX latest; 20D change 9.84643344748708; USDINR 20D change 0.9026990410958335,2.0,NEUTRAL,4,3.5,WATCH,"Tech 4 | News 0 (, ) | Event caution 0 | Macro -2 | Sector 0 | Analytics 1.5 (C) | Risk LOW/MEDIUM | Analytics: Trend 5, Momentum 2, Volume -1, Liquidity -2 (0.0cr), VolRisk VERY_HIGH, Sector UNKNOWN 0",0,0,LOW,,,,,,,0,0,,,0,,0,60.2,MEDIUM,4.52,WATCH,"AI overlay from completed recommendation outcomes; use as probability/risk input, not standalone advice."
BLUESTARCO,2026-09-28,1575.4,57895.0,7,BUY,56.16,9.8774,16.32,1522.72,1568.03,,53.94,0.842,87.39,1.46,1494.49,1710.25,1.67,RSI in swing zone; MACD bullish; Above SMA20; Above SMA50; Volume expansion,CONSUMER_DURABLES,2.85,9.0,-5.57,0.0,3.42,3,4,1,-2,0,MEDIUM,-3,25.0,-1.3,-2,-2,1.45,1.25,B,"Trend 3, Momentum 4, Volume 1, Liquidity -2 (0.0cr), VolRisk MEDIUM, Sector CONSUMER_DURABLES -3",6,6,6,WATCH,News -1; event caution 0; risk MEDIUM; type RESULTS_NEGATIVE; confidence HIGH; reason Weak reported result or guidance cut.. Negative catalyst: Blue Star Q1 Profit Falls 15% to ₹102.5 Cr; Revenue Up 13% - HDFC Sky,-2,MEDIUM,CAUTIOUS,Nifty 20D return -3.9448571751706463; 60D return -4.281982537022666; Crude 20D change 11.414863871570024; India VIX latest; 20D change 9.84643344748708; USDINR 20D change 0.9026990410958335,2.0,NEUTRAL,7,3.45,WATCH,"Tech 7 | News -1 (RESULTS_NEGATIVE, HIGH) | Event caution 0 | Macro -2 | Sector -2 | Analytics 1.45 (B) | Risk MEDIUM/MEDIUM | Negative catalyst: Blue Star Q1 Profit Falls 15% to ₹102.5 Cr; Revenue Up 13% - HDFC Sky | Analytics: Trend 3, Momentum 4, Volume 1, Liquidity -2 (0.0cr), VolRisk MEDIUM, Sector CONSUMER_DURABLES -3 | News logic: Weak reported result or guidance cut.",-1,0,MEDIUM,Negative catalyst: Blue Star Q1 Profit Falls 15% to ₹102.5 Cr; Revenue Up 13% - HDFC Sky,,Blue Star Q1 Profit Falls 15% to ₹102.5 Cr; Revenue Up 13% - HDFC Sky,Negative catalyst: Blue Star Q1 Profit Falls 15% to ₹102.5 Cr; Revenue Up 13% - HDFC Sky,HDFC Sky,https://news.google.com/rss/articles/CBMic0FVX3lxTFBiMzdYOFNhSk5uczlvdm9ONk9TbE5EaXh6Z3FONlV1NWJwY1JnR2N2WF9PQ2hHdXJ3SGd0VV9xMkdqVTVRX3NwdWJaU2hmdzE4dFltNkhyUkM4ODJGdWpoSFRkQ09YWlJZVkN1R1BiVEJEWEU?oc=5,1,0,RESULTS_NEGATIVE,HIGH,3,Weak reported result or guidance cut.,0,53.3,LOW,3.78,WATCH,"AI overlay from completed recommendation outcomes; use as probability/risk input, not standalone advice."
PRAJIND,2026-08-24,352.65,40481.0,6,WATCH,56.52,3.6956,20.38,335.34,349.56,,15.99,0.769,82.56,1.12,328.67,392.62,1.67,RSI in swing zone; MACD bullish; Above SMA20; Above SMA50,UNKNOWN,4.8,-2.56,-13.64,0.0,4.53,2,3,0,-2,0,MEDIUM,0,,,0,-2,1.45,1.5,B,"Trend 2, Momentum 3, Volume 0, Liquidity -2 (0.0cr), VolRisk MEDIUM, Sector UNKNOWN 0",6,4,4,WATCH,News 0; event caution -2; risk MEDIUM; type GENERIC_NEWS; confidence LOW; reason No material catalyst/event taxonomy match.. Upcoming event caution: Outcome of Board Meeting,-2,MEDIUM,CAUTIOUS,Nifty 20D return -3.9448571751706463; 60D return -4.281982537022666; Crude 20D change 11.414863871570024; India VIX latest; 20D change 9.84643344748708; USDINR 20D change 0.9026990410958335,2.0,NEUTRAL,6,3.45,WATCH,"Tech 6 | News 0 (GENERIC_NEWS, LOW) | Event caution -2 | Macro -2 | Sector 0 | Analytics 1.45 (B) | Risk MEDIUM/MEDIUM | Analytics: Trend 2, Momentum 3, Volume 0, Liquidity -2 (0.0cr), VolRisk MEDIUM, Sector UNKNOWN 0 | News logic: No material catalyst/event taxonomy match. | Upcoming event caution: Outcome of Board Meeting",0,-2,MEDIUM,,Upcoming event caution: Outcome of Board Meeting,Trading Window,Upcoming event caution: Outcome of Board Meeting,NSE Corporate Announcements,https://nsearchives.nseindia.com/corporate/PRAJIND_24092026110031_Intimation_of_Closure_of_Trading_Window.pdf,0,2,GENERIC_NEWS,LOW,0,No material catalyst/event taxonomy match.,0,54.4,LOW,3.89,WATCH,"AI overlay from completed recommendation outcomes; use as probability/risk input, not standalone advice."
VIJAYA,2026-09-23,1570.7,24150.0,3,NEUTRAL,66.15,8.9925,34.59,1430.71,1305.83,,90.47,0.904,91.94,0.61,1435.0,1796.86,1.67,MACD bullish; Trend strength acceptable; Above SMA20; Above SMA50; Near upper Bollinger band,UNKNOWN,4.79,14.83,,0.0,5.76,5,3,0,-2,-1,HIGH,0,,,0,-3,2.45,1.0,C,"Trend 5, Momentum 3, Volume 0, Liquidity -2 (0.0cr), VolRisk HIGH, Sector UNKNOWN 0",3,3,3,NEUTRAL,News 0; event caution 0; risk LOW; type ; confidence ; reason . ,-2,MEDIUM,CAUTIOUS,Nifty 20D return -3.9448571751706463; 60D return -4.281982537022666; Crude 20D change 11.414863871570024; India VIX latest; 20D change 9.84643344748708; USDINR 20D change 0.9026990410958335,1.0,NEUTRAL,3,3.45,WATCH,"Tech 3 | News 0 (, ) | Event caution 0 | Macro -2 | Sector 0 | Analytics 2.45 (C) | Risk LOW/MEDIUM | Analytics: Trend 5, Momentum 3, Volume 0, Liquidity -2 (0.0cr), VolRisk HIGH, Sector UNKNOWN 0",0,0,LOW,,,,,,,0,0,,,0,,0,57.3,MEDIUM,4.18,WATCH,"AI overlay from completed recommendation outcomes; use as probability/risk input, not standalone advice."
LIQUIDCASE,2026-09-22,116.03,21242.0,3,NEUTRAL,,0.0203,100.0,115.31,114.25,,0.09,0.929,99.12,0.91,115.9,116.25,1.69,MACD bullish; Trend strength acceptable; Above SMA20; Above SMA50; Near upper Bollinger band,UNKNOWN,0.38,1.11,,0.0,0.07,5,1,0,-2,1,LOW,0,,,0,-1,2.45,1.5,C,"Trend 5, Momentum 1, Volume 0, Liquidity -2 (0.0cr), VolRisk LOW, Sector UNKNOWN 0",3,3,3,NEUTRAL,News 0; event caution 0; risk LOW; type ; confidence ; reason . ,-2,MEDIUM,CAUTIOUS,Nifty 20D return -3.9448571751706463; 60D return -4.281982537022666; Crude 20D change 11.414863871570024; India VIX latest; 20D change 9.84643344748708; USDINR 20D change 0.9026990410958335,1.0,NEUTRAL,3,3.45,WATCH,"Tech 3 | News 0 (, ) | Event caution 0 | Macro -2 | Sector 0 | Analytics 2.45 (C) | Risk LOW/MEDIUM | Analytics: Trend 5, Momentum 1, Volume 0, Liquidity -2 (0.0cr), VolRisk LOW, Sector UNKNOWN 0",0,0,LOW,,,,,,,0,0,,,0,,0,41.2,NEGATIVE,2.57,WATCH,"AI overlay from completed recommendation outcomes; use as probability/risk input, not standalone advice."
THANGAMAYL,2026-08-30,5440.5,18193.0,5,WATCH,45.21,3.391,29.58,5680.62,5962.44,,301.14,0.425,74.63,0.52,4988.8,6193.34,1.67,RSI in swing zone; MACD bullish; Trend strength acceptable; Bollinger position healthy,UNKNOWN,1.71,-20.82,48.93,0.0,5.54,1,3,-1,-2,-1,HIGH,0,,,0,-3,0.4,1.0,C,"Trend 1, Momentum 3, Volume -1, Liquidity -2 (0.0cr), VolRisk HIGH, Sector UNKNOWN 0",5,5,5,WATCH,News 0; event caution 0; risk LOW; type ; confidence ; reason . ,-2,MEDIUM,CAUTIOUS,Nifty 20D return -3.9448571751706463; 60D return -4.281982537022666; Crude 20D change 11.414863871570024; India VIX latest; 20D change 9.84643344748708; USDINR 20D change 0.9026990410958335,3.0,NEUTRAL,5,3.4,WATCH,"Tech 5 | News 0 (, ) | Event caution 0 | Macro -2 | Sector 0 | Analytics 0.4 (C) | Risk LOW/MEDIUM | Analytics: Trend 1, Momentum 3, Volume -1, Liquidity -2 (0.0cr), VolRisk HIGH, Sector UNKNOWN 0",0,0,LOW,,,,,,,0,0,,,0,,0,58.4,MEDIUM,4.24,WATCH,"AI overlay from completed recommendation outcomes; use as probability/risk input, not standalone advice."
NAVINFLUOR,2026-09-27,8584.5,24116.0,6,WATCH,56.59,-22.9769,33.21,8484.7,8102.62,,268.06,0.624,57.03,0.76,8182.42,9254.64,1.67,RSI in swing zone; MACD weak; Trend strength acceptable; Above SMA20; Above SMA50,CHEMICALS,4.43,3.71,22.02,0.0,3.12,5,2,0,-2,0,MEDIUM,-3,12.5,-1.97,-2,-2,1.4,1.25,B,"Trend 5, Momentum 2, Volume 0, Liquidity -2 (0.0cr), VolRisk MEDIUM, Sector CHEMICALS -3",6,6,6,WATCH,News 0; event caution 0; risk LOW; type ; confidence ; reason . ,-2,MEDIUM,CAUTIOUS,Nifty 20D return -3.9448571751706463; 60D return -4.281982537022666; Crude 20D change 11.414863871570024; India VIX latest; 20D change 9.84643344748708; USDINR 20D change 0.9026990410958335,2.0,NEUTRAL,6,3.4,WATCH,"Tech 6 | News 0 (, ) | Event caution 0 | Macro -2 | Sector -2 | Analytics 1.4 (B) | Risk LOW/MEDIUM | Analytics: Trend 5, Momentum 2, Volume 0, Liquidity -2 (0.0cr), VolRisk MEDIUM, Sector CHEMICALS -3",0,0,LOW,,,,,,,0,0,,,0,,0,52.1,LOW,3.61,WATCH,"AI overlay from completed recommendation outcomes; use as probability/risk input, not standalone advice."
MOTISONS,2026-09-28,18.04,69597.0,4,WATCH,59.49,-0.0004,13.28,17.33,15.99,,1.33,0.69,63.45,0.43,16.05,21.36,1.67,RSI in swing zone; MACD weak; Weak trend; Above SMA20; Above SMA50,UNKNOWN,0.0,10.74,12.12,0.0,7.35,4,2,-1,-2,-1,HIGH,0,,,0,-3,1.4,1.0,C,"Trend 4, Momentum 2, Volume -1, Liquidity -2 (0.0cr), VolRisk HIGH, Sector UNKNOWN 0",4,4,4,WATCH,News 0; event caution 0; risk LOW; type ; confidence ; reason . ,-2,MEDIUM,CAUTIOUS,Nifty 20D return -3.9448571751706463; 60D return -4.281982537022666; Crude 20D change 11.414863871570024; India VIX latest; 20D change 9.84643344748708; USDINR 20D change 0.9026990410958335,2.0,NEUTRAL,4,3.4,WATCH,"Tech 4 | News 0 (, ) | Event caution 0 | Macro -2 | Sector 0 | Analytics 1.4 (C) | Risk LOW/MEDIUM | Analytics: Trend 4, Momentum 2, Volume -1, Liquidity -2 (0.0cr), VolRisk HIGH, Sector UNKNOWN 0",0,0,LOW,,,,,,,0,0,,,0,,0,62.3,MEDIUM,4.63,WATCH,"AI overlay from completed recommendation outcomes; use as probability/risk input, not standalone advice."
GLAND,2026-09-28,2896.0,21883.0,4,WATCH,50.75,-12.305,23.15,2928.02,2830.53,,80.8,0.299,43.42,0.44,2774.8,3098.0,1.67,RSI in swing zone; MACD weak; Trend strength acceptable; Above SMA50; Bollinger position healthy,UNKNOWN,-2.22,0.96,17.48,0.0,2.79,4,1,-1,-2,0,MEDIUM,0,,,0,-2,1.4,1.5,C,"Trend 4, Momentum 1, Volume -1, Liquidity -2 (0.0cr), VolRisk MEDIUM, Sector UNKNOWN 0",4,4,4,WATCH,News 0; event caution 0; risk LOW; type ; confidence ; reason . ,-2,MEDIUM,CAUTIOUS,Nifty 20D return -3.9448571751706463; 60D return -4.281982537022666; Crude 20D change 11.414863871570024; India VIX latest; 20D change 9.84643344748708; USDINR 20D change 0.9026990410958335,2.0,NEUTRAL,4,3.4,WATCH,"Tech 4 | News 0 (, ) | Event caution 0 | Macro -2 | Sector 0 | Analytics 1.4 (C) | Risk LOW/MEDIUM | Analytics: Trend 4, Momentum 1, Volume -1, Liquidity -2 (0.0cr), VolRisk MEDIUM, Sector UNKNOWN 0",0,0,LOW,,,,,,,0,0,,,0,,0,53.8,LOW,3.78,WATCH,"AI overlay from completed recommendation outcomes; use as probability/risk input, not standalone advice."
TORNTPHARM,2026-09-28,4869.0,29411.0,4,WATCH,45.53,3.4467,9.47,4914.82,4942.96,4528.42,106.5,0.305,44.6,1.0,4709.26,5135.24,1.67,RSI in swing zone; MACD bullish; Weak trend; Long-term trend positive; Bollinger position healthy,PHARMA,-1.34,-0.74,2.23,0.0,2.19,1,3,0,-2,1,LOW,0,50.0,3.96,0,-1,1.35,1.5,C,"Trend 1, Momentum 3, Volume 0, Liquidity -2 (0.0cr), VolRisk LOW, Sector PHARMA 0",4,4,4,WATCH,News 0; event caution 0; risk LOW; type ; confidence ; reason . ,-2,MEDIUM,CAUTIOUS,Nifty 20D return -3.9448571751706463; 60D return -4.281982537022666; Crude 20D change 11.414863871570024; India VIX latest; 20D change 9.84643344748708; USDINR 20D change 0.9026990410958335,2.0,NEUTRAL,4,3.35,WATCH,"Tech 4 | News 0 (, ) | Event caution 0 | Macro -2 | Sector 0 | Analytics 1.35 (C) | Risk LOW/MEDIUM | Analytics: Trend 1, Momentum 3, Volume 0, Liquidity -2 (0.0cr), VolRisk LOW, Sector PHARMA 0",0,0,LOW,,,,,,,0,0,,,0,,0,47.4,LOW,3.09,WATCH,"AI overlay from completed recommendation outcomes; use as probability/risk input, not standalone advice."
INFOBEAN,2026-08-30,165.67,72280.0,5,WATCH,27.13,21.8621,46.59,169.94,474.17,,32.55,0.44,29.65,1.69,116.84,247.05,1.67,RSI oversold rebound candidate; MACD bullish; Trend strength acceptable; Bollinger position healthy; Volume expansion,UNKNOWN,-2.92,6.72,,0.0,19.65,2,1,1,-2,-2,VERY_HIGH,0,,,0,-3,0.3,1.0,C,"Trend 2, Momentum 1, Volume 1, Liquidity -2 (0.0cr), VolRisk VERY_HIGH, Sector UNKNOWN 0",5,5,5,WATCH,News 0; event caution 0; risk LOW; type ; confidence ; reason . ,-2,MEDIUM,CAUTIOUS,Nifty 20D return -3.9448571751706463; 60D return -4.281982537022666; Crude 20D change 11.414863871570024; India VIX latest; 20D change 9.84643344748708; USDINR 20D change 0.9026990410958335,3.0,NEUTRAL,5,3.3,WATCH,"Tech 5 | News 0 (, ) | Event caution 0 | Macro -2 | Sector 0 | Analytics 0.3 (C) | Risk LOW/MEDIUM | Analytics: Trend 2, Momentum 1, Volume 1, Liquidity -2 (0.0cr), VolRisk VERY_HIGH, Sector UNKNOWN 0",0,0,LOW,,,,,,,0,0,,,0,,0,58.6,MEDIUM,4.16,WATCH,"AI overlay from completed recommendation outcomes; use as probability/risk input, not standalone advice."
AFCONS,2026-09-20,263.4,51037.0,5,WATCH,41.02,1.3712,25.34,268.91,300.9,,20.57,0.383,48.04,1.04,232.55,314.82,1.67,RSI in swing zone; MACD bullish; Trend strength acceptable; Bollinger position healthy,UNKNOWN,3.78,-11.0,-23.16,0.0,7.81,1,2,0,-2,-1,HIGH,0,,,0,-3,0.3,1.0,C,"Trend 1, Momentum 2, Volume 0, Liquidity -2 (0.0cr), VolRisk HIGH, Sector UNKNOWN 0",5,5,5,WATCH,News 0; event caution 0; risk LOW; type ; confidence ; reason . ,-2,MEDIUM,CAUTIOUS,Nifty 20D return -3.9448571751706463; 60D return -4.281982537022666; Crude 20D change 11.414863871570024; India VIX latest; 20D change 9.84643344748708; USDINR 20D change 0.9026990410958335,3.0,NEUTRAL,5,3.3,WATCH,"Tech 5 | News 0 (, ) | Event caution 0 | Macro -2 | Sector 0 | Analytics 0.3 (C) | Risk LOW/MEDIUM | Analytics: Trend 1, Momentum 2, Volume 0, Liquidity -2 (0.0cr), VolRisk HIGH, Sector UNKNOWN 0",0,0,LOW,,,,,,,0,0,,,0,,0,59.3,MEDIUM,4.23,WATCH,"AI overlay from completed recommendation outcomes; use as probability/risk input, not standalone advice."
IXIGO,2026-09-23,163.9,42380.0,5,WATCH,42.18,0.8861,23.8,165.43,183.63,,8.33,0.441,52.15,1.11,151.41,184.72,1.67,RSI in swing zone; MACD bullish; Trend strength acceptable; Bollinger position healthy,UNKNOWN,3.32,-7.01,0.15,0.0,5.08,1,2,0,-2,-1,HIGH,0,,,0,-3,0.3,1.0,C,"Trend 1, Momentum 2, Volume 0, Liquidity -2 (0.0cr), VolRisk HIGH, Sector UNKNOWN 0",5,5,5,WATCH,News 0; event caution 0; risk LOW; type ; confidence ; reason . ,-2,MEDIUM,CAUTIOUS,Nifty 20D return -3.9448571751706463; 60D return -4.281982537022666; Crude 20D change 11.414863871570024; India VIX latest; 20D change 9.84643344748708; USDINR 20D change 0.9026990410958335,3.0,NEUTRAL,5,3.3,WATCH,"Tech 5 | News 0 (, ) | Event caution 0 | Macro -2 | Sector 0 | Analytics 0.3 (C) | Risk LOW/MEDIUM | Analytics: Trend 1, Momentum 2, Volume 0, Liquidity -2 (0.0cr), VolRisk HIGH, Sector UNKNOWN 0",0,0,LOW,,,,,,,0,0,,,0,,0,56.2,MEDIUM,3.92,WATCH,"AI overlay from completed recommendation outcomes; use as probability/risk input, not standalone advice."
ITC,2026-09-28,265.2,120823.0,7,BUY,48.0,1.0407,26.96,263.89,270.02,291.71,4.4,0.59,56.18,0.99,258.6,276.19,1.67,RSI in swing zone; MACD bullish; Trend strength acceptable; Above SMA20; Bollinger position healthy,FMCG,-0.23,0.42,-6.19,0.0,1.66,3,3,0,-2,1,LOW,-3,33.3,-0.2,-2,-1,1.2,1.25,B,"Trend 3, Momentum 3, Volume 0, Liquidity -2 (0.0cr), VolRisk LOW, Sector FMCG -3",9,6,6,WATCH_EVENT_CAUTION,News 2; event caution -3; risk MEDIUM; type BUSINESS_POSITIVE; confidence MEDIUM; reason Positive business development.. Positive catalyst: Acquisition,-2,MEDIUM,CAUTIOUS,Nifty 20D return -3.9448571751706463; 60D return -4.281982537022666; Crude 20D change 11.414863871570024; India VIX latest; 20D change 9.84643344748708; USDINR 20D change 0.9026990410958335,2.0,NEUTRAL,7,3.2,WATCH_EVENT_CAUTION,"Tech 7 | News 2 (BUSINESS_POSITIVE, MEDIUM) | Event caution -3 | Macro -2 | Sector -2 | Analytics 1.2 (B) | Risk MEDIUM/MEDIUM | Positive catalyst: Acquisition | Analytics: Trend 3, Momentum 3, Volume 0, Liquidity -2 (0.0cr), VolRisk LOW, Sector FMCG -3 | News logic: Positive business development. | Upcoming event caution: Outcome of Board Meeting",2,-3,MEDIUM,Positive catalyst: Acquisition,Upcoming event caution: Outcome of Board Meeting,Acquisition,Positive catalyst: Acquisition,NSE Corporate Announcements,https://nsearchives.nseindia.com/corporate/ITC_28092026202850_SE_SFPL_.pdf,1,3,BUSINESS_POSITIVE,MEDIUM,2,Positive business development.,0,41.1,NEGATIVE,2.31,WATCH_EVENT_CAUTION,"AI overlay from completed recommendation outcomes; use as probability/risk input, not standalone advice."
SBILIFE,2026-09-28,1728.1,45445.0,7,BUY,46.51,6.5858,26.88,1724.53,1776.4,1851.73,38.48,0.524,54.3,1.03,1670.38,1824.31,1.67,RSI in swing zone; MACD bullish; Trend strength acceptable; Above SMA20; Bollinger position healthy,FINANCIALS,-1.61,0.48,-5.54,0.0,2.23,3,3,0,-2,1,LOW,-3,22.7,-2.46,-2,-1,1.2,1.25,B,"Trend 3, Momentum 3, Volume 0, Liquidity -2 (0.0cr), VolRisk LOW, Sector FINANCIALS -3",7,6,6,WATCH,News 0; event caution -1; risk MEDIUM; type GENERIC_NEWS; confidence LOW; reason No material catalyst/event taxonomy match.. Upcoming event caution: Outcome of Board Meeting,-2,MEDIUM,CAUTIOUS,Nifty 20D return -3.9448571751706463; 60D return -4.281982537022666; Crude 20D change 11.414863871570024; India VIX latest; 20D change 9.84643344748708; USDINR 20D change 0.9026990410958335,2.0,NEUTRAL,7,3.2,WATCH,"Tech 7 | News 0 (GENERIC_NEWS, LOW) | Event caution -1 | Macro -2 | Sector -2 | Analytics 1.2 (B) | Risk MEDIUM/MEDIUM | Analytics: Trend 3, Momentum 3, Volume 0, Liquidity -2 (0.0cr), VolRisk LOW, Sector FINANCIALS -3 | News logic: No material catalyst/event taxonomy match. | Upcoming event caution: Outcome of Board Meeting",0,-1,MEDIUM,,Upcoming event caution: Outcome of Board Meeting,General Updates,Upcoming event caution: Outcome of Board Meeting,NSE Corporate Announcements,https://nsearchives.nseindia.com/corporate/SBILIFE_25092026181407_RJ25092026_signed.pdf,0,1,GENERIC_NEWS,LOW,0,No material catalyst/event taxonomy match.,0,43.5,NEGATIVE,2.55,WATCH,"AI overlay from completed recommendation outcomes; use as probability/risk input, not standalone advice."
ICICIGI,2026-09-28,1540.0,24136.0,6,WATCH,52.87,16.2784,32.54,1490.01,1567.14,1743.37,38.36,0.807,71.72,0.74,1482.46,1635.91,1.67,RSI in swing zone; MACD bullish; Trend strength acceptable; Above SMA20,FINANCIALS,2.05,1.2,-5.16,0.0,2.49,3,3,0,-2,1,LOW,-3,22.7,-2.46,-2,-1,1.2,1.25,B,"Trend 3, Momentum 3, Volume 0, Liquidity -2 (0.0cr), VolRisk LOW, Sector FINANCIALS -3",6,6,6,WATCH,News 0; event caution 0; risk LOW; type ; confidence ; reason . ,-2,MEDIUM,CAUTIOUS,Nifty 20D return -3.9448571751706463; 60D return -4.281982537022666; Crude 20D change 11.414863871570024; India VIX latest; 20D change 9.84643344748708; USDINR 20D change 0.9026990410958335,2.0,NEUTRAL,6,3.2,WATCH,"Tech 6 | News 0 (, ) | Event caution 0 | Macro -2 | Sector -2 | Analytics 1.2 (B) | Risk LOW/MEDIUM | Analytics: Trend 3, Momentum 3, Volume 0, Liquidity -2 (0.0cr), VolRisk LOW, Sector FINANCIALS -3",0,0,LOW,,,,,,,0,0,,,0,,0,44.6,NEGATIVE,2.66,WATCH,"AI overlay from completed recommendation outcomes; use as probability/risk input, not standalone advice."
SUNDARMFIN,2026-09-22,4751.9,20770.0,6,WATCH,54.73,68.0215,23.99,4430.3,4865.64,,232.71,0.783,77.89,0.73,4402.84,5333.67,1.67,RSI in swing zone; MACD bullish; Trend strength acceptable; Above SMA20,FINANCIALS,-1.59,10.18,,0.0,4.9,3,4,0,-2,0,MEDIUM,-3,22.7,-2.46,-2,-2,1.2,1.25,B,"Trend 3, Momentum 4, Volume 0, Liquidity -2 (0.0cr), VolRisk MEDIUM, Sector FINANCIALS -3",6,6,6,WATCH,News 0; event caution 0; risk LOW; type ; confidence ; reason . ,-2,MEDIUM,CAUTIOUS,Nifty 20D return -3.9448571751706463; 60D return -4.281982537022666; Crude 20D change 11.414863871570024; India VIX latest; 20D change 9.84643344748708; USDINR 20D change 0.9026990410958335,2.0,NEUTRAL,6,3.2,WATCH,"Tech 6 | News 0 (, ) | Event caution 0 | Macro -2 | Sector -2 | Analytics 1.2 (B) | Risk LOW/MEDIUM | Analytics: Trend 3, Momentum 4, Volume 0, Liquidity -2 (0.0cr), VolRisk MEDIUM, Sector FINANCIALS -3",0,0,LOW,,,,,,,0,0,,,0,,0,53.8,LOW,3.58,WATCH,"AI overlay from completed recommendation outcomes; use as probability/risk input, not standalone advice."
APARINDS,2026-09-28,17263.0,38534.0,4,WATCH,46.41,-111.9026,23.89,17744.45,17042.46,,803.84,0.299,38.4,0.95,16057.24,19272.6,1.67,RSI in swing zone; MACD weak; Trend strength acceptable; Above SMA50; Bollinger position healthy,UNKNOWN,-5.32,-0.91,22.69,0.0,4.66,3,1,0,-2,0,MEDIUM,0,,,0,-2,1.2,1.5,C,"Trend 3, Momentum 1, Volume 0, Liquidity -2 (0.0cr), VolRisk MEDIUM, Sector UNKNOWN 0",4,4,4,WATCH,News 0; event caution 0; risk LOW; type ; confidence ; reason . ,-2,MEDIUM,CAUTIOUS,Nifty 20D return -3.9448571751706463; 60D return -4.281982537022666; Crude 20D change 11.414863871570024; India VIX latest; 20D change 9.84643344748708; USDINR 20D change 0.9026990410958335,2.0,NEUTRAL,4,3.2,WATCH,"Tech 4 | News 0 (, ) | Event caution 0 | Macro -2 | Sector 0 | Analytics 1.2 (C) | Risk LOW/MEDIUM | Analytics: Trend 3, Momentum 1, Volume 0, Liquidity -2 (0.0cr), VolRisk MEDIUM, Sector UNKNOWN 0",0,0,LOW,,,,,,,0,0,,,0,,0,57.0,MEDIUM,3.9,WATCH,"AI overlay from completed recommendation outcomes; use as probability/risk input, not standalone advice."
BLACKBUCK,2026-09-28,601.2,33514.0,4,WATCH,49.34,-4.4362,28.19,609.15,583.96,,27.62,0.393,30.93,0.69,559.77,670.25,1.67,RSI in swing zone; MACD weak; Trend strength acceptable; Above SMA50; Bollinger position healthy,UNKNOWN,-3.09,-0.01,13.28,0.0,4.59,3,1,0,-2,0,MEDIUM,0,,,0,-2,1.2,1.5,C,"Trend 3, Momentum 1, Volume 0, Liquidity -2 (0.0cr), VolRisk MEDIUM, Sector UNKNOWN 0",4,4,4,WATCH,News 0; event caution 0; risk LOW; type ; confidence ; reason . ,-2,MEDIUM,CAUTIOUS,Nifty 20D return -3.9448571751706463; 60D return -4.281982537022666; Crude 20D change 11.414863871570024; India VIX latest; 20D change 9.84643344748708; USDINR 20D change 0.9026990410958335,2.0,NEUTRAL,4,3.2,WATCH,"Tech 4 | News 0 (, ) | Event caution 0 | Macro -2 | Sector 0 | Analytics 1.2 (C) | Risk LOW/MEDIUM | Analytics: Trend 3, Momentum 1, Volume 0, Liquidity -2 (0.0cr), VolRisk MEDIUM, Sector UNKNOWN 0",0,0,LOW,,,,,,,0,0,,,0,,0,56.7,MEDIUM,3.87,WATCH,"AI overlay from completed recommendation outcomes; use as probability/risk input, not standalone advice."
TI,2026-09-28,561.65,30608.0,4,WATCH,52.32,-1.7636,24.96,565.71,519.03,,22.9,0.455,55.92,0.99,527.3,618.91,1.67,RSI in swing zone; MACD weak; Trend strength acceptable; Above SMA50; Bollinger position healthy,UNKNOWN,-2.26,-2.13,34.96,0.0,4.08,3,1,0,-2,0,MEDIUM,0,,,0,-2,1.2,1.5,C,"Trend 3, Momentum 1, Volume 0, Liquidity -2 (0.0cr), VolRisk MEDIUM, Sector UNKNOWN 0",4,4,4,WATCH,News 0; event caution 0; risk LOW; type ; confidence ; reason . ,-2,MEDIUM,CAUTIOUS,Nifty 20D return -3.9448571751706463; 60D return -4.281982537022666; Crude 20D change 11.414863871570024; India VIX latest; 20D change 9.84643344748708; USDINR 20D change 0.9026990410958335,2.0,NEUTRAL,4,3.2,WATCH,"Tech 4 | News 0 (, ) | Event caution 0 | Macro -2 | Sector 0 | Analytics 1.2 (C) | Risk LOW/MEDIUM | Analytics: Trend 3, Momentum 1, Volume 0, Liquidity -2 (0.0cr), VolRisk MEDIUM, Sector UNKNOWN 0",0,0,LOW,,,,,,,0,0,,,0,,0,56.5,MEDIUM,3.85,WATCH,"AI overlay from completed recommendation outcomes; use as probability/risk input, not standalone advice."
BLUEJET,2026-09-23,585.75,27868.0,4,WATCH,53.66,-6.0201,22.05,590.69,537.52,,28.21,0.428,40.37,0.79,543.44,656.27,1.67,RSI in swing zone; MACD weak; Trend strength acceptable; Above SMA50; Bollinger position healthy,UNKNOWN,-0.1,-0.64,47.43,0.0,4.82,3,1,0,-2,0,MEDIUM,0,,,0,-2,1.2,1.5,C,"Trend 3, Momentum 1, Volume 0, Liquidity -2 (0.0cr), VolRisk MEDIUM, Sector UNKNOWN 0",4,4,4,WATCH,News 0; event caution 0; risk LOW; type ; confidence ; reason . ,-2,MEDIUM,CAUTIOUS,Nifty 20D return -3.9448571751706463; 60D return -4.281982537022666; Crude 20D change 11.414863871570024; India VIX latest; 20D change 9.84643344748708; USDINR 20D change 0.9026990410958335,2.0,NEUTRAL,4,3.2,WATCH,"Tech 4 | News 0 (, ) | Event caution 0 | Macro -2 | Sector 0 | Analytics 1.2 (C) | Risk LOW/MEDIUM | Analytics: Trend 3, Momentum 1, Volume 0, Liquidity -2 (0.0cr), VolRisk MEDIUM, Sector UNKNOWN 0",0,0,LOW,,,,,,,0,0,,,0,,0,57.1,MEDIUM,3.91,WATCH,"AI overlay from completed recommendation outcomes; use as probability/risk input, not standalone advice."
RKFORGE,2026-09-28,703.1,27205.0,4,WATCH,48.72,-6.0187,25.0,721.26,677.56,,30.28,0.266,40.68,0.99,657.69,778.79,1.67,RSI in swing zone; MACD weak; Trend strength acceptable; Above SMA50; Bollinger position healthy,UNKNOWN,-1.14,-6.15,17.41,0.0,4.31,3,1,0,-2,0,MEDIUM,0,,,0,-2,1.2,1.5,C,"Trend 3, Momentum 1, Volume 0, Liquidity -2 (0.0cr), VolRisk MEDIUM, Sector UNKNOWN 0",4,4,4,WATCH,News 0; event caution 0; risk LOW; type ; confidence ; reason . ,-2,MEDIUM,CAUTIOUS,Nifty 20D return -3.9448571751706463; 60D return -4.281982537022666; Crude 20D change 11.414863871570024; India VIX latest; 20D change 9.84643344748708; USDINR 20D change 0.9026990410958335,2.0,NEUTRAL,4,3.2,WATCH,"Tech 4 | News 0 (, ) | Event caution 0 | Macro -2 | Sector 0 | Analytics 1.2 (C) | Risk LOW/MEDIUM | Analytics: Trend 3, Momentum 1, Volume 0, Liquidity -2 (0.0cr), VolRisk MEDIUM, Sector UNKNOWN 0",0,0,LOW,,,,,,,0,0,,,0,,0,57.1,MEDIUM,3.91,WATCH,"AI overlay from completed recommendation outcomes; use as probability/risk input, not standalone advice."
SJS,2026-09-21,2329.6,23530.0,4,WATCH,47.48,-23.6666,33.11,2430.59,2225.05,,113.96,0.229,21.99,0.93,2158.67,2614.49,1.67,RSI in swing zone; MACD weak; Trend strength acceptable; Above SMA50; Bollinger position healthy,UNKNOWN,-1.04,-8.01,,0.0,4.89,3,1,0,-2,0,MEDIUM,0,,,0,-2,1.2,1.5,C,"Trend 3, Momentum 1, Volume 0, Liquidity -2 (0.0cr), VolRisk MEDIUM, Sector UNKNOWN 0",4,4,4,WATCH,News 0; event caution 0; risk LOW; type ; confidence ; reason . ,-2,MEDIUM,CAUTIOUS,Nifty 20D return -3.9448571751706463; 60D return -4.281982537022666; Crude 20D change 11.414863871570024; India VIX latest; 20D change 9.84643344748708; USDINR 20D change 0.9026990410958335,2.0,NEUTRAL,4,3.2,WATCH,"Tech 4 | News 0 (, ) | Event caution 0 | Macro -2 | Sector 0 | Analytics 1.2 (C) | Risk LOW/MEDIUM | Analytics: Trend 3, Momentum 1, Volume 0, Liquidity -2 (0.0cr), VolRisk MEDIUM, Sector UNKNOWN 0",0,0,LOW,,,,,,,0,0,,,0,,0,57.0,MEDIUM,3.9,WATCH,"AI overlay from completed recommendation outcomes; use as probability/risk input, not standalone advice."
THYROCARE,2026-09-22,577.5,21666.0,4,WATCH,52.65,-5.3536,25.29,582.08,559.72,,24.34,0.457,47.79,0.68,540.99,638.35,1.67,RSI in swing zone; MACD weak; Trend strength acceptable; Above SMA50; Bollinger position healthy,UNKNOWN,1.41,-11.06,45.17,0.0,4.21,3,1,0,-2,0,MEDIUM,0,,,0,-2,1.2,1.5,C,"Trend 3, Momentum 1, Volume 0, Liquidity -2 (0.0cr), VolRisk MEDIUM, Sector UNKNOWN 0",4,4,4,WATCH,News 0; event caution 0; risk LOW; type ; confidence ; reason . ,-2,MEDIUM,CAUTIOUS,Nifty 20D return -3.9448571751706463; 60D return -4.281982537022666; Crude 20D change 11.414863871570024; India VIX latest; 20D change 9.84643344748708; USDINR 20D change 0.9026990410958335,2.0,NEUTRAL,4,3.2,WATCH,"Tech 4 | News 0 (, ) | Event caution 0 | Macro -2 | Sector 0 | Analytics 1.2 (C) | Risk LOW/MEDIUM | Analytics: Trend 3, Momentum 1, Volume 0, Liquidity -2 (0.0cr), VolRisk MEDIUM, Sector UNKNOWN 0",0,0,LOW,,,,,,,0,0,,,0,,0,56.6,MEDIUM,3.86,WATCH,"AI overlay from completed recommendation outcomes; use as probability/risk input, not standalone advice."
YATHARTH,2026-09-28,1100.4,21008.0,4,WATCH,65.44,-0.8593,59.02,1033.48,887.51,,52.17,0.661,63.29,0.36,1022.15,1230.82,1.67,MACD weak; Trend strength acceptable; Above SMA20; Above SMA50; Bollinger position healthy,UNKNOWN,-2.54,27.11,52.13,0.0,4.74,5,-1,-1,-2,0,MEDIUM,0,,,0,-2,1.15,1.5,C,"Trend 5, Momentum -1, Volume -1, Liquidity -2 (0.0cr), VolRisk MEDIUM, Sector UNKNOWN 0",4,4,4,WATCH,News 0; event caution 0; risk LOW; type ; confidence ; reason . ,-2,MEDIUM,CAUTIOUS,Nifty 20D return -3.9448571751706463; 60D return -4.281982537022666; Crude 20D change 11.414863871570024; India VIX latest; 20D change 9.84643344748708; USDINR 20D change 0.9026990410958335,2.0,NEUTRAL,4,3.15,WATCH,"Tech 4 | News 0 (, ) | Event caution 0 | Macro -2 | Sector 0 | Analytics 1.15 (C) | Risk LOW/MEDIUM | Analytics: Trend 5, Momentum -1, Volume -1, Liquidity -2 (0.0cr), VolRisk MEDIUM, Sector UNKNOWN 0",0,0,LOW,,,,,,,0,0,,,0,,0,55.7,MEDIUM,3.72,WATCH,"AI overlay from completed recommendation outcomes; use as probability/risk input, not standalone advice."
FCL,2026-09-28,57.4,87965.0,6,WATCH,57.24,-0.1317,36.66,56.76,49.81,,3.65,0.567,66.83,1.04,51.93,66.52,1.67,RSI in swing zone; MACD weak; Trend strength acceptable; Above SMA20; Above SMA50,UNKNOWN,0.02,11.43,40.34,0.0,6.36,5,2,0,-2,-1,HIGH,0,,,0,-3,2.1,1.0,B,"Trend 5, Momentum 2, Volume 0, Liquidity -2 (0.0cr), VolRisk HIGH, Sector UNKNOWN 0",6,3,3,NEUTRAL,News 0; event caution -3; risk MEDIUM; type GENERIC_NEWS; confidence LOW; reason No material catalyst/event taxonomy match.. Upcoming event caution: Record Date,-2,MEDIUM,CAUTIOUS,Nifty 20D return -3.9448571751706463; 60D return -4.281982537022666; Crude 20D change 11.414863871570024; India VIX latest; 20D change 9.84643344748708; USDINR 20D change 0.9026990410958335,1.0,NEUTRAL,6,3.1,WATCH,"Tech 6 | News 0 (GENERIC_NEWS, LOW) | Event caution -3 | Macro -2 | Sector 0 | Analytics 2.1 (B) | Risk MEDIUM/MEDIUM | Analytics: Trend 5, Momentum 2, Volume 0, Liquidity -2 (0.0cr), VolRisk HIGH, Sector UNKNOWN 0 | News logic: No material catalyst/event taxonomy match. | Upcoming event caution: Record Date",0,-3,MEDIUM,,Upcoming event caution: Record Date,General Updates,Upcoming event caution: Record Date,NSE Corporate Announcements,https://nsearchives.nseindia.com/corporate/FCL_24092026104508_Reg30IntimationAqcuisitionrevised.pdf,0,3,GENERIC_NEWS,LOW,0,No material catalyst/event taxonomy match.,0,57.9,MEDIUM,3.89,WATCH,"AI overlay from completed recommendation outcomes; use as probability/risk input, not standalone advice."
SUNPHARMA,2026-09-28,1838.0,56198.0,4,WATCH,40.78,1.5225,20.47,1856.44,1899.23,1828.7,29.26,0.262,15.75,0.8,1794.12,1911.14,1.67,RSI in swing zone; MACD bullish; Long-term trend positive; Bollinger position healthy,PHARMA,-0.45,-3.21,-6.05,0.0,1.59,1,2,0,-2,1,LOW,0,50.0,3.96,0,-1,1.0,1.5,C,"Trend 1, Momentum 2, Volume 0, Liquidity -2 (0.0cr), VolRisk LOW, Sector PHARMA 0",4,4,4,WATCH,News 0; event caution 0; risk LOW; type ; confidence ; reason . ,-2,MEDIUM,CAUTIOUS,Nifty 20D return -3.9448571751706463; 60D return -4.281982537022666; Crude 20D change 11.414863871570024; India VIX latest; 20D change 9.84643344748708; USDINR 20D change 0.9026990410958335,2.0,NEUTRAL,4,3.0,WATCH,"Tech 4 | News 0 (, ) | Event caution 0 | Macro -2 | Sector 0 | Analytics 1 (C) | Risk LOW/MEDIUM | Analytics: Trend 1, Momentum 2, Volume 0, Liquidity -2 (0.0cr), VolRisk LOW, Sector PHARMA 0",0,0,LOW,,,,,,,0,0,,,0,,0,42.1,NEGATIVE,2.21,WATCH,"AI overlay from completed recommendation outcomes; use as probability/risk input, not standalone advice."
KIRLOSENG,2026-09-28,2141.2,40302.0,4,WATCH,48.69,1.5497,16.93,2169.96,2146.18,,92.06,0.379,64.75,1.02,2003.11,2371.35,1.67,RSI in swing zone; MACD bullish; Bollinger position healthy,UNKNOWN,-0.87,-0.91,-11.31,0.0,4.3,1,3,0,-2,0,MEDIUM,0,,,0,-2,1.0,1.5,C,"Trend 1, Momentum 3, Volume 0, Liquidity -2 (0.0cr), VolRisk MEDIUM, Sector UNKNOWN 0",4,4,4,WATCH,News 0; event caution 0; risk LOW; type ; confidence ; reason . ,-2,MEDIUM,CAUTIOUS,Nifty 20D return -3.9448571751706463; 60D return -4.281982537022666; Crude 20D change 11.414863871570024; India VIX latest; 20D change 9.84643344748708; USDINR 20D change 0.9026990410958335,2.0,NEUTRAL,4,3.0,WATCH,"Tech 4 | News 0 (, ) | Event caution 0 | Macro -2 | Sector 0 | Analytics 1 (C) | Risk LOW/MEDIUM | Analytics: Trend 1, Momentum 3, Volume 0, Liquidity -2 (0.0cr), VolRisk MEDIUM, Sector UNKNOWN 0",0,0,LOW,,,,,,,0,0,,,0,,0,54.5,LOW,3.45,WATCH,"AI overlay from completed recommendation outcomes; use as probability/risk input, not standalone advice."
ONESOURCE,2026-09-21,1599.2,27018.0,4,WATCH,50.09,8.427,10.51,1570.74,1632.97,,73.87,0.771,64.96,0.82,1488.39,1783.88,1.67,RSI in swing zone; MACD bullish; Weak trend; Above SMA20,UNKNOWN,0.44,-1.27,-11.93,0.0,4.62,1,3,0,-2,0,MEDIUM,0,,,0,-2,1.0,1.5,C,"Trend 1, Momentum 3, Volume 0, Liquidity -2 (0.0cr), VolRisk MEDIUM, Sector UNKNOWN 0",4,4,4,WATCH,News 0; event caution 0; risk LOW; type ; confidence ; reason . ,-2,MEDIUM,CAUTIOUS,Nifty 20D return -3.9448571751706463; 60D return -4.281982537022666; Crude 20D change 11.414863871570024; India VIX latest; 20D change 9.84643344748708; USDINR 20D change 0.9026990410958335,2.0,NEUTRAL,4,3.0,WATCH,"Tech 4 | News 0 (, ) | Event caution 0 | Macro -2 | Sector 0 | Analytics 1 (C) | Risk LOW/MEDIUM | Analytics: Trend 1, Momentum 3, Volume 0, Liquidity -2 (0.0cr), VolRisk MEDIUM, Sector UNKNOWN 0",0,0,LOW,,,,,,,0,0,,,0,,0,55.3,MEDIUM,3.53,WATCH,"AI overlay from completed recommendation outcomes; use as probability/risk input, not standalone advice."
SETFGOLD,2026-09-28,124.97,25205.0,4,WATCH,48.95,0.3565,18.83,125.52,128.32,,4.47,0.466,36.14,1.06,118.27,136.13,1.67,RSI in swing zone; MACD bullish; Bollinger position healthy,UNKNOWN,5.6,0.52,-3.21,0.0,3.57,1,3,0,-2,0,MEDIUM,0,,,0,-2,1.0,1.5,C,"Trend 1, Momentum 3, Volume 0, Liquidity -2 (0.0cr), VolRisk MEDIUM, Sector UNKNOWN 0",4,4,4,WATCH,News 0; event caution 0; risk LOW; type ; confidence ; reason . ,-2,MEDIUM,CAUTIOUS,Nifty 20D return -3.9448571751706463; 60D return -4.281982537022666; Crude 20D change 11.414863871570024; India VIX latest; 20D change 9.84643344748708; USDINR 20D change 0.9026990410958335,2.0,NEUTRAL,4,3.0,WATCH,"Tech 4 | News 0 (, ) | Event caution 0 | Macro -2 | Sector 0 | Analytics 1 (C) | Risk LOW/MEDIUM | Analytics: Trend 1, Momentum 3, Volume 0, Liquidity -2 (0.0cr), VolRisk MEDIUM, Sector UNKNOWN 0",0,0,LOW,,,,,,,0,0,,,0,,0,55.2,MEDIUM,3.52,WATCH,"AI overlay from completed recommendation outcomes; use as probability/risk input, not standalone advice."
THELEELA,2026-09-22,537.05,24272.0,3,NEUTRAL,53.16,-4.3598,33.4,542.42,498.26,,21.61,0.429,13.34,0.79,504.63,591.08,1.67,RSI in swing zone; MACD weak; Trend strength acceptable; Above SMA50; Bollinger position healthy,UNKNOWN,-5.85,5.62,28.22,0.0,4.02,4,2,0,-2,0,MEDIUM,0,,,0,-2,2.0,1.5,C,"Trend 4, Momentum 2, Volume 0, Liquidity -2 (0.0cr), VolRisk MEDIUM, Sector UNKNOWN 0",3,3,3,NEUTRAL,News 0; event caution 0; risk LOW; type ; confidence ; reason . ,-2,MEDIUM,CAUTIOUS,Nifty 20D return -3.9448571751706463; 60D return -4.281982537022666; Crude 20D change 11.414863871570024; India VIX latest; 20D change 9.84643344748708; USDINR 20D change 0.9026990410958335,1.0,NEUTRAL,3,3.0,WATCH,"Tech 3 | News 0 (, ) | Event caution 0 | Macro -2 | Sector 0 | Analytics 2 (C) | Risk LOW/MEDIUM | Analytics: Trend 4, Momentum 2, Volume 0, Liquidity -2 (0.0cr), VolRisk MEDIUM, Sector UNKNOWN 0",0,0,LOW,,,,,,,0,0,,,0,,0,57.6,MEDIUM,3.76,WATCH,"AI overlay from completed recommendation outcomes; use as probability/risk input, not standalone advice."
SAILIFE,2026-09-28,1582.8,25883.0,4,WATCH,55.85,-7.9064,29.6,1592.0,1489.14,,49.98,0.427,56.89,0.58,1507.83,1707.75,1.67,RSI in swing zone; MACD weak; Trend strength acceptable; Above SMA50; Bollinger position healthy,PHARMA,-1.11,-0.09,25.12,0.0,3.16,3,1,-1,-2,0,MEDIUM,0,50.0,3.96,0,-2,0.95,1.5,C,"Trend 3, Momentum 1, Volume -1, Liquidity -2 (0.0cr), VolRisk MEDIUM, Sector PHARMA 0",4,4,4,WATCH,News 0; event caution 0; risk LOW; type ; confidence ; reason . ,-2,MEDIUM,CAUTIOUS,Nifty 20D return -3.9448571751706463; 60D return -4.281982537022666; Crude 20D change 11.414863871570024; India VIX latest; 20D change 9.84643344748708; USDINR 20D change 0.9026990410958335,2.0,NEUTRAL,4,2.95,NEUTRAL,"Tech 4 | News 0 (, ) | Event caution 0 | Macro -2 | Sector 0 | Analytics 0.95 (C) | Risk LOW/MEDIUM | Analytics: Trend 3, Momentum 1, Volume -1, Liquidity -2 (0.0cr), VolRisk MEDIUM, Sector PHARMA 0",0,0,LOW,,,,,,,0,0,,,0,,0,59.0,MEDIUM,3.85,NEUTRAL,"AI overlay from completed recommendation outcomes; use as probability/risk input, not standalone advice."
CYIENT,2026-09-28,1082.3,20870.0,4,WATCH,58.77,-6.7775,35.03,1089.43,967.87,,44.0,0.447,67.62,0.54,1016.31,1192.29,1.67,RSI in swing zone; MACD weak; Trend strength acceptable; Above SMA50; Bollinger position healthy,UNKNOWN,0.31,-2.27,23.38,0.0,4.07,3,1,-1,-2,0,MEDIUM,0,,,0,-2,0.95,1.5,C,"Trend 3, Momentum 1, Volume -1, Liquidity -2 (0.0cr), VolRisk MEDIUM, Sector UNKNOWN 0",4,4,4,WATCH,News 0; event caution 0; risk LOW; type ; confidence ; reason . ,-2,MEDIUM,CAUTIOUS,Nifty 20D return -3.9448571751706463; 60D return -4.281982537022666; Crude 20D change 11.414863871570024; India VIX latest; 20D change 9.84643344748708; USDINR 20D change 0.9026990410958335,2.0,NEUTRAL,4,2.95,NEUTRAL,"Tech 4 | News 0 (, ) | Event caution 0 | Macro -2 | Sector 0 | Analytics 0.95 (C) | Risk LOW/MEDIUM | Analytics: Trend 3, Momentum 1, Volume -1, Liquidity -2 (0.0cr), VolRisk MEDIUM, Sector UNKNOWN 0",0,0,LOW,,,,,,,0,0,,,0,,0,59.1,MEDIUM,3.86,NEUTRAL,"AI overlay from completed recommendation outcomes; use as probability/risk input, not standalone advice."
IKS,2026-09-27,1815.8,29614.0,8,BUY,51.65,1.5391,19.52,1801.52,1770.67,,82.4,0.562,39.41,1.05,1692.2,2021.81,1.67,RSI in swing zone; MACD bullish; Above SMA20; Above SMA50; Bollinger position healthy,UNKNOWN,2.02,-1.79,36.37,0.0,4.54,3,3,0,-2,0,MEDIUM,0,,,0,-2,1.9,1.5,B,"Trend 3, Momentum 3, Volume 0, Liquidity -2 (0.0cr), VolRisk MEDIUM, Sector UNKNOWN 0",3,3,3,WATCH_EVENT_RISK,News -5; event caution 0; risk HIGH; type GOVERNANCE_RISK; confidence HIGH; reason Material management/auditor/governance risk.. Negative catalyst: Resignation of Director/KMP/SMP,-2,MEDIUM,CAUTIOUS,Nifty 20D return -3.9448571751706463; 60D return -4.281982537022666; Crude 20D change 11.414863871570024; India VIX latest; 20D change 9.84643344748708; USDINR 20D change 0.9026990410958335,1.0,NEUTRAL,8,2.9,AVOID_EVENT_RISK,"Tech 8 | News -5 (GOVERNANCE_RISK, HIGH) | Event caution 0 | Macro -2 | Sector 0 | Analytics 1.9 (B) | Risk HIGH/MEDIUM | Negative catalyst: Resignation of Director/KMP/SMP | Analytics: Trend 3, Momentum 3, Volume 0, Liquidity -2 (0.0cr), VolRisk MEDIUM, Sector UNKNOWN 0 | News logic: Material management/auditor/governance risk.",-5,0,HIGH,Negative catalyst: Resignation of Director/KMP/SMP,,Resignation of Director/KMP/SMP,Negative catalyst: Resignation of Director/KMP/SMP,NSE Corporate Announcements,https://nsearchives.nseindia.com/corporate/IKS_ROID_97889_KMP_Doc.zip,5,0,GOVERNANCE_RISK,HIGH,3,Material management/auditor/governance risk.,0,62.0,MEDIUM,4.1,AVOID_EVENT_RISK,"AI overlay from completed recommendation outcomes; use as probability/risk input, not standalone advice."
CCAVENUE,2026-09-22,16.11,30770.0,4,WATCH,45.51,-0.1256,26.99,16.82,16.06,,1.1,0.267,31.01,0.65,14.46,18.86,1.67,RSI in swing zone; MACD weak; Trend strength acceptable; Above SMA50; Bollinger position healthy,UNKNOWN,2.61,-6.93,,0.0,6.83,3,1,0,-2,-1,HIGH,0,,,0,-3,0.85,1.0,C,"Trend 3, Momentum 1, Volume 0, Liquidity -2 (0.0cr), VolRisk HIGH, Sector UNKNOWN 0",4,4,4,WATCH,News 0; event caution 0; risk LOW; type ; confidence ; reason . ,-2,MEDIUM,CAUTIOUS,Nifty 20D return -3.9448571751706463; 60D return -4.281982537022666; Crude 20D change 11.414863871570024; India VIX latest; 20D change 9.84643344748708; USDINR 20D change 0.9026990410958335,2.0,NEUTRAL,4,2.85,NEUTRAL,"Tech 4 | News 0 (, ) | Event caution 0 | Macro -2 | Sector 0 | Analytics 0.85 (C) | Risk LOW/MEDIUM | Analytics: Trend 3, Momentum 1, Volume 0, Liquidity -2 (0.0cr), VolRisk HIGH, Sector UNKNOWN 0",0,0,LOW,,,,,,,0,0,,,0,,0,63.5,MEDIUM,4.2,NEUTRAL,"AI overlay from completed recommendation outcomes; use as probability/risk input, not standalone advice."
PRECWIRE,2026-09-28,480.65,28169.0,4,WATCH,52.83,-0.3456,23.7,481.59,450.55,,28.17,0.485,61.79,0.84,438.39,551.08,1.67,RSI in swing zone; MACD weak; Trend strength acceptable; Above SMA50; Bollinger position healthy,UNKNOWN,-2.13,-5.26,27.53,0.0,5.86,3,1,0,-2,-1,HIGH,0,,,0,-3,0.85,1.0,C,"Trend 3, Momentum 1, Volume 0, Liquidity -2 (0.0cr), VolRisk HIGH, Sector UNKNOWN 0",4,4,4,WATCH,News 0; event caution 0; risk LOW; type ; confidence ; reason . ,-2,MEDIUM,CAUTIOUS,Nifty 20D return -3.9448571751706463; 60D return -4.281982537022666; Crude 20D change 11.414863871570024; India VIX latest; 20D change 9.84643344748708; USDINR 20D change 0.9026990410958335,2.0,NEUTRAL,4,2.85,NEUTRAL,"Tech 4 | News 0 (, ) | Event caution 0 | Macro -2 | Sector 0 | Analytics 0.85 (C) | Risk LOW/MEDIUM | Analytics: Trend 3, Momentum 1, Volume 0, Liquidity -2 (0.0cr), VolRisk HIGH, Sector UNKNOWN 0",0,0,LOW,,,,,,,0,0,,,0,,0,61.2,MEDIUM,3.97,NEUTRAL,"AI overlay from completed recommendation outcomes; use as probability/risk input, not standalone advice."
AEROFLEX,2026-09-28,513.4,23270.0,4,WATCH,48.4,-6.2268,29.82,536.93,489.56,,28.62,0.274,44.42,0.67,470.47,584.95,1.67,RSI in swing zone; MACD weak; Trend strength acceptable; Above SMA50; Bollinger position healthy,UNKNOWN,3.18,-5.29,10.02,0.0,5.57,3,1,0,-2,-1,HIGH,0,,,0,-3,0.85,1.0,C,"Trend 3, Momentum 1, Volume 0, Liquidity -2 (0.0cr), VolRisk HIGH, Sector UNKNOWN 0",4,4,4,WATCH,News 0; event caution 0; risk LOW; type ; confidence ; reason . ,-2,MEDIUM,CAUTIOUS,Nifty 20D return -3.9448571751706463; 60D return -4.281982537022666; Crude 20D change 11.414863871570024; India VIX latest; 20D change 9.84643344748708; USDINR 20D change 0.9026990410958335,2.0,NEUTRAL,4,2.85,NEUTRAL,"Tech 4 | News 0 (, ) | Event caution 0 | Macro -2 | Sector 0 | Analytics 0.85 (C) | Risk LOW/MEDIUM | Analytics: Trend 3, Momentum 1, Volume 0, Liquidity -2 (0.0cr), VolRisk HIGH, Sector UNKNOWN 0",0,0,LOW,,,,,,,0,0,,,0,,0,61.1,MEDIUM,3.96,NEUTRAL,"AI overlay from completed recommendation outcomes; use as probability/risk input, not standalone advice."
RELIGARE,2026-09-24,240.32,19977.0,4,WATCH,46.16,-1.6501,23.01,254.68,235.67,,12.72,0.277,25.13,0.61,221.25,272.11,1.67,RSI in swing zone; MACD weak; Trend strength acceptable; Above SMA50; Bollinger position healthy,UNKNOWN,-1.02,-2.18,5.76,0.0,5.29,3,1,0,-2,-1,HIGH,0,,,0,-3,0.85,1.0,C,"Trend 3, Momentum 1, Volume 0, Liquidity -2 (0.0cr), VolRisk HIGH, Sector UNKNOWN 0",4,4,4,WATCH,News 0; event caution 0; risk LOW; type ; confidence ; reason . ,-2,MEDIUM,CAUTIOUS,Nifty 20D return -3.9448571751706463; 60D return -4.281982537022666; Crude 20D change 11.414863871570024; India VIX latest; 20D change 9.84643344748708; USDINR 20D change 0.9026990410958335,2.0,NEUTRAL,4,2.85,NEUTRAL,"Tech 4 | News 0 (, ) | Event caution 0 | Macro -2 | Sector 0 | Analytics 0.85 (C) | Risk LOW/MEDIUM | Analytics: Trend 3, Momentum 1, Volume 0, Liquidity -2 (0.0cr), VolRisk HIGH, Sector UNKNOWN 0",0,0,LOW,,,,,,,0,0,,,0,,0,61.2,MEDIUM,3.97,NEUTRAL,"AI overlay from completed recommendation outcomes; use as probability/risk input, not standalone advice."
FINCABLES,2026-09-28,1408.1,26980.0,6,WATCH,55.49,-2.159,42.02,1393.1,1277.58,,68.12,0.551,54.8,0.42,1305.92,1578.4,1.67,RSI in swing zone; MACD weak; Trend strength acceptable; Above SMA20; Above SMA50,FINANCIALS,-4.09,15.4,26.12,0.0,4.84,5,1,-1,-2,0,MEDIUM,-3,22.7,-2.46,-2,-2,0.8,1.25,C,"Trend 5, Momentum 1, Volume -1, Liquidity -2 (0.0cr), VolRisk MEDIUM, Sector FINANCIALS -3",6,6,6,WATCH,News 0; event caution 0; risk LOW; type ; confidence ; reason . ,-2,MEDIUM,CAUTIOUS,Nifty 20D return -3.9448571751706463; 60D return -4.281982537022666; Crude 20D change 11.414863871570024; India VIX latest; 20D change 9.84643344748708; USDINR 20D change 0.9026990410958335,2.0,NEUTRAL,6,2.8,NEUTRAL,"Tech 6 | News 0 (, ) | Event caution 0 | Macro -2 | Sector -2 | Analytics 0.8 (C) | Risk LOW/MEDIUM | Analytics: Trend 5, Momentum 1, Volume -1, Liquidity -2 (0.0cr), VolRisk MEDIUM, Sector FINANCIALS -3",0,0,LOW,,,,,,,0,0,,,0,,0,59.3,MEDIUM,3.73,NEUTRAL,"AI overlay from completed recommendation outcomes; use as probability/risk input, not standalone advice."
TBOTEK,2026-09-22,1703.7,31975.0,3,NEUTRAL,66.5,-1.1581,40.34,1617.02,1427.89,,78.61,0.745,80.76,0.97,1585.79,1900.22,1.67,MACD weak; Trend strength acceptable; Above SMA20; Above SMA50; Bollinger position healthy,UNKNOWN,-2.37,17.01,,0.0,4.61,5,0,0,-2,0,MEDIUM,0,,,0,-2,1.75,1.5,C,"Trend 5, Momentum 0, Volume 0, Liquidity -2 (0.0cr), VolRisk MEDIUM, Sector UNKNOWN 0",3,3,3,NEUTRAL,News 0; event caution 0; risk LOW; type ; confidence ; reason . ,-2,MEDIUM,CAUTIOUS,Nifty 20D return -3.9448571751706463; 60D return -4.281982537022666; Crude 20D change 11.414863871570024; India VIX latest; 20D change 9.84643344748708; USDINR 20D change 0.9026990410958335,1.0,NEUTRAL,3,2.75,NEUTRAL,"Tech 3 | News 0 (, ) | Event caution 0 | Macro -2 | Sector 0 | Analytics 1.75 (C) | Risk LOW/MEDIUM | Analytics: Trend 5, Momentum 0, Volume 0, Liquidity -2 (0.0cr), VolRisk MEDIUM, Sector UNKNOWN 0",0,0,LOW,,,,,,,0,0,,,0,,0,59.8,MEDIUM,3.73,NEUTRAL,"AI overlay from completed recommendation outcomes; use as probability/risk input, not standalone advice."
KPIGREEN,2026-09-28,357.35,138224.0,5,WATCH,59.5,9.6333,38.66,313.89,360.97,,17.56,0.95,87.51,2.59,331.01,401.24,1.67,RSI in swing zone; MACD bullish; Trend strength acceptable; Above SMA20; Near upper Bollinger band,POWER,3.15,12.02,-20.23,0.0,4.91,3,4,2,-2,0,MEDIUM,-3,13.6,-0.99,-2,-2,1.7,1.25,C,"Trend 3, Momentum 4, Volume 2, Liquidity -2 (0.0cr), VolRisk MEDIUM, Sector POWER -3",5,5,5,WATCH,News 0; event caution 0; risk LOW; type ; confidence ; reason . ,-2,MEDIUM,CAUTIOUS,Nifty 20D return -3.9448571751706463; 60D return -4.281982537022666; Crude 20D change 11.414863871570024; India VIX latest; 20D change 9.84643344748708; USDINR 20D change 0.9026990410958335,1.0,NEUTRAL,5,2.7,NEUTRAL,"Tech 5 | News 0 (, ) | Event caution 0 | Macro -2 | Sector -2 | Analytics 1.7 (C) | Risk LOW/MEDIUM | Analytics: Trend 3, Momentum 4, Volume 2, Liquidity -2 (0.0cr), VolRisk MEDIUM, Sector POWER -3",0,0,LOW,,,,,,,0,0,,,0,,0,58.5,MEDIUM,3.55,NEUTRAL,"AI overlay from completed recommendation outcomes; use as probability/risk input, not standalone advice."
GPPL,2026-09-28,159.88,21578.0,3,NEUTRAL,47.54,-0.5813,22.7,163.66,158.06,,4.58,0.203,5.98,0.72,153.01,171.34,1.67,RSI in swing zone; MACD weak; Trend strength acceptable; Above SMA50; Bollinger position healthy,UNKNOWN,-0.89,0.76,2.45,0.0,2.87,4,1,0,-2,0,MEDIUM,0,,,0,-2,1.65,1.5,C,"Trend 4, Momentum 1, Volume 0, Liquidity -2 (0.0cr), VolRisk MEDIUM, Sector UNKNOWN 0",3,3,3,NEUTRAL,News 0; event caution 0; risk LOW; type ; confidence ; reason . ,-2,MEDIUM,CAUTIOUS,Nifty 20D return -3.9448571751706463; 60D return -4.281982537022666; Crude 20D change 11.414863871570024; India VIX latest; 20D change 9.84643344748708; USDINR 20D change 0.9026990410958335,1.0,NEUTRAL,3,2.65,NEUTRAL,"Tech 3 | News 0 (, ) | Event caution 0 | Macro -2 | Sector 0 | Analytics 1.65 (C) | Risk LOW/MEDIUM | Analytics: Trend 4, Momentum 1, Volume 0, Liquidity -2 (0.0cr), VolRisk MEDIUM, Sector UNKNOWN 0",0,0,LOW,,,,,,,0,0,,,0,,0,58.0,MEDIUM,3.45,NEUTRAL,"AI overlay from completed recommendation outcomes; use as probability/risk input, not standalone advice."
OMNI,2026-09-22,562.5,33046.0,4,WATCH,50.76,-6.5201,31.38,579.02,538.9,,43.82,0.404,47.97,0.38,496.76,672.06,1.67,RSI in swing zone; MACD weak; Trend strength acceptable; Above SMA50; Bollinger position healthy,UNKNOWN,5.22,-6.61,33.69,0.0,7.79,3,1,-1,-2,-1,HIGH,0,,,0,-3,0.6,1.0,C,"Trend 3, Momentum 1, Volume -1, Liquidity -2 (0.0cr), VolRisk HIGH, Sector UNKNOWN 0",4,4,4,WATCH,News 0; event caution 0; risk LOW; type ; confidence ; reason . ,-2,MEDIUM,CAUTIOUS,Nifty 20D return -3.9448571751706463; 60D return -4.281982537022666; Crude 20D change 11.414863871570024; India VIX latest; 20D change 9.84643344748708; USDINR 20D change 0.9026990410958335,2.0,NEUTRAL,4,2.6,NEUTRAL,"Tech 4 | News 0 (, ) | Event caution 0 | Macro -2 | Sector 0 | Analytics 0.6 (C) | Risk LOW/MEDIUM | Analytics: Trend 3, Momentum 1, Volume -1, Liquidity -2 (0.0cr), VolRisk HIGH, Sector UNKNOWN 0",0,0,LOW,,,,,,,0,0,,,0,,0,65.4,HIGH,4.14,NEUTRAL,"AI overlay from completed recommendation outcomes; use as probability/risk input, not standalone advice."
JAYNECOIND,2026-09-21,91.6,19999.0,4,WATCH,47.32,-0.8427,22.28,94.8,91.25,,4.67,0.346,31.98,0.42,84.59,103.28,1.67,RSI in swing zone; MACD weak; Trend strength acceptable; Above SMA50; Bollinger position healthy,UNKNOWN,2.15,-1.51,-7.34,0.0,5.1,3,1,-1,-2,-1,HIGH,0,,,0,-3,0.6,1.0,C,"Trend 3, Momentum 1, Volume -1, Liquidity -2 (0.0cr), VolRisk HIGH, Sector UNKNOWN 0",4,4,4,WATCH,News 0; event caution 0; risk LOW; type ; confidence ; reason . ,-2,MEDIUM,CAUTIOUS,Nifty 20D return -3.9448571751706463; 60D return -4.281982537022666; Crude 20D change 11.414863871570024; India VIX latest; 20D change 9.84643344748708; USDINR 20D change 0.9026990410958335,2.0,NEUTRAL,4,2.6,NEUTRAL,"Tech 4 | News 0 (, ) | Event caution 0 | Macro -2 | Sector 0 | Analytics 0.6 (C) | Risk LOW/MEDIUM | Analytics: Trend 3, Momentum 1, Volume -1, Liquidity -2 (0.0cr), VolRisk HIGH, Sector UNKNOWN 0",0,0,LOW,,,,,,,0,0,,,0,,0,62.1,MEDIUM,3.81,NEUTRAL,"AI overlay from completed recommendation outcomes; use as probability/risk input, not standalone advice."
KIMS,2026-09-27,780.15,23360.0,4,WATCH,47.69,2.4656,21.75,781.57,797.94,,24.55,0.481,45.05,0.7,743.33,841.52,1.67,RSI in swing zone; MACD bullish; Bollinger position healthy,UNKNOWN,1.73,-4.05,2.23,0.0,3.15,0,3,0,-2,0,MEDIUM,0,,,0,-2,0.55,1.5,C,"Trend 0, Momentum 3, Volume 0, Liquidity -2 (0.0cr), VolRisk MEDIUM, Sector UNKNOWN 0",4,4,4,WATCH,News 0; event caution 0; risk LOW; type ; confidence ; reason . ,-2,MEDIUM,CAUTIOUS,Nifty 20D return -3.9448571751706463; 60D return -4.281982537022666; Crude 20D change 11.414863871570024; India VIX latest; 20D change 9.84643344748708; USDINR 20D change 0.9026990410958335,2.0,NEUTRAL,4,2.55,NEUTRAL,"Tech 4 | News 0 (, ) | Event caution 0 | Macro -2 | Sector 0 | Analytics 0.55 (C) | Risk LOW/MEDIUM | Analytics: Trend 0, Momentum 3, Volume 0, Liquidity -2 (0.0cr), VolRisk MEDIUM, Sector UNKNOWN 0",0,0,LOW,,,,,,,0,0,,,0,,0,58.6,MEDIUM,3.41,NEUTRAL,"AI overlay from completed recommendation outcomes; use as probability/risk input, not standalone advice."
IGIL,2026-09-27,330.55,20840.0,4,WATCH,46.05,0.7746,19.58,335.7,346.01,,13.28,0.421,58.38,0.74,310.64,363.74,1.67,RSI in swing zone; MACD bullish; Bollinger position healthy,UNKNOWN,-0.12,-6.48,-0.65,0.0,4.02,0,3,0,-2,0,MEDIUM,0,,,0,-2,0.55,1.5,C,"Trend 0, Momentum 3, Volume 0, Liquidity -2 (0.0cr), VolRisk MEDIUM, Sector UNKNOWN 0",4,4,4,WATCH,News 0; event caution 0; risk LOW; type ; confidence ; reason . ,-2,MEDIUM,CAUTIOUS,Nifty 20D return -3.9448571751706463; 60D return -4.281982537022666; Crude 20D change 11.414863871570024; India VIX latest; 20D change 9.84643344748708; USDINR 20D change 0.9026990410958335,2.0,NEUTRAL,4,2.55,NEUTRAL,"Tech 4 | News 0 (, ) | Event caution 0 | Macro -2 | Sector 0 | Analytics 0.55 (C) | Risk LOW/MEDIUM | Analytics: Trend 0, Momentum 3, Volume 0, Liquidity -2 (0.0cr), VolRisk MEDIUM, Sector UNKNOWN 0",0,0,LOW,,,,,,,0,0,,,0,,0,60.0,MEDIUM,3.55,NEUTRAL,"AI overlay from completed recommendation outcomes; use as probability/risk input, not standalone advice."
SAPPHIRE,2026-09-21,238.37,78513.0,5,WATCH,62.12,-1.5281,23.59,234.8,213.38,,10.82,0.603,50.32,2.61,222.14,265.42,1.67,MACD weak; Trend strength acceptable; Above SMA20; Above SMA50; Bollinger position healthy,QSR,6.36,2.75,37.31,0.0,4.54,5,1,2,-2,0,MEDIUM,-3,33.3,-1.49,-2,-2,1.55,1.25,C,"Trend 5, Momentum 1, Volume 2, Liquidity -2 (0.0cr), VolRisk MEDIUM, Sector QSR -3",5,5,5,WATCH,News 0; event caution 0; risk LOW; type ; confidence ; reason . ,-2,MEDIUM,CAUTIOUS,Nifty 20D return -3.9448571751706463; 60D return -4.281982537022666; Crude 20D change 11.414863871570024; India VIX latest; 20D change 9.84643344748708; USDINR 20D change 0.9026990410958335,1.0,NEUTRAL,5,2.55,NEUTRAL,"Tech 5 | News 0 (, ) | Event caution 0 | Macro -2 | Sector -2 | Analytics 1.55 (C) | Risk LOW/MEDIUM | Analytics: Trend 5, Momentum 1, Volume 2, Liquidity -2 (0.0cr), VolRisk MEDIUM, Sector QSR -3",0,0,LOW,,,,,,,0,0,,,0,,0,60.3,MEDIUM,3.58,NEUTRAL,"AI overlay from completed recommendation outcomes; use as probability/risk input, not standalone advice."
EXICOM,2026-09-16,162.72,26147.0,4,WATCH,46.88,-0.4474,22.94,170.43,161.79,,13.72,0.282,38.73,0.8,142.14,197.02,1.67,RSI in swing zone; MACD weak; Trend strength acceptable; Above SMA50; Bollinger position healthy,UNKNOWN,-8.51,-5.22,,0.0,8.43,3,1,0,-2,-2,VERY_HIGH,0,,,0,-3,0.5,1.0,C,"Trend 3, Momentum 1, Volume 0, Liquidity -2 (0.0cr), VolRisk VERY_HIGH, Sector UNKNOWN 0",4,4,4,WATCH,News 0; event caution 0; risk LOW; type ; confidence ; reason . ,-2,MEDIUM,CAUTIOUS,Nifty 20D return -3.9448571751706463; 60D return -4.281982537022666; Crude 20D change 11.414863871570024; India VIX latest; 20D change 9.84643344748708; USDINR 20D change 0.9026990410958335,2.0,NEUTRAL,4,2.5,NEUTRAL,"Tech 4 | News 0 (, ) | Event caution 0 | Macro -2 | Sector 0 | Analytics 0.5 (C) | Risk LOW/MEDIUM | Analytics: Trend 3, Momentum 1, Volume 0, Liquidity -2 (0.0cr), VolRisk VERY_HIGH, Sector UNKNOWN 0",0,0,LOW,,,,,,,0,0,,,0,,0,64.3,MEDIUM,3.93,NEUTRAL,"AI overlay from completed recommendation outcomes; use as probability/risk input, not standalone advice."
IREDA,2026-09-28,114.82,87685.0,6,WATCH,53.2,0.5212,15.92,112.43,116.17,122.74,3.19,0.797,74.27,2.71,110.03,122.8,1.67,RSI in swing zone; MACD bullish; Above SMA20; Volume expansion,UNKNOWN,3.44,-1.88,-9.16,0.0,2.78,1,3,2,-2,0,MEDIUM,0,,,0,-2,1.5,1.5,B,"Trend 1, Momentum 3, Volume 2, Liquidity -2 (0.0cr), VolRisk MEDIUM, Sector UNKNOWN 0",6,3,3,NEUTRAL,"News 0; event caution -3; risk MEDIUM; type GENERIC_NEWS; confidence LOW; reason No material catalyst/event taxonomy match.. Upcoming event caution: IREDA Q1 Results Today: Time, Earnings Call, Dividend, What To Watch, Share Price - NDTV Profit",-2,MEDIUM,CAUTIOUS,Nifty 20D return -3.9448571751706463; 60D return -4.281982537022666; Crude 20D change 11.414863871570024; India VIX latest; 20D change 9.84643344748708; USDINR 20D change 0.9026990410958335,1.0,NEUTRAL,6,2.5,NEUTRAL,"Tech 6 | News 0 (GENERIC_NEWS, LOW) | Event caution -3 | Macro -2 | Sector 0 | Analytics 1.5 (B) | Risk MEDIUM/MEDIUM | Analytics: Trend 1, Momentum 3, Volume 2, Liquidity -2 (0.0cr), VolRisk MEDIUM, Sector UNKNOWN 0 | News logic: No material catalyst/event taxonomy match. | Upcoming event caution: IREDA Q1 Results Today: Time, Earnings Call, Dividend, What To Watch, Share Price - NDTV Profit",0,-3,MEDIUM,,"Upcoming event caution: IREDA Q1 Results Today: Time, Earnings Call, Dividend, What To Watch, Share Price - NDTV Profit",Change in Auditors,"Upcoming event caution: IREDA Q1 Results Today: Time, Earnings Call, Dividend, What To Watch, Share Price - NDTV Profit",NSE Corporate Announcements,https://nsearchives.nseindia.com/corporate/IREDAEQ_25092026190353_IntimationofJointAuditorAppointment.pdf,0,3,GENERIC_NEWS,LOW,0,No material catalyst/event taxonomy match.,0,60.2,MEDIUM,3.52,NEUTRAL,"AI overlay from completed recommendation outcomes; use as probability/risk input, not standalone advice."
NTPCGREEN,2026-09-28,92.21,25462.0,6,WATCH,50.39,0.5962,18.99,90.99,92.82,,2.49,0.622,63.15,0.7,88.48,98.43,1.67,RSI in swing zone; MACD bullish; Above SMA20; Bollinger position healthy,POWER,-1.18,2.42,-5.01,0.0,2.7,2,3,0,-2,0,MEDIUM,-3,13.6,-0.99,-2,-2,0.4,1.25,C,"Trend 2, Momentum 3, Volume 0, Liquidity -2 (0.0cr), VolRisk MEDIUM, Sector POWER -3",6,6,6,WATCH,News 0; event caution 0; risk LOW; type ; confidence ; reason . ,-2,MEDIUM,CAUTIOUS,Nifty 20D return -3.9448571751706463; 60D return -4.281982537022666; Crude 20D change 11.414863871570024; India VIX latest; 20D change 9.84643344748708; USDINR 20D change 0.9026990410958335,2.0,NEUTRAL,6,2.4,NEUTRAL,"Tech 6 | News 0 (, ) | Event caution 0 | Macro -2 | Sector -2 | Analytics 0.4 (C) | Risk LOW/MEDIUM | Analytics: Trend 2, Momentum 3, Volume 0, Liquidity -2 (0.0cr), VolRisk MEDIUM, Sector POWER -3",0,0,LOW,,,,,,,0,0,,,0,,0,60.9,MEDIUM,3.49,NEUTRAL,"AI overlay from completed recommendation outcomes; use as probability/risk input, not standalone advice."
UNITDSPR,2026-09-28,1415.4,21909.0,6,WATCH,42.23,0.6718,36.33,1435.57,1468.77,1362.49,28.75,0.389,45.81,0.83,1372.27,1487.28,1.67,RSI in swing zone; MACD bullish; Trend strength acceptable; Long-term trend positive; Bollinger position healthy,FMCG,1.32,-8.0,1.59,0.0,2.03,2,2,0,-2,1,LOW,-3,33.3,-0.2,-2,-1,0.4,1.25,C,"Trend 2, Momentum 2, Volume 0, Liquidity -2 (0.0cr), VolRisk LOW, Sector FMCG -3",6,6,6,WATCH,News 0; event caution 0; risk LOW; type ; confidence ; reason . ,-2,MEDIUM,CAUTIOUS,Nifty 20D return -3.9448571751706463; 60D return -4.281982537022666; Crude 20D change 11.414863871570024; India VIX latest; 20D change 9.84643344748708; USDINR 20D change 0.9026990410958335,2.0,NEUTRAL,6,2.4,NEUTRAL,"Tech 6 | News 0 (, ) | Event caution 0 | Macro -2 | Sector -2 | Analytics 0.4 (C) | Risk LOW/MEDIUM | Analytics: Trend 2, Momentum 2, Volume 0, Liquidity -2 (0.0cr), VolRisk LOW, Sector FMCG -3",0,0,LOW,,,,,,,0,0,,,0,,0,51.0,LOW,2.5,NEUTRAL,"AI overlay from completed recommendation outcomes; use as probability/risk input, not standalone advice."
QPOWER,2026-09-24,1500.1,20518.0,5,WATCH,64.6,12.6874,25.72,1326.78,1238.35,,95.96,0.791,87.71,0.66,1356.16,1740.01,1.67,MACD bullish; Trend strength acceptable; Above SMA20; Above SMA50,POWER,5.16,17.27,79.75,0.0,6.4,5,3,0,-2,-1,HIGH,-3,13.6,-0.99,-2,-3,1.4,0.75,C,"Trend 5, Momentum 3, Volume 0, Liquidity -2 (0.0cr), VolRisk HIGH, Sector POWER -3",5,5,5,WATCH,News 0; event caution 0; risk LOW; type ; confidence ; reason . ,-2,MEDIUM,CAUTIOUS,Nifty 20D return -3.9448571751706463; 60D return -4.281982537022666; Crude 20D change 11.414863871570024; India VIX latest; 20D change 9.84643344748708; USDINR 20D change 0.9026990410958335,1.0,NEUTRAL,5,2.4,NEUTRAL,"Tech 5 | News 0 (, ) | Event caution 0 | Macro -2 | Sector -2 | Analytics 1.4 (C) | Risk LOW/MEDIUM | Analytics: Trend 5, Momentum 3, Volume 0, Liquidity -2 (0.0cr), VolRisk HIGH, Sector POWER -3",0,0,LOW,,,,,,,0,0,,,0,,0,61.5,MEDIUM,3.55,NEUTRAL,"AI overlay from completed recommendation outcomes; use as probability/risk input, not standalone advice."
MANYAVAR,2026-09-20,544.25,54334.0,7,BUY,57.79,-3.0985,44.66,543.09,468.64,,27.57,0.513,29.58,1.72,502.89,613.19,1.67,RSI in swing zone; MACD weak; Trend strength acceptable; Above SMA20; Above SMA50,UNKNOWN,-0.48,8.77,58.95,0.0,5.07,5,2,1,-2,-1,HIGH,0,,,0,-3,2.35,1.0,B,"Trend 5, Momentum 2, Volume 1, Liquidity -2 (0.0cr), VolRisk HIGH, Sector UNKNOWN 0",2,2,2,WATCH_EVENT_RISK,News -5; event caution 0; risk HIGH; type GOVERNANCE_RISK; confidence HIGH; reason Material management/auditor/governance risk.. Negative catalyst: Resignation of Director/KMP/SMP,-2,MEDIUM,CAUTIOUS,Nifty 20D return -3.9448571751706463; 60D return -4.281982537022666; Crude 20D change 11.414863871570024; India VIX latest; 20D change 9.84643344748708; USDINR 20D change 0.9026990410958335,0.0,NEUTRAL,7,2.35,AVOID_EVENT_RISK,"Tech 7 | News -5 (GOVERNANCE_RISK, HIGH) | Event caution 0 | Macro -2 | Sector 0 | Analytics 2.35 (B) | Risk HIGH/MEDIUM | Negative catalyst: Resignation of Director/KMP/SMP | Analytics: Trend 5, Momentum 2, Volume 1, Liquidity -2 (0.0cr), VolRisk HIGH, Sector UNKNOWN 0 | News logic: Material management/auditor/governance risk.",-5,0,HIGH,Negative catalyst: Resignation of Director/KMP/SMP,,Resignation of Director/KMP/SMP,Negative catalyst: Resignation of Director/KMP/SMP,NSE Corporate Announcements,https://nsearchives.nseindia.com/corporate/MANYAVAR_ROID_98448_KMP_Doc.zip,2,0,GOVERNANCE_RISK,HIGH,3,Material management/auditor/governance risk.,0,62.8,MEDIUM,3.63,AVOID_EVENT_RISK,"AI overlay from completed recommendation outcomes; use as probability/risk input, not standalone advice."
OBEROIRLTY,2026-09-28,1830.0,37241.0,6,WATCH,51.76,10.2692,17.94,1804.47,1830.27,,53.37,0.6,76.27,1.08,1749.94,1963.44,1.67,RSI in swing zone; MACD bullish; Above SMA20; Bollinger position healthy,REALTY,-0.85,-1.93,-6.32,0.0,2.92,1,3,0,-2,0,MEDIUM,-2,50.0,-0.92,-2,-2,0.3,1.25,C,"Trend 1, Momentum 3, Volume 0, Liquidity -2 (0.0cr), VolRisk MEDIUM, Sector REALTY -2",6,6,6,WATCH,News 0; event caution 0; risk LOW; type ; confidence ; reason . ,-2,MEDIUM,CAUTIOUS,Nifty 20D return -3.9448571751706463; 60D return -4.281982537022666; Crude 20D change 11.414863871570024; India VIX latest; 20D change 9.84643344748708; USDINR 20D change 0.9026990410958335,2.0,NEUTRAL,6,2.3,NEUTRAL,"Tech 6 | News 0 (, ) | Event caution 0 | Macro -2 | Sector -2 | Analytics 0.3 (C) | Risk LOW/MEDIUM | Analytics: Trend 1, Momentum 3, Volume 0, Liquidity -2 (0.0cr), VolRisk MEDIUM, Sector REALTY -2",0,0,LOW,,,,,,,0,0,,,0,,0,58.8,MEDIUM,3.18,NEUTRAL,"AI overlay from completed recommendation outcomes; use as probability/risk input, not standalone advice."
VOLTAMP,2026-08-25,10974.0,17425.0,7,BUY,58.55,103.3699,21.92,10088.23,10064.35,,714.48,0.887,73.63,0.35,9902.27,12760.21,1.67,RSI in swing zone; MACD bullish; Above SMA20; Above SMA50,UNKNOWN,9.51,-12.35,,0.0,6.51,3,3,-1,-2,-1,HIGH,0,,,0,-3,1.3,1.0,B,"Trend 3, Momentum 3, Volume -1, Liquidity -2 (0.0cr), VolRisk HIGH, Sector UNKNOWN 0",5,3,3,WATCH_EVENT_CAUTION,News -2; event caution -2; risk MEDIUM; type RESULTS_NEGATIVE; confidence HIGH; reason Weak reported result or guidance cut.. Negative catalyst: Voltamp Transformers hits 20% lower circuit on weak Q4; profit falls 50% - Business Standard,-2,MEDIUM,CAUTIOUS,Nifty 20D return -3.9448571751706463; 60D return -4.281982537022666; Crude 20D change 11.414863871570024; India VIX latest; 20D change 9.84643344748708; USDINR 20D change 0.9026990410958335,1.0,NEUTRAL,7,2.3,NEUTRAL,"Tech 7 | News -2 (RESULTS_NEGATIVE, HIGH) | Event caution -2 | Macro -2 | Sector 0 | Analytics 1.3 (B) | Risk MEDIUM/MEDIUM | Negative catalyst: Voltamp Transformers hits 20% lower circuit on weak Q4; profit falls 50% - Business Standard | Analytics: Trend 3, Momentum 3, Volume -1, Liquidity -2 (0.0cr), VolRisk HIGH, Sector UNKNOWN 0 | News logic: Weak reported result or guidance cut. | Upcoming event caution: Outcome of Board Meeting",-2,-2,MEDIUM,Negative catalyst: Voltamp Transformers hits 20% lower circuit on weak Q4; profit falls 50% - Business Standard,Upcoming event caution: Outcome of Board Meeting,Voltamp Transformers hits 20% lower circuit on weak Q4; profit falls 50% - Business Standard,Negative catalyst: Voltamp Transformers hits 20% lower circuit on weak Q4; profit falls 50% - Business Standard,Business Standard,https://news.google.com/rss/articles/CBMi0gFBVV95cUxQeHdKenNZdGp6dlRhVWplU2RfS2VMQkIzUUZobGxqMC0yTEZqM0dpYnpSUzJoTDcxUmx0cWZyNXNqNjMtS2JpTWFRVk1OWFNQZHlVaDhPYTZaMk40Z3V6a0FPMzFfVWJWU3pEQS1UZ2FmRDZ5RHJxYmRBUGRMSzg0UWYzZzZqVDlkOWZWZXQxLVdXRi1lRWkteUFhOVhjU2NZXzh1cWo4WG9PLWNJRnkzS2V5VEZvTFJGOHVFUmpOSTJhblNFMDlHS3FpRG1HWFc1N0HSAdcBQVVfeXFMUGZpeE9uRUZOQkVnbDBHaTJlRUJHTW1UOE1UNUFZZF9qTm9GbDM5X01ZYnBQUEVSTDZUMElFVThnU25Oc3g2WFJoYTZiZHduVFd3eU5DdDdZUHl5XzNFdnV0OFJjRWNkRGlRM3FYZG5LMThkdE1fa2FkVUFYNGM4MlR1aFdqZTlqYTlOM0liVERPdG1qUy0wMER0UVdqTm9mQkF6SHd6bkk1S0YwMjk0UWZHQWEwWll1MldXdnk5X2dzaXg3bk1BN05kQXJidml2OVl1M1FrMWM?oc=5,1,2,RESULTS_NEGATIVE,HIGH,3,Weak reported result or guidance cut.,0,65.7,HIGH,3.87,NEUTRAL,"AI overlay from completed recommendation outcomes; use as probability/risk input, not standalone advice."
LENSKART,2026-09-28,655.2,114160.0,3,NEUTRAL,42.22,-5.9404,40.74,685.52,646.97,547.54,22.1,-0.167,5.68,0.99,622.05,710.46,1.67,RSI in swing zone; MACD weak; Trend strength acceptable; Above SMA50; Long-term trend positive,UNKNOWN,-5.24,-4.34,20.95,0.01,3.37,4,0,0,-2,0,MEDIUM,0,,,0,-2,1.3,1.5,C,"Trend 4, Momentum 0, Volume 0, Liquidity -2 (0.01cr), VolRisk MEDIUM, Sector UNKNOWN 0",3,3,3,NEUTRAL,News 0; event caution 0; risk LOW; type ; confidence ; reason . ,-2,MEDIUM,CAUTIOUS,Nifty 20D return -3.9448571751706463; 60D return -4.281982537022666; Crude 20D change 11.414863871570024; India VIX latest; 20D change 9.84643344748708; USDINR 20D change 0.9026990410958335,1.0,NEUTRAL,3,2.3,NEUTRAL,"Tech 3 | News 0 (, ) | Event caution 0 | Macro -2 | Sector 0 | Analytics 1.3 (C) | Risk LOW/MEDIUM | Analytics: Trend 4, Momentum 0, Volume 0, Liquidity -2 (0.01cr), VolRisk MEDIUM, Sector UNKNOWN 0",0,0,LOW,,,,,,,0,0,,,0,,0,58.7,MEDIUM,3.17,NEUTRAL,"AI overlay from completed recommendation outcomes; use as probability/risk input, not standalone advice."
EMAMILTD,2026-09-28,388.75,41408.0,6,WATCH,56.05,3.3544,25.33,375.14,389.51,,12.44,0.816,57.67,0.88,370.09,419.85,1.67,RSI in swing zone; MACD bullish; Trend strength acceptable; Above SMA20,UNKNOWN,-0.32,5.58,-0.51,0.0,3.2,3,4,0,-2,0,MEDIUM,0,,,0,-2,2.25,1.5,B,"Trend 3, Momentum 4, Volume 0, Liquidity -2 (0.0cr), VolRisk MEDIUM, Sector UNKNOWN 0",5,2,2,NEUTRAL,"News -1; event caution -3; risk MEDIUM; type RESULTS_NEGATIVE; confidence HIGH; reason Weak reported result or guidance cut.. Negative catalyst: Emami Q4 results: Net profit declines 12% to ₹143 crore, revenue falls 4% - Upstox",-2,MEDIUM,CAUTIOUS,Nifty 20D return -3.9448571751706463; 60D return -4.281982537022666; Crude 20D change 11.414863871570024; India VIX latest; 20D change 9.84643344748708; USDINR 20D change 0.9026990410958335,0.0,NEUTRAL,6,2.25,NEUTRAL,"Tech 6 | News -1 (RESULTS_NEGATIVE, HIGH) | Event caution -3 | Macro -2 | Sector 0 | Analytics 2.25 (B) | Risk MEDIUM/MEDIUM | Negative catalyst: Emami Q4 results: Net profit declines 12% to ₹143 crore, revenue falls 4% - Upstox | Analytics: Trend 3, Momentum 4, Volume 0, Liquidity -2 (0.0cr), VolRisk MEDIUM, Sector UNKNOWN 0 | News logic: Weak reported result or guidance cut. | Upcoming event caution: Public Announcement - Buyback of Shares",-1,-3,MEDIUM,"Negative catalyst: Emami Q4 results: Net profit declines 12% to ₹143 crore, revenue falls 4% - Upstox",Upcoming event caution: Public Announcement - Buyback of Shares,"Emami Q4 results: Net profit declines 12% to ₹143 crore, revenue falls 4% - Upstox","Negative catalyst: Emami Q4 results: Net profit declines 12% to ₹143 crore, revenue falls 4% - Upstox",Upstox,https://news.google.com/rss/articles/CBMiyAFBVV95cUxPN2hQY1RBam5sX1lLdHFZbTc1TE1mWVNiRTNCdWpORDRaOWg4b095VU93ellKRjN1dzRhUjhKUEhSaXk3cDNyblJEQUtTb1ZIczVWVUVUR0FkVVdVU2ViV2FsODZvZ1ZnRzhxa3U5UEszNGFySzFnRGd6Z2Q5b1lUdTN2cnlSZk9fQTBRV2RHVzhQWVdNYWd2Zk9Xa280RnNQVWJxN3NmSkZ3Nk55OUVORVk0bUM0UmVheDJCelh2WF9GOVJ4bUlkUQ?oc=5,1,3,RESULTS_NEGATIVE,HIGH,3,Weak reported result or guidance cut.,0,60.9,MEDIUM,3.34,NEUTRAL,"AI overlay from completed recommendation outcomes; use as probability/risk input, not standalone advice."
ZENSARTECH,2026-09-28,436.7,57479.0,4,WATCH,42.12,1.4613,18.61,443.12,480.4,,18.31,0.405,32.24,0.86,409.23,482.48,1.67,RSI in swing zone; MACD bullish; Bollinger position healthy,UNKNOWN,0.07,-5.83,-1.95,0.0,4.19,0,2,0,-2,0,MEDIUM,0,,,0,-2,0.2,1.5,C,"Trend 0, Momentum 2, Volume 0, Liquidity -2 (0.0cr), VolRisk MEDIUM, Sector UNKNOWN 0",4,4,4,WATCH,News 0; event caution 0; risk LOW; type ; confidence ; reason . ,-2,MEDIUM,CAUTIOUS,Nifty 20D return -3.9448571751706463; 60D return -4.281982537022666; Crude 20D change 11.414863871570024; India VIX latest; 20D change 9.84643344748708; USDINR 20D change 0.9026990410958335,2.0,NEUTRAL,4,2.2,NEUTRAL,"Tech 4 | News 0 (, ) | Event caution 0 | Macro -2 | Sector 0 | Analytics 0.2 (C) | Risk LOW/MEDIUM | Analytics: Trend 0, Momentum 2, Volume 0, Liquidity -2 (0.0cr), VolRisk MEDIUM, Sector UNKNOWN 0",0,0,LOW,,,,,,,0,0,,,0,,0,59.5,MEDIUM,3.15,NEUTRAL,"AI overlay from completed recommendation outcomes; use as probability/risk input, not standalone advice."
BBOX,2026-09-28,783.15,37461.0,4,WATCH,45.61,5.754,21.74,785.23,848.48,,48.64,0.48,47.18,0.89,710.2,904.74,1.67,RSI in swing zone; MACD bullish; Bollinger position healthy,UNKNOWN,-5.8,-1.6,-24.49,0.0,6.21,0,3,0,-2,-1,HIGH,0,,,0,-3,0.2,1.0,C,"Trend 0, Momentum 3, Volume 0, Liquidity -2 (0.0cr), VolRisk HIGH, Sector UNKNOWN 0",4,4,4,WATCH,News 0; event caution 0; risk LOW; type ; confidence ; reason . ,-2,MEDIUM,CAUTIOUS,Nifty 20D return -3.9448571751706463; 60D return -4.281982537022666; Crude 20D change 11.414863871570024; India VIX latest; 20D change 9.84643344748708; USDINR 20D change 0.9026990410958335,2.0,NEUTRAL,4,2.2,NEUTRAL,"Tech 4 | News 0 (, ) | Event caution 0 | Macro -2 | Sector 0 | Analytics 0.2 (C) | Risk LOW/MEDIUM | Analytics: Trend 0, Momentum 3, Volume 0, Liquidity -2 (0.0cr), VolRisk HIGH, Sector UNKNOWN 0",0,0,LOW,,,,,,,0,0,,,0,,0,59.4,MEDIUM,3.14,NEUTRAL,"AI overlay from completed recommendation outcomes; use as probability/risk input, not standalone advice."
HDFCSILVER,2026-09-28,210.33,25452.0,4,WATCH,43.29,2.0637,20.9,214.29,225.64,,10.19,0.39,29.36,0.88,195.04,235.81,1.67,RSI in swing zone; MACD bullish; Bollinger position healthy,UNKNOWN,2.71,-7.58,-13.87,0.0,4.85,0,2,0,-2,0,MEDIUM,0,,,0,-2,0.2,1.5,C,"Trend 0, Momentum 2, Volume 0, Liquidity -2 (0.0cr), VolRisk MEDIUM, Sector UNKNOWN 0",4,4,4,WATCH,News 0; event caution 0; risk LOW; type ; confidence ; reason . ,-2,MEDIUM,CAUTIOUS,Nifty 20D return -3.9448571751706463; 60D return -4.281982537022666; Crude 20D change 11.414863871570024; India VIX latest; 20D change 9.84643344748708; USDINR 20D change 0.9026990410958335,2.0,NEUTRAL,4,2.2,NEUTRAL,"Tech 4 | News 0 (, ) | Event caution 0 | Macro -2 | Sector 0 | Analytics 0.2 (C) | Risk LOW/MEDIUM | Analytics: Trend 0, Momentum 2, Volume 0, Liquidity -2 (0.0cr), VolRisk MEDIUM, Sector UNKNOWN 0",0,0,LOW,,,,,,,0,0,,,0,,0,58.5,MEDIUM,3.05,NEUTRAL,"AI overlay from completed recommendation outcomes; use as probability/risk input, not standalone advice."
ASTERDM,2026-09-28,747.35,24677.0,4,WATCH,40.46,0.8729,18.52,763.16,785.62,,20.46,0.235,35.92,0.63,716.66,798.5,1.67,RSI in swing zone; MACD bullish; Bollinger position healthy,UNKNOWN,-0.45,-4.89,-9.37,0.0,2.74,0,2,0,-2,0,MEDIUM,0,,,0,-2,0.2,1.5,C,"Trend 0, Momentum 2, Volume 0, Liquidity -2 (0.0cr), VolRisk MEDIUM, Sector UNKNOWN 0",4,4,4,WATCH,News 0; event caution 0; risk LOW; type ; confidence ; reason . ,-2,MEDIUM,CAUTIOUS,Nifty 20D return -3.9448571751706463; 60D return -4.281982537022666; Crude 20D change 11.414863871570024; India VIX latest; 20D change 9.84643344748708; USDINR 20D change 0.9026990410958335,2.0,NEUTRAL,4,2.2,NEUTRAL,"Tech 4 | News 0 (, ) | Event caution 0 | Macro -2 | Sector 0 | Analytics 0.2 (C) | Risk LOW/MEDIUM | Analytics: Trend 0, Momentum 2, Volume 0, Liquidity -2 (0.0cr), VolRisk MEDIUM, Sector UNKNOWN 0",0,0,LOW,,,,,,,0,0,,,0,,0,59.3,MEDIUM,3.13,NEUTRAL,"AI overlay from completed recommendation outcomes; use as probability/risk input, not standalone advice."
JYOTHYLAB,2026-09-03,200.5,21944.0,4,WATCH,42.11,1.3934,18.98,203.22,224.02,,9.76,0.377,42.05,0.81,185.86,224.91,1.67,RSI in swing zone; MACD bullish; Bollinger position healthy,UNKNOWN,-6.28,-2.17,0.45,0.0,4.87,0,2,0,-2,0,MEDIUM,0,,,0,-2,0.2,1.5,C,"Trend 0, Momentum 2, Volume 0, Liquidity -2 (0.0cr), VolRisk MEDIUM, Sector UNKNOWN 0",4,4,4,WATCH,News 0; event caution 0; risk LOW; type ; confidence ; reason . ,-2,MEDIUM,CAUTIOUS,Nifty 20D return -3.9448571751706463; 60D return -4.281982537022666; Crude 20D change 11.414863871570024; India VIX latest; 20D change 9.84643344748708; USDINR 20D change 0.9026990410958335,2.0,NEUTRAL,4,2.2,NEUTRAL,"Tech 4 | News 0 (, ) | Event caution 0 | Macro -2 | Sector 0 | Analytics 0.2 (C) | Risk LOW/MEDIUM | Analytics: Trend 0, Momentum 2, Volume 0, Liquidity -2 (0.0cr), VolRisk MEDIUM, Sector UNKNOWN 0",0,0,LOW,,,,,,,0,0,,,0,,0,60.1,MEDIUM,3.21,NEUTRAL,"AI overlay from completed recommendation outcomes; use as probability/risk input, not standalone advice."
HEROMOTOCO,2026-09-28,5390.0,38432.0,6,WATCH,52.11,20.0194,20.27,5297.75,5501.37,5245.82,103.76,0.827,79.29,0.95,5234.37,5649.39,1.67,RSI in swing zone; MACD bullish; Above SMA20; Long-term trend positive,AUTO,0.32,1.7,8.28,0.0,1.92,3,3,0,-2,1,LOW,-3,12.5,-1.38,-3,-1,1.2,1.25,B,"Trend 3, Momentum 3, Volume 0, Liquidity -2 (0.0cr), VolRisk LOW, Sector AUTO -3",6,6,6,WATCH,News 0; event caution 0; risk LOW; type ; confidence ; reason . ,-2,MEDIUM,CAUTIOUS,Nifty 20D return -3.9448571751706463; 60D return -4.281982537022666; Crude 20D change 11.414863871570024; India VIX latest; 20D change 9.84643344748708; USDINR 20D change 0.9026990410958335,1.0,NEUTRAL,6,2.2,NEUTRAL,"Tech 6 | News 0 (, ) | Event caution 0 | Macro -2 | Sector -3 | Analytics 1.2 (B) | Risk LOW/MEDIUM | Analytics: Trend 3, Momentum 3, Volume 0, Liquidity -2 (0.0cr), VolRisk LOW, Sector AUTO -3",0,0,LOW,,,,,,,0,0,,,0,,-1,51.3,LOW,2.33,NEUTRAL,"AI overlay from completed recommendation outcomes; use as probability/risk input, not standalone advice."
PVRINOX,2026-09-28,1225.0,23230.0,3,NEUTRAL,46.8,-9.7065,24.59,1255.66,1193.32,,49.25,0.353,8.85,0.61,1151.12,1348.13,1.67,RSI in swing zone; MACD weak; Trend strength acceptable; Above SMA50; Bollinger position healthy,UNKNOWN,-8.23,-1.8,21.89,0.0,4.02,3,1,0,-2,0,MEDIUM,0,,,0,-2,1.2,1.5,C,"Trend 3, Momentum 1, Volume 0, Liquidity -2 (0.0cr), VolRisk MEDIUM, Sector UNKNOWN 0",3,3,3,NEUTRAL,News 0; event caution 0; risk LOW; type ; confidence ; reason . ,-2,MEDIUM,CAUTIOUS,Nifty 20D return -3.9448571751706463; 60D return -4.281982537022666; Crude 20D change 11.414863871570024; India VIX latest; 20D change 9.84643344748708; USDINR 20D change 0.9026990410958335,1.0,NEUTRAL,3,2.2,NEUTRAL,"Tech 3 | News 0 (, ) | Event caution 0 | Macro -2 | Sector 0 | Analytics 1.2 (C) | Risk LOW/MEDIUM | Analytics: Trend 3, Momentum 1, Volume 0, Liquidity -2 (0.0cr), VolRisk MEDIUM, Sector UNKNOWN 0",0,0,LOW,,,,,,,0,0,,,0,,0,61.9,MEDIUM,3.39,NEUTRAL,"AI overlay from completed recommendation outcomes; use as probability/risk input, not standalone advice."
MON100,2026-09-28,323.86,21403.0,3,NEUTRAL,56.5,-4.6446,41.79,330.77,283.09,,12.37,0.225,15.84,0.85,305.3,354.79,1.67,RSI in swing zone; MACD weak; Trend strength acceptable; Above SMA50; Bollinger position healthy,UNKNOWN,-2.04,-0.17,43.43,0.0,3.82,3,1,0,-2,0,MEDIUM,0,,,0,-2,1.2,1.5,C,"Trend 3, Momentum 1, Volume 0, Liquidity -2 (0.0cr), VolRisk MEDIUM, Sector UNKNOWN 0",3,3,3,NEUTRAL,News 0; event caution 0; risk LOW; type ; confidence ; reason . ,-2,MEDIUM,CAUTIOUS,Nifty 20D return -3.9448571751706463; 60D return -4.281982537022666; Crude 20D change 11.414863871570024; India VIX latest; 20D change 9.84643344748708; USDINR 20D change 0.9026990410958335,1.0,NEUTRAL,3,2.2,NEUTRAL,"Tech 3 | News 0 (, ) | Event caution 0 | Macro -2 | Sector 0 | Analytics 1.2 (C) | Risk LOW/MEDIUM | Analytics: Trend 3, Momentum 1, Volume 0, Liquidity -2 (0.0cr), VolRisk MEDIUM, Sector UNKNOWN 0",0,0,LOW,,,,,,,0,0,,,0,,0,60.9,MEDIUM,3.29,NEUTRAL,"AI overlay from completed recommendation outcomes; use as probability/risk input, not standalone advice."
SUPREMEIND,2026-09-27,3550.0,19225.0,3,NEUTRAL,51.86,-3.5532,15.68,3551.63,3480.24,,128.74,0.493,55.87,0.75,3356.88,3871.86,1.67,RSI in swing zone; MACD weak; Above SMA50; Bollinger position healthy,UNKNOWN,1.19,2.03,-3.11,0.0,3.63,3,1,0,-2,0,MEDIUM,0,,,0,-2,1.2,1.5,C,"Trend 3, Momentum 1, Volume 0, Liquidity -2 (0.0cr), VolRisk MEDIUM, Sector UNKNOWN 0",3,3,3,NEUTRAL,News 0; event caution 0; risk LOW; type ; confidence ; reason . ,-2,MEDIUM,CAUTIOUS,Nifty 20D return -3.9448571751706463; 60D return -4.281982537022666; Crude 20D change 11.414863871570024; India VIX latest; 20D change 9.84643344748708; USDINR 20D change 0.9026990410958335,1.0,NEUTRAL,3,2.2,NEUTRAL,"Tech 3 | News 0 (, ) | Event caution 0 | Macro -2 | Sector 0 | Analytics 1.2 (C) | Risk LOW/MEDIUM | Analytics: Trend 3, Momentum 1, Volume 0, Liquidity -2 (0.0cr), VolRisk MEDIUM, Sector UNKNOWN 0",0,0,LOW,,,,,,,0,0,,,0,,0,61.5,MEDIUM,3.35,NEUTRAL,"AI overlay from completed recommendation outcomes; use as probability/risk input, not standalone advice."
BLISSGVS,2026-07-01,523.55,20927.0,3,NEUTRAL,77.22,5.5266,73.09,432.24,318.88,,31.35,0.82,81.53,0.44,476.52,601.93,1.67,RSI overbought; MACD bullish; Trend strength acceptable; Above SMA20; Above SMA50,UNKNOWN,6.42,77.35,223.1,0.0,5.99,5,0,-1,-2,-1,HIGH,0,,,0,-3,1.15,1.0,C,"Trend 5, Momentum 0, Volume -1, Liquidity -2 (0.0cr), VolRisk HIGH, Sector UNKNOWN 0",3,3,3,NEUTRAL,News 0; event caution 0; risk LOW; type ; confidence ; reason . ,-2,MEDIUM,CAUTIOUS,Nifty 20D return -3.9448571751706463; 60D return -4.281982537022666; Crude 20D change 11.414863871570024; India VIX latest; 20D change 9.84643344748708; USDINR 20D change 0.9026990410958335,1.0,NEUTRAL,3,2.15,NEUTRAL,"Tech 3 | News 0 (, ) | Event caution 0 | Macro -2 | Sector 0 | Analytics 1.15 (C) | Risk LOW/MEDIUM | Analytics: Trend 5, Momentum 0, Volume -1, Liquidity -2 (0.0cr), VolRisk HIGH, Sector UNKNOWN 0",0,0,LOW,,,,,,,0,0,,,0,,0,62.8,MEDIUM,3.43,NEUTRAL,"AI overlay from completed recommendation outcomes; use as probability/risk input, not standalone advice."
INDGN,2026-09-28,613.3,30958.0,2,NEUTRAL,70.4,-0.6622,32.78,588.38,540.6,,21.11,0.849,85.6,0.77,581.64,666.07,1.67,MACD weak; Trend strength acceptable; Above SMA20; Above SMA50,UNKNOWN,2.33,10.61,23.49,0.0,3.44,5,1,0,-2,0,MEDIUM,0,,,0,-2,2.1,1.5,C,"Trend 5, Momentum 1, Volume 0, Liquidity -2 (0.0cr), VolRisk MEDIUM, Sector UNKNOWN 0",2,2,2,NEUTRAL,News 0; event caution 0; risk LOW; type ; confidence ; reason . ,-2,MEDIUM,CAUTIOUS,Nifty 20D return -3.9448571751706463; 60D return -4.281982537022666; Crude 20D change 11.414863871570024; India VIX latest; 20D change 9.84643344748708; USDINR 20D change 0.9026990410958335,0.0,NEUTRAL,2,2.1,NEUTRAL,"Tech 2 | News 0 (, ) | Event caution 0 | Macro -2 | Sector 0 | Analytics 2.1 (C) | Risk LOW/MEDIUM | Analytics: Trend 5, Momentum 1, Volume 0, Liquidity -2 (0.0cr), VolRisk MEDIUM, Sector UNKNOWN 0",0,0,LOW,,,,,,,0,0,,,0,,0,60.4,MEDIUM,3.14,NEUTRAL,"AI overlay from completed recommendation outcomes; use as probability/risk input, not standalone advice."
NAZARA,2026-09-28,379.65,20793.0,2,NEUTRAL,68.27,-1.4731,30.1,369.33,332.6,,14.68,0.827,87.53,0.65,357.62,416.36,1.67,MACD weak; Trend strength acceptable; Above SMA20; Above SMA50,UNKNOWN,2.79,7.75,26.57,0.0,3.87,5,1,0,-2,0,MEDIUM,0,,,0,-2,2.1,1.5,C,"Trend 5, Momentum 1, Volume 0, Liquidity -2 (0.0cr), VolRisk MEDIUM, Sector UNKNOWN 0",2,2,2,NEUTRAL,News 0; event caution 0; risk LOW; type ; confidence ; reason . ,-2,MEDIUM,CAUTIOUS,Nifty 20D return -3.9448571751706463; 60D return -4.281982537022666; Crude 20D change 11.414863871570024; India VIX latest; 20D change 9.84643344748708; USDINR 20D change 0.9026990410958335,0.0,NEUTRAL,2,2.1,NEUTRAL,"Tech 2 | News 0 (, ) | Event caution 0 | Macro -2 | Sector 0 | Analytics 2.1 (C) | Risk LOW/MEDIUM | Analytics: Trend 5, Momentum 1, Volume 0, Liquidity -2 (0.0cr), VolRisk MEDIUM, Sector UNKNOWN 0",0,0,LOW,,,,,,,0,0,,,0,,0,60.3,MEDIUM,3.13,NEUTRAL,"AI overlay from completed recommendation outcomes; use as probability/risk input, not standalone advice."
PINELABS,2026-09-28,173.02,129054.0,3,NEUTRAL,44.69,-2.9,24.22,184.41,169.81,,11.65,0.268,6.74,0.35,155.55,202.13,1.67,RSI in swing zone; MACD weak; Trend strength acceptable; Above SMA50; Bollinger position healthy,UNKNOWN,-12.43,4.0,15.55,0.01,6.73,4,1,-1,-2,-1,HIGH,0,,,0,-3,1.05,1.0,C,"Trend 4, Momentum 1, Volume -1, Liquidity -2 (0.01cr), VolRisk HIGH, Sector UNKNOWN 0",3,3,3,NEUTRAL,News 0; event caution 0; risk LOW; type ; confidence ; reason . ,-2,MEDIUM,CAUTIOUS,Nifty 20D return -3.9448571751706463; 60D return -4.281982537022666; Crude 20D change 11.414863871570024; India VIX latest; 20D change 9.84643344748708; USDINR 20D change 0.9026990410958335,1.0,NEUTRAL,3,2.05,NEUTRAL,"Tech 3 | News 0 (, ) | Event caution 0 | Macro -2 | Sector 0 | Analytics 1.05 (C) | Risk LOW/MEDIUM | Analytics: Trend 4, Momentum 1, Volume -1, Liquidity -2 (0.01cr), VolRisk HIGH, Sector UNKNOWN 0",0,0,LOW,,,,,,,0,0,,,0,,0,62.1,MEDIUM,3.26,NEUTRAL,"AI overlay from completed recommendation outcomes; use as probability/risk input, not standalone advice."
NEULANDLAB,2026-09-24,21905.0,22180.0,3,NEUTRAL,55.09,-193.4089,55.69,21970.85,18115.2,,1099.0,0.491,11.59,0.52,20256.49,24652.51,1.67,RSI in swing zone; MACD weak; Trend strength acceptable; Above SMA50; Bollinger position healthy,UNKNOWN,-7.42,17.9,,0.0,5.02,4,1,-1,-2,-1,HIGH,0,,,0,-3,1.05,1.0,C,"Trend 4, Momentum 1, Volume -1, Liquidity -2 (0.0cr), VolRisk HIGH, Sector UNKNOWN 0",3,3,3,NEUTRAL,News 0; event caution 0; risk LOW; type ; confidence ; reason . ,-2,MEDIUM,CAUTIOUS,Nifty 20D return -3.9448571751706463; 60D return -4.281982537022666; Crude 20D change 11.414863871570024; India VIX latest; 20D change 9.84643344748708; USDINR 20D change 0.9026990410958335,1.0,NEUTRAL,3,2.05,NEUTRAL,"Tech 3 | News 0 (, ) | Event caution 0 | Macro -2 | Sector 0 | Analytics 1.05 (C) | Risk LOW/MEDIUM | Analytics: Trend 4, Momentum 1, Volume -1, Liquidity -2 (0.0cr), VolRisk HIGH, Sector UNKNOWN 0",0,0,LOW,,,,,,,0,0,,,0,,0,62.0,MEDIUM,3.25,NEUTRAL,"AI overlay from completed recommendation outcomes; use as probability/risk input, not standalone advice."
VAML,2026-09-28,420.05,51096.0,4,WATCH,44.09,1.5595,17.66,424.56,440.89,,13.21,0.403,47.49,0.5,400.24,453.07,1.67,RSI in swing zone; MACD bullish; Bollinger position healthy,UNKNOWN,-1.25,-4.04,-3.79,0.0,3.14,0,2,-1,-2,0,MEDIUM,0,,,0,-2,-0.05,1.5,D,"Trend 0, Momentum 2, Volume -1, Liquidity -2 (0.0cr), VolRisk MEDIUM, Sector UNKNOWN 0",4,4,4,WATCH,News 0; event caution 0; risk LOW; type ; confidence ; reason . ,-2,MEDIUM,CAUTIOUS,Nifty 20D return -3.9448571751706463; 60D return -4.281982537022666; Crude 20D change 11.414863871570024; India VIX latest; 20D change 9.84643344748708; USDINR 20D change 0.9026990410958335,2.0,NEUTRAL,4,1.95,NEUTRAL,"Tech 4 | News 0 (, ) | Event caution 0 | Macro -2 | Sector 0 | Analytics -0.05 (D) | Risk LOW/MEDIUM | Analytics: Trend 0, Momentum 2, Volume -1, Liquidity -2 (0.0cr), VolRisk MEDIUM, Sector UNKNOWN 0",0,0,LOW,,,,,,,0,0,,,0,,0,59.8,MEDIUM,2.93,NEUTRAL,"AI overlay from completed recommendation outcomes; use as probability/risk input, not standalone advice."
TRITURBINE,2026-09-28,551.65,34589.0,4,WATCH,42.25,0.6735,16.06,561.08,581.27,,17.49,0.275,48.03,0.52,525.41,595.38,1.67,RSI in swing zone; MACD bullish; Bollinger position healthy,UNKNOWN,0.25,-4.44,-8.98,0.0,3.17,0,2,-1,-2,0,MEDIUM,0,,,0,-2,-0.05,1.5,D,"Trend 0, Momentum 2, Volume -1, Liquidity -2 (0.0cr), VolRisk MEDIUM, Sector UNKNOWN 0",4,4,4,WATCH,News 0; event caution 0; risk LOW; type ; confidence ; reason . ,-2,MEDIUM,CAUTIOUS,Nifty 20D return -3.9448571751706463; 60D return -4.281982537022666; Crude 20D change 11.414863871570024; India VIX latest; 20D change 9.84643344748708; USDINR 20D change 0.9026990410958335,2.0,NEUTRAL,4,1.95,NEUTRAL,"Tech 4 | News 0 (, ) | Event caution 0 | Macro -2 | Sector 0 | Analytics -0.05 (D) | Risk LOW/MEDIUM | Analytics: Trend 0, Momentum 2, Volume -1, Liquidity -2 (0.0cr), VolRisk MEDIUM, Sector UNKNOWN 0",0,0,LOW,,,,,,,0,0,,,0,,0,61.2,MEDIUM,3.07,NEUTRAL,"AI overlay from completed recommendation outcomes; use as probability/risk input, not standalone advice."
VIKRAMSOLR,2026-09-06,168.45,29320.0,4,WATCH,42.4,1.1019,15.53,169.29,186.75,,8.25,0.47,34.24,0.5,156.07,189.08,1.67,RSI in swing zone; MACD bullish; Bollinger position healthy,UNKNOWN,-2.76,-4.07,-21.56,0.0,4.9,0,2,-1,-2,0,MEDIUM,0,,,0,-2,-0.05,1.5,D,"Trend 0, Momentum 2, Volume -1, Liquidity -2 (0.0cr), VolRisk MEDIUM, Sector UNKNOWN 0",4,4,4,WATCH,News 0; event caution 0; risk LOW; type ; confidence ; reason . ,-2,MEDIUM,CAUTIOUS,Nifty 20D return -3.9448571751706463; 60D return -4.281982537022666; Crude 20D change 11.414863871570024; India VIX latest; 20D change 9.84643344748708; USDINR 20D change 0.9026990410958335,2.0,NEUTRAL,4,1.95,NEUTRAL,"Tech 4 | News 0 (, ) | Event caution 0 | Macro -2 | Sector 0 | Analytics -0.05 (D) | Risk LOW/MEDIUM | Analytics: Trend 0, Momentum 2, Volume -1, Liquidity -2 (0.0cr), VolRisk MEDIUM, Sector UNKNOWN 0",0,0,LOW,,,,,,,0,0,,,0,,0,59.1,MEDIUM,2.86,NEUTRAL,"AI overlay from completed recommendation outcomes; use as probability/risk input, not standalone advice."
NLCINDIA,2026-09-24,263.25,20100.0,4,WATCH,40.17,0.9751,19.91,267.45,279.55,290.85,6.76,0.292,31.96,0.57,253.11,280.15,1.67,RSI in swing zone; MACD bullish; Bollinger position healthy,UNKNOWN,-2.06,-2.06,-10.54,0.0,2.57,0,2,-1,-2,0,MEDIUM,0,,,0,-2,-0.05,1.5,D,"Trend 0, Momentum 2, Volume -1, Liquidity -2 (0.0cr), VolRisk MEDIUM, Sector UNKNOWN 0",4,4,4,WATCH,News 0; event caution 0; risk LOW; type ; confidence ; reason . ,-2,MEDIUM,CAUTIOUS,Nifty 20D return -3.9448571751706463; 60D return -4.281982537022666; Crude 20D change 11.414863871570024; India VIX latest; 20D change 9.84643344748708; USDINR 20D change 0.9026990410958335,2.0,NEUTRAL,4,1.95,NEUTRAL,"Tech 4 | News 0 (, ) | Event caution 0 | Macro -2 | Sector 0 | Analytics -0.05 (D) | Risk LOW/MEDIUM | Analytics: Trend 0, Momentum 2, Volume -1, Liquidity -2 (0.0cr), VolRisk MEDIUM, Sector UNKNOWN 0",0,0,LOW,,,,,,,0,0,,,0,,0,58.6,MEDIUM,2.81,NEUTRAL,"AI overlay from completed recommendation outcomes; use as probability/risk input, not standalone advice."
RECLTD,2026-09-28,303.25,53535.0,3,NEUTRAL,34.36,0.717,56.51,312.06,327.53,343.97,5.87,-0.114,0.0,1.62,294.44,317.93,1.67,RSI oversold rebound candidate; MACD bullish; Trend strength acceptable; Volume expansion,UNKNOWN,-1.25,-4.85,-16.57,0.0,1.94,1,1,1,-2,1,LOW,0,,,0,-1,0.9,1.5,D,"Trend 1, Momentum 1, Volume 1, Liquidity -2 (0.0cr), VolRisk LOW, Sector UNKNOWN 0",3,3,3,NEUTRAL,News 0; event caution 0; risk LOW; type ; confidence ; reason . ,-2,MEDIUM,CAUTIOUS,Nifty 20D return -3.9448571751706463; 60D return -4.281982537022666; Crude 20D change 11.414863871570024; India VIX latest; 20D change 9.84643344748708; USDINR 20D change 0.9026990410958335,1.0,NEUTRAL,3,1.9,NEUTRAL,"Tech 3 | News 0 (, ) | Event caution 0 | Macro -2 | Sector 0 | Analytics 0.9 (D) | Risk LOW/MEDIUM | Analytics: Trend 1, Momentum 1, Volume 1, Liquidity -2 (0.0cr), VolRisk LOW, Sector UNKNOWN 0",0,0,LOW,,,,,,,0,0,,,0,,0,50.5,LOW,1.95,NEUTRAL,"AI overlay from completed recommendation outcomes; use as probability/risk input, not standalone advice."
SEDEMAC,2026-09-28,3547.8,86949.0,2,NEUTRAL,72.65,11.4419,42.84,3140.3,2633.83,,208.54,0.979,93.7,2.05,3234.98,4069.16,1.67,RSI overbought; MACD bullish; Trend strength acceptable; Above SMA20; Above SMA50,UNKNOWN,13.62,32.16,,0.0,5.88,5,0,2,-2,-1,HIGH,0,,,0,-3,1.9,1.0,D,"Trend 5, Momentum 0, Volume 2, Liquidity -2 (0.0cr), VolRisk HIGH, Sector UNKNOWN 0",2,2,2,NEUTRAL,News 0; event caution 0; risk LOW; type ; confidence ; reason . ,-2,MEDIUM,CAUTIOUS,Nifty 20D return -3.9448571751706463; 60D return -4.281982537022666; Crude 20D change 11.414863871570024; India VIX latest; 20D change 9.84643344748708; USDINR 20D change 0.9026990410958335,0.0,NEUTRAL,2,1.9,NEUTRAL,"Tech 2 | News 0 (, ) | Event caution 0 | Macro -2 | Sector 0 | Analytics 1.9 (D) | Risk LOW/MEDIUM | Analytics: Trend 5, Momentum 0, Volume 2, Liquidity -2 (0.0cr), VolRisk HIGH, Sector UNKNOWN 0",0,0,LOW,,,,,,,0,0,,,0,,0,61.4,MEDIUM,3.04,NEUTRAL,"AI overlay from completed recommendation outcomes; use as probability/risk input, not standalone advice."
URBANCO,2026-09-28,161.21,38664.0,3,NEUTRAL,43.29,-1.2388,26.41,169.02,159.74,,7.29,0.135,32.33,0.84,150.27,179.44,1.67,RSI in swing zone; MACD weak; Trend strength acceptable; Above SMA50,UNKNOWN,-7.46,-10.98,16.38,0.0,4.52,3,0,0,-2,0,MEDIUM,0,,,0,-2,0.85,1.5,D,"Trend 3, Momentum 0, Volume 0, Liquidity -2 (0.0cr), VolRisk MEDIUM, Sector UNKNOWN 0",3,3,3,NEUTRAL,News 0; event caution 0; risk LOW; type ; confidence ; reason . ,-2,MEDIUM,CAUTIOUS,Nifty 20D return -3.9448571751706463; 60D return -4.281982537022666; Crude 20D change 11.414863871570024; India VIX latest; 20D change 9.84643344748708; USDINR 20D change 0.9026990410958335,1.0,NEUTRAL,3,1.85,NEUTRAL,"Tech 3 | News 0 (, ) | Event caution 0 | Macro -2 | Sector 0 | Analytics 0.85 (D) | Risk LOW/MEDIUM | Analytics: Trend 3, Momentum 0, Volume 0, Liquidity -2 (0.0cr), VolRisk MEDIUM, Sector UNKNOWN 0",0,0,LOW,,,,,,,0,0,,,0,,0,61.5,MEDIUM,3.0,NEUTRAL,"AI overlay from completed recommendation outcomes; use as probability/risk input, not standalone advice."
SENORES,2026-09-27,1355.2,26947.0,3,NEUTRAL,45.98,-21.3359,35.68,1421.65,1297.88,,77.71,0.275,16.76,1.02,1238.63,1549.48,1.67,RSI in swing zone; MACD weak; Trend strength acceptable; Above SMA50; Bollinger position healthy,UNKNOWN,-10.59,-3.55,,0.0,5.73,3,1,0,-2,-1,HIGH,0,,,0,-3,0.85,1.0,D,"Trend 3, Momentum 1, Volume 0, Liquidity -2 (0.0cr), VolRisk HIGH, Sector UNKNOWN 0",3,3,3,NEUTRAL,News 0; event caution 0; risk LOW; type ; confidence ; reason . ,-2,MEDIUM,CAUTIOUS,Nifty 20D return -3.9448571751706463; 60D return -4.281982537022666; Crude 20D change 11.414863871570024; India VIX latest; 20D change 9.84643344748708; USDINR 20D change 0.9026990410958335,1.0,NEUTRAL,3,1.85,NEUTRAL,"Tech 3 | News 0 (, ) | Event caution 0 | Macro -2 | Sector 0 | Analytics 0.85 (D) | Risk LOW/MEDIUM | Analytics: Trend 3, Momentum 1, Volume 0, Liquidity -2 (0.0cr), VolRisk HIGH, Sector UNKNOWN 0",0,0,LOW,,,,,,,0,0,,,0,,0,62.2,MEDIUM,3.07,NEUTRAL,"AI overlay from completed recommendation outcomes; use as probability/risk input, not standalone advice."
SBCL,2026-09-23,1156.0,22165.0,3,NEUTRAL,66.34,-5.6973,46.93,1074.59,879.18,,74.03,0.851,76.91,0.47,1044.96,1341.07,1.67,MACD weak; Trend strength acceptable; Above SMA20; Above SMA50,UNKNOWN,1.72,25.53,95.17,0.0,6.4,5,-1,-1,-2,-1,HIGH,0,,,0,-3,0.8,1.0,D,"Trend 5, Momentum -1, Volume -1, Liquidity -2 (0.0cr), VolRisk HIGH, Sector UNKNOWN 0",3,3,3,NEUTRAL,News 0; event caution 0; risk LOW; type ; confidence ; reason . ,-2,MEDIUM,CAUTIOUS,Nifty 20D return -3.9448571751706463; 60D return -4.281982537022666; Crude 20D change 11.414863871570024; India VIX latest; 20D change 9.84643344748708; USDINR 20D change 0.9026990410958335,1.0,NEUTRAL,3,1.8,NEUTRAL,"Tech 3 | News 0 (, ) | Event caution 0 | Macro -2 | Sector 0 | Analytics 0.8 (D) | Risk LOW/MEDIUM | Analytics: Trend 5, Momentum -1, Volume -1, Liquidity -2 (0.0cr), VolRisk HIGH, Sector UNKNOWN 0",0,0,LOW,,,,,,,0,0,,,0,,0,61.7,MEDIUM,2.97,NEUTRAL,"AI overlay from completed recommendation outcomes; use as probability/risk input, not standalone advice."
KAJARIACER,2026-09-24,1221.8,30078.0,3,NEUTRAL,50.6,-3.8351,19.71,1228.42,1191.14,,39.23,0.43,45.71,1.07,1162.95,1319.88,1.67,RSI in swing zone; MACD weak; Above SMA50; Bollinger position healthy,UNKNOWN,-2.38,-1.61,29.07,0.0,3.21,2,1,0,-2,0,MEDIUM,0,,,0,-2,0.75,1.5,D,"Trend 2, Momentum 1, Volume 0, Liquidity -2 (0.0cr), VolRisk MEDIUM, Sector UNKNOWN 0",3,3,3,NEUTRAL,News 0; event caution 0; risk LOW; type ; confidence ; reason . ,-2,MEDIUM,CAUTIOUS,Nifty 20D return -3.9448571751706463; 60D return -4.281982537022666; Crude 20D change 11.414863871570024; India VIX latest; 20D change 9.84643344748708; USDINR 20D change 0.9026990410958335,1.0,NEUTRAL,3,1.75,NEUTRAL,"Tech 3 | News 0 (, ) | Event caution 0 | Macro -2 | Sector 0 | Analytics 0.75 (D) | Risk LOW/MEDIUM | Analytics: Trend 2, Momentum 1, Volume 0, Liquidity -2 (0.0cr), VolRisk MEDIUM, Sector UNKNOWN 0",0,0,LOW,,,,,,,0,0,,,0,,0,60.6,MEDIUM,2.81,NEUTRAL,"AI overlay from completed recommendation outcomes; use as probability/risk input, not standalone advice."
WELSPUNLIV,2026-09-28,227.95,40185.0,2,NEUTRAL,78.56,0.4253,48.11,213.95,192.49,,7.74,0.951,86.46,0.9,216.34,247.3,1.67,RSI overbought; MACD bullish; Trend strength acceptable; Above SMA20; Above SMA50,UNKNOWN,2.91,9.32,33.36,0.0,3.4,5,0,0,-2,0,MEDIUM,0,,,0,-2,1.75,1.5,D,"Trend 5, Momentum 0, Volume 0, Liquidity -2 (0.0cr), VolRisk MEDIUM, Sector UNKNOWN 0",2,2,2,NEUTRAL,News 0; event caution 0; risk LOW; type ; confidence ; reason . ,-2,MEDIUM,CAUTIOUS,Nifty 20D return -3.9448571751706463; 60D return -4.281982537022666; Crude 20D change 11.414863871570024; India VIX latest; 20D change 9.84643344748708; USDINR 20D change 0.9026990410958335,0.0,NEUTRAL,2,1.75,NEUTRAL,"Tech 2 | News 0 (, ) | Event caution 0 | Macro -2 | Sector 0 | Analytics 1.75 (D) | Risk LOW/MEDIUM | Analytics: Trend 5, Momentum 0, Volume 0, Liquidity -2 (0.0cr), VolRisk MEDIUM, Sector UNKNOWN 0",0,0,LOW,,,,,,,0,0,,,0,,0,61.1,MEDIUM,2.86,NEUTRAL,"AI overlay from completed recommendation outcomes; use as probability/risk input, not standalone advice."
RAYMOND,2026-09-28,1179.95,155041.0,3,NEUTRAL,82.43,9.0433,71.05,1002.97,748.0,,80.41,0.811,86.02,0.73,1059.33,1380.99,1.67,RSI overbought; MACD bullish; Trend strength acceptable; Above SMA20; Above SMA50,UNKNOWN,5.64,59.27,204.35,0.01,6.82,5,-2,0,-2,-1,HIGH,0,,,0,-3,0.7,1.0,D,"Trend 5, Momentum -2, Volume 0, Liquidity -2 (0.01cr), VolRisk HIGH, Sector UNKNOWN 0",3,3,3,NEUTRAL,News 0; event caution 0; risk LOW; type ; confidence ; reason . ,-2,MEDIUM,CAUTIOUS,Nifty 20D return -3.9448571751706463; 60D return -4.281982537022666; Crude 20D change 11.414863871570024; India VIX latest; 20D change 9.84643344748708; USDINR 20D change 0.9026990410958335,1.0,NEUTRAL,3,1.7,NEUTRAL,"Tech 3 | News 0 (, ) | Event caution 0 | Macro -2 | Sector 0 | Analytics 0.7 (D) | Risk LOW/MEDIUM | Analytics: Trend 5, Momentum -2, Volume 0, Liquidity -2 (0.01cr), VolRisk HIGH, Sector UNKNOWN 0",0,0,LOW,,,,,,,0,0,,,0,,0,59.7,MEDIUM,2.67,NEUTRAL,"AI overlay from completed recommendation outcomes; use as probability/risk input, not standalone advice."
BRIGADE,2026-09-27,597.9,20094.0,3,NEUTRAL,42.83,-9.063,30.99,638.4,587.77,,32.5,0.249,1.79,0.51,549.15,679.15,1.67,RSI in swing zone; MACD weak; Trend strength acceptable; Above SMA50; Bollinger position healthy,UNKNOWN,-12.97,2.74,-16.82,0.0,5.44,4,0,-1,-2,-1,HIGH,0,,,0,-3,0.7,1.0,D,"Trend 4, Momentum 0, Volume -1, Liquidity -2 (0.0cr), VolRisk HIGH, Sector UNKNOWN 0",3,3,3,NEUTRAL,News 0; event caution 0; risk LOW; type ; confidence ; reason . ,-2,MEDIUM,CAUTIOUS,Nifty 20D return -3.9448571751706463; 60D return -4.281982537022666; Crude 20D change 11.414863871570024; India VIX latest; 20D change 9.84643344748708; USDINR 20D change 0.9026990410958335,1.0,NEUTRAL,3,1.7,NEUTRAL,"Tech 3 | News 0 (, ) | Event caution 0 | Macro -2 | Sector 0 | Analytics 0.7 (D) | Risk LOW/MEDIUM | Analytics: Trend 4, Momentum 0, Volume -1, Liquidity -2 (0.0cr), VolRisk HIGH, Sector UNKNOWN 0",0,0,LOW,,,,,,,0,0,,,0,,0,60.3,MEDIUM,2.73,NEUTRAL,"AI overlay from completed recommendation outcomes; use as probability/risk input, not standalone advice."
IRCTC,2026-09-28,453.5,21771.0,3,NEUTRAL,34.02,0.1918,33.06,470.81,487.74,530.36,10.11,0.076,20.9,0.69,438.33,478.78,1.67,RSI oversold rebound candidate; MACD bullish; Trend strength acceptable,TRAVEL,0.12,-7.78,-9.89,0.0,2.23,1,1,0,-2,1,LOW,0,,,0,-1,0.65,1.5,D,"Trend 1, Momentum 1, Volume 0, Liquidity -2 (0.0cr), VolRisk LOW, Sector TRAVEL 0",3,3,3,NEUTRAL,News 0; event caution 0; risk LOW; type ; confidence ; reason . ,-2,MEDIUM,CAUTIOUS,Nifty 20D return -3.9448571751706463; 60D return -4.281982537022666; Crude 20D change 11.414863871570024; India VIX latest; 20D change 9.84643344748708; USDINR 20D change 0.9026990410958335,1.0,NEUTRAL,3,1.65,NEUTRAL,"Tech 3 | News 0 (, ) | Event caution 0 | Macro -2 | Sector 0 | Analytics 0.65 (D) | Risk LOW/MEDIUM | Analytics: Trend 1, Momentum 1, Volume 0, Liquidity -2 (0.0cr), VolRisk LOW, Sector TRAVEL 0",0,0,LOW,,,,,,,0,0,,,0,,0,53.0,LOW,1.95,NEUTRAL,"AI overlay from completed recommendation outcomes; use as probability/risk input, not standalone advice."
KEC,2026-09-23,402.4,21741.0,3,NEUTRAL,39.1,1.4546,50.49,412.61,453.72,,14.73,0.319,30.99,0.63,380.3,439.24,1.67,MACD bullish; Trend strength acceptable; Bollinger position healthy,UNKNOWN,-1.11,-8.52,-23.47,0.0,3.66,1,2,0,-2,0,MEDIUM,0,,,0,-2,0.65,1.5,D,"Trend 1, Momentum 2, Volume 0, Liquidity -2 (0.0cr), VolRisk MEDIUM, Sector UNKNOWN 0",3,3,3,NEUTRAL,News 0; event caution 0; risk LOW; type ; confidence ; reason . ,-2,MEDIUM,CAUTIOUS,Nifty 20D return -3.9448571751706463; 60D return -4.281982537022666; Crude 20D change 11.414863871570024; India VIX latest; 20D change 9.84643344748708; USDINR 20D change 0.9026990410958335,1.0,NEUTRAL,3,1.65,NEUTRAL,"Tech 3 | News 0 (, ) | Event caution 0 | Macro -2 | Sector 0 | Analytics 0.65 (D) | Risk LOW/MEDIUM | Analytics: Trend 1, Momentum 2, Volume 0, Liquidity -2 (0.0cr), VolRisk MEDIUM, Sector UNKNOWN 0",0,0,LOW,,,,,,,0,0,,,0,,0,60.3,MEDIUM,2.68,NEUTRAL,"AI overlay from completed recommendation outcomes; use as probability/risk input, not standalone advice."
PRICOLLTD,2026-09-15,740.75,29322.0,2,NEUTRAL,47.65,-10.2979,41.33,773.4,692.98,,31.73,0.153,4.37,0.96,693.15,820.08,1.67,RSI in swing zone; MACD weak; Trend strength acceptable; Above SMA50,UNKNOWN,-3.88,0.39,20.51,0.0,4.28,4,1,0,-2,0,MEDIUM,0,,,0,-2,1.65,1.5,D,"Trend 4, Momentum 1, Volume 0, Liquidity -2 (0.0cr), VolRisk MEDIUM, Sector UNKNOWN 0",2,2,2,NEUTRAL,News 0; event caution 0; risk LOW; type ; confidence ; reason . ,-2,MEDIUM,CAUTIOUS,Nifty 20D return -3.9448571751706463; 60D return -4.281982537022666; Crude 20D change 11.414863871570024; India VIX latest; 20D change 9.84643344748708; USDINR 20D change 0.9026990410958335,0.0,NEUTRAL,2,1.65,NEUTRAL,"Tech 2 | News 0 (, ) | Event caution 0 | Macro -2 | Sector 0 | Analytics 1.65 (D) | Risk LOW/MEDIUM | Analytics: Trend 4, Momentum 1, Volume 0, Liquidity -2 (0.0cr), VolRisk MEDIUM, Sector UNKNOWN 0",0,0,LOW,,,,,,,0,0,,,0,,0,62.2,MEDIUM,2.87,NEUTRAL,"AI overlay from completed recommendation outcomes; use as probability/risk input, not standalone advice."
MCX,2026-09-28,3263.5,66667.0,5,WATCH,50.86,-7.6591,22.38,3289.11,3128.8,2844.7,115.56,0.393,48.71,0.68,3090.16,3552.4,1.67,RSI in swing zone; MACD weak; Trend strength acceptable; Above SMA50; Long-term trend positive,FINANCIALS,0.03,-0.36,15.81,0.01,3.54,4,1,0,-2,0,MEDIUM,-3,22.7,-2.46,-2,-2,0.6,1.25,C,"Trend 4, Momentum 1, Volume 0, Liquidity -2 (0.01cr), VolRisk MEDIUM, Sector FINANCIALS -3",5,5,5,WATCH,News 0; event caution 0; risk LOW; type ; confidence ; reason . ,-2,MEDIUM,CAUTIOUS,Nifty 20D return -3.9448571751706463; 60D return -4.281982537022666; Crude 20D change 11.414863871570024; India VIX latest; 20D change 9.84643344748708; USDINR 20D change 0.9026990410958335,1.0,NEUTRAL,5,1.6,NEUTRAL,"Tech 5 | News 0 (, ) | Event caution 0 | Macro -2 | Sector -2 | Analytics 0.6 (C) | Risk LOW/MEDIUM | Analytics: Trend 4, Momentum 1, Volume 0, Liquidity -2 (0.01cr), VolRisk MEDIUM, Sector FINANCIALS -3",0,0,LOW,,,,,,,0,0,,,0,,0,60.3,MEDIUM,2.63,NEUTRAL,"AI overlay from completed recommendation outcomes; use as probability/risk input, not standalone advice."
JUBLFOOD,2026-09-28,478.7,35905.0,5,WATCH,45.44,-2.5237,26.86,490.92,474.69,468.55,14.71,0.214,31.31,1.16,456.64,515.46,1.67,RSI in swing zone; MACD weak; Trend strength acceptable; Above SMA50; Long-term trend positive,QSR,-1.71,-5.54,11.43,0.0,3.07,4,1,0,-2,0,MEDIUM,-3,33.3,-1.49,-2,-2,0.6,1.25,C,"Trend 4, Momentum 1, Volume 0, Liquidity -2 (0.0cr), VolRisk MEDIUM, Sector QSR -3",5,5,5,WATCH,News 0; event caution 0; risk LOW; type ; confidence ; reason . ,-2,MEDIUM,CAUTIOUS,Nifty 20D return -3.9448571751706463; 60D return -4.281982537022666; Crude 20D change 11.414863871570024; India VIX latest; 20D change 9.84643344748708; USDINR 20D change 0.9026990410958335,1.0,NEUTRAL,5,1.6,NEUTRAL,"Tech 5 | News 0 (, ) | Event caution 0 | Macro -2 | Sector -2 | Analytics 0.6 (C) | Risk LOW/MEDIUM | Analytics: Trend 4, Momentum 1, Volume 0, Liquidity -2 (0.0cr), VolRisk MEDIUM, Sector QSR -3",0,0,LOW,,,,,,,0,0,,,0,,0,59.2,MEDIUM,2.52,NEUTRAL,"AI overlay from completed recommendation outcomes; use as probability/risk input, not standalone advice."
AMAGI,2026-09-22,581.1,35902.0,3,NEUTRAL,48.39,-9.4481,34.56,613.81,554.64,,43.43,0.298,18.43,0.59,515.95,689.68,1.67,RSI in swing zone; MACD weak; Trend strength acceptable; Above SMA50; Bollinger position healthy,UNKNOWN,-3.13,-11.77,54.12,0.0,7.47,3,1,-1,-2,-1,HIGH,0,,,0,-3,0.6,1.0,D,"Trend 3, Momentum 1, Volume -1, Liquidity -2 (0.0cr), VolRisk HIGH, Sector UNKNOWN 0",3,3,3,NEUTRAL,News 0; event caution 0; risk LOW; type ; confidence ; reason . ,-2,MEDIUM,CAUTIOUS,Nifty 20D return -3.9448571751706463; 60D return -4.281982537022666; Crude 20D change 11.414863871570024; India VIX latest; 20D change 9.84643344748708; USDINR 20D change 0.9026990410958335,1.0,NEUTRAL,3,1.6,NEUTRAL,"Tech 3 | News 0 (, ) | Event caution 0 | Macro -2 | Sector 0 | Analytics 0.6 (D) | Risk LOW/MEDIUM | Analytics: Trend 3, Momentum 1, Volume -1, Liquidity -2 (0.0cr), VolRisk HIGH, Sector UNKNOWN 0",0,0,LOW,,,,,,,0,0,,,0,,0,65.2,HIGH,3.12,NEUTRAL,"AI overlay from completed recommendation outcomes; use as probability/risk input, not standalone advice."
ELECON,2026-09-28,480.75,139253.0,6,WATCH,54.06,5.8295,23.13,452.41,500.24,,26.59,0.769,89.5,2.29,440.86,547.23,1.67,RSI in swing zone; MACD bullish; Trend strength acceptable; Above SMA20; Volume expansion,UNKNOWN,10.84,-5.84,16.47,0.0,5.53,2,3,2,-2,-1,HIGH,0,,,0,-3,1.6,1.0,B,"Trend 2, Momentum 3, Volume 2, Liquidity -2 (0.0cr), VolRisk HIGH, Sector UNKNOWN 0",3,2,2,NEUTRAL,"News -3; event caution -1; risk HIGH; type GOVERNANCE_RISK; confidence HIGH; reason Material management/auditor/governance risk.. Negative catalyst: Elecon Engineering Company shares slump nearly 14% after CFO resigns, profit slumps 33% in Q3 - Upstox",-2,MEDIUM,CAUTIOUS,Nifty 20D return -3.9448571751706463; 60D return -4.281982537022666; Crude 20D change 11.414863871570024; India VIX latest; 20D change 9.84643344748708; USDINR 20D change 0.9026990410958335,0.0,NEUTRAL,6,1.6,AVOID_EVENT_RISK,"Tech 6 | News -3 (GOVERNANCE_RISK, HIGH) | Event caution -1 | Macro -2 | Sector 0 | Analytics 1.6 (B) | Risk HIGH/MEDIUM | Negative catalyst: Elecon Engineering Company shares slump nearly 14% after CFO resigns, profit slumps 33% in Q3 - Upstox | Analytics: Trend 2, Momentum 3, Volume 2, Liquidity -2 (0.0cr), VolRisk HIGH, Sector UNKNOWN 0 | News logic: Material management/auditor/governance risk. | Upcoming event caution: Outcome of Board Meeting",-3,-1,HIGH,"Negative catalyst: Elecon Engineering Company shares slump nearly 14% after CFO resigns, profit slumps 33% in Q3 - Upstox",Upcoming event caution: Outcome of Board Meeting,"Elecon Engineering Company shares slump nearly 14% after CFO resigns, profit slumps 33% in Q3 - Upstox","Negative catalyst: Elecon Engineering Company shares slump nearly 14% after CFO resigns, profit slumps 33% in Q3 - Upstox",Upstox,https://news.google.com/rss/articles/CBMi4wFBVV95cUxORElpbHpNMGhST2RsUVdvdmZjbDEzNHRBZmx3NGpPYmhRbEx6VGUzdVB2LTFGSzRQblpWUVliZnRiMEdaM2tPTzkydnhOUmduX3JQWDJFRlBLMVJ1YzRHU01vTm1LWkZXZVhrVXI1a25IaVkyamR5NGhvVGo2QTNUVG5UU1UycFV2M1luYWFaRUVQZ3F3Mkp5dzZrMUJhdmg4c0J3NnVQNW1Fa3NlaDZUaDUwOTdSX2VSbG9OWjF4bnNJVzNWUGt6b3Z0OFJmNGNsN3BBUHc5MDh3NGQyUXhGVEh0Yw?oc=5,1,1,GOVERNANCE_RISK,HIGH,3,Material management/auditor/governance risk.,0,62.1,MEDIUM,2.81,AVOID_EVENT_RISK,"AI overlay from completed recommendation outcomes; use as probability/risk input, not standalone advice."
ECLERX,2026-09-28,1816.2,24066.0,3,NEUTRAL,43.57,-17.1353,24.34,1901.82,1793.26,,96.94,0.21,3.91,0.83,1670.79,2058.55,1.67,RSI in swing zone; MACD weak; Trend strength acceptable; Above SMA50; Bollinger position healthy,UNKNOWN,-4.7,-3.0,26.18,0.0,5.34,3,0,0,-2,-1,HIGH,0,,,0,-3,0.5,1.0,D,"Trend 3, Momentum 0, Volume 0, Liquidity -2 (0.0cr), VolRisk HIGH, Sector UNKNOWN 0",3,3,3,NEUTRAL,News 0; event caution 0; risk LOW; type ; confidence ; reason . ,-2,MEDIUM,CAUTIOUS,Nifty 20D return -3.9448571751706463; 60D return -4.281982537022666; Crude 20D change 11.414863871570024; India VIX latest; 20D change 9.84643344748708; USDINR 20D change 0.9026990410958335,1.0,NEUTRAL,3,1.5,NEUTRAL,"Tech 3 | News 0 (, ) | Event caution 0 | Macro -2 | Sector 0 | Analytics 0.5 (D) | Risk LOW/MEDIUM | Analytics: Trend 3, Momentum 0, Volume 0, Liquidity -2 (0.0cr), VolRisk HIGH, Sector UNKNOWN 0",0,0,LOW,,,,,,,0,0,,,0,,0,61.6,MEDIUM,2.66,NEUTRAL,"AI overlay from completed recommendation outcomes; use as probability/risk input, not standalone advice."
SYNGENE,2026-09-21,385.15,109731.0,3,NEUTRAL,42.69,-2.1584,26.82,395.07,403.3,,12.95,0.305,41.88,3.14,365.72,417.53,1.67,RSI in swing zone; MACD weak; Trend strength acceptable; Bollinger position healthy; Volume expansion,UNKNOWN,0.65,-4.02,-11.76,0.0,3.36,1,0,2,-2,0,MEDIUM,0,,,0,-2,0.45,1.5,D,"Trend 1, Momentum 0, Volume 2, Liquidity -2 (0.0cr), VolRisk MEDIUM, Sector UNKNOWN 0",3,3,3,NEUTRAL,News 0; event caution 0; risk LOW; type ; confidence ; reason . ,-2,MEDIUM,CAUTIOUS,Nifty 20D return -3.9448571751706463; 60D return -4.281982537022666; Crude 20D change 11.414863871570024; India VIX latest; 20D change 9.84643344748708; USDINR 20D change 0.9026990410958335,1.0,NEUTRAL,3,1.45,NEUTRAL,"Tech 3 | News 0 (, ) | Event caution 0 | Macro -2 | Sector 0 | Analytics 0.45 (D) | Risk LOW/MEDIUM | Analytics: Trend 1, Momentum 0, Volume 2, Liquidity -2 (0.0cr), VolRisk MEDIUM, Sector UNKNOWN 0",0,0,LOW,,,,,,,0,0,,,0,,0,60.3,MEDIUM,2.48,NEUTRAL,"AI overlay from completed recommendation outcomes; use as probability/risk input, not standalone advice."
DIACABS,2026-08-03,322.85,28910.0,3,NEUTRAL,78.04,4.1646,53.96,274.5,234.49,,19.21,0.777,84.7,0.43,294.03,370.88,1.67,RSI overbought; MACD bullish; Trend strength acceptable; Above SMA20; Above SMA50,UNKNOWN,0.45,40.98,66.85,0.0,5.95,5,-2,-1,-2,-1,HIGH,0,,,0,-3,0.45,1.0,D,"Trend 5, Momentum -2, Volume -1, Liquidity -2 (0.0cr), VolRisk HIGH, Sector UNKNOWN 0",3,3,3,NEUTRAL,News 0; event caution 0; risk LOW; type ; confidence ; reason . ,-2,MEDIUM,CAUTIOUS,Nifty 20D return -3.9448571751706463; 60D return -4.281982537022666; Crude 20D change 11.414863871570024; India VIX latest; 20D change 9.84643344748708; USDINR 20D change 0.9026990410958335,1.0,NEUTRAL,3,1.45,NEUTRAL,"Tech 3 | News 0 (, ) | Event caution 0 | Macro -2 | Sector 0 | Analytics 0.45 (D) | Risk LOW/MEDIUM | Analytics: Trend 5, Momentum -2, Volume -1, Liquidity -2 (0.0cr), VolRisk HIGH, Sector UNKNOWN 0",0,0,LOW,,,,,,,0,0,,,0,,0,63.0,MEDIUM,2.75,NEUTRAL,"AI overlay from completed recommendation outcomes; use as probability/risk input, not standalone advice."
TBZ,2026-09-16,547.5,25563.0,3,NEUTRAL,83.08,10.3059,58.42,403.85,300.56,,39.26,0.811,88.38,0.4,488.62,645.64,1.67,RSI overbought; MACD bullish; Trend strength acceptable; Above SMA20; Above SMA50,UNKNOWN,9.23,90.3,,0.0,7.17,5,-2,-1,-2,-1,HIGH,0,,,0,-3,0.45,1.0,D,"Trend 5, Momentum -2, Volume -1, Liquidity -2 (0.0cr), VolRisk HIGH, Sector UNKNOWN 0",3,3,3,NEUTRAL,News 0; event caution 0; risk LOW; type ; confidence ; reason . ,-2,MEDIUM,CAUTIOUS,Nifty 20D return -3.9448571751706463; 60D return -4.281982537022666; Crude 20D change 11.414863871570024; India VIX latest; 20D change 9.84643344748708; USDINR 20D change 0.9026990410958335,1.0,NEUTRAL,3,1.45,NEUTRAL,"Tech 3 | News 0 (, ) | Event caution 0 | Macro -2 | Sector 0 | Analytics 0.45 (D) | Risk LOW/MEDIUM | Analytics: Trend 5, Momentum -2, Volume -1, Liquidity -2 (0.0cr), VolRisk HIGH, Sector UNKNOWN 0",0,0,LOW,,,,,,,0,0,,,0,,0,65.7,HIGH,3.02,NEUTRAL,"AI overlay from completed recommendation outcomes; use as probability/risk input, not standalone advice."
CUPID,2026-09-28,264.5,80851.0,3,NEUTRAL,45.11,-1.2722,32.21,273.19,273.89,207.43,13.61,0.26,45.12,0.65,244.09,298.52,1.67,RSI in swing zone; MACD weak; Trend strength acceptable; Long-term trend positive; Bollinger position healthy,UNKNOWN,2.44,-6.59,27.61,0.01,5.14,2,1,0,-2,-1,HIGH,0,,,0,-3,0.4,1.0,D,"Trend 2, Momentum 1, Volume 0, Liquidity -2 (0.01cr), VolRisk HIGH, Sector UNKNOWN 0",3,3,3,NEUTRAL,News 0; event caution 0; risk LOW; type ; confidence ; reason . ,-2,MEDIUM,CAUTIOUS,Nifty 20D return -3.9448571751706463; 60D return -4.281982537022666; Crude 20D change 11.414863871570024; India VIX latest; 20D change 9.84643344748708; USDINR 20D change 0.9026990410958335,1.0,NEUTRAL,3,1.4,NEUTRAL,"Tech 3 | News 0 (, ) | Event caution 0 | Macro -2 | Sector 0 | Analytics 0.4 (D) | Risk LOW/MEDIUM | Analytics: Trend 2, Momentum 1, Volume 0, Liquidity -2 (0.01cr), VolRisk HIGH, Sector UNKNOWN 0",0,0,LOW,,,,,,,0,0,,,0,,0,59.9,MEDIUM,2.39,NEUTRAL,"AI overlay from completed recommendation outcomes; use as probability/risk input, not standalone advice."
SAMHI,2026-09-21,160.26,37901.0,3,NEUTRAL,47.44,-1.3923,19.53,166.32,158.67,,10.54,0.349,32.61,1.12,144.45,186.61,1.67,RSI in swing zone; MACD weak; Above SMA50; Bollinger position healthy,UNKNOWN,2.03,-13.01,,0.0,6.58,2,1,0,-2,-1,HIGH,0,,,0,-3,0.4,1.0,D,"Trend 2, Momentum 1, Volume 0, Liquidity -2 (0.0cr), VolRisk HIGH, Sector UNKNOWN 0",3,3,3,NEUTRAL,News 0; event caution 0; risk LOW; type ; confidence ; reason . ,-2,MEDIUM,CAUTIOUS,Nifty 20D return -3.9448571751706463; 60D return -4.281982537022666; Crude 20D change 11.414863871570024; India VIX latest; 20D change 9.84643344748708; USDINR 20D change 0.9026990410958335,1.0,NEUTRAL,3,1.4,NEUTRAL,"Tech 3 | News 0 (, ) | Event caution 0 | Macro -2 | Sector 0 | Analytics 0.4 (D) | Risk LOW/MEDIUM | Analytics: Trend 2, Momentum 1, Volume 0, Liquidity -2 (0.0cr), VolRisk HIGH, Sector UNKNOWN 0",0,0,LOW,,,,,,,0,0,,,0,,0,63.5,MEDIUM,2.75,NEUTRAL,"AI overlay from completed recommendation outcomes; use as probability/risk input, not standalone advice."
AAVAS,2026-09-03,1297.8,28673.0,3,NEUTRAL,48.35,-20.5202,21.3,1359.08,1255.0,,72.52,0.327,20.47,0.78,1189.03,1479.09,1.67,RSI in swing zone; MACD weak; Above SMA50; Bollinger position healthy,UNKNOWN,1.75,-8.04,-6.28,0.0,5.59,2,1,0,-2,-1,HIGH,0,,,0,-3,0.4,1.0,D,"Trend 2, Momentum 1, Volume 0, Liquidity -2 (0.0cr), VolRisk HIGH, Sector UNKNOWN 0",3,3,3,NEUTRAL,News 0; event caution 0; risk LOW; type ; confidence ; reason . ,-2,MEDIUM,CAUTIOUS,Nifty 20D return -3.9448571751706463; 60D return -4.281982537022666; Crude 20D change 11.414863871570024; India VIX latest; 20D change 9.84643344748708; USDINR 20D change 0.9026990410958335,1.0,NEUTRAL,3,1.4,NEUTRAL,"Tech 3 | News 0 (, ) | Event caution 0 | Macro -2 | Sector 0 | Analytics 0.4 (D) | Risk LOW/MEDIUM | Analytics: Trend 2, Momentum 1, Volume 0, Liquidity -2 (0.0cr), VolRisk HIGH, Sector UNKNOWN 0",0,0,LOW,,,,,,,0,0,,,0,,0,61.6,MEDIUM,2.56,NEUTRAL,"AI overlay from completed recommendation outcomes; use as probability/risk input, not standalone advice."
AFFLE,2026-09-20,1603.5,28087.0,3,NEUTRAL,50.63,-10.1288,16.25,1630.53,1548.21,,82.3,0.386,44.13,0.62,1480.05,1809.25,1.67,RSI in swing zone; MACD weak; Above SMA50; Bollinger position healthy,UNKNOWN,5.55,-1.18,6.45,0.0,5.13,2,1,0,-2,-1,HIGH,0,,,0,-3,0.4,1.0,D,"Trend 2, Momentum 1, Volume 0, Liquidity -2 (0.0cr), VolRisk HIGH, Sector UNKNOWN 0",3,3,3,NEUTRAL,News 0; event caution 0; risk LOW; type ; confidence ; reason . ,-2,MEDIUM,CAUTIOUS,Nifty 20D return -3.9448571751706463; 60D return -4.281982537022666; Crude 20D change 11.414863871570024; India VIX latest; 20D change 9.84643344748708; USDINR 20D change 0.9026990410958335,1.0,NEUTRAL,3,1.4,NEUTRAL,"Tech 3 | News 0 (, ) | Event caution 0 | Macro -2 | Sector 0 | Analytics 0.4 (D) | Risk LOW/MEDIUM | Analytics: Trend 2, Momentum 1, Volume 0, Liquidity -2 (0.0cr), VolRisk HIGH, Sector UNKNOWN 0",0,0,LOW,,,,,,,0,0,,,0,,0,61.7,MEDIUM,2.57,NEUTRAL,"AI overlay from completed recommendation outcomes; use as probability/risk input, not standalone advice."
KEI,2026-09-24,4636.5,19838.0,3,NEUTRAL,37.92,21.9915,32.94,4740.55,5191.21,4943.04,150.67,0.397,56.4,0.3,4410.5,5013.17,1.67,MACD bullish; Trend strength acceptable; Bollinger position healthy,UNKNOWN,1.68,-19.23,-9.3,0.0,3.25,1,2,-1,-2,0,MEDIUM,0,,,0,-2,0.4,1.5,D,"Trend 1, Momentum 2, Volume -1, Liquidity -2 (0.0cr), VolRisk MEDIUM, Sector UNKNOWN 0",3,3,3,NEUTRAL,News 0; event caution 0; risk LOW; type ; confidence ; reason . ,-2,MEDIUM,CAUTIOUS,Nifty 20D return -3.9448571751706463; 60D return -4.281982537022666; Crude 20D change 11.414863871570024; India VIX latest; 20D change 9.84643344748708; USDINR 20D change 0.9026990410958335,1.0,NEUTRAL,3,1.4,NEUTRAL,"Tech 3 | News 0 (, ) | Event caution 0 | Macro -2 | Sector 0 | Analytics 0.4 (D) | Risk LOW/MEDIUM | Analytics: Trend 1, Momentum 2, Volume -1, Liquidity -2 (0.0cr), VolRisk MEDIUM, Sector UNKNOWN 0",0,0,LOW,,,,,,,0,0,,,0,,0,62.0,MEDIUM,2.6,NEUTRAL,"AI overlay from completed recommendation outcomes; use as probability/risk input, not standalone advice."
METALIETF,2026-06-08,12.99,22301.0,4,WATCH,65.23,0.1595,25.95,12.08,11.95,,0.66,0.86,90.88,0.98,11.99,14.65,1.66,MACD bullish; Trend strength acceptable; Above SMA20; Above SMA50,METALS,11.69,8.16,,0.0,5.11,5,3,0,-2,-1,HIGH,-3,30.0,-0.68,-2,-3,1.4,0.75,C,"Trend 5, Momentum 3, Volume 0, Liquidity -2 (0.0cr), VolRisk HIGH, Sector METALS -3",4,4,4,WATCH,News 0; event caution 0; risk LOW; type ; confidence ; reason . ,-2,MEDIUM,CAUTIOUS,Nifty 20D return -3.9448571751706463; 60D return -4.281982537022666; Crude 20D change 11.414863871570024; India VIX latest; 20D change 9.84643344748708; USDINR 20D change 0.9026990410958335,0.0,NEUTRAL,4,1.4,NEUTRAL,"Tech 4 | News 0 (, ) | Event caution 0 | Macro -2 | Sector -2 | Analytics 1.4 (C) | Risk LOW/MEDIUM | Analytics: Trend 5, Momentum 3, Volume 0, Liquidity -2 (0.0cr), VolRisk HIGH, Sector METALS -3",0,0,LOW,,,,,,,0,0,,,0,,0,63.3,MEDIUM,2.73,NEUTRAL,"AI overlay from completed recommendation outcomes; use as probability/risk input, not standalone advice."
ULTRACEMCO,2026-09-28,11025.0,39251.0,6,WATCH,44.47,43.5834,20.81,11015.3,11437.42,11627.12,193.82,0.515,69.05,1.07,10734.27,11509.54,1.67,RSI in swing zone; MACD bullish; Above SMA20; Bollinger position healthy,CEMENT,0.23,-3.36,-5.99,0.0,1.76,1,2,0,-2,1,LOW,-2,28.6,0.69,-3,-1,0.3,1.25,C,"Trend 1, Momentum 2, Volume 0, Liquidity -2 (0.0cr), VolRisk LOW, Sector CEMENT -2",6,6,6,WATCH,News 0; event caution 0; risk LOW; type ; confidence ; reason . ,-2,MEDIUM,CAUTIOUS,Nifty 20D return -3.9448571751706463; 60D return -4.281982537022666; Crude 20D change 11.414863871570024; India VIX latest; 20D change 9.84643344748708; USDINR 20D change 0.9026990410958335,1.0,NEUTRAL,6,1.3,NEUTRAL,"Tech 6 | News 0 (, ) | Event caution 0 | Macro -2 | Sector -3 | Analytics 0.3 (C) | Risk LOW/MEDIUM | Analytics: Trend 1, Momentum 2, Volume 0, Liquidity -2 (0.0cr), VolRisk LOW, Sector CEMENT -2",0,0,LOW,,,,,,,0,0,,,0,,-1,54.1,LOW,1.71,NEUTRAL,"AI overlay from completed recommendation outcomes; use as probability/risk input, not standalone advice."
VISL,2026-09-28,31.42,38807.0,3,NEUTRAL,38.25,0.0761,26.08,32.73,35.09,,1.58,0.271,28.72,0.89,29.05,35.38,1.67,MACD bullish; Trend strength acceptable; Bollinger position healthy,UNKNOWN,2.41,-12.89,-7.23,0.0,5.04,1,2,0,-2,-1,HIGH,0,,,0,-3,0.3,1.0,D,"Trend 1, Momentum 2, Volume 0, Liquidity -2 (0.0cr), VolRisk HIGH, Sector UNKNOWN 0",3,3,3,NEUTRAL,News 0; event caution 0; risk LOW; type ; confidence ; reason . ,-2,MEDIUM,CAUTIOUS,Nifty 20D return -3.9448571751706463; 60D return -4.281982537022666; Crude 20D change 11.414863871570024; India VIX latest; 20D change 9.84643344748708; USDINR 20D change 0.9026990410958335,1.0,NEUTRAL,3,1.3,NEUTRAL,"Tech 3 | News 0 (, ) | Event caution 0 | Macro -2 | Sector 0 | Analytics 0.3 (D) | Risk LOW/MEDIUM | Analytics: Trend 1, Momentum 2, Volume 0, Liquidity -2 (0.0cr), VolRisk HIGH, Sector UNKNOWN 0",0,0,LOW,,,,,,,0,0,,,0,,0,63.3,MEDIUM,2.63,NEUTRAL,"AI overlay from completed recommendation outcomes; use as probability/risk input, not standalone advice."
ZAGGLE,2026-09-14,187.0,23177.0,4,WATCH,42.27,0.378,20.68,195.48,214.53,,15.21,0.369,48.13,0.38,164.19,225.02,1.67,RSI in swing zone; MACD bullish; Bollinger position healthy,UNKNOWN,-1.25,-11.21,-37.04,0.0,8.13,0,2,-1,-2,-2,VERY_HIGH,0,,,0,-3,-0.75,1.0,D,"Trend 0, Momentum 2, Volume -1, Liquidity -2 (0.0cr), VolRisk VERY_HIGH, Sector UNKNOWN 0",4,4,4,WATCH,News 0; event caution 0; risk LOW; type ; confidence ; reason . ,-2,MEDIUM,CAUTIOUS,Nifty 20D return -3.9448571751706463; 60D return -4.281982537022666; Crude 20D change 11.414863871570024; India VIX latest; 20D change 9.84643344748708; USDINR 20D change 0.9026990410958335,2.0,NEUTRAL,4,1.25,NEUTRAL,"Tech 4 | News 0 (, ) | Event caution 0 | Macro -2 | Sector 0 | Analytics -0.75 (D) | Risk LOW/MEDIUM | Analytics: Trend 0, Momentum 2, Volume -1, Liquidity -2 (0.0cr), VolRisk VERY_HIGH, Sector UNKNOWN 0",0,0,LOW,,,,,,,0,0,,,0,,0,62.7,MEDIUM,2.52,NEUTRAL,"AI overlay from completed recommendation outcomes; use as probability/risk input, not standalone advice."
JAMNAAUTO,2026-09-28,139.68,44352.0,1,NEUTRAL,62.04,1.274,13.58,131.26,132.19,,6.26,0.932,92.9,1.05,130.3,155.32,1.67,MACD bullish; Weak trend; Above SMA20; Above SMA50; Near upper Bollinger band,UNKNOWN,9.13,12.86,11.92,0.0,4.48,3,4,0,-2,0,MEDIUM,0,,,0,-2,2.25,1.5,D,"Trend 3, Momentum 4, Volume 0, Liquidity -2 (0.0cr), VolRisk MEDIUM, Sector UNKNOWN 0",1,1,1,NEUTRAL,News 0; event caution 0; risk LOW; type ; confidence ; reason . ,-2,MEDIUM,CAUTIOUS,Nifty 20D return -3.9448571751706463; 60D return -4.281982537022666; Crude 20D change 11.414863871570024; India VIX latest; 20D change 9.84643344748708; USDINR 20D change 0.9026990410958335,-1.0,NEUTRAL,1,1.25,NEUTRAL,"Tech 1 | News 0 (, ) | Event caution 0 | Macro -2 | Sector 0 | Analytics 2.25 (D) | Risk LOW/MEDIUM | Analytics: Trend 3, Momentum 4, Volume 0, Liquidity -2 (0.0cr), VolRisk MEDIUM, Sector UNKNOWN 0",0,0,LOW,,,,,,,0,0,,,0,,0,60.8,MEDIUM,2.33,NEUTRAL,"AI overlay from completed recommendation outcomes; use as probability/risk input, not standalone advice."
HDBFS,2026-09-21,680.95,32211.0,3,NEUTRAL,43.95,1.7277,12.77,684.75,710.38,,18.95,0.399,43.47,1.18,652.52,728.33,1.67,RSI in swing zone; MACD bullish; Weak trend; Bollinger position healthy,UNKNOWN,-0.61,-0.23,0.89,0.0,2.78,0,2,0,-2,0,MEDIUM,0,,,0,-2,0.2,1.5,D,"Trend 0, Momentum 2, Volume 0, Liquidity -2 (0.0cr), VolRisk MEDIUM, Sector UNKNOWN 0",3,3,3,NEUTRAL,News 0; event caution 0; risk LOW; type ; confidence ; reason . ,-2,MEDIUM,CAUTIOUS,Nifty 20D return -3.9448571751706463; 60D return -4.281982537022666; Crude 20D change 11.414863871570024; India VIX latest; 20D change 9.84643344748708; USDINR 20D change 0.9026990410958335,1.0,NEUTRAL,3,1.2,NEUTRAL,"Tech 3 | News 0 (, ) | Event caution 0 | Macro -2 | Sector 0 | Analytics 0.2 (D) | Risk LOW/MEDIUM | Analytics: Trend 0, Momentum 2, Volume 0, Liquidity -2 (0.0cr), VolRisk MEDIUM, Sector UNKNOWN 0",0,0,LOW,,,,,,,0,0,,,0,,0,60.5,MEDIUM,2.25,NEUTRAL,"AI overlay from completed recommendation outcomes; use as probability/risk input, not standalone advice."
IPCALAB,2026-09-28,1919.3,28086.0,2,NEUTRAL,46.14,-11.8588,24.5,1971.93,1878.4,,60.86,-0.05,12.53,0.89,1828.01,2071.45,1.67,RSI in swing zone; MACD weak; Trend strength acceptable; Above SMA50,PHARMA,-4.43,-1.59,16.9,0.0,3.17,3,1,0,-2,0,MEDIUM,0,50.0,3.96,0,-2,1.2,1.5,D,"Trend 3, Momentum 1, Volume 0, Liquidity -2 (0.0cr), VolRisk MEDIUM, Sector PHARMA 0",2,2,2,NEUTRAL,News 0; event caution 0; risk LOW; type ; confidence ; reason . ,-2,MEDIUM,CAUTIOUS,Nifty 20D return -3.9448571751706463; 60D return -4.281982537022666; Crude 20D change 11.414863871570024; India VIX latest; 20D change 9.84643344748708; USDINR 20D change 0.9026990410958335,0.0,NEUTRAL,2,1.2,NEUTRAL,"Tech 2 | News 0 (, ) | Event caution 0 | Macro -2 | Sector 0 | Analytics 1.2 (D) | Risk LOW/MEDIUM | Analytics: Trend 3, Momentum 1, Volume 0, Liquidity -2 (0.0cr), VolRisk MEDIUM, Sector PHARMA 0",0,0,LOW,,,,,,,0,0,,,0,,0,59.2,MEDIUM,2.12,NEUTRAL,"AI overlay from completed recommendation outcomes; use as probability/risk input, not standalone advice."
BAJAJHIND,2026-09-28,20.45,21215.0,3,NEUTRAL,46.33,-0.2505,21.74,21.41,20.11,,1.2,0.206,32.34,0.51,18.66,23.44,1.67,RSI in swing zone; MACD weak; Above SMA50; Bollinger position healthy,UNKNOWN,-2.34,-3.13,,0.0,5.85,2,1,-1,-2,-1,HIGH,0,,,0,-3,0.15,1.0,D,"Trend 2, Momentum 1, Volume -1, Liquidity -2 (0.0cr), VolRisk HIGH, Sector UNKNOWN 0",3,3,3,NEUTRAL,News 0; event caution 0; risk LOW; type ; confidence ; reason . ,-2,MEDIUM,CAUTIOUS,Nifty 20D return -3.9448571751706463; 60D return -4.281982537022666; Crude 20D change 11.414863871570024; India VIX latest; 20D change 9.84643344748708; USDINR 20D change 0.9026990410958335,1.0,NEUTRAL,3,1.15,NEUTRAL,"Tech 3 | News 0 (, ) | Event caution 0 | Macro -2 | Sector 0 | Analytics 0.15 (D) | Risk LOW/MEDIUM | Analytics: Trend 2, Momentum 1, Volume -1, Liquidity -2 (0.0cr), VolRisk HIGH, Sector UNKNOWN 0",0,0,LOW,,,,,,,0,0,,,0,,0,63.1,MEDIUM,2.46,NEUTRAL,"AI overlay from completed recommendation outcomes; use as probability/risk input, not standalone advice."
IOLCP,2026-09-28,196.29,20568.0,3,NEUTRAL,50.76,-1.2483,19.85,201.16,182.84,,11.83,0.344,57.66,0.45,178.54,225.87,1.67,RSI in swing zone; MACD weak; Above SMA50; Bollinger position healthy,UNKNOWN,-2.05,-1.83,37.3,0.0,6.03,2,1,-1,-2,-1,HIGH,0,,,0,-3,0.15,1.0,D,"Trend 2, Momentum 1, Volume -1, Liquidity -2 (0.0cr), VolRisk HIGH, Sector UNKNOWN 0",3,3,3,NEUTRAL,News 0; event caution 0; risk LOW; type ; confidence ; reason . ,-2,MEDIUM,CAUTIOUS,Nifty 20D return -3.9448571751706463; 60D return -4.281982537022666; Crude 20D change 11.414863871570024; India VIX latest; 20D change 9.84643344748708; USDINR 20D change 0.9026990410958335,1.0,NEUTRAL,3,1.15,NEUTRAL,"Tech 3 | News 0 (, ) | Event caution 0 | Macro -2 | Sector 0 | Analytics 0.15 (D) | Risk LOW/MEDIUM | Analytics: Trend 2, Momentum 1, Volume -1, Liquidity -2 (0.0cr), VolRisk HIGH, Sector UNKNOWN 0",0,0,LOW,,,,,,,0,0,,,0,,0,62.7,MEDIUM,2.42,NEUTRAL,"AI overlay from completed recommendation outcomes; use as probability/risk input, not standalone advice."
UJJIVANSFB,2026-09-28,63.09,55243.0,5,WATCH,41.03,0.0337,29.73,64.63,68.04,60.69,2.2,0.106,33.58,1.05,59.79,68.6,1.67,RSI in swing zone; MACD bullish; Trend strength acceptable; Long-term trend positive,BANK,-2.55,-0.86,-2.76,0.0,3.49,2,2,0,-2,0,MEDIUM,-3,15.4,-0.84,-2,-2,0.05,1.25,C,"Trend 2, Momentum 2, Volume 0, Liquidity -2 (0.0cr), VolRisk MEDIUM, Sector BANK -3",5,5,5,WATCH,News 0; event caution 0; risk LOW; type ; confidence ; reason . ,-2,MEDIUM,CAUTIOUS,Nifty 20D return -3.9448571751706463; 60D return -4.281982537022666; Crude 20D change 11.414863871570024; India VIX latest; 20D change 9.84643344748708; USDINR 20D change 0.9026990410958335,1.0,NEUTRAL,5,1.05,NEUTRAL,"Tech 5 | News 0 (, ) | Event caution 0 | Macro -2 | Sector -2 | Analytics 0.05 (C) | Risk LOW/MEDIUM | Analytics: Trend 2, Momentum 2, Volume 0, Liquidity -2 (0.0cr), VolRisk MEDIUM, Sector BANK -3",0,0,LOW,,,,,,,0,0,,,0,,0,62.8,MEDIUM,2.33,NEUTRAL,"AI overlay from completed recommendation outcomes; use as probability/risk input, not standalone advice."
LUPIN,2026-09-28,2062.0,23277.0,2,NEUTRAL,35.59,5.6139,30.51,2093.19,2185.43,2289.99,38.48,0.124,28.08,0.62,2004.28,2158.19,1.67,MACD bullish; Trend strength acceptable,PHARMA,-3.42,-2.27,-16.8,0.0,1.87,1,2,0,-2,1,LOW,0,50.0,3.96,0,-1,1.0,1.5,D,"Trend 1, Momentum 2, Volume 0, Liquidity -2 (0.0cr), VolRisk LOW, Sector PHARMA 0",2,2,2,NEUTRAL,News 0; event caution 0; risk LOW; type ; confidence ; reason . ,-2,MEDIUM,CAUTIOUS,Nifty 20D return -3.9448571751706463; 60D return -4.281982537022666; Crude 20D change 11.414863871570024; India VIX latest; 20D change 9.84643344748708; USDINR 20D change 0.9026990410958335,0.0,NEUTRAL,2,1.0,NEUTRAL,"Tech 2 | News 0 (, ) | Event caution 0 | Macro -2 | Sector 0 | Analytics 1 (D) | Risk LOW/MEDIUM | Analytics: Trend 1, Momentum 2, Volume 0, Liquidity -2 (0.0cr), VolRisk LOW, Sector PHARMA 0",0,0,LOW,,,,,,,0,0,,,0,,0,52.6,LOW,1.26,NEUTRAL,"AI overlay from completed recommendation outcomes; use as probability/risk input, not standalone advice."
VBL,2026-09-28,430.0,42844.0,8,BUY,55.74,2.8101,25.14,419.38,425.72,461.09,9.64,0.751,75.84,0.84,415.54,454.1,1.67,RSI in swing zone; MACD bullish; Trend strength acceptable; Above SMA20; Above SMA50,FMCG,0.0,5.5,-8.12,0.0,2.24,4,4,0,-2,1,LOW,-3,33.3,-0.2,-2,-1,2.0,1.25,B,"Trend 4, Momentum 4, Volume 0, Liquidity -2 (0.0cr), VolRisk LOW, Sector FMCG -3",3,3,3,WATCH_EVENT_RISK,News -5; event caution 0; risk HIGH; type GOVERNANCE_RISK; confidence HIGH; reason Material management/auditor/governance risk.. Negative catalyst: Resignation of Director/KMP/SMP,-2,MEDIUM,CAUTIOUS,Nifty 20D return -3.9448571751706463; 60D return -4.281982537022666; Crude 20D change 11.414863871570024; India VIX latest; 20D change 9.84643344748708; USDINR 20D change 0.9026990410958335,-1.0,NEUTRAL,8,1.0,AVOID_EVENT_RISK,"Tech 8 | News -5 (GOVERNANCE_RISK, HIGH) | Event caution 0 | Macro -2 | Sector -2 | Analytics 2 (B) | Risk HIGH/MEDIUM | Negative catalyst: Resignation of Director/KMP/SMP | Analytics: Trend 4, Momentum 4, Volume 0, Liquidity -2 (0.0cr), VolRisk LOW, Sector FMCG -3 | News logic: Material management/auditor/governance risk.",-5,0,HIGH,Negative catalyst: Resignation of Director/KMP/SMP,,Resignation of Director/KMP/SMP,Negative catalyst: Resignation of Director/KMP/SMP,NSE Corporate Announcements,https://nsearchives.nseindia.com/corporate/VBL_ROID_98921_KMP_Doc.zip,2,0,GOVERNANCE_RISK,HIGH,3,Material management/auditor/governance risk.,0,52.0,LOW,1.2,AVOID_EVENT_RISK,"AI overlay from completed recommendation outcomes; use as probability/risk input, not standalone advice."
HCLTECH,2026-09-28,1252.6,58112.0,5,WATCH,46.01,2.8972,11.4,1249.61,1299.83,1280.2,33.85,0.528,60.34,0.81,1201.83,1337.22,1.67,RSI in swing zone; MACD bullish; Weak trend; Above SMA20; Bollinger position healthy,IT,-1.4,-3.15,2.56,0.0,2.7,1,3,0,-2,0,MEDIUM,-3,16.7,-6.08,-2,-2,-0.05,1.25,C,"Trend 1, Momentum 3, Volume 0, Liquidity -2 (0.0cr), VolRisk MEDIUM, Sector IT -3",5,5,5,WATCH,News 0; event caution 0; risk LOW; type ; confidence ; reason . ,-2,MEDIUM,CAUTIOUS,Nifty 20D return -3.9448571751706463; 60D return -4.281982537022666; Crude 20D change 11.414863871570024; India VIX latest; 20D change 9.84643344748708; USDINR 20D change 0.9026990410958335,1.0,NEUTRAL,5,0.95,NEUTRAL,"Tech 5 | News 0 (, ) | Event caution 0 | Macro -2 | Sector -2 | Analytics -0.05 (C) | Risk LOW/MEDIUM | Analytics: Trend 1, Momentum 3, Volume 0, Liquidity -2 (0.0cr), VolRisk MEDIUM, Sector IT -3",0,0,LOW,,,,,,,0,0,,,0,,0,61.4,MEDIUM,2.09,NEUTRAL,"AI overlay from completed recommendation outcomes; use as probability/risk input, not standalone advice."
ZEEL,2026-09-28,76.5,46806.0,3,NEUTRAL,27.06,0.4397,47.22,80.14,91.85,92.33,3.17,0.275,5.67,0.77,71.75,84.41,1.67,RSI oversold rebound candidate; MACD bullish; Trend strength acceptable; Bollinger position healthy,UNKNOWN,-2.19,-16.49,-28.73,0.0,4.14,1,0,0,-2,0,MEDIUM,0,,,0,-2,-0.05,1.5,D,"Trend 1, Momentum 0, Volume 0, Liquidity -2 (0.0cr), VolRisk MEDIUM, Sector UNKNOWN 0",3,3,3,NEUTRAL,News 0; event caution 0; risk LOW; type ; confidence ; reason . ,-2,MEDIUM,CAUTIOUS,Nifty 20D return -3.9448571751706463; 60D return -4.281982537022666; Crude 20D change 11.414863871570024; India VIX latest; 20D change 9.84643344748708; USDINR 20D change 0.9026990410958335,1.0,NEUTRAL,3,0.95,NEUTRAL,"Tech 3 | News 0 (, ) | Event caution 0 | Macro -2 | Sector 0 | Analytics -0.05 (D) | Risk LOW/MEDIUM | Analytics: Trend 1, Momentum 0, Volume 0, Liquidity -2 (0.0cr), VolRisk MEDIUM, Sector UNKNOWN 0",0,0,LOW,,,,,,,0,0,,,0,,0,60.5,MEDIUM,2.0,NEUTRAL,"AI overlay from completed recommendation outcomes; use as probability/risk input, not standalone advice."
GMRAIRPORT,2026-09-28,94.75,27625.0,3,NEUTRAL,40.28,0.1529,20.79,97.19,99.7,99.78,2.55,0.192,29.71,0.55,90.93,101.12,1.67,RSI in swing zone; MACD bullish,UNKNOWN,-3.66,-2.77,-15.05,0.0,2.69,0,2,-1,-2,0,MEDIUM,0,,,0,-2,-0.05,1.5,D,"Trend 0, Momentum 2, Volume -1, Liquidity -2 (0.0cr), VolRisk MEDIUM, Sector UNKNOWN 0",3,3,3,NEUTRAL,News 0; event caution 0; risk LOW; type ; confidence ; reason . ,-2,MEDIUM,CAUTIOUS,Nifty 20D return -3.9448571751706463; 60D return -4.281982537022666; Crude 20D change 11.414863871570024; India VIX latest; 20D change 9.84643344748708; USDINR 20D change 0.9026990410958335,1.0,NEUTRAL,3,0.95,NEUTRAL,"Tech 3 | News 0 (, ) | Event caution 0 | Macro -2 | Sector 0 | Analytics -0.05 (D) | Risk LOW/MEDIUM | Analytics: Trend 0, Momentum 2, Volume -1, Liquidity -2 (0.0cr), VolRisk MEDIUM, Sector UNKNOWN 0",0,0,LOW,,,,,,,0,0,,,0,,0,60.5,MEDIUM,2.0,NEUTRAL,"AI overlay from completed recommendation outcomes; use as probability/risk input, not standalone advice."
ADANIPORTS,2026-09-28,1743.7,48338.0,4,WATCH,47.97,-1.9158,21.81,1763.34,1717.98,1662.35,39.02,0.373,31.37,0.76,1685.16,1841.26,1.67,RSI in swing zone; MACD weak; Above SMA50; Long-term trend positive; Bollinger position healthy,LOGISTICS,-2.86,2.13,-5.44,0.0,2.24,4,1,0,-2,1,LOW,-3,0.0,-6.35,-2,-1,0.95,1.25,C,"Trend 4, Momentum 1, Volume 0, Liquidity -2 (0.0cr), VolRisk LOW, Sector LOGISTICS -3",4,4,4,WATCH,News 0; event caution 0; risk LOW; type ; confidence ; reason . ,-2,MEDIUM,CAUTIOUS,Nifty 20D return -3.9448571751706463; 60D return -4.281982537022666; Crude 20D change 11.414863871570024; India VIX latest; 20D change 9.84643344748708; USDINR 20D change 0.9026990410958335,0.0,NEUTRAL,4,0.95,NEUTRAL,"Tech 4 | News 0 (, ) | Event caution 0 | Macro -2 | Sector -2 | Analytics 0.95 (C) | Risk LOW/MEDIUM | Analytics: Trend 4, Momentum 1, Volume 0, Liquidity -2 (0.0cr), VolRisk LOW, Sector LOGISTICS -3",0,0,LOW,,,,,,,0,0,,,0,,0,54.9,LOW,1.44,NEUTRAL,"AI overlay from completed recommendation outcomes; use as probability/risk input, not standalone advice."
STLTECH,2026-05-13,405.15,99912.0,2,NEUTRAL,88.87,10.5377,56.97,289.28,229.21,,21.66,1.15,93.99,1.64,372.66,459.29,1.67,RSI overbought; MACD bullish; Trend strength acceptable; Above SMA20; Above SMA50,UNKNOWN,37.43,75.22,145.38,0.0,5.35,5,-2,1,-2,-1,HIGH,0,,,0,-3,0.95,1.0,D,"Trend 5, Momentum -2, Volume 1, Liquidity -2 (0.0cr), VolRisk HIGH, Sector UNKNOWN 0",2,2,2,NEUTRAL,News 0; event caution 0; risk LOW; type ; confidence ; reason . ,-2,MEDIUM,CAUTIOUS,Nifty 20D return -3.9448571751706463; 60D return -4.281982537022666; Crude 20D change 11.414863871570024; India VIX latest; 20D change 9.84643344748708; USDINR 20D change 0.9026990410958335,0.0,NEUTRAL,2,0.95,NEUTRAL,"Tech 2 | News 0 (, ) | Event caution 0 | Macro -2 | Sector 0 | Analytics 0.95 (D) | Risk LOW/MEDIUM | Analytics: Trend 5, Momentum -2, Volume 1, Liquidity -2 (0.0cr), VolRisk HIGH, Sector UNKNOWN 0",0,0,LOW,,,,,,,0,0,,,0,,0,60.1,MEDIUM,1.96,NEUTRAL,"AI overlay from completed recommendation outcomes; use as probability/risk input, not standalone advice."
FLUOROCHEM,2026-09-17,4471.8,26604.0,2,NEUTRAL,48.07,-51.9302,37.55,4668.89,4162.37,,185.71,-0.026,8.61,0.6,4193.23,4936.08,1.67,RSI in swing zone; MACD weak; Trend strength acceptable; Above SMA50,UNKNOWN,-6.57,-1.02,,0.0,4.15,3,1,-1,-2,0,MEDIUM,0,,,0,-2,0.95,1.5,D,"Trend 3, Momentum 1, Volume -1, Liquidity -2 (0.0cr), VolRisk MEDIUM, Sector UNKNOWN 0",2,2,2,NEUTRAL,News 0; event caution 0; risk LOW; type ; confidence ; reason . ,-2,MEDIUM,CAUTIOUS,Nifty 20D return -3.9448571751706463; 60D return -4.281982537022666; Crude 20D change 11.414863871570024; India VIX latest; 20D change 9.84643344748708; USDINR 20D change 0.9026990410958335,0.0,NEUTRAL,2,0.95,NEUTRAL,"Tech 2 | News 0 (, ) | Event caution 0 | Macro -2 | Sector 0 | Analytics 0.95 (D) | Risk LOW/MEDIUM | Analytics: Trend 3, Momentum 1, Volume -1, Liquidity -2 (0.0cr), VolRisk MEDIUM, Sector UNKNOWN 0",0,0,LOW,,,,,,,0,0,,,0,,0,60.7,MEDIUM,2.02,NEUTRAL,"AI overlay from completed recommendation outcomes; use as probability/risk input, not standalone advice."
LTFOODS,2026-09-15,421.05,23400.0,2,NEUTRAL,45.54,-3.3488,47.29,437.76,408.32,,16.04,0.137,1.35,0.49,396.98,461.16,1.67,RSI in swing zone; MACD weak; Trend strength acceptable; Above SMA50,UNKNOWN,-6.21,-1.52,9.65,0.0,3.81,3,1,-1,-2,0,MEDIUM,0,,,0,-2,0.95,1.5,D,"Trend 3, Momentum 1, Volume -1, Liquidity -2 (0.0cr), VolRisk MEDIUM, Sector UNKNOWN 0",2,2,2,NEUTRAL,News 0; event caution 0; risk LOW; type ; confidence ; reason . ,-2,MEDIUM,CAUTIOUS,Nifty 20D return -3.9448571751706463; 60D return -4.281982537022666; Crude 20D change 11.414863871570024; India VIX latest; 20D change 9.84643344748708; USDINR 20D change 0.9026990410958335,0.0,NEUTRAL,2,0.95,NEUTRAL,"Tech 2 | News 0 (, ) | Event caution 0 | Macro -2 | Sector 0 | Analytics 0.95 (D) | Risk LOW/MEDIUM | Analytics: Trend 3, Momentum 1, Volume -1, Liquidity -2 (0.0cr), VolRisk MEDIUM, Sector UNKNOWN 0",0,0,LOW,,,,,,,0,0,,,0,,0,61.4,MEDIUM,2.09,NEUTRAL,"AI overlay from completed recommendation outcomes; use as probability/risk input, not standalone advice."
AYE,2026-09-27,167.25,27476.0,2,NEUTRAL,48.02,-3.1785,27.52,178.21,152.6,,11.91,0.083,9.67,0.67,149.39,197.02,1.67,RSI in swing zone; MACD weak; Trend strength acceptable; Above SMA50,UNKNOWN,-9.5,-3.71,,0.0,7.12,3,1,0,-2,-1,HIGH,0,,,0,-3,0.85,1.0,D,"Trend 3, Momentum 1, Volume 0, Liquidity -2 (0.0cr), VolRisk HIGH, Sector UNKNOWN 0",2,2,2,NEUTRAL,News 0; event caution 0; risk LOW; type ; confidence ; reason . ,-2,MEDIUM,CAUTIOUS,Nifty 20D return -3.9448571751706463; 60D return -4.281982537022666; Crude 20D change 11.414863871570024; India VIX latest; 20D change 9.84643344748708; USDINR 20D change 0.9026990410958335,0.0,NEUTRAL,2,0.85,NEUTRAL,"Tech 2 | News 0 (, ) | Event caution 0 | Macro -2 | Sector 0 | Analytics 0.85 (D) | Risk LOW/MEDIUM | Analytics: Trend 3, Momentum 1, Volume 0, Liquidity -2 (0.0cr), VolRisk HIGH, Sector UNKNOWN 0",0,0,LOW,,,,,,,0,0,,,0,,0,62.2,MEDIUM,2.07,NEUTRAL,"AI overlay from completed recommendation outcomes; use as probability/risk input, not standalone advice."
MAXHEALTH,2026-09-28,1000.1,52798.0,-1,NEUTRAL,38.8,-3.4271,22.98,1030.34,1028.05,1033.75,25.67,0.18,13.17,1.2,961.59,1064.28,1.67,MACD weak; Trend strength acceptable; Volume expansion,HEALTHCARE,-5.34,1.55,-9.28,0.0,2.57,3,0,1,-2,0,MEDIUM,2,50.0,5.77,2,-2,1.8,1.5,E,"Trend 3, Momentum 0, Volume 1, Liquidity -2 (0.0cr), VolRisk MEDIUM, Sector HEALTHCARE 2",-1,-1,-1,NEUTRAL,News 0; event caution 0; risk LOW; type ; confidence ; reason . ,-2,MEDIUM,CAUTIOUS,Nifty 20D return -3.9448571751706463; 60D return -4.281982537022666; Crude 20D change 11.414863871570024; India VIX latest; 20D change 9.84643344748708; USDINR 20D change 0.9026990410958335,-1.0,NEUTRAL,-1,0.8,NEUTRAL,"Tech -1 | News 0 (, ) | Event caution 0 | Macro -2 | Sector 2 | Analytics 1.8 (E) | Risk LOW/MEDIUM | Analytics: Trend 3, Momentum 0, Volume 1, Liquidity -2 (0.0cr), VolRisk MEDIUM, Sector HEALTHCARE 2",0,0,LOW,,,,,,,0,0,,,0,,0,52.1,LOW,1.01,NEUTRAL,"AI overlay from completed recommendation outcomes; use as probability/risk input, not standalone advice."
AZAD,2026-09-28,2723.2,32397.0,2,NEUTRAL,49.16,-13.4619,13.91,2762.94,2682.79,,123.87,0.376,48.17,0.96,2537.39,3032.88,1.67,RSI in swing zone; MACD weak; Weak trend; Above SMA50; Bollinger position healthy,UNKNOWN,-1.91,-4.84,9.83,0.0,4.55,2,1,0,-2,0,MEDIUM,0,,,0,-2,0.75,1.5,D,"Trend 2, Momentum 1, Volume 0, Liquidity -2 (0.0cr), VolRisk MEDIUM, Sector UNKNOWN 0",2,2,2,NEUTRAL,News 0; event caution 0; risk LOW; type ; confidence ; reason . ,-2,MEDIUM,CAUTIOUS,Nifty 20D return -3.9448571751706463; 60D return -4.281982537022666; Crude 20D change 11.414863871570024; India VIX latest; 20D change 9.84643344748708; USDINR 20D change 0.9026990410958335,0.0,NEUTRAL,2,0.75,NEUTRAL,"Tech 2 | News 0 (, ) | Event caution 0 | Macro -2 | Sector 0 | Analytics 0.75 (D) | Risk LOW/MEDIUM | Analytics: Trend 2, Momentum 1, Volume 0, Liquidity -2 (0.0cr), VolRisk MEDIUM, Sector UNKNOWN 0",0,0,LOW,,,,,,,0,0,,,0,,0,61.1,MEDIUM,1.86,NEUTRAL,"AI overlay from completed recommendation outcomes; use as probability/risk input, not standalone advice."
BIOCON,2026-09-28,374.9,47232.0,2,NEUTRAL,33.94,0.1445,23.08,387.62,405.65,397.72,9.21,0.023,16.48,1.1,361.08,397.93,1.67,RSI oversold rebound candidate; MACD bullish; Trend strength acceptable,PHARMA,-3.87,-5.66,-14.25,0.0,2.46,1,1,0,-2,1,LOW,0,50.0,3.96,0,-1,0.65,1.5,D,"Trend 1, Momentum 1, Volume 0, Liquidity -2 (0.0cr), VolRisk LOW, Sector PHARMA 0",2,2,2,NEUTRAL,News 0; event caution 0; risk LOW; type ; confidence ; reason . ,-2,MEDIUM,CAUTIOUS,Nifty 20D return -3.9448571751706463; 60D return -4.281982537022666; Crude 20D change 11.414863871570024; India VIX latest; 20D change 9.84643344748708; USDINR 20D change 0.9026990410958335,0.0,NEUTRAL,2,0.65,NEUTRAL,"Tech 2 | News 0 (, ) | Event caution 0 | Macro -2 | Sector 0 | Analytics 0.65 (D) | Risk LOW/MEDIUM | Analytics: Trend 1, Momentum 1, Volume 0, Liquidity -2 (0.0cr), VolRisk LOW, Sector PHARMA 0",0,0,LOW,,,,,,,0,0,,,0,,0,53.0,LOW,0.95,NEUTRAL,"AI overlay from completed recommendation outcomes; use as probability/risk input, not standalone advice."
IRFC,2026-09-28,78.55,45146.0,2,NEUTRAL,31.45,0.0768,44.4,80.7,84.17,94.68,1.39,0.08,10.51,1.09,76.47,82.02,1.67,RSI oversold rebound candidate; MACD bullish; Trend strength acceptable,UNKNOWN,-1.81,-5.82,-11.46,0.0,1.77,1,1,0,-2,1,LOW,0,,,0,-1,0.65,1.5,D,"Trend 1, Momentum 1, Volume 0, Liquidity -2 (0.0cr), VolRisk LOW, Sector UNKNOWN 0",2,2,2,NEUTRAL,News 0; event caution 0; risk LOW; type ; confidence ; reason . ,-2,MEDIUM,CAUTIOUS,Nifty 20D return -3.9448571751706463; 60D return -4.281982537022666; Crude 20D change 11.414863871570024; India VIX latest; 20D change 9.84643344748708; USDINR 20D change 0.9026990410958335,0.0,NEUTRAL,2,0.65,NEUTRAL,"Tech 2 | News 0 (, ) | Event caution 0 | Macro -2 | Sector 0 | Analytics 0.65 (D) | Risk LOW/MEDIUM | Analytics: Trend 1, Momentum 1, Volume 0, Liquidity -2 (0.0cr), VolRisk LOW, Sector UNKNOWN 0",0,0,LOW,,,,,,,0,0,,,0,,0,53.0,LOW,0.95,NEUTRAL,"AI overlay from completed recommendation outcomes; use as probability/risk input, not standalone advice."
NBCC,2026-09-28,80.21,32584.0,2,NEUTRAL,33.19,0.1673,36.49,83.6,88.74,93.65,1.99,0.067,8.45,1.2,77.22,85.19,1.67,RSI oversold rebound candidate; MACD bullish; Trend strength acceptable,UNKNOWN,-2.06,-8.33,-19.77,0.0,2.48,1,1,0,-2,1,LOW,0,,,0,-1,0.65,1.5,D,"Trend 1, Momentum 1, Volume 0, Liquidity -2 (0.0cr), VolRisk LOW, Sector UNKNOWN 0",2,2,2,NEUTRAL,News 0; event caution 0; risk LOW; type ; confidence ; reason . ,-2,MEDIUM,CAUTIOUS,Nifty 20D return -3.9448571751706463; 60D return -4.281982537022666; Crude 20D change 11.414863871570024; India VIX latest; 20D change 9.84643344748708; USDINR 20D change 0.9026990410958335,0.0,NEUTRAL,2,0.65,NEUTRAL,"Tech 2 | News 0 (, ) | Event caution 0 | Macro -2 | Sector 0 | Analytics 0.65 (D) | Risk LOW/MEDIUM | Analytics: Trend 1, Momentum 1, Volume 0, Liquidity -2 (0.0cr), VolRisk LOW, Sector UNKNOWN 0",0,0,LOW,,,,,,,0,0,,,0,,0,51.3,LOW,0.78,NEUTRAL,"AI overlay from completed recommendation outcomes; use as probability/risk input, not standalone advice."
VEDPOWER,2026-09-28,32.15,47842.0,5,WATCH,41.74,0.2009,29.45,32.64,34.64,,1.12,0.406,48.86,1.15,30.47,34.94,1.66,RSI in swing zone; MACD bullish; Trend strength acceptable; Bollinger position healthy,POWER,3.48,-5.99,-16.08,0.0,3.48,1,2,0,-2,0,MEDIUM,-3,13.6,-0.99,-2,-2,-0.4,1.25,C,"Trend 1, Momentum 2, Volume 0, Liquidity -2 (0.0cr), VolRisk MEDIUM, Sector POWER -3",5,5,5,WATCH,News 0; event caution 0; risk LOW; type ; confidence ; reason . ,-2,MEDIUM,CAUTIOUS,Nifty 20D return -3.9448571751706463; 60D return -4.281982537022666; Crude 20D change 11.414863871570024; India VIX latest; 20D change 9.84643344748708; USDINR 20D change 0.9026990410958335,1.0,NEUTRAL,5,0.6,NEUTRAL,"Tech 5 | News 0 (, ) | Event caution 0 | Macro -2 | Sector -2 | Analytics -0.4 (C) | Risk LOW/MEDIUM | Analytics: Trend 1, Momentum 2, Volume 0, Liquidity -2 (0.0cr), VolRisk MEDIUM, Sector POWER -3",0,0,LOW,,,,,,,0,0,,,0,,0,60.2,MEDIUM,1.62,NEUTRAL,"AI overlay from completed recommendation outcomes; use as probability/risk input, not standalone advice."
PIIND,2026-09-27,2400.0,27705.0,5,WATCH,42.25,3.3481,28.4,2460.7,2609.46,,101.19,0.394,59.04,0.74,2248.21,2652.98,1.67,RSI in swing zone; MACD bullish; Trend strength acceptable; Bollinger position healthy,CHEMICALS,6.24,-11.33,-21.34,0.0,4.22,1,2,0,-2,0,MEDIUM,-3,12.5,-1.97,-2,-2,-0.4,1.25,C,"Trend 1, Momentum 2, Volume 0, Liquidity -2 (0.0cr), VolRisk MEDIUM, Sector CHEMICALS -3",5,5,5,WATCH,News 0; event caution 0; risk LOW; type ; confidence ; reason . ,-2,MEDIUM,CAUTIOUS,Nifty 20D return -3.9448571751706463; 60D return -4.281982537022666; Crude 20D change 11.414863871570024; India VIX latest; 20D change 9.84643344748708; USDINR 20D change 0.9026990410958335,1.0,NEUTRAL,5,0.6,NEUTRAL,"Tech 5 | News 0 (, ) | Event caution 0 | Macro -2 | Sector -2 | Analytics -0.4 (C) | Risk LOW/MEDIUM | Analytics: Trend 1, Momentum 2, Volume 0, Liquidity -2 (0.0cr), VolRisk MEDIUM, Sector CHEMICALS -3",0,0,LOW,,,,,,,0,0,,,0,,0,57.8,MEDIUM,1.38,NEUTRAL,"AI overlay from completed recommendation outcomes; use as probability/risk input, not standalone advice."
TORNTPOWER,2026-09-20,1258.8,27556.0,5,WATCH,40.36,6.1422,22.73,1265.33,1349.11,,43.55,0.456,46.57,0.76,1193.47,1367.68,1.67,RSI in swing zone; MACD bullish; Trend strength acceptable; Bollinger position healthy,POWER,-0.9,-6.81,-11.84,0.0,3.46,1,2,0,-2,0,MEDIUM,-3,13.6,-0.99,-2,-2,-0.4,1.25,C,"Trend 1, Momentum 2, Volume 0, Liquidity -2 (0.0cr), VolRisk MEDIUM, Sector POWER -3",5,5,5,WATCH,News 0; event caution 0; risk LOW; type ; confidence ; reason . ,-2,MEDIUM,CAUTIOUS,Nifty 20D return -3.9448571751706463; 60D return -4.281982537022666; Crude 20D change 11.414863871570024; India VIX latest; 20D change 9.84643344748708; USDINR 20D change 0.9026990410958335,1.0,NEUTRAL,5,0.6,NEUTRAL,"Tech 5 | News 0 (, ) | Event caution 0 | Macro -2 | Sector -2 | Analytics -0.4 (C) | Risk LOW/MEDIUM | Analytics: Trend 1, Momentum 2, Volume 0, Liquidity -2 (0.0cr), VolRisk MEDIUM, Sector POWER -3",0,0,LOW,,,,,,,0,0,,,0,,0,62.0,MEDIUM,1.8,NEUTRAL,"AI overlay from completed recommendation outcomes; use as probability/risk input, not standalone advice."
IDEAFORGE,2026-09-23,720.45,24170.0,2,NEUTRAL,47.14,-21.3096,32.6,795.83,624.85,,52.21,-0.064,1.44,0.58,642.14,850.97,1.67,RSI in swing zone; MACD weak; Trend strength acceptable; Above SMA50,UNKNOWN,-11.33,-11.3,,0.0,7.25,3,1,-1,-2,-1,HIGH,0,,,0,-3,0.6,1.0,D,"Trend 3, Momentum 1, Volume -1, Liquidity -2 (0.0cr), VolRisk HIGH, Sector UNKNOWN 0",2,2,2,NEUTRAL,News 0; event caution 0; risk LOW; type ; confidence ; reason . ,-2,MEDIUM,CAUTIOUS,Nifty 20D return -3.9448571751706463; 60D return -4.281982537022666; Crude 20D change 11.414863871570024; India VIX latest; 20D change 9.84643344748708; USDINR 20D change 0.9026990410958335,0.0,NEUTRAL,2,0.6,NEUTRAL,"Tech 2 | News 0 (, ) | Event caution 0 | Macro -2 | Sector 0 | Analytics 0.6 (D) | Risk LOW/MEDIUM | Analytics: Trend 3, Momentum 1, Volume -1, Liquidity -2 (0.0cr), VolRisk HIGH, Sector UNKNOWN 0",0,0,LOW,,,,,,,0,0,,,0,,0,61.6,MEDIUM,1.76,NEUTRAL,"AI overlay from completed recommendation outcomes; use as probability/risk input, not standalone advice."
CGCL,2026-09-28,248.9,21622.0,2,NEUTRAL,42.17,-2.587,28.25,266.83,248.86,,11.2,-0.042,4.81,0.46,232.1,276.9,1.67,RSI in swing zone; MACD weak; Trend strength acceptable; Above SMA50,UNKNOWN,-8.04,-0.8,9.73,0.0,4.5,3,0,-1,-2,0,MEDIUM,0,,,0,-2,0.6,1.5,D,"Trend 3, Momentum 0, Volume -1, Liquidity -2 (0.0cr), VolRisk MEDIUM, Sector UNKNOWN 0",2,2,2,NEUTRAL,News 0; event caution 0; risk LOW; type ; confidence ; reason . ,-2,MEDIUM,CAUTIOUS,Nifty 20D return -3.9448571751706463; 60D return -4.281982537022666; Crude 20D change 11.414863871570024; India VIX latest; 20D change 9.84643344748708; USDINR 20D change 0.9026990410958335,0.0,NEUTRAL,2,0.6,NEUTRAL,"Tech 2 | News 0 (, ) | Event caution 0 | Macro -2 | Sector 0 | Analytics 0.6 (D) | Risk LOW/MEDIUM | Analytics: Trend 3, Momentum 0, Volume -1, Liquidity -2 (0.0cr), VolRisk MEDIUM, Sector UNKNOWN 0",0,0,LOW,,,,,,,0,0,,,0,,0,60.7,MEDIUM,1.67,NEUTRAL,"AI overlay from completed recommendation outcomes; use as probability/risk input, not standalone advice."
PETRONET,2026-09-28,289.85,47968.0,7,BUY,53.02,-0.2809,20.87,288.57,285.57,280.79,6.27,0.572,74.6,1.45,280.45,305.52,1.67,RSI in swing zone; MACD weak; Above SMA20; Above SMA50; Long-term trend positive,OIL_GAS,-0.94,-0.74,4.58,0.0,2.16,4,1,1,-2,1,LOW,-2,10.0,1.01,-2,-1,1.55,1.25,B,"Trend 4, Momentum 1, Volume 1, Liquidity -2 (0.0cr), VolRisk LOW, Sector OIL_GAS -2",3,3,3,WATCH_EVENT_RISK,"News -4; event caution 0; risk HIGH; type REGULATORY_RISK; confidence HIGH; reason Regulatory/legal/credit risk event.. Negative catalyst: Petronet LNG pays ₹76,700 penalty each to NSE, BSE for Q2FY27 non-compliance - scanx.trade",-2,MEDIUM,CAUTIOUS,Nifty 20D return -3.9448571751706463; 60D return -4.281982537022666; Crude 20D change 11.414863871570024; India VIX latest; 20D change 9.84643344748708; USDINR 20D change 0.9026990410958335,-1.0,NEUTRAL,7,0.55,AVOID_EVENT_RISK,"Tech 7 | News -4 (REGULATORY_RISK, HIGH) | Event caution 0 | Macro -2 | Sector -2 | Analytics 1.55 (B) | Risk HIGH/MEDIUM | Negative catalyst: Petronet LNG pays ₹76,700 penalty each to NSE, BSE for Q2FY27 non-compliance - scanx.trade | Analytics: Trend 4, Momentum 1, Volume 1, Liquidity -2 (0.0cr), VolRisk LOW, Sector OIL_GAS -2 | News logic: Regulatory/legal/credit risk event.",-4,0,HIGH,"Negative catalyst: Petronet LNG pays ₹76,700 penalty each to NSE, BSE for Q2FY27 non-compliance - scanx.trade",,"Petronet LNG pays ₹76,700 penalty each to NSE, BSE for Q2FY27 non-compliance - scanx.trade","Negative catalyst: Petronet LNG pays ₹76,700 penalty each to NSE, BSE for Q2FY27 non-compliance - scanx.trade",scanx.trade,https://news.google.com/rss/articles/CBMiwgFBVV95cUxQaUVrdXdBVHlVRDV2R3JIeWFNT1lYRUJoaWJXMjN3SjFzNFBRam5TVHNJNDZHM2F1UmNhc291YUkySUlYLTgyWDk2Wld3Vm5SbEFIY1VtenBRelJ2YlhFdW5DZEFuaWVveG41akpTMHI1a0oxM05Ka1BwdExDT1pNdkw0aDJyaTluT293MmNnLXJlVldXT1F0RnlscVg2dzV6T0VodkVqRnZ6Y2szUTdBUmZ5SDdnbWpjeDltdVRTc0kwZw?oc=5,2,0,REGULATORY_RISK,HIGH,3,Regulatory/legal/credit risk event.,0,54.6,LOW,1.01,AVOID_EVENT_RISK,"AI overlay from completed recommendation outcomes; use as probability/risk input, not standalone advice."
KSHINTL,2026-09-28,984.55,21890.0,2,NEUTRAL,43.94,-24.8276,27.46,1080.24,943.23,,64.53,0.149,4.02,0.73,887.75,1145.88,1.67,RSI in swing zone; MACD weak; Trend strength acceptable; Above SMA50,UNKNOWN,-7.02,-1.69,59.83,0.0,6.55,3,0,0,-2,-1,HIGH,0,,,0,-3,0.5,1.0,D,"Trend 3, Momentum 0, Volume 0, Liquidity -2 (0.0cr), VolRisk HIGH, Sector UNKNOWN 0",2,2,2,NEUTRAL,News 0; event caution 0; risk LOW; type ; confidence ; reason . ,-2,MEDIUM,CAUTIOUS,Nifty 20D return -3.9448571751706463; 60D return -4.281982537022666; Crude 20D change 11.414863871570024; India VIX latest; 20D change 9.84643344748708; USDINR 20D change 0.9026990410958335,0.0,NEUTRAL,2,0.5,NEUTRAL,"Tech 2 | News 0 (, ) | Event caution 0 | Macro -2 | Sector 0 | Analytics 0.5 (D) | Risk LOW/MEDIUM | Analytics: Trend 3, Momentum 0, Volume 0, Liquidity -2 (0.0cr), VolRisk HIGH, Sector UNKNOWN 0",0,0,LOW,,,,,,,0,0,,,0,,0,61.6,MEDIUM,1.66,NEUTRAL,"AI overlay from completed recommendation outcomes; use as probability/risk input, not standalone advice."
IEX,2026-09-28,111.35,21826.0,2,NEUTRAL,30.36,0.0278,32.04,114.91,121.55,123.55,2.27,0.184,11.71,0.57,107.94,117.04,1.67,RSI oversold rebound candidate; MACD bullish; Trend strength acceptable,UNKNOWN,-2.17,-6.59,-4.89,0.0,2.04,1,1,-1,-2,1,LOW,0,,,0,-1,0.4,1.5,D,"Trend 1, Momentum 1, Volume -1, Liquidity -2 (0.0cr), VolRisk LOW, Sector UNKNOWN 0",2,2,2,NEUTRAL,News 0; event caution 0; risk LOW; type ; confidence ; reason . ,-2,MEDIUM,CAUTIOUS,Nifty 20D return -3.9448571751706463; 60D return -4.281982537022666; Crude 20D change 11.414863871570024; India VIX latest; 20D change 9.84643344748708; USDINR 20D change 0.9026990410958335,0.0,NEUTRAL,2,0.4,NEUTRAL,"Tech 2 | News 0 (, ) | Event caution 0 | Macro -2 | Sector 0 | Analytics 0.4 (D) | Risk LOW/MEDIUM | Analytics: Trend 1, Momentum 1, Volume -1, Liquidity -2 (0.0cr), VolRisk LOW, Sector UNKNOWN 0",0,0,LOW,,,,,,,0,0,,,0,,0,54.0,LOW,0.8,NEUTRAL,"AI overlay from completed recommendation outcomes; use as probability/risk input, not standalone advice."
GSPL,2026-05-11,268.35,120652.0,6,WATCH,44.93,0.5734,40.62,274.33,271.12,,12.73,0.414,25.43,2.13,249.25,300.18,1.67,RSI in swing zone; MACD bullish; Trend strength acceptable; Bollinger position healthy; Volume expansion,UNKNOWN,-5.9,12.88,-12.0,0.0,4.74,3,3,2,-2,0,MEDIUM,0,,,0,-2,2.4,1.5,B,"Trend 3, Momentum 3, Volume 2, Liquidity -2 (0.0cr), VolRisk MEDIUM, Sector UNKNOWN 0",3,0,0,NEUTRAL,News -3; event caution -3; risk HIGH; type REGULATORY_RISK; confidence HIGH; reason Regulatory/legal/credit risk event.. Negative catalyst: Suspension of Trading,-2,MEDIUM,CAUTIOUS,Nifty 20D return -3.9448571751706463; 60D return -4.281982537022666; Crude 20D change 11.414863871570024; India VIX latest; 20D change 9.84643344748708; USDINR 20D change 0.9026990410958335,-2.0,NEUTRAL,6,0.4,AVOID_EVENT_RISK,"Tech 6 | News -3 (REGULATORY_RISK, HIGH) | Event caution -3 | Macro -2 | Sector 0 | Analytics 2.4 (B) | Risk HIGH/MEDIUM | Negative catalyst: Suspension of Trading | Analytics: Trend 3, Momentum 3, Volume 2, Liquidity -2 (0.0cr), VolRisk MEDIUM, Sector UNKNOWN 0 | News logic: Regulatory/legal/credit risk event. | Upcoming event caution: Record Date",-3,-3,HIGH,Negative catalyst: Suspension of Trading,Upcoming event caution: Record Date,Suspension of Trading,Negative catalyst: Suspension of Trading,NSE Corporate Announcements,-,1,4,REGULATORY_RISK,HIGH,3,Regulatory/legal/credit risk event.,0,62.4,MEDIUM,1.64,AVOID_EVENT_RISK,"AI overlay from completed recommendation outcomes; use as probability/risk input, not standalone advice."
MRPL,2026-09-28,169.8,139696.0,2,NEUTRAL,50.91,-0.2631,16.08,170.24,171.36,172.06,6.74,0.483,30.29,2.19,159.69,186.65,1.67,RSI in swing zone; MACD weak; Bollinger position healthy; Volume expansion,UNKNOWN,3.26,-3.52,7.83,0.0,3.97,0,1,2,-2,0,MEDIUM,0,,,0,-2,0.35,1.5,D,"Trend 0, Momentum 1, Volume 2, Liquidity -2 (0.0cr), VolRisk MEDIUM, Sector UNKNOWN 0",2,2,2,NEUTRAL,News 0; event caution 0; risk LOW; type ; confidence ; reason . ,-2,MEDIUM,CAUTIOUS,Nifty 20D return -3.9448571751706463; 60D return -4.281982537022666; Crude 20D change 11.414863871570024; India VIX latest; 20D change 9.84643344748708; USDINR 20D change 0.9026990410958335,0.0,NEUTRAL,2,0.35,NEUTRAL,"Tech 2 | News 0 (, ) | Event caution 0 | Macro -2 | Sector 0 | Analytics 0.35 (D) | Risk LOW/MEDIUM | Analytics: Trend 0, Momentum 1, Volume 2, Liquidity -2 (0.0cr), VolRisk MEDIUM, Sector UNKNOWN 0",0,0,LOW,,,,,,,0,0,,,0,,0,60.7,MEDIUM,1.42,NEUTRAL,"AI overlay from completed recommendation outcomes; use as probability/risk input, not standalone advice."
360ONE,2026-09-28,1045.0,39848.0,2,NEUTRAL,33.66,0.3797,33.32,1083.52,1138.73,1099.3,30.31,0.123,9.31,0.91,999.54,1120.77,1.67,RSI oversold rebound candidate; MACD bullish; Trend strength acceptable,UNKNOWN,-2.65,-8.09,-3.36,0.0,2.9,1,1,0,-2,0,MEDIUM,0,,,0,-2,0.3,1.5,D,"Trend 1, Momentum 1, Volume 0, Liquidity -2 (0.0cr), VolRisk MEDIUM, Sector UNKNOWN 0",2,2,2,NEUTRAL,News 0; event caution 0; risk LOW; type ; confidence ; reason . ,-2,MEDIUM,CAUTIOUS,Nifty 20D return -3.9448571751706463; 60D return -4.281982537022666; Crude 20D change 11.414863871570024; India VIX latest; 20D change 9.84643344748708; USDINR 20D change 0.9026990410958335,0.0,NEUTRAL,2,0.3,NEUTRAL,"Tech 2 | News 0 (, ) | Event caution 0 | Macro -2 | Sector 0 | Analytics 0.3 (D) | Risk LOW/MEDIUM | Analytics: Trend 1, Momentum 1, Volume 0, Liquidity -2 (0.0cr), VolRisk MEDIUM, Sector UNKNOWN 0",0,0,LOW,,,,,,,0,0,,,0,,0,59.5,MEDIUM,1.25,NEUTRAL,"AI overlay from completed recommendation outcomes; use as probability/risk input, not standalone advice."
ALKEM,2026-09-24,5326.0,33662.0,2,NEUTRAL,45.2,-20.1197,25.05,5447.35,5462.51,,158.48,0.342,37.48,1.13,5088.29,5722.19,1.67,RSI in swing zone; MACD weak; Trend strength acceptable; Bollinger position healthy,PHARMA,2.23,-4.92,-4.47,0.0,2.98,1,1,0,-2,0,MEDIUM,0,50.0,3.96,0,-2,0.3,1.5,D,"Trend 1, Momentum 1, Volume 0, Liquidity -2 (0.0cr), VolRisk MEDIUM, Sector PHARMA 0",2,2,2,NEUTRAL,News 0; event caution 0; risk LOW; type ; confidence ; reason . ,-2,MEDIUM,CAUTIOUS,Nifty 20D return -3.9448571751706463; 60D return -4.281982537022666; Crude 20D change 11.414863871570024; India VIX latest; 20D change 9.84643344748708; USDINR 20D change 0.9026990410958335,0.0,NEUTRAL,2,0.3,NEUTRAL,"Tech 2 | News 0 (, ) | Event caution 0 | Macro -2 | Sector 0 | Analytics 0.3 (D) | Risk LOW/MEDIUM | Analytics: Trend 1, Momentum 1, Volume 0, Liquidity -2 (0.0cr), VolRisk MEDIUM, Sector PHARMA 0",0,0,LOW,,,,,,,0,0,,,0,,0,60.7,MEDIUM,1.37,NEUTRAL,"AI overlay from completed recommendation outcomes; use as probability/risk input, not standalone advice."
ARE&M,2026-09-28,774.95,23540.0,2,NEUTRAL,26.04,0.9526,38.68,808.55,872.17,,18.2,0.115,4.48,0.89,747.66,820.44,1.67,RSI oversold rebound candidate; MACD bullish; Trend strength acceptable,UNKNOWN,-2.3,-10.33,-14.75,0.0,2.35,1,0,0,-2,1,LOW,0,,,0,-1,0.3,1.5,D,"Trend 1, Momentum 0, Volume 0, Liquidity -2 (0.0cr), VolRisk LOW, Sector UNKNOWN 0",2,2,2,NEUTRAL,News 0; event caution 0; risk LOW; type ; confidence ; reason . ,-2,MEDIUM,CAUTIOUS,Nifty 20D return -3.9448571751706463; 60D return -4.281982537022666; Crude 20D change 11.414863871570024; India VIX latest; 20D change 9.84643344748708; USDINR 20D change 0.9026990410958335,0.0,NEUTRAL,2,0.3,NEUTRAL,"Tech 2 | News 0 (, ) | Event caution 0 | Macro -2 | Sector 0 | Analytics 0.3 (D) | Risk LOW/MEDIUM | Analytics: Trend 1, Momentum 0, Volume 0, Liquidity -2 (0.0cr), VolRisk LOW, Sector UNKNOWN 0",0,0,LOW,,,,,,,0,0,,,0,,0,51.9,LOW,0.49,NEUTRAL,"AI overlay from completed recommendation outcomes; use as probability/risk input, not standalone advice."
RICOAUTO,2026-08-13,131.84,44349.0,2,NEUTRAL,45.78,-1.2135,20.33,138.75,132.65,,10.44,0.28,23.02,1.33,116.17,157.95,1.67,RSI in swing zone; MACD weak; Bollinger position healthy; Volume expansion,UNKNOWN,-9.54,-9.25,15.94,0.0,7.92,1,1,1,-2,-1,HIGH,0,,,0,-3,0.2,1.0,D,"Trend 1, Momentum 1, Volume 1, Liquidity -2 (0.0cr), VolRisk HIGH, Sector UNKNOWN 0",2,2,2,NEUTRAL,News 0; event caution 0; risk LOW; type ; confidence ; reason . ,-2,MEDIUM,CAUTIOUS,Nifty 20D return -3.9448571751706463; 60D return -4.281982537022666; Crude 20D change 11.414863871570024; India VIX latest; 20D change 9.84643344748708; USDINR 20D change 0.9026990410958335,0.0,NEUTRAL,2,0.2,NEUTRAL,"Tech 2 | News 0 (, ) | Event caution 0 | Macro -2 | Sector 0 | Analytics 0.2 (D) | Risk LOW/MEDIUM | Analytics: Trend 1, Momentum 1, Volume 1, Liquidity -2 (0.0cr), VolRisk HIGH, Sector UNKNOWN 0",0,0,LOW,,,,,,,0,0,,,0,,0,63.5,MEDIUM,1.55,NEUTRAL,"AI overlay from completed recommendation outcomes; use as probability/risk input, not standalone advice."
RVNL,2026-09-28,202.75,29017.0,2,NEUTRAL,39.47,0.4627,19.64,206.97,216.82,254.72,5.42,0.273,39.71,0.72,194.62,216.3,1.67,MACD bullish; Bollinger position healthy,UNKNOWN,-3.98,-4.58,-10.63,0.0,2.67,0,2,0,-2,0,MEDIUM,0,,,0,-2,0.2,1.5,D,"Trend 0, Momentum 2, Volume 0, Liquidity -2 (0.0cr), VolRisk MEDIUM, Sector UNKNOWN 0",2,2,2,NEUTRAL,News 0; event caution 0; risk LOW; type ; confidence ; reason . ,-2,MEDIUM,CAUTIOUS,Nifty 20D return -3.9448571751706463; 60D return -4.281982537022666; Crude 20D change 11.414863871570024; India VIX latest; 20D change 9.84643344748708; USDINR 20D change 0.9026990410958335,0.0,NEUTRAL,2,0.2,NEUTRAL,"Tech 2 | News 0 (, ) | Event caution 0 | Macro -2 | Sector 0 | Analytics 0.2 (D) | Risk LOW/MEDIUM | Analytics: Trend 0, Momentum 2, Volume 0, Liquidity -2 (0.0cr), VolRisk MEDIUM, Sector UNKNOWN 0",0,0,LOW,,,,,,,0,0,,,0,,0,60.3,MEDIUM,1.23,NEUTRAL,"AI overlay from completed recommendation outcomes; use as probability/risk input, not standalone advice."
JAINREC,2026-09-24,291.35,20087.0,7,BUY,45.56,3.4652,35.19,288.82,313.87,,13.34,0.579,52.59,0.51,271.34,324.7,1.67,RSI in swing zone; MACD bullish; Trend strength acceptable; Above SMA20; Bollinger position healthy,UNKNOWN,3.55,-0.7,-22.15,0.0,4.58,2,3,-1,-2,0,MEDIUM,0,,,0,-2,1.2,1.5,B,"Trend 2, Momentum 3, Volume -1, Liquidity -2 (0.0cr), VolRisk MEDIUM, Sector UNKNOWN 0",2,1,1,WATCH_EVENT_RISK,News -5; event caution -1; risk HIGH; type GOVERNANCE_RISK; confidence HIGH; reason Material management/auditor/governance risk.. Negative catalyst: Resignation of Director/KMP/SMP,-2,MEDIUM,CAUTIOUS,Nifty 20D return -3.9448571751706463; 60D return -4.281982537022666; Crude 20D change 11.414863871570024; India VIX latest; 20D change 9.84643344748708; USDINR 20D change 0.9026990410958335,-1.0,NEUTRAL,7,0.2,AVOID_EVENT_RISK,"Tech 7 | News -5 (GOVERNANCE_RISK, HIGH) | Event caution -1 | Macro -2 | Sector 0 | Analytics 1.2 (B) | Risk HIGH/MEDIUM | Negative catalyst: Resignation of Director/KMP/SMP | Analytics: Trend 2, Momentum 3, Volume -1, Liquidity -2 (0.0cr), VolRisk MEDIUM, Sector UNKNOWN 0 | News logic: Material management/auditor/governance risk. | Upcoming event caution: Outcome of Board Meeting",-5,-1,HIGH,Negative catalyst: Resignation of Director/KMP/SMP,Upcoming event caution: Outcome of Board Meeting,Resignation of Director/KMP/SMP,Negative catalyst: Resignation of Director/KMP/SMP,NSE Corporate Announcements,https://nsearchives.nseindia.com/corporate/JAINREC_ROID_96926_KMP_Doc.zip,2,1,GOVERNANCE_RISK,HIGH,3,Material management/auditor/governance risk.,0,61.4,MEDIUM,1.34,AVOID_EVENT_RISK,"AI overlay from completed recommendation outcomes; use as probability/risk input, not standalone advice."
ANANDRATHI,2026-09-28,2146.2,29492.0,1,NEUTRAL,43.16,-1.0253,14.04,2195.24,2051.63,,61.11,-0.018,21.87,0.91,2054.53,2298.98,1.67,RSI in swing zone; MACD weak; Weak trend; Above SMA50,UNKNOWN,-3.73,3.61,-40.69,0.0,2.85,3,1,0,-2,0,MEDIUM,0,,,0,-2,1.2,1.5,D,"Trend 3, Momentum 1, Volume 0, Liquidity -2 (0.0cr), VolRisk MEDIUM, Sector UNKNOWN 0",1,1,1,NEUTRAL,News 0; event caution 0; risk LOW; type ; confidence ; reason . ,-2,MEDIUM,CAUTIOUS,Nifty 20D return -3.9448571751706463; 60D return -4.281982537022666; Crude 20D change 11.414863871570024; India VIX latest; 20D change 9.84643344748708; USDINR 20D change 0.9026990410958335,-1.0,NEUTRAL,1,0.2,NEUTRAL,"Tech 1 | News 0 (, ) | Event caution 0 | Macro -2 | Sector 0 | Analytics 1.2 (D) | Risk LOW/MEDIUM | Analytics: Trend 3, Momentum 1, Volume 0, Liquidity -2 (0.0cr), VolRisk MEDIUM, Sector UNKNOWN 0",0,0,LOW,,,,,,,0,0,,,0,,0,57.9,MEDIUM,0.99,NEUTRAL,"AI overlay from completed recommendation outcomes; use as probability/risk input, not standalone advice."
RBLBANK,2026-09-28,407.0,37800.0,4,WATCH,50.04,-1.292,21.62,413.5,396.69,349.13,10.71,0.234,32.84,0.8,390.93,433.78,1.67,RSI in swing zone; MACD weak; Above SMA50; Long-term trend positive; Bollinger position healthy,BANK,-3.83,-0.27,12.18,0.0,2.63,3,1,0,-2,0,MEDIUM,-3,15.4,-0.84,-2,-2,0.15,1.25,C,"Trend 3, Momentum 1, Volume 0, Liquidity -2 (0.0cr), VolRisk MEDIUM, Sector BANK -3",4,4,4,WATCH,News 0; event caution 0; risk LOW; type ; confidence ; reason . ,-2,MEDIUM,CAUTIOUS,Nifty 20D return -3.9448571751706463; 60D return -4.281982537022666; Crude 20D change 11.414863871570024; India VIX latest; 20D change 9.84643344748708; USDINR 20D change 0.9026990410958335,0.0,NEUTRAL,4,0.15,NEUTRAL,"Tech 4 | News 0 (, ) | Event caution 0 | Macro -2 | Sector -2 | Analytics 0.15 (C) | Risk LOW/MEDIUM | Analytics: Trend 3, Momentum 1, Volume 0, Liquidity -2 (0.0cr), VolRisk MEDIUM, Sector BANK -3",0,0,LOW,,,,,,,0,0,,,0,,0,61.5,MEDIUM,1.3,NEUTRAL,"AI overlay from completed recommendation outcomes; use as probability/risk input, not standalone advice."
KTKBANK,2026-09-28,321.85,24512.0,4,WATCH,48.72,-0.2081,26.73,327.57,316.37,,10.98,0.359,33.76,0.8,305.38,349.3,1.67,RSI in swing zone; MACD weak; Trend strength acceptable; Above SMA50; Bollinger position healthy,BANK,2.57,-2.57,16.46,0.0,3.41,3,1,0,-2,0,MEDIUM,-3,15.4,-0.84,-2,-2,0.15,1.25,C,"Trend 3, Momentum 1, Volume 0, Liquidity -2 (0.0cr), VolRisk MEDIUM, Sector BANK -3",4,4,4,WATCH,News 0; event caution 0; risk LOW; type ; confidence ; reason . ,-2,MEDIUM,CAUTIOUS,Nifty 20D return -3.9448571751706463; 60D return -4.281982537022666; Crude 20D change 11.414863871570024; India VIX latest; 20D change 9.84643344748708; USDINR 20D change 0.9026990410958335,0.0,NEUTRAL,4,0.15,NEUTRAL,"Tech 4 | News 0 (, ) | Event caution 0 | Macro -2 | Sector -2 | Analytics 0.15 (C) | Risk LOW/MEDIUM | Analytics: Trend 3, Momentum 1, Volume 0, Liquidity -2 (0.0cr), VolRisk MEDIUM, Sector BANK -3",0,0,LOW,,,,,,,0,0,,,0,,0,61.8,MEDIUM,1.33,NEUTRAL,"AI overlay from completed recommendation outcomes; use as probability/risk input, not standalone advice."
BHARTIHEXA,2026-09-20,1540.1,28580.0,1,NEUTRAL,47.02,-2.9959,15.66,1566.08,1542.43,,71.18,0.398,33.79,0.94,1433.33,1718.05,1.67,RSI in swing zone; MACD weak; Bollinger position healthy,UNKNOWN,-5.0,6.94,-4.61,0.0,4.62,2,2,0,-2,0,MEDIUM,0,,,0,-2,1.1,1.5,D,"Trend 2, Momentum 2, Volume 0, Liquidity -2 (0.0cr), VolRisk MEDIUM, Sector UNKNOWN 0",1,1,1,NEUTRAL,News 0; event caution 0; risk LOW; type ; confidence ; reason . ,-2,MEDIUM,CAUTIOUS,Nifty 20D return -3.9448571751706463; 60D return -4.281982537022666; Crude 20D change 11.414863871570024; India VIX latest; 20D change 9.84643344748708; USDINR 20D change 0.9026990410958335,-1.0,NEUTRAL,1,0.1,NEUTRAL,"Tech 1 | News 0 (, ) | Event caution 0 | Macro -2 | Sector 0 | Analytics 1.1 (D) | Risk LOW/MEDIUM | Analytics: Trend 2, Momentum 2, Volume 0, Liquidity -2 (0.0cr), VolRisk MEDIUM, Sector UNKNOWN 0",0,0,LOW,,,,,,,0,0,,,0,,0,61.3,MEDIUM,1.23,NEUTRAL,"AI overlay from completed recommendation outcomes; use as probability/risk input, not standalone advice."
KPRMILL,2026-09-21,1119.3,28454.0,1,NEUTRAL,49.15,-5.8576,17.75,1132.65,1132.15,,39.96,0.4,27.15,1.04,1059.35,1219.21,1.67,RSI in swing zone; MACD weak; Bollinger position healthy,UNKNOWN,-0.71,6.62,3.01,0.0,3.57,2,2,0,-2,0,MEDIUM,0,,,0,-2,1.1,1.5,D,"Trend 2, Momentum 2, Volume 0, Liquidity -2 (0.0cr), VolRisk MEDIUM, Sector UNKNOWN 0",1,1,1,NEUTRAL,News 0; event caution 0; risk LOW; type ; confidence ; reason . ,-2,MEDIUM,CAUTIOUS,Nifty 20D return -3.9448571751706463; 60D return -4.281982537022666; Crude 20D change 11.414863871570024; India VIX latest; 20D change 9.84643344748708; USDINR 20D change 0.9026990410958335,-1.0,NEUTRAL,1,0.1,NEUTRAL,"Tech 1 | News 0 (, ) | Event caution 0 | Macro -2 | Sector 0 | Analytics 1.1 (D) | Risk LOW/MEDIUM | Analytics: Trend 2, Momentum 2, Volume 0, Liquidity -2 (0.0cr), VolRisk MEDIUM, Sector UNKNOWN 0",0,0,LOW,,,,,,,0,0,,,0,,0,61.9,MEDIUM,1.29,NEUTRAL,"AI overlay from completed recommendation outcomes; use as probability/risk input, not standalone advice."
ZYDUSWELL,2026-09-20,522.25,43609.0,2,NEUTRAL,43.79,-4.9764,24.53,554.31,534.11,,29.22,0.234,35.36,1.18,478.41,595.31,1.67,RSI in swing zone; MACD weak; Trend strength acceptable; Bollinger position healthy,UNKNOWN,-1.31,-10.38,22.98,0.0,5.6,2,0,0,-2,-1,HIGH,0,,,0,-3,0.05,1.0,D,"Trend 2, Momentum 0, Volume 0, Liquidity -2 (0.0cr), VolRisk HIGH, Sector UNKNOWN 0",2,2,2,NEUTRAL,News 0; event caution 0; risk LOW; type ; confidence ; reason . ,-2,MEDIUM,CAUTIOUS,Nifty 20D return -3.9448571751706463; 60D return -4.281982537022666; Crude 20D change 11.414863871570024; India VIX latest; 20D change 9.84643344748708; USDINR 20D change 0.9026990410958335,0.0,NEUTRAL,2,0.05,NEUTRAL,"Tech 2 | News 0 (, ) | Event caution 0 | Macro -2 | Sector 0 | Analytics 0.05 (D) | Risk LOW/MEDIUM | Analytics: Trend 2, Momentum 0, Volume 0, Liquidity -2 (0.0cr), VolRisk HIGH, Sector UNKNOWN 0",0,0,LOW,,,,,,,0,0,,,0,,0,61.1,MEDIUM,1.16,NEUTRAL,"AI overlay from completed recommendation outcomes; use as probability/risk input, not standalone advice."
RALLIS,2026-09-28,199.42,76298.0,2,NEUTRAL,26.67,0.1773,21.55,212.52,233.51,,6.47,-0.305,7.09,2.83,189.72,215.59,1.67,RSI oversold rebound candidate; MACD bullish; Volume expansion,UNKNOWN,-6.31,-8.11,,0.0,3.24,0,0,2,-2,0,MEDIUM,0,,,0,-2,0.0,1.5,D,"Trend 0, Momentum 0, Volume 2, Liquidity -2 (0.0cr), VolRisk MEDIUM, Sector UNKNOWN 0",2,2,2,NEUTRAL,News 0; event caution 0; risk LOW; type ; confidence ; reason . ,-2,MEDIUM,CAUTIOUS,Nifty 20D return -3.9448571751706463; 60D return -4.281982537022666; Crude 20D change 11.414863871570024; India VIX latest; 20D change 9.84643344748708; USDINR 20D change 0.9026990410958335,0.0,NEUTRAL,2,0.0,NEUTRAL,"Tech 2 | News 0 (, ) | Event caution 0 | Macro -2 | Sector 0 | Analytics 0 (D) | Risk LOW/MEDIUM | Analytics: Trend 0, Momentum 0, Volume 2, Liquidity -2 (0.0cr), VolRisk MEDIUM, Sector UNKNOWN 0",0,0,LOW,,,,,,,0,0,,,0,,0,62.0,MEDIUM,1.2,NEUTRAL,"AI overlay from completed recommendation outcomes; use as probability/risk input, not standalone advice."
GPIL,2026-09-15,237.16,25872.0,1,NEUTRAL,40.99,0.1282,14.38,244.81,249.58,,8.5,0.141,9.9,0.76,224.41,258.42,1.67,RSI in swing zone; MACD bullish; Weak trend,UNKNOWN,-6.28,3.57,-16.9,0.0,3.58,1,3,0,-2,0,MEDIUM,0,,,0,-2,1.0,1.5,D,"Trend 1, Momentum 3, Volume 0, Liquidity -2 (0.0cr), VolRisk MEDIUM, Sector UNKNOWN 0",1,1,1,NEUTRAL,News 0; event caution 0; risk LOW; type ; confidence ; reason . ,-2,MEDIUM,CAUTIOUS,Nifty 20D return -3.9448571751706463; 60D return -4.281982537022666; Crude 20D change 11.414863871570024; India VIX latest; 20D change 9.84643344748708; USDINR 20D change 0.9026990410958335,-1.0,NEUTRAL,1,0.0,NEUTRAL,"Tech 1 | News 0 (, ) | Event caution 0 | Macro -2 | Sector 0 | Analytics 1 (D) | Risk LOW/MEDIUM | Analytics: Trend 1, Momentum 3, Volume 0, Liquidity -2 (0.0cr), VolRisk MEDIUM, Sector UNKNOWN 0",0,0,LOW,,,,,,,0,0,,,0,,0,62.1,MEDIUM,1.21,NEUTRAL,"AI overlay from completed recommendation outcomes; use as probability/risk input, not standalone advice."
TECHM,2026-09-28,1542.2,53592.0,4,WATCH,43.48,0.9066,12.89,1549.7,1591.3,1485.75,36.33,0.399,20.59,0.93,1487.71,1633.01,1.67,RSI in swing zone; MACD bullish; Weak trend; Long-term trend positive; Bollinger position healthy,IT,-0.61,-3.43,-2.17,0.0,2.36,1,2,0,-2,1,LOW,-3,16.7,-6.08,-2,-1,-0.05,1.25,D,"Trend 1, Momentum 2, Volume 0, Liquidity -2 (0.0cr), VolRisk LOW, Sector IT -3",4,4,4,WATCH,News 0; event caution 0; risk LOW; type ; confidence ; reason . ,-2,MEDIUM,CAUTIOUS,Nifty 20D return -3.9448571751706463; 60D return -4.281982537022666; Crude 20D change 11.414863871570024; India VIX latest; 20D change 9.84643344748708; USDINR 20D change 0.9026990410958335,0.0,NEUTRAL,4,-0.05,NEUTRAL,"Tech 4 | News 0 (, ) | Event caution 0 | Macro -2 | Sector -2 | Analytics -0.05 (D) | Risk LOW/MEDIUM | Analytics: Trend 1, Momentum 2, Volume 0, Liquidity -2 (0.0cr), VolRisk LOW, Sector IT -3",0,0,LOW,,,,,,,0,0,,,0,,0,54.6,LOW,0.41,NEUTRAL,"AI overlay from completed recommendation outcomes; use as probability/risk input, not standalone advice."
NAUKRI,2026-09-28,1253.9,40714.0,2,NEUTRAL,44.45,-1.4932,21.62,1268.42,1299.07,1099.39,38.78,0.353,42.86,0.87,1195.73,1350.84,1.67,RSI in swing zone; MACD weak; Long-term trend positive; Bollinger position healthy,INTERNET,-3.84,-4.99,5.24,0.0,3.09,1,0,0,-2,0,MEDIUM,0,,,0,-2,-0.05,1.5,D,"Trend 1, Momentum 0, Volume 0, Liquidity -2 (0.0cr), VolRisk MEDIUM, Sector INTERNET 0",2,2,2,NEUTRAL,News 0; event caution 0; risk LOW; type ; confidence ; reason . ,-2,MEDIUM,CAUTIOUS,Nifty 20D return -3.9448571751706463; 60D return -4.281982537022666; Crude 20D change 11.414863871570024; India VIX latest; 20D change 9.84643344748708; USDINR 20D change 0.9026990410958335,0.0,NEUTRAL,2,-0.05,NEUTRAL,"Tech 2 | News 0 (, ) | Event caution 0 | Macro -2 | Sector 0 | Analytics -0.05 (D) | Risk LOW/MEDIUM | Analytics: Trend 1, Momentum 0, Volume 0, Liquidity -2 (0.0cr), VolRisk MEDIUM, Sector INTERNET 0",0,0,LOW,,,,,,,0,0,,,0,,0,60.8,MEDIUM,1.03,NEUTRAL,"AI overlay from completed recommendation outcomes; use as probability/risk input, not standalone advice."
THERMAX,2026-09-23,3464.9,34598.0,2,NEUTRAL,24.57,8.2136,51.92,3675.08,4100.18,,129.25,0.194,6.18,1.1,3271.03,3788.02,1.67,RSI oversold rebound candidate; MACD bullish; Trend strength acceptable,UNKNOWN,-2.93,-13.93,-28.25,0.0,3.73,1,0,0,-2,0,MEDIUM,0,,,0,-2,-0.05,1.5,D,"Trend 1, Momentum 0, Volume 0, Liquidity -2 (0.0cr), VolRisk MEDIUM, Sector UNKNOWN 0",2,2,2,NEUTRAL,News 0; event caution 0; risk LOW; type ; confidence ; reason . ,-2,MEDIUM,CAUTIOUS,Nifty 20D return -3.9448571751706463; 60D return -4.281982537022666; Crude 20D change 11.414863871570024; India VIX latest; 20D change 9.84643344748708; USDINR 20D change 0.9026990410958335,0.0,NEUTRAL,2,-0.05,NEUTRAL,"Tech 2 | News 0 (, ) | Event caution 0 | Macro -2 | Sector 0 | Analytics -0.05 (D) | Risk LOW/MEDIUM | Analytics: Trend 1, Momentum 0, Volume 0, Liquidity -2 (0.0cr), VolRisk MEDIUM, Sector UNKNOWN 0",0,0,LOW,,,,,,,0,0,,,0,,0,61.1,MEDIUM,1.06,NEUTRAL,"AI overlay from completed recommendation outcomes; use as probability/risk input, not standalone advice."
IRCON,2026-09-28,103.25,23126.0,2,NEUTRAL,19.05,0.1738,45.96,111.29,126.61,,3.5,0.084,3.56,0.91,98.0,111.99,1.66,RSI oversold rebound candidate; MACD bullish; Trend strength acceptable,UNKNOWN,-5.35,-18.41,-36.01,0.0,3.39,1,0,0,-2,0,MEDIUM,0,,,0,-2,-0.05,1.5,D,"Trend 1, Momentum 0, Volume 0, Liquidity -2 (0.0cr), VolRisk MEDIUM, Sector UNKNOWN 0",2,2,2,NEUTRAL,News 0; event caution 0; risk LOW; type ; confidence ; reason . ,-2,MEDIUM,CAUTIOUS,Nifty 20D return -3.9448571751706463; 60D return -4.281982537022666; Crude 20D change 11.414863871570024; India VIX latest; 20D change 9.84643344748708; USDINR 20D change 0.9026990410958335,0.0,NEUTRAL,2,-0.05,NEUTRAL,"Tech 2 | News 0 (, ) | Event caution 0 | Macro -2 | Sector 0 | Analytics -0.05 (D) | Risk LOW/MEDIUM | Analytics: Trend 1, Momentum 0, Volume 0, Liquidity -2 (0.0cr), VolRisk MEDIUM, Sector UNKNOWN 0",0,0,LOW,,,,,,,0,0,,,0,,0,59.8,MEDIUM,0.93,NEUTRAL,"AI overlay from completed recommendation outcomes; use as probability/risk input, not standalone advice."
CHAMBLFERT,2026-09-22,418.5,19778.0,2,NEUTRAL,40.19,-2.141,26.8,437.62,448.19,,13.36,0.314,36.54,0.76,398.46,451.9,1.67,RSI in swing zone; MACD weak; Trend strength acceptable; Bollinger position healthy,UNKNOWN,1.5,-14.59,0.71,0.0,3.19,1,0,0,-2,0,MEDIUM,0,,,0,-2,-0.05,1.5,D,"Trend 1, Momentum 0, Volume 0, Liquidity -2 (0.0cr), VolRisk MEDIUM, Sector UNKNOWN 0",2,2,2,NEUTRAL,News 0; event caution 0; risk LOW; type ; confidence ; reason . ,-2,MEDIUM,CAUTIOUS,Nifty 20D return -3.9448571751706463; 60D return -4.281982537022666; Crude 20D change 11.414863871570024; India VIX latest; 20D change 9.84643344748708; USDINR 20D change 0.9026990410958335,0.0,NEUTRAL,2,-0.05,NEUTRAL,"Tech 2 | News 0 (, ) | Event caution 0 | Macro -2 | Sector 0 | Analytics -0.05 (D) | Risk LOW/MEDIUM | Analytics: Trend 1, Momentum 0, Volume 0, Liquidity -2 (0.0cr), VolRisk MEDIUM, Sector UNKNOWN 0",0,0,LOW,,,,,,,0,0,,,0,,0,61.5,MEDIUM,1.1,NEUTRAL,"AI overlay from completed recommendation outcomes; use as probability/risk input, not standalone advice."
DCBBANK,2026-09-28,207.46,42826.0,3,NEUTRAL,46.97,-1.8127,44.24,215.24,197.18,,8.7,0.323,2.74,1.03,194.41,229.21,1.67,RSI in swing zone; MACD weak; Trend strength acceptable; Above SMA50; Bollinger position healthy,BANK,-9.05,6.43,18.98,0.0,4.19,4,2,0,-2,0,MEDIUM,-3,15.4,-0.84,-2,-2,0.95,1.25,D,"Trend 4, Momentum 2, Volume 0, Liquidity -2 (0.0cr), VolRisk MEDIUM, Sector BANK -3",3,3,3,NEUTRAL,News 0; event caution 0; risk LOW; type ; confidence ; reason . ,-2,MEDIUM,CAUTIOUS,Nifty 20D return -3.9448571751706463; 60D return -4.281982537022666; Crude 20D change 11.414863871570024; India VIX latest; 20D change 9.84643344748708; USDINR 20D change 0.9026990410958335,-1.0,NEUTRAL,3,-0.05,NEUTRAL,"Tech 3 | News 0 (, ) | Event caution 0 | Macro -2 | Sector -2 | Analytics 0.95 (D) | Risk LOW/MEDIUM | Analytics: Trend 4, Momentum 2, Volume 0, Liquidity -2 (0.0cr), VolRisk MEDIUM, Sector BANK -3",0,0,LOW,,,,,,,0,0,,,0,,0,62.8,MEDIUM,1.23,NEUTRAL,"AI overlay from completed recommendation outcomes; use as probability/risk input, not standalone advice."
CARTRADE,2026-09-28,2880.1,37591.0,1,NEUTRAL,41.95,-13.9005,27.18,3010.91,2940.7,2277.99,134.73,0.11,7.46,0.92,2678.0,3216.93,1.67,RSI in swing zone; MACD weak; Trend strength acceptable; Long-term trend positive,UNKNOWN,-0.96,-4.0,2.5,0.0,4.68,3,0,0,-2,0,MEDIUM,0,,,0,-2,0.85,1.5,D,"Trend 3, Momentum 0, Volume 0, Liquidity -2 (0.0cr), VolRisk MEDIUM, Sector UNKNOWN 0",1,1,1,NEUTRAL,News 0; event caution 0; risk LOW; type ; confidence ; reason . ,-2,MEDIUM,CAUTIOUS,Nifty 20D return -3.9448571751706463; 60D return -4.281982537022666; Crude 20D change 11.414863871570024; India VIX latest; 20D change 9.84643344748708; USDINR 20D change 0.9026990410958335,-1.0,NEUTRAL,1,-0.15,NEUTRAL,"Tech 1 | News 0 (, ) | Event caution 0 | Macro -2 | Sector 0 | Analytics 0.85 (D) | Risk LOW/MEDIUM | Analytics: Trend 3, Momentum 0, Volume 0, Liquidity -2 (0.0cr), VolRisk MEDIUM, Sector UNKNOWN 0",0,0,LOW,,,,,,,0,0,,,0,,0,61.2,MEDIUM,0.97,NEUTRAL,"AI overlay from completed recommendation outcomes; use as probability/risk input, not standalone advice."
PFOCUS,2026-09-28,315.2,44026.0,1,NEUTRAL,47.65,-1.8346,17.34,320.1,317.82,,18.92,0.436,22.98,0.95,286.82,362.49,1.67,RSI in swing zone; MACD weak; Bollinger position healthy,UNKNOWN,-11.82,9.6,19.12,0.0,6.0,2,2,0,-2,-1,HIGH,0,,,0,-3,0.75,1.0,D,"Trend 2, Momentum 2, Volume 0, Liquidity -2 (0.0cr), VolRisk HIGH, Sector UNKNOWN 0",1,1,1,NEUTRAL,News 0; event caution 0; risk LOW; type ; confidence ; reason . ,-2,MEDIUM,CAUTIOUS,Nifty 20D return -3.9448571751706463; 60D return -4.281982537022666; Crude 20D change 11.414863871570024; India VIX latest; 20D change 9.84643344748708; USDINR 20D change 0.9026990410958335,-1.0,NEUTRAL,1,-0.25,NEUTRAL,"Tech 1 | News 0 (, ) | Event caution 0 | Macro -2 | Sector 0 | Analytics 0.75 (D) | Risk LOW/MEDIUM | Analytics: Trend 2, Momentum 2, Volume 0, Liquidity -2 (0.0cr), VolRisk HIGH, Sector UNKNOWN 0",0,0,LOW,,,,,,,0,0,,,0,,0,61.3,MEDIUM,0.88,NEUTRAL,"AI overlay from completed recommendation outcomes; use as probability/risk input, not standalone advice."
PPLPHARMA,2026-09-28,206.59,36391.0,1,NEUTRAL,45.35,-0.4686,14.68,211.14,210.79,174.88,7.0,0.299,43.33,0.69,196.09,224.08,1.67,RSI in swing zone; MACD weak; Weak trend; Long-term trend positive; Bollinger position healthy,PHARMA,-1.68,-3.56,15.5,0.0,3.39,2,1,0,-2,0,MEDIUM,0,50.0,3.96,0,-2,0.75,1.5,D,"Trend 2, Momentum 1, Volume 0, Liquidity -2 (0.0cr), VolRisk MEDIUM, Sector PHARMA 0",1,1,1,NEUTRAL,News 0; event caution 0; risk LOW; type ; confidence ; reason . ,-2,MEDIUM,CAUTIOUS,Nifty 20D return -3.9448571751706463; 60D return -4.281982537022666; Crude 20D change 11.414863871570024; India VIX latest; 20D change 9.84643344748708; USDINR 20D change 0.9026990410958335,-1.0,NEUTRAL,1,-0.25,NEUTRAL,"Tech 1 | News 0 (, ) | Event caution 0 | Macro -2 | Sector 0 | Analytics 0.75 (D) | Risk LOW/MEDIUM | Analytics: Trend 2, Momentum 1, Volume 0, Liquidity -2 (0.0cr), VolRisk MEDIUM, Sector PHARMA 0",0,0,LOW,,,,,,,0,0,,,0,,0,61.4,MEDIUM,0.89,NEUTRAL,"AI overlay from completed recommendation outcomes; use as probability/risk input, not standalone advice."
MFSL,2026-09-28,1444.0,29597.0,2,NEUTRAL,40.96,-6.1736,23.99,1498.68,1523.09,1614.97,54.33,0.222,36.21,0.51,1362.5,1579.83,1.67,RSI in swing zone; MACD weak; Trend strength acceptable; Bollinger position healthy,UNKNOWN,-7.97,-6.05,-10.37,0.0,3.76,1,0,-1,-2,0,MEDIUM,0,,,0,-2,-0.3,1.5,D,"Trend 1, Momentum 0, Volume -1, Liquidity -2 (0.0cr), VolRisk MEDIUM, Sector UNKNOWN 0",2,2,2,NEUTRAL,News 0; event caution 0; risk LOW; type ; confidence ; reason . ,-2,MEDIUM,CAUTIOUS,Nifty 20D return -3.9448571751706463; 60D return -4.281982537022666; Crude 20D change 11.414863871570024; India VIX latest; 20D change 9.84643344748708; USDINR 20D change 0.9026990410958335,0.0,NEUTRAL,2,-0.3,NEUTRAL,"Tech 2 | News 0 (, ) | Event caution 0 | Macro -2 | Sector 0 | Analytics -0.3 (D) | Risk LOW/MEDIUM | Analytics: Trend 1, Momentum 0, Volume -1, Liquidity -2 (0.0cr), VolRisk MEDIUM, Sector UNKNOWN 0",0,0,LOW,,,,,,,0,0,,,0,,0,63.5,MEDIUM,1.05,NEUTRAL,"AI overlay from completed recommendation outcomes; use as probability/risk input, not standalone advice."
GODREJCP,2026-09-28,868.0,25887.0,4,WATCH,30.44,2.6591,53.09,889.87,966.99,1056.56,20.15,0.289,22.1,0.78,837.78,918.37,1.67,RSI oversold rebound candidate; MACD bullish; Trend strength acceptable; Bollinger position healthy,FMCG,0.49,-6.97,-16.83,0.0,2.32,1,1,0,-2,1,LOW,-3,33.3,-0.2,-2,-1,-0.4,1.25,D,"Trend 1, Momentum 1, Volume 0, Liquidity -2 (0.0cr), VolRisk LOW, Sector FMCG -3",4,4,4,WATCH,News 0; event caution 0; risk LOW; type ; confidence ; reason . ,-2,MEDIUM,CAUTIOUS,Nifty 20D return -3.9448571751706463; 60D return -4.281982537022666; Crude 20D change 11.414863871570024; India VIX latest; 20D change 9.84643344748708; USDINR 20D change 0.9026990410958335,0.0,NEUTRAL,4,-0.4,NEUTRAL,"Tech 4 | News 0 (, ) | Event caution 0 | Macro -2 | Sector -2 | Analytics -0.4 (D) | Risk LOW/MEDIUM | Analytics: Trend 1, Momentum 1, Volume 0, Liquidity -2 (0.0cr), VolRisk LOW, Sector FMCG -3",0,0,LOW,,,,,,,0,0,,,0,,0,60.3,MEDIUM,0.63,NEUTRAL,"AI overlay from completed recommendation outcomes; use as probability/risk input, not standalone advice."
HONASA,2026-09-28,466.05,38108.0,1,NEUTRAL,45.89,-0.2906,14.16,473.03,471.08,,16.98,0.207,39.16,1.47,440.58,508.5,1.67,RSI in swing zone; MACD weak; Weak trend; Bollinger position healthy; Volume expansion,UNKNOWN,-2.82,-0.98,-1.18,0.0,3.64,1,1,1,-2,0,MEDIUM,0,,,0,-2,0.55,1.5,D,"Trend 1, Momentum 1, Volume 1, Liquidity -2 (0.0cr), VolRisk MEDIUM, Sector UNKNOWN 0",1,1,1,NEUTRAL,News 0; event caution 0; risk LOW; type ; confidence ; reason . ,-2,MEDIUM,CAUTIOUS,Nifty 20D return -3.9448571751706463; 60D return -4.281982537022666; Crude 20D change 11.414863871570024; India VIX latest; 20D change 9.84643344748708; USDINR 20D change 0.9026990410958335,-1.0,NEUTRAL,1,-0.45,NEUTRAL,"Tech 1 | News 0 (, ) | Event caution 0 | Macro -2 | Sector 0 | Analytics 0.55 (D) | Risk LOW/MEDIUM | Analytics: Trend 1, Momentum 1, Volume 1, Liquidity -2 (0.0cr), VolRisk MEDIUM, Sector UNKNOWN 0",0,0,LOW,,,,,,,0,0,,,0,,0,62.5,MEDIUM,0.8,NEUTRAL,"AI overlay from completed recommendation outcomes; use as probability/risk input, not standalone advice."
ELGIEQUIP,2026-09-22,608.95,35254.0,1,NEUTRAL,47.8,-4.3413,14.49,620.54,610.21,,22.8,0.309,35.01,1.27,574.75,665.94,1.67,RSI in swing zone; MACD weak; Weak trend; Bollinger position healthy; Volume expansion,UNKNOWN,-1.42,-3.72,5.37,0.0,3.74,1,1,1,-2,0,MEDIUM,0,,,0,-2,0.55,1.5,D,"Trend 1, Momentum 1, Volume 1, Liquidity -2 (0.0cr), VolRisk MEDIUM, Sector UNKNOWN 0",1,1,1,NEUTRAL,News 0; event caution 0; risk LOW; type ; confidence ; reason . ,-2,MEDIUM,CAUTIOUS,Nifty 20D return -3.9448571751706463; 60D return -4.281982537022666; Crude 20D change 11.414863871570024; India VIX latest; 20D change 9.84643344748708; USDINR 20D change 0.9026990410958335,-1.0,NEUTRAL,1,-0.45,NEUTRAL,"Tech 1 | News 0 (, ) | Event caution 0 | Macro -2 | Sector 0 | Analytics 0.55 (D) | Risk LOW/MEDIUM | Analytics: Trend 1, Momentum 1, Volume 1, Liquidity -2 (0.0cr), VolRisk MEDIUM, Sector UNKNOWN 0",0,0,LOW,,,,,,,0,0,,,0,,0,62.1,MEDIUM,0.76,NEUTRAL,"AI overlay from completed recommendation outcomes; use as probability/risk input, not standalone advice."
LICI,2026-09-28,400.65,48195.0,4,WATCH,43.01,0.6801,18.52,405.11,409.13,614.97,8.88,0.299,45.21,0.69,387.33,422.85,1.67,RSI in swing zone; MACD bullish; Bollinger position healthy,FINANCIALS,-0.96,-3.54,-7.98,0.0,2.22,0,2,0,-2,1,LOW,-3,22.7,-2.46,-2,-1,-0.5,1.25,D,"Trend 0, Momentum 2, Volume 0, Liquidity -2 (0.0cr), VolRisk LOW, Sector FINANCIALS -3",4,4,4,WATCH,News 0; event caution 0; risk LOW; type ; confidence ; reason . ,-2,MEDIUM,CAUTIOUS,Nifty 20D return -3.9448571751706463; 60D return -4.281982537022666; Crude 20D change 11.414863871570024; India VIX latest; 20D change 9.84643344748708; USDINR 20D change 0.9026990410958335,0.0,NEUTRAL,4,-0.5,NEUTRAL,"Tech 4 | News 0 (, ) | Event caution 0 | Macro -2 | Sector -2 | Analytics -0.5 (D) | Risk LOW/MEDIUM | Analytics: Trend 0, Momentum 2, Volume 0, Liquidity -2 (0.0cr), VolRisk LOW, Sector FINANCIALS -3",0,0,LOW,,,,,,,0,0,,,0,,0,67.5,HIGH,1.25,NEUTRAL,"AI overlay from completed recommendation outcomes; use as probability/risk input, not standalone advice."
GRANULES,2026-09-28,851.4,29146.0,1,NEUTRAL,45.02,-3.4673,16.31,874.13,858.62,,28.79,0.237,23.67,0.53,808.21,923.38,1.67,RSI in swing zone; MACD weak; Bollinger position healthy,UNKNOWN,-2.75,2.36,2.11,0.0,3.38,2,1,-1,-2,0,MEDIUM,0,,,0,-2,0.5,1.5,D,"Trend 2, Momentum 1, Volume -1, Liquidity -2 (0.0cr), VolRisk MEDIUM, Sector UNKNOWN 0",1,1,1,NEUTRAL,News 0; event caution 0; risk LOW; type ; confidence ; reason . ,-2,MEDIUM,CAUTIOUS,Nifty 20D return -3.9448571751706463; 60D return -4.281982537022666; Crude 20D change 11.414863871570024; India VIX latest; 20D change 9.84643344748708; USDINR 20D change 0.9026990410958335,-1.0,NEUTRAL,1,-0.5,NEUTRAL,"Tech 1 | News 0 (, ) | Event caution 0 | Macro -2 | Sector 0 | Analytics 0.5 (D) | Risk LOW/MEDIUM | Analytics: Trend 2, Momentum 1, Volume -1, Liquidity -2 (0.0cr), VolRisk MEDIUM, Sector UNKNOWN 0",0,0,LOW,,,,,,,0,0,,,0,,0,61.9,MEDIUM,0.69,NEUTRAL,"AI overlay from completed recommendation outcomes; use as probability/risk input, not standalone advice."
DBREALTY,2026-08-20,104.7,25188.0,1,NEUTRAL,40.81,-1.7526,29.61,116.86,112.51,,10.13,0.301,13.29,0.73,89.5,130.03,1.67,RSI in swing zone; MACD weak; Trend strength acceptable; Bollinger position healthy,UNKNOWN,-26.26,14.09,,0.0,9.68,3,1,0,-2,-2,VERY_HIGH,0,,,0,-3,0.5,1.0,D,"Trend 3, Momentum 1, Volume 0, Liquidity -2 (0.0cr), VolRisk VERY_HIGH, Sector UNKNOWN 0",1,1,1,NEUTRAL,News 0; event caution 0; risk LOW; type ; confidence ; reason . ,-2,MEDIUM,CAUTIOUS,Nifty 20D return -3.9448571751706463; 60D return -4.281982537022666; Crude 20D change 11.414863871570024; India VIX latest; 20D change 9.84643344748708; USDINR 20D change 0.9026990410958335,-1.0,NEUTRAL,1,-0.5,NEUTRAL,"Tech 1 | News 0 (, ) | Event caution 0 | Macro -2 | Sector 0 | Analytics 0.5 (D) | Risk LOW/MEDIUM | Analytics: Trend 3, Momentum 1, Volume 0, Liquidity -2 (0.0cr), VolRisk VERY_HIGH, Sector UNKNOWN 0",0,0,LOW,,,,,,,0,0,,,0,,0,65.1,HIGH,1.01,NEUTRAL,"AI overlay from completed recommendation outcomes; use as probability/risk input, not standalone advice."
VEDL,2026-09-28,259.0,88748.0,4,WATCH,41.5,0.1824,16.02,265.21,270.76,433.59,7.08,0.2,34.48,1.41,248.38,276.7,1.67,RSI in swing zone; MACD bullish; Volume expansion,METALS,-1.52,-4.81,-1.09,0.0,2.73,0,2,1,-2,0,MEDIUM,-3,30.0,-0.68,-2,-2,-0.6,1.25,D,"Trend 0, Momentum 2, Volume 1, Liquidity -2 (0.0cr), VolRisk MEDIUM, Sector METALS -3",4,4,4,WATCH,News 0; event caution 0; risk LOW; type ; confidence ; reason . ,-2,MEDIUM,CAUTIOUS,Nifty 20D return -3.9448571751706463; 60D return -4.281982537022666; Crude 20D change 11.414863871570024; India VIX latest; 20D change 9.84643344748708; USDINR 20D change 0.9026990410958335,0.0,NEUTRAL,4,-0.6,NEUTRAL,"Tech 4 | News 0 (, ) | Event caution 0 | Macro -2 | Sector -2 | Analytics -0.6 (D) | Risk LOW/MEDIUM | Analytics: Trend 0, Momentum 2, Volume 1, Liquidity -2 (0.0cr), VolRisk MEDIUM, Sector METALS -3",0,0,LOW,,,,,,,0,0,,,0,,0,64.8,MEDIUM,0.88,NEUTRAL,"AI overlay from completed recommendation outcomes; use as probability/risk input, not standalone advice."
MOSCHIP,2026-09-17,208.06,58502.0,2,NEUTRAL,43.03,-1.124,19.68,214.38,220.49,,10.53,0.332,45.0,1.56,192.26,234.4,1.67,RSI in swing zone; MACD weak; Bollinger position healthy; Volume expansion,UNKNOWN,-2.14,-14.69,0.04,0.0,5.06,0,0,1,-2,-1,HIGH,0,,,0,-3,-0.6,1.0,D,"Trend 0, Momentum 0, Volume 1, Liquidity -2 (0.0cr), VolRisk HIGH, Sector UNKNOWN 0",2,2,2,NEUTRAL,News 0; event caution 0; risk LOW; type ; confidence ; reason . ,-2,MEDIUM,CAUTIOUS,Nifty 20D return -3.9448571751706463; 60D return -4.281982537022666; Crude 20D change 11.414863871570024; India VIX latest; 20D change 9.84643344748708; USDINR 20D change 0.9026990410958335,0.0,NEUTRAL,2,-0.6,NEUTRAL,"Tech 2 | News 0 (, ) | Event caution 0 | Macro -2 | Sector 0 | Analytics -0.6 (D) | Risk LOW/MEDIUM | Analytics: Trend 0, Momentum 0, Volume 1, Liquidity -2 (0.0cr), VolRisk HIGH, Sector UNKNOWN 0",0,0,LOW,,,,,,,0,0,,,0,,0,61.3,MEDIUM,0.53,NEUTRAL,"AI overlay from completed recommendation outcomes; use as probability/risk input, not standalone advice."
MOTHERSON,2026-09-28,162.37,63537.0,4,WATCH,48.26,0.1495,13.58,162.78,164.13,139.69,4.08,0.45,60.79,1.04,156.24,172.58,1.67,RSI in swing zone; MACD bullish; Weak trend; Long-term trend positive; Bollinger position healthy,AUTO_ANC,0.37,1.04,13.35,0.0,2.52,2,3,0,-2,0,MEDIUM,-3,14.3,-1.51,-3,-2,0.4,1.25,C,"Trend 2, Momentum 3, Volume 0, Liquidity -2 (0.0cr), VolRisk MEDIUM, Sector AUTO_ANC -3",4,4,4,WATCH,News 0; event caution 0; risk LOW; type ; confidence ; reason . ,-2,MEDIUM,CAUTIOUS,Nifty 20D return -3.9448571751706463; 60D return -4.281982537022666; Crude 20D change 11.414863871570024; India VIX latest; 20D change 9.84643344748708; USDINR 20D change 0.9026990410958335,-1.0,NEUTRAL,4,-0.6,NEUTRAL,"Tech 4 | News 0 (, ) | Event caution 0 | Macro -2 | Sector -3 | Analytics 0.4 (C) | Risk LOW/MEDIUM | Analytics: Trend 2, Momentum 3, Volume 0, Liquidity -2 (0.0cr), VolRisk MEDIUM, Sector AUTO_ANC -3",0,0,LOW,,,,,,,0,0,,,0,,-1,61.3,MEDIUM,0.53,NEUTRAL,"AI overlay from completed recommendation outcomes; use as probability/risk input, not standalone advice."
NETWEB,2026-09-28,4566.5,53885.0,1,NEUTRAL,37.08,-24.4157,27.73,4805.15,4988.57,4188.18,182.14,0.235,26.76,0.65,4293.29,5021.86,1.67,MACD weak; Trend strength acceptable; Long-term trend positive; Bollinger position healthy,UNKNOWN,-5.2,-12.06,9.3,0.01,3.99,2,0,0,-2,0,MEDIUM,0,,,0,-2,0.4,1.5,D,"Trend 2, Momentum 0, Volume 0, Liquidity -2 (0.01cr), VolRisk MEDIUM, Sector UNKNOWN 0",1,1,1,NEUTRAL,News 0; event caution 0; risk LOW; type ; confidence ; reason . ,-2,MEDIUM,CAUTIOUS,Nifty 20D return -3.9448571751706463; 60D return -4.281982537022666; Crude 20D change 11.414863871570024; India VIX latest; 20D change 9.84643344748708; USDINR 20D change 0.9026990410958335,-1.0,NEUTRAL,1,-0.6,NEUTRAL,"Tech 1 | News 0 (, ) | Event caution 0 | Macro -2 | Sector 0 | Analytics 0.4 (D) | Risk LOW/MEDIUM | Analytics: Trend 2, Momentum 0, Volume 0, Liquidity -2 (0.01cr), VolRisk MEDIUM, Sector UNKNOWN 0",0,0,LOW,,,,,,,0,0,,,0,,0,62.2,MEDIUM,0.62,NEUTRAL,"AI overlay from completed recommendation outcomes; use as probability/risk input, not standalone advice."
SOLARINDS,2026-09-28,19150.0,36253.0,1,NEUTRAL,42.49,-127.7266,24.17,20337.25,19720.42,,692.27,0.292,15.88,0.69,18111.6,20880.67,1.67,RSI in swing zone; MACD weak; Trend strength acceptable; Bollinger position healthy,UNKNOWN,-3.72,-7.04,2.63,0.01,3.61,2,0,0,-2,0,MEDIUM,0,,,0,-2,0.4,1.5,D,"Trend 2, Momentum 0, Volume 0, Liquidity -2 (0.01cr), VolRisk MEDIUM, Sector UNKNOWN 0",1,1,1,NEUTRAL,News 0; event caution 0; risk LOW; type ; confidence ; reason . ,-2,MEDIUM,CAUTIOUS,Nifty 20D return -3.9448571751706463; 60D return -4.281982537022666; Crude 20D change 11.414863871570024; India VIX latest; 20D change 9.84643344748708; USDINR 20D change 0.9026990410958335,-1.0,NEUTRAL,1,-0.6,NEUTRAL,"Tech 1 | News 0 (, ) | Event caution 0 | Macro -2 | Sector 0 | Analytics 0.4 (D) | Risk LOW/MEDIUM | Analytics: Trend 2, Momentum 0, Volume 0, Liquidity -2 (0.01cr), VolRisk MEDIUM, Sector UNKNOWN 0",0,0,LOW,,,,,,,0,0,,,0,,0,60.1,MEDIUM,0.41,NEUTRAL,"AI overlay from completed recommendation outcomes; use as probability/risk input, not standalone advice."
TRANSRAILL,2026-09-27,469.25,27205.0,2,NEUTRAL,41.54,-0.1884,25.23,487.61,530.14,,26.89,0.276,44.05,0.52,428.91,536.48,1.67,RSI in swing zone; MACD weak; Trend strength acceptable; Bollinger position healthy,UNKNOWN,7.16,-6.76,-8.94,0.0,5.73,1,0,-1,-2,-1,HIGH,0,,,0,-3,-0.65,1.0,D,"Trend 1, Momentum 0, Volume -1, Liquidity -2 (0.0cr), VolRisk HIGH, Sector UNKNOWN 0",2,2,2,NEUTRAL,News 0; event caution 0; risk LOW; type ; confidence ; reason . ,-2,MEDIUM,CAUTIOUS,Nifty 20D return -3.9448571751706463; 60D return -4.281982537022666; Crude 20D change 11.414863871570024; India VIX latest; 20D change 9.84643344748708; USDINR 20D change 0.9026990410958335,0.0,NEUTRAL,2,-0.65,NEUTRAL,"Tech 2 | News 0 (, ) | Event caution 0 | Macro -2 | Sector 0 | Analytics -0.65 (D) | Risk LOW/MEDIUM | Analytics: Trend 1, Momentum 0, Volume -1, Liquidity -2 (0.0cr), VolRisk HIGH, Sector UNKNOWN 0",0,0,LOW,,,,,,,0,0,,,0,,0,64.9,MEDIUM,0.84,NEUTRAL,"AI overlay from completed recommendation outcomes; use as probability/risk input, not standalone advice."
MANAPPURAM,2026-09-28,313.0,53547.0,3,NEUTRAL,37.44,1.1716,32.75,324.1,342.13,310.64,10.36,0.113,12.37,1.43,297.46,338.9,1.67,MACD bullish; Trend strength acceptable; Long-term trend positive; Volume expansion,NBFC,-1.97,-7.86,-7.15,0.0,3.31,2,2,1,-2,0,MEDIUM,-3,12.5,-3.44,-2,-2,0.3,1.25,D,"Trend 2, Momentum 2, Volume 1, Liquidity -2 (0.0cr), VolRisk MEDIUM, Sector NBFC -3",3,3,3,NEUTRAL,News 0; event caution 0; risk LOW; type ; confidence ; reason . ,-2,MEDIUM,CAUTIOUS,Nifty 20D return -3.9448571751706463; 60D return -4.281982537022666; Crude 20D change 11.414863871570024; India VIX latest; 20D change 9.84643344748708; USDINR 20D change 0.9026990410958335,-1.0,NEUTRAL,3,-0.7,NEUTRAL,"Tech 3 | News 0 (, ) | Event caution 0 | Macro -2 | Sector -2 | Analytics 0.3 (D) | Risk LOW/MEDIUM | Analytics: Trend 2, Momentum 2, Volume 1, Liquidity -2 (0.0cr), VolRisk MEDIUM, Sector NBFC -3",0,0,LOW,,,,,,,0,0,,,0,,0,62.3,MEDIUM,0.53,NEUTRAL,"AI overlay from completed recommendation outcomes; use as probability/risk input, not standalone advice."
HAL,2026-09-28,4738.0,43491.0,1,NEUTRAL,41.71,-7.6681,14.62,4838.06,4868.62,4393.44,94.96,0.223,37.69,0.83,4595.57,4975.39,1.67,RSI in swing zone; MACD weak; Weak trend; Long-term trend positive; Bollinger position healthy,UNKNOWN,-1.29,-2.43,5.5,0.0,2.0,1,0,0,-2,1,LOW,0,,,0,-1,0.3,1.5,D,"Trend 1, Momentum 0, Volume 0, Liquidity -2 (0.0cr), VolRisk LOW, Sector UNKNOWN 0",1,1,1,NEUTRAL,News 0; event caution 0; risk LOW; type ; confidence ; reason . ,-2,MEDIUM,CAUTIOUS,Nifty 20D return -3.9448571751706463; 60D return -4.281982537022666; Crude 20D change 11.414863871570024; India VIX latest; 20D change 9.84643344748708; USDINR 20D change 0.9026990410958335,-1.0,NEUTRAL,1,-0.7,NEUTRAL,"Tech 1 | News 0 (, ) | Event caution 0 | Macro -2 | Sector 0 | Analytics 0.3 (D) | Risk LOW/MEDIUM | Analytics: Trend 1, Momentum 0, Volume 0, Liquidity -2 (0.0cr), VolRisk LOW, Sector UNKNOWN 0",0,0,LOW,,,,,,,0,0,,,0,,0,57.9,MEDIUM,0.09,NEUTRAL,"AI overlay from completed recommendation outcomes; use as probability/risk input, not standalone advice."
SAREGAMA,2026-09-17,489.25,23120.0,1,NEUTRAL,46.87,-2.8174,17.77,507.79,490.29,,21.16,0.289,23.91,0.7,457.51,542.15,1.67,RSI in swing zone; MACD weak; Bollinger position healthy,UNKNOWN,-0.89,-7.77,17.68,0.0,4.33,1,1,0,-2,0,MEDIUM,0,,,0,-2,0.3,1.5,D,"Trend 1, Momentum 1, Volume 0, Liquidity -2 (0.0cr), VolRisk MEDIUM, Sector UNKNOWN 0",1,1,1,NEUTRAL,News 0; event caution 0; risk LOW; type ; confidence ; reason . ,-2,MEDIUM,CAUTIOUS,Nifty 20D return -3.9448571751706463; 60D return -4.281982537022666; Crude 20D change 11.414863871570024; India VIX latest; 20D change 9.84643344748708; USDINR 20D change 0.9026990410958335,-1.0,NEUTRAL,1,-0.7,NEUTRAL,"Tech 1 | News 0 (, ) | Event caution 0 | Macro -2 | Sector 0 | Analytics 0.3 (D) | Risk LOW/MEDIUM | Analytics: Trend 1, Momentum 1, Volume 0, Liquidity -2 (0.0cr), VolRisk MEDIUM, Sector UNKNOWN 0",0,0,LOW,,,,,,,0,0,,,0,,0,61.2,MEDIUM,0.42,NEUTRAL,"AI overlay from completed recommendation outcomes; use as probability/risk input, not standalone advice."
AEGISLOG,2026-09-28,1308.1,25056.0,1,NEUTRAL,44.63,-6.5803,24.21,1355.84,1333.04,,68.31,0.293,8.46,0.52,1205.64,1478.87,1.67,RSI in swing zone; MACD weak; Trend strength acceptable; Bollinger position healthy,UNKNOWN,-8.17,2.98,-3.04,0.0,5.22,3,0,-1,-2,-1,HIGH,0,,,0,-3,0.25,1.0,D,"Trend 3, Momentum 0, Volume -1, Liquidity -2 (0.0cr), VolRisk HIGH, Sector UNKNOWN 0",1,1,1,NEUTRAL,News 0; event caution 0; risk LOW; type ; confidence ; reason . ,-2,MEDIUM,CAUTIOUS,Nifty 20D return -3.9448571751706463; 60D return -4.281982537022666; Crude 20D change 11.414863871570024; India VIX latest; 20D change 9.84643344748708; USDINR 20D change 0.9026990410958335,-1.0,NEUTRAL,1,-0.75,NEUTRAL,"Tech 1 | News 0 (, ) | Event caution 0 | Macro -2 | Sector 0 | Analytics 0.25 (D) | Risk LOW/MEDIUM | Analytics: Trend 3, Momentum 0, Volume -1, Liquidity -2 (0.0cr), VolRisk HIGH, Sector UNKNOWN 0",0,0,LOW,,,,,,,0,0,,,0,,0,62.9,MEDIUM,0.54,NEUTRAL,"AI overlay from completed recommendation outcomes; use as probability/risk input, not standalone advice."
ASIANPAINT,2026-09-28,2420.0,48372.0,4,WATCH,36.86,5.1582,42.81,2456.74,2585.17,2523.95,43.58,0.228,34.48,1.2,2354.63,2528.96,1.67,MACD bullish; Trend strength acceptable; Bollinger position healthy; Volume expansion,PAINTS,-1.16,-4.25,-10.08,0.0,1.8,1,2,1,-2,1,LOW,-3,0.0,-4.54,-3,-1,0.2,1.25,C,"Trend 1, Momentum 2, Volume 1, Liquidity -2 (0.0cr), VolRisk LOW, Sector PAINTS -3",4,4,4,WATCH,News 0; event caution 0; risk LOW; type ; confidence ; reason . ,-2,MEDIUM,CAUTIOUS,Nifty 20D return -3.9448571751706463; 60D return -4.281982537022666; Crude 20D change 11.414863871570024; India VIX latest; 20D change 9.84643344748708; USDINR 20D change 0.9026990410958335,-1.0,NEUTRAL,4,-0.8,NEUTRAL,"Tech 4 | News 0 (, ) | Event caution 0 | Macro -2 | Sector -3 | Analytics 0.2 (C) | Risk LOW/MEDIUM | Analytics: Trend 1, Momentum 2, Volume 1, Liquidity -2 (0.0cr), VolRisk LOW, Sector PAINTS -3",0,0,LOW,,,,,,,0,0,,,0,,-1,55.0,LOW,-0.3,NEUTRAL,"AI overlay from completed recommendation outcomes; use as probability/risk input, not standalone advice."
JSWSTEEL,2026-09-28,1264.1,63931.0,6,WATCH,44.58,0.4385,18.0,1277.04,1291.67,1252.07,24.24,0.359,48.18,1.33,1227.75,1324.69,1.67,RSI in swing zone; MACD bullish; Long-term trend positive; Bollinger position healthy; Volume expansion,METALS,-0.23,-4.6,0.56,0.0,1.92,1,2,1,-2,1,LOW,-3,30.0,-0.68,-2,-1,0.2,1.25,C,"Trend 1, Momentum 2, Volume 1, Liquidity -2 (0.0cr), VolRisk LOW, Sector METALS -3",3,3,3,NEUTRAL,News -3; event caution 0; risk HIGH; type GOVERNANCE_RISK; confidence HIGH; reason Material management/auditor/governance risk.. Negative catalyst: Resignation of Director/KMP/SMP,-2,MEDIUM,CAUTIOUS,Nifty 20D return -3.9448571751706463; 60D return -4.281982537022666; Crude 20D change 11.414863871570024; India VIX latest; 20D change 9.84643344748708; USDINR 20D change 0.9026990410958335,-1.0,NEUTRAL,6,-0.8,AVOID_EVENT_RISK,"Tech 6 | News -3 (GOVERNANCE_RISK, HIGH) | Event caution 0 | Macro -2 | Sector -2 | Analytics 0.2 (C) | Risk HIGH/MEDIUM | Negative catalyst: Resignation of Director/KMP/SMP | Analytics: Trend 1, Momentum 2, Volume 1, Liquidity -2 (0.0cr), VolRisk LOW, Sector METALS -3 | News logic: Material management/auditor/governance risk.",-3,0,HIGH,Negative catalyst: Resignation of Director/KMP/SMP,,Resignation of Director/KMP/SMP,Negative catalyst: Resignation of Director/KMP/SMP,NSE Corporate Announcements,https://nsearchives.nseindia.com/corporate/JSWSTEEL_ROID_95553_KMP_Doc.zip,1,0,GOVERNANCE_RISK,HIGH,3,Material management/auditor/governance risk.,0,53.9,LOW,-0.41,AVOID_EVENT_RISK,"AI overlay from completed recommendation outcomes; use as probability/risk input, not standalone advice."
MUTHOOTFIN,2026-09-28,2760.0,74591.0,3,NEUTRAL,37.97,3.663,23.5,2823.49,2907.5,3201.48,66.4,0.168,24.82,1.42,2660.39,2926.01,1.67,MACD bullish; Trend strength acceptable; Volume expansion,NBFC,-2.53,-5.28,-7.47,0.0,2.41,1,2,1,-2,1,LOW,-3,12.5,-3.44,-2,-1,0.2,1.25,D,"Trend 1, Momentum 2, Volume 1, Liquidity -2 (0.0cr), VolRisk LOW, Sector NBFC -3",3,3,3,NEUTRAL,News 0; event caution 0; risk LOW; type ; confidence ; reason . ,-2,MEDIUM,CAUTIOUS,Nifty 20D return -3.9448571751706463; 60D return -4.281982537022666; Crude 20D change 11.414863871570024; India VIX latest; 20D change 9.84643344748708; USDINR 20D change 0.9026990410958335,-1.0,NEUTRAL,3,-0.8,NEUTRAL,"Tech 3 | News 0 (, ) | Event caution 0 | Macro -2 | Sector -2 | Analytics 0.2 (D) | Risk LOW/MEDIUM | Analytics: Trend 1, Momentum 2, Volume 1, Liquidity -2 (0.0cr), VolRisk LOW, Sector NBFC -3",0,0,LOW,,,,,,,0,0,,,0,,0,57.2,MEDIUM,-0.08,NEUTRAL,"AI overlay from completed recommendation outcomes; use as probability/risk input, not standalone advice."
VMM,2026-09-28,100.81,37905.0,1,NEUTRAL,39.97,0.2006,18.43,102.92,105.76,113.89,2.75,0.193,20.47,0.81,96.68,107.69,1.67,MACD bullish,UNKNOWN,-3.1,-5.02,-8.63,0.0,2.73,0,2,0,-2,0,MEDIUM,0,,,0,-2,0.2,1.5,D,"Trend 0, Momentum 2, Volume 0, Liquidity -2 (0.0cr), VolRisk MEDIUM, Sector UNKNOWN 0",1,1,1,NEUTRAL,News 0; event caution 0; risk LOW; type ; confidence ; reason . ,-2,MEDIUM,CAUTIOUS,Nifty 20D return -3.9448571751706463; 60D return -4.281982537022666; Crude 20D change 11.414863871570024; India VIX latest; 20D change 9.84643344748708; USDINR 20D change 0.9026990410958335,-1.0,NEUTRAL,1,-0.8,NEUTRAL,"Tech 1 | News 0 (, ) | Event caution 0 | Macro -2 | Sector 0 | Analytics 0.2 (D) | Risk LOW/MEDIUM | Analytics: Trend 0, Momentum 2, Volume 0, Liquidity -2 (0.0cr), VolRisk MEDIUM, Sector UNKNOWN 0",0,0,LOW,,,,,,,0,0,,,0,,0,61.2,MEDIUM,0.32,NEUTRAL,"AI overlay from completed recommendation outcomes; use as probability/risk input, not standalone advice."
GICRE,2026-09-09,349.9,20384.0,1,NEUTRAL,39.3,0.3853,19.97,356.82,372.29,,11.59,0.187,39.81,0.77,332.52,378.87,1.67,MACD bullish,UNKNOWN,-1.56,-5.1,,0.0,3.31,0,2,0,-2,0,MEDIUM,0,,,0,-2,0.2,1.5,D,"Trend 0, Momentum 2, Volume 0, Liquidity -2 (0.0cr), VolRisk MEDIUM, Sector UNKNOWN 0",1,1,1,NEUTRAL,News 0; event caution 0; risk LOW; type ; confidence ; reason . ,-2,MEDIUM,CAUTIOUS,Nifty 20D return -3.9448571751706463; 60D return -4.281982537022666; Crude 20D change 11.414863871570024; India VIX latest; 20D change 9.84643344748708; USDINR 20D change 0.9026990410958335,-1.0,NEUTRAL,1,-0.8,NEUTRAL,"Tech 1 | News 0 (, ) | Event caution 0 | Macro -2 | Sector 0 | Analytics 0.2 (D) | Risk LOW/MEDIUM | Analytics: Trend 0, Momentum 2, Volume 0, Liquidity -2 (0.0cr), VolRisk MEDIUM, Sector UNKNOWN 0",0,0,LOW,,,,,,,0,0,,,0,,0,62.0,MEDIUM,0.4,NEUTRAL,"AI overlay from completed recommendation outcomes; use as probability/risk input, not standalone advice."
V2RETAIL,2026-09-21,210.85,19625.0,1,NEUTRAL,36.26,2.263,21.67,218.76,226.32,,10.27,-0.015,27.92,0.77,195.45,236.52,1.67,MACD bullish,UNKNOWN,-2.61,-8.24,8.45,0.0,4.87,0,2,0,-2,0,MEDIUM,0,,,0,-2,0.2,1.5,D,"Trend 0, Momentum 2, Volume 0, Liquidity -2 (0.0cr), VolRisk MEDIUM, Sector UNKNOWN 0",1,1,1,NEUTRAL,News 0; event caution 0; risk LOW; type ; confidence ; reason . ,-2,MEDIUM,CAUTIOUS,Nifty 20D return -3.9448571751706463; 60D return -4.281982537022666; Crude 20D change 11.414863871570024; India VIX latest; 20D change 9.84643344748708; USDINR 20D change 0.9026990410958335,-1.0,NEUTRAL,1,-0.8,NEUTRAL,"Tech 1 | News 0 (, ) | Event caution 0 | Macro -2 | Sector 0 | Analytics 0.2 (D) | Risk LOW/MEDIUM | Analytics: Trend 0, Momentum 2, Volume 0, Liquidity -2 (0.0cr), VolRisk MEDIUM, Sector UNKNOWN 0",0,0,LOW,,,,,,,0,0,,,0,,0,61.9,MEDIUM,0.39,NEUTRAL,"AI overlay from completed recommendation outcomes; use as probability/risk input, not standalone advice."
CSBBANK,2026-09-20,336.15,27069.0,4,WATCH,47.3,1.8746,16.13,338.61,354.58,,20.14,0.463,66.41,0.83,305.94,386.5,1.67,RSI in swing zone; MACD bullish; Bollinger position healthy,BANK,-3.63,-4.56,-20.4,0.0,5.99,0,3,0,-2,-1,HIGH,-3,15.4,-0.84,-2,-3,-0.85,0.75,D,"Trend 0, Momentum 3, Volume 0, Liquidity -2 (0.0cr), VolRisk HIGH, Sector BANK -3",4,4,4,WATCH,News 0; event caution 0; risk LOW; type ; confidence ; reason . ,-2,MEDIUM,CAUTIOUS,Nifty 20D return -3.9448571751706463; 60D return -4.281982537022666; Crude 20D change 11.414863871570024; India VIX latest; 20D change 9.84643344748708; USDINR 20D change 0.9026990410958335,0.0,NEUTRAL,4,-0.85,NEUTRAL,"Tech 4 | News 0 (, ) | Event caution 0 | Macro -2 | Sector -2 | Analytics -0.85 (D) | Risk LOW/MEDIUM | Analytics: Trend 0, Momentum 3, Volume 0, Liquidity -2 (0.0cr), VolRisk HIGH, Sector BANK -3",0,0,LOW,,,,,,,0,0,,,0,,0,57.7,MEDIUM,-0.08,NEUTRAL,"AI overlay from completed recommendation outcomes; use as probability/risk input, not standalone advice."
COLPAL,2026-09-27,1855.8,19392.0,4,WATCH,43.5,8.6953,19.39,1857.75,1971.19,,47.11,0.485,51.94,0.65,1785.14,1973.57,1.67,RSI in swing zone; MACD bullish; Bollinger position healthy,FMCG,-3.23,-1.76,-8.46,0.0,2.54,0,2,0,-2,0,MEDIUM,-3,33.3,-0.2,-2,-2,-0.85,1.25,D,"Trend 0, Momentum 2, Volume 0, Liquidity -2 (0.0cr), VolRisk MEDIUM, Sector FMCG -3",4,4,4,WATCH,News 0; event caution 0; risk LOW; type ; confidence ; reason . ,-2,MEDIUM,CAUTIOUS,Nifty 20D return -3.9448571751706463; 60D return -4.281982537022666; Crude 20D change 11.414863871570024; India VIX latest; 20D change 9.84643344748708; USDINR 20D change 0.9026990410958335,0.0,NEUTRAL,4,-0.85,NEUTRAL,"Tech 4 | News 0 (, ) | Event caution 0 | Macro -2 | Sector -2 | Analytics -0.85 (D) | Risk LOW/MEDIUM | Analytics: Trend 0, Momentum 2, Volume 0, Liquidity -2 (0.0cr), VolRisk MEDIUM, Sector FMCG -3",0,0,LOW,,,,,,,0,0,,,0,,0,65.1,HIGH,0.66,NEUTRAL,"AI overlay from completed recommendation outcomes; use as probability/risk input, not standalone advice."
JPPOWER,2026-09-28,15.52,1559174.0,3,NEUTRAL,38.12,0.0367,22.01,15.95,16.79,17.06,0.48,0.246,15.09,2.78,14.79,16.73,1.66,MACD bullish; Trend strength acceptable; Bollinger position healthy; Volume expansion,POWER,-4.02,-4.73,-8.11,0.0,3.12,1,2,2,-2,0,MEDIUM,-3,13.6,-0.99,-2,-2,0.1,1.25,D,"Trend 1, Momentum 2, Volume 2, Liquidity -2 (0.0cr), VolRisk MEDIUM, Sector POWER -3",3,3,3,NEUTRAL,News 0; event caution 0; risk LOW; type ; confidence ; reason . ,-2,MEDIUM,CAUTIOUS,Nifty 20D return -3.9448571751706463; 60D return -4.281982537022666; Crude 20D change 11.414863871570024; India VIX latest; 20D change 9.84643344748708; USDINR 20D change 0.9026990410958335,-1.0,NEUTRAL,3,-0.9,NEUTRAL,"Tech 3 | News 0 (, ) | Event caution 0 | Macro -2 | Sector -2 | Analytics 0.1 (D) | Risk LOW/MEDIUM | Analytics: Trend 1, Momentum 2, Volume 2, Liquidity -2 (0.0cr), VolRisk MEDIUM, Sector POWER -3",0,0,LOW,,,,,,,0,0,,,0,,0,63.8,MEDIUM,0.48,NEUTRAL,"AI overlay from completed recommendation outcomes; use as probability/risk input, not standalone advice."
COROMANDEL,2026-09-20,1999.5,34371.0,1,NEUTRAL,50.64,-6.7227,14.62,2003.63,2005.37,,69.09,0.484,44.63,1.37,1895.86,2172.23,1.67,RSI in swing zone; MACD weak; Weak trend; Bollinger position healthy; Volume expansion,UNKNOWN,2.55,-2.75,9.16,0.0,3.46,0,1,1,-2,0,MEDIUM,0,,,0,-2,0.1,1.5,D,"Trend 0, Momentum 1, Volume 1, Liquidity -2 (0.0cr), VolRisk MEDIUM, Sector UNKNOWN 0",1,1,1,NEUTRAL,News 0; event caution 0; risk LOW; type ; confidence ; reason . ,-2,MEDIUM,CAUTIOUS,Nifty 20D return -3.9448571751706463; 60D return -4.281982537022666; Crude 20D change 11.414863871570024; India VIX latest; 20D change 9.84643344748708; USDINR 20D change 0.9026990410958335,-1.0,NEUTRAL,1,-0.9,NEUTRAL,"Tech 1 | News 0 (, ) | Event caution 0 | Macro -2 | Sector 0 | Analytics 0.1 (D) | Risk LOW/MEDIUM | Analytics: Trend 0, Momentum 1, Volume 1, Liquidity -2 (0.0cr), VolRisk MEDIUM, Sector UNKNOWN 0",0,0,LOW,,,,,,,0,0,,,0,,0,61.0,MEDIUM,0.2,NEUTRAL,"AI overlay from completed recommendation outcomes; use as probability/risk input, not standalone advice."
OLAELEC,2026-09-28,37.86,161024.0,6,WATCH,47.47,0.1236,22.62,38.23,38.67,35.88,2.16,0.44,21.57,0.91,34.62,43.25,1.66,RSI in swing zone; MACD bullish; Trend strength acceptable; Long-term trend positive; Bollinger position healthy,UNKNOWN,0.21,-0.89,-3.37,0.0,5.7,2,3,0,-2,-1,HIGH,0,,,0,-3,1.1,1.0,B,"Trend 2, Momentum 3, Volume 0, Liquidity -2 (0.0cr), VolRisk HIGH, Sector UNKNOWN 0",1,0,0,NEUTRAL,News -5; event caution -1; risk HIGH; type GOVERNANCE_RISK; confidence HIGH; reason Material management/auditor/governance risk.. Negative catalyst: Resignation,-2,MEDIUM,CAUTIOUS,Nifty 20D return -3.9448571751706463; 60D return -4.281982537022666; Crude 20D change 11.414863871570024; India VIX latest; 20D change 9.84643344748708; USDINR 20D change 0.9026990410958335,-2.0,NEUTRAL,6,-0.9,AVOID_EVENT_RISK,"Tech 6 | News -5 (GOVERNANCE_RISK, HIGH) | Event caution -1 | Macro -2 | Sector 0 | Analytics 1.1 (B) | Risk HIGH/MEDIUM | Negative catalyst: Resignation | Analytics: Trend 2, Momentum 3, Volume 0, Liquidity -2 (0.0cr), VolRisk HIGH, Sector UNKNOWN 0 | News logic: Material management/auditor/governance risk. | Upcoming event caution: Outcome of Board Meeting",-5,-1,HIGH,Negative catalyst: Resignation,Upcoming event caution: Outcome of Board Meeting,Resignation,Negative catalyst: Resignation,NSE Corporate Announcements,https://nsearchives.nseindia.com/corporate/OLAELECTRIC_05092026203415_Outcome_of_Board_Meeting_N.pdf,2,1,GOVERNANCE_RISK,HIGH,3,Material management/auditor/governance risk.,0,64.4,MEDIUM,0.54,AVOID_EVENT_RISK,"AI overlay from completed recommendation outcomes; use as probability/risk input, not standalone advice."
JUBLINGREA,2026-09-28,654.8,32383.0,1,NEUTRAL,40.86,-13.9775,22.34,715.33,689.51,,35.34,0.144,27.14,0.97,601.79,743.16,1.67,RSI in swing zone; MACD weak; Trend strength acceptable,UNKNOWN,-7.54,-9.35,,0.0,5.4,2,0,0,-2,-1,HIGH,0,,,0,-3,0.05,1.0,D,"Trend 2, Momentum 0, Volume 0, Liquidity -2 (0.0cr), VolRisk HIGH, Sector UNKNOWN 0",1,1,1,NEUTRAL,News 0; event caution 0; risk LOW; type ; confidence ; reason . ,-2,MEDIUM,CAUTIOUS,Nifty 20D return -3.9448571751706463; 60D return -4.281982537022666; Crude 20D change 11.414863871570024; India VIX latest; 20D change 9.84643344748708; USDINR 20D change 0.9026990410958335,-1.0,NEUTRAL,1,-0.95,NEUTRAL,"Tech 1 | News 0 (, ) | Event caution 0 | Macro -2 | Sector 0 | Analytics 0.05 (D) | Risk LOW/MEDIUM | Analytics: Trend 2, Momentum 0, Volume 0, Liquidity -2 (0.0cr), VolRisk HIGH, Sector UNKNOWN 0",0,0,LOW,,,,,,,0,0,,,0,,0,62.6,MEDIUM,0.31,NEUTRAL,"AI overlay from completed recommendation outcomes; use as probability/risk input, not standalone advice."
LODHA,2026-09-28,1117.1,31246.0,3,NEUTRAL,39.82,3.4059,20.64,1151.32,1202.51,1006.5,40.84,0.314,53.54,0.7,1055.85,1219.19,1.67,MACD bullish; Long-term trend positive; Bollinger position healthy,REALTY,-2.35,-7.55,-6.03,0.0,3.66,1,2,0,-2,0,MEDIUM,-2,50.0,-0.92,-2,-2,-0.05,1.25,D,"Trend 1, Momentum 2, Volume 0, Liquidity -2 (0.0cr), VolRisk MEDIUM, Sector REALTY -2",3,3,3,NEUTRAL,News 0; event caution 0; risk LOW; type ; confidence ; reason . ,-2,MEDIUM,CAUTIOUS,Nifty 20D return -3.9448571751706463; 60D return -4.281982537022666; Crude 20D change 11.414863871570024; India VIX latest; 20D change 9.84643344748708; USDINR 20D change 0.9026990410958335,-1.0,NEUTRAL,3,-1.05,NEUTRAL,"Tech 3 | News 0 (, ) | Event caution 0 | Macro -2 | Sector -2 | Analytics -0.05 (D) | Risk LOW/MEDIUM | Analytics: Trend 1, Momentum 2, Volume 0, Liquidity -2 (0.0cr), VolRisk MEDIUM, Sector REALTY -2",0,0,LOW,,,,,,,0,0,,,0,,0,62.4,MEDIUM,0.19,NEUTRAL,"AI overlay from completed recommendation outcomes; use as probability/risk input, not standalone advice."
MSUMI,2026-09-28,34.8,47835.0,1,NEUTRAL,34.82,-0.014,61.5,35.69,37.79,39.48,0.84,0.229,35.48,1.12,33.54,36.89,1.66,RSI oversold rebound candidate; MACD weak; Trend strength acceptable; Bollinger position healthy,UNKNOWN,-1.0,-4.71,-12.3,0.0,2.41,1,-1,0,-2,1,LOW,0,,,0,-1,-0.05,1.5,E,"Trend 1, Momentum -1, Volume 0, Liquidity -2 (0.0cr), VolRisk LOW, Sector UNKNOWN 0",1,1,1,NEUTRAL,News 0; event caution 0; risk LOW; type ; confidence ; reason . ,-2,MEDIUM,CAUTIOUS,Nifty 20D return -3.9448571751706463; 60D return -4.281982537022666; Crude 20D change 11.414863871570024; India VIX latest; 20D change 9.84643344748708; USDINR 20D change 0.9026990410958335,-1.0,NEUTRAL,1,-1.05,NEUTRAL,"Tech 1 | News 0 (, ) | Event caution 0 | Macro -2 | Sector 0 | Analytics -0.05 (E) | Risk LOW/MEDIUM | Analytics: Trend 1, Momentum -1, Volume 0, Liquidity -2 (0.0cr), VolRisk LOW, Sector UNKNOWN 0",0,0,LOW,,,,,,,0,0,,,0,,0,59.9,MEDIUM,-0.06,NEUTRAL,"AI overlay from completed recommendation outcomes; use as probability/risk input, not standalone advice."
INOXINDIA,2026-09-28,2051.1,26243.0,1,NEUTRAL,46.24,-12.5335,20.49,2153.55,2054.26,,106.17,0.233,31.44,0.61,1891.84,2316.53,1.67,RSI in swing zone; MACD weak; Bollinger position healthy,UNKNOWN,-3.87,-2.3,4.21,0.0,5.18,1,1,0,-2,-1,HIGH,0,,,0,-3,-0.05,1.0,E,"Trend 1, Momentum 1, Volume 0, Liquidity -2 (0.0cr), VolRisk HIGH, Sector UNKNOWN 0",1,1,1,NEUTRAL,News 0; event caution 0; risk LOW; type ; confidence ; reason . ,-2,MEDIUM,CAUTIOUS,Nifty 20D return -3.9448571751706463; 60D return -4.281982537022666; Crude 20D change 11.414863871570024; India VIX latest; 20D change 9.84643344748708; USDINR 20D change 0.9026990410958335,-1.0,NEUTRAL,1,-1.05,NEUTRAL,"Tech 1 | News 0 (, ) | Event caution 0 | Macro -2 | Sector 0 | Analytics -0.05 (E) | Risk LOW/MEDIUM | Analytics: Trend 1, Momentum 1, Volume 0, Liquidity -2 (0.0cr), VolRisk HIGH, Sector UNKNOWN 0",0,0,LOW,,,,,,,0,0,,,0,,0,61.2,MEDIUM,0.07,NEUTRAL,"AI overlay from completed recommendation outcomes; use as probability/risk input, not standalone advice."
HINDUNILVR,2026-09-28,1896.0,79320.0,3,NEUTRAL,33.56,1.9413,36.06,1941.71,2002.68,2151.58,29.72,-0.123,3.34,1.43,1851.42,1970.31,1.67,RSI oversold rebound candidate; MACD bullish; Trend strength acceptable; Volume expansion,FMCG,-1.95,-3.92,-11.39,0.0,1.57,1,1,1,-2,1,LOW,-3,33.3,-0.2,-2,-1,-0.15,1.25,D,"Trend 1, Momentum 1, Volume 1, Liquidity -2 (0.0cr), VolRisk LOW, Sector FMCG -3",3,3,3,NEUTRAL,News 0; event caution 0; risk LOW; type ; confidence ; reason . ,-2,MEDIUM,CAUTIOUS,Nifty 20D return -3.9448571751706463; 60D return -4.281982537022666; Crude 20D change 11.414863871570024; India VIX latest; 20D change 9.84643344748708; USDINR 20D change 0.9026990410958335,-1.0,NEUTRAL,3,-1.15,NEUTRAL,"Tech 3 | News 0 (, ) | Event caution 0 | Macro -2 | Sector -2 | Analytics -0.15 (D) | Risk LOW/MEDIUM | Analytics: Trend 1, Momentum 1, Volume 1, Liquidity -2 (0.0cr), VolRisk LOW, Sector FMCG -3",0,0,LOW,,,,,,,0,0,,,0,,0,65.7,HIGH,0.42,NEUTRAL,"AI overlay from completed recommendation outcomes; use as probability/risk input, not standalone advice."
LEMONTREE,2026-09-28,103.82,22144.0,3,NEUTRAL,40.65,0.1509,19.1,106.15,108.37,113.73,2.6,0.194,36.8,0.83,99.92,110.32,1.67,RSI in swing zone; MACD bullish,HOTELS,0.54,-4.37,-13.93,0.0,2.5,0,2,0,-2,1,LOW,-2,0.0,1.24,-2,-1,-0.15,1.25,D,"Trend 0, Momentum 2, Volume 0, Liquidity -2 (0.0cr), VolRisk LOW, Sector HOTELS -2",3,3,3,NEUTRAL,News 0; event caution 0; risk LOW; type ; confidence ; reason . ,-2,MEDIUM,CAUTIOUS,Nifty 20D return -3.9448571751706463; 60D return -4.281982537022666; Crude 20D change 11.414863871570024; India VIX latest; 20D change 9.84643344748708; USDINR 20D change 0.9026990410958335,-1.0,NEUTRAL,3,-1.15,NEUTRAL,"Tech 3 | News 0 (, ) | Event caution 0 | Macro -2 | Sector -2 | Analytics -0.15 (D) | Risk LOW/MEDIUM | Analytics: Trend 0, Momentum 2, Volume 0, Liquidity -2 (0.0cr), VolRisk LOW, Sector HOTELS -2",0,0,LOW,,,,,,,0,0,,,0,,0,62.8,MEDIUM,0.13,NEUTRAL,"AI overlay from completed recommendation outcomes; use as probability/risk input, not standalone advice."
BAJAJHFL,2026-09-27,83.14,24326.0,1,NEUTRAL,43.2,-0.0025,16.61,83.8,85.25,,1.95,0.315,26.28,0.95,80.21,88.03,1.67,RSI in swing zone; MACD weak; Bollinger position healthy,UNKNOWN,-2.85,-2.86,-5.12,0.0,2.35,0,0,0,-2,1,LOW,0,,,0,-1,-0.15,1.5,E,"Trend 0, Momentum 0, Volume 0, Liquidity -2 (0.0cr), VolRisk LOW, Sector UNKNOWN 0",1,1,1,NEUTRAL,News 0; event caution 0; risk LOW; type ; confidence ; reason . ,-2,MEDIUM,CAUTIOUS,Nifty 20D return -3.9448571751706463; 60D return -4.281982537022666; Crude 20D change 11.414863871570024; India VIX latest; 20D change 9.84643344748708; USDINR 20D change 0.9026990410958335,-1.0,NEUTRAL,1,-1.15,NEUTRAL,"Tech 1 | News 0 (, ) | Event caution 0 | Macro -2 | Sector 0 | Analytics -0.15 (E) | Risk LOW/MEDIUM | Analytics: Trend 0, Momentum 0, Volume 0, Liquidity -2 (0.0cr), VolRisk LOW, Sector UNKNOWN 0",0,0,LOW,,,,,,,0,0,,,0,,0,66.4,HIGH,0.49,NEUTRAL,"AI overlay from completed recommendation outcomes; use as probability/risk input, not standalone advice."
HUDCO,2026-09-28,168.66,21728.0,1,NEUTRAL,33.68,0.702,17.35,175.68,190.65,,5.66,0.142,9.13,0.81,160.17,182.82,1.67,RSI oversold rebound candidate; MACD bullish,UNKNOWN,-3.58,-10.44,-20.27,0.0,3.36,0,1,0,-2,0,MEDIUM,0,,,0,-2,-0.15,1.5,E,"Trend 0, Momentum 1, Volume 0, Liquidity -2 (0.0cr), VolRisk MEDIUM, Sector UNKNOWN 0",1,1,1,NEUTRAL,News 0; event caution 0; risk LOW; type ; confidence ; reason . ,-2,MEDIUM,CAUTIOUS,Nifty 20D return -3.9448571751706463; 60D return -4.281982537022666; Crude 20D change 11.414863871570024; India VIX latest; 20D change 9.84643344748708; USDINR 20D change 0.9026990410958335,-1.0,NEUTRAL,1,-1.15,NEUTRAL,"Tech 1 | News 0 (, ) | Event caution 0 | Macro -2 | Sector 0 | Analytics -0.15 (E) | Risk LOW/MEDIUM | Analytics: Trend 0, Momentum 1, Volume 0, Liquidity -2 (0.0cr), VolRisk MEDIUM, Sector UNKNOWN 0",0,0,LOW,,,,,,,0,0,,,0,,0,60.4,MEDIUM,-0.11,NEUTRAL,"AI overlay from completed recommendation outcomes; use as probability/risk input, not standalone advice."
PARAS,2026-09-28,1315.0,38818.0,0,NEUTRAL,38.58,-11.075,22.58,1393.82,1391.58,1009.59,59.79,0.167,32.37,0.9,1225.31,1464.48,1.67,MACD weak; Trend strength acceptable; Long-term trend positive,UNKNOWN,-4.4,-7.06,8.98,0.0,4.55,3,0,0,-2,0,MEDIUM,0,,,0,-2,0.85,1.5,E,"Trend 3, Momentum 0, Volume 0, Liquidity -2 (0.0cr), VolRisk MEDIUM, Sector UNKNOWN 0",0,0,0,NEUTRAL,News 0; event caution 0; risk LOW; type ; confidence ; reason . ,-2,MEDIUM,CAUTIOUS,Nifty 20D return -3.9448571751706463; 60D return -4.281982537022666; Crude 20D change 11.414863871570024; India VIX latest; 20D change 9.84643344748708; USDINR 20D change 0.9026990410958335,-2.0,NEUTRAL,0,-1.15,NEUTRAL,"Tech 0 | News 0 (, ) | Event caution 0 | Macro -2 | Sector 0 | Analytics 0.85 (E) | Risk LOW/MEDIUM | Analytics: Trend 3, Momentum 0, Volume 0, Liquidity -2 (0.0cr), VolRisk MEDIUM, Sector UNKNOWN 0",0,0,LOW,,,,,,,0,0,,,0,,0,62.7,MEDIUM,0.12,NEUTRAL,"AI overlay from completed recommendation outcomes; use as probability/risk input, not standalone advice."
ACUTAAS,2026-09-28,3214.4,32752.0,0,NEUTRAL,44.54,-14.5111,13.49,3306.54,3254.03,2837.67,126.91,0.255,13.82,0.76,3024.04,3531.66,1.67,RSI in swing zone; MACD weak; Weak trend; Long-term trend positive; Bollinger position healthy,UNKNOWN,0.02,1.45,-9.37,0.0,3.95,3,0,0,-2,0,MEDIUM,0,,,0,-2,0.85,1.5,E,"Trend 3, Momentum 0, Volume 0, Liquidity -2 (0.0cr), VolRisk MEDIUM, Sector UNKNOWN 0",0,0,0,NEUTRAL,News 0; event caution 0; risk LOW; type ; confidence ; reason . ,-2,MEDIUM,CAUTIOUS,Nifty 20D return -3.9448571751706463; 60D return -4.281982537022666; Crude 20D change 11.414863871570024; India VIX latest; 20D change 9.84643344748708; USDINR 20D change 0.9026990410958335,-2.0,NEUTRAL,0,-1.15,NEUTRAL,"Tech 0 | News 0 (, ) | Event caution 0 | Macro -2 | Sector 0 | Analytics 0.85 (E) | Risk LOW/MEDIUM | Analytics: Trend 3, Momentum 0, Volume 0, Liquidity -2 (0.0cr), VolRisk MEDIUM, Sector UNKNOWN 0",0,0,LOW,,,,,,,0,0,,,0,,0,62.6,MEDIUM,0.11,NEUTRAL,"AI overlay from completed recommendation outcomes; use as probability/risk input, not standalone advice."
BALUFORGE,2026-09-27,506.8,19175.0,1,NEUTRAL,41.99,-12.2608,27.75,570.8,517.12,,31.75,0.198,20.44,0.46,459.18,586.17,1.67,RSI in swing zone; MACD weak; Trend strength acceptable,UNKNOWN,4.87,-8.75,-1.29,0.0,6.26,2,0,-1,-2,-1,HIGH,0,,,0,-3,-0.2,1.0,E,"Trend 2, Momentum 0, Volume -1, Liquidity -2 (0.0cr), VolRisk HIGH, Sector UNKNOWN 0",1,1,1,NEUTRAL,News 0; event caution 0; risk LOW; type ; confidence ; reason . ,-2,MEDIUM,CAUTIOUS,Nifty 20D return -3.9448571751706463; 60D return -4.281982537022666; Crude 20D change 11.414863871570024; India VIX latest; 20D change 9.84643344748708; USDINR 20D change 0.9026990410958335,-1.0,NEUTRAL,1,-1.2,NEUTRAL,"Tech 1 | News 0 (, ) | Event caution 0 | Macro -2 | Sector 0 | Analytics -0.2 (E) | Risk LOW/MEDIUM | Analytics: Trend 2, Momentum 0, Volume -1, Liquidity -2 (0.0cr), VolRisk HIGH, Sector UNKNOWN 0",0,0,LOW,,,,,,,0,0,,,0,,0,63.0,MEDIUM,0.1,NEUTRAL,"AI overlay from completed recommendation outcomes; use as probability/risk input, not standalone advice."
POWERGRID,2026-09-28,261.85,88127.0,3,NEUTRAL,41.04,0.0583,16.38,267.13,268.75,289.57,4.8,0.044,0.0,1.21,254.65,273.86,1.67,RSI in swing zone; MACD bullish; Volume expansion,POWER,-1.54,-1.56,-9.3,0.0,1.83,0,2,1,-2,1,LOW,-3,13.6,-0.99,-2,-1,-0.25,1.25,D,"Trend 0, Momentum 2, Volume 1, Liquidity -2 (0.0cr), VolRisk LOW, Sector POWER -3",3,3,3,NEUTRAL,News 0; event caution 0; risk LOW; type ; confidence ; reason . ,-2,MEDIUM,CAUTIOUS,Nifty 20D return -3.9448571751706463; 60D return -4.281982537022666; Crude 20D change 11.414863871570024; India VIX latest; 20D change 9.84643344748708; USDINR 20D change 0.9026990410958335,-1.0,NEUTRAL,3,-1.25,NEUTRAL,"Tech 3 | News 0 (, ) | Event caution 0 | Macro -2 | Sector -2 | Analytics -0.25 (D) | Risk LOW/MEDIUM | Analytics: Trend 0, Momentum 2, Volume 1, Liquidity -2 (0.0cr), VolRisk LOW, Sector POWER -3",0,0,LOW,,,,,,,0,0,,,0,,0,66.8,HIGH,0.43,NEUTRAL,"AI overlay from completed recommendation outcomes; use as probability/risk input, not standalone advice."
FORTIS,2026-09-28,830.75,58782.0,-1,NEUTRAL,25.26,-5.3536,18.27,886.38,910.53,915.44,23.03,-0.048,14.75,1.72,796.2,888.34,1.67,RSI oversold rebound candidate; MACD weak; Volume expansion,HEALTHCARE,-7.34,-9.21,-14.33,0.0,2.77,0,-2,1,-2,0,MEDIUM,2,50.0,5.77,2,-2,-0.25,1.5,E,"Trend 0, Momentum -2, Volume 1, Liquidity -2 (0.0cr), VolRisk MEDIUM, Sector HEALTHCARE 2",-1,-1,-1,NEUTRAL,News 0; event caution 0; risk LOW; type ; confidence ; reason . ,-2,MEDIUM,CAUTIOUS,Nifty 20D return -3.9448571751706463; 60D return -4.281982537022666; Crude 20D change 11.414863871570024; India VIX latest; 20D change 9.84643344748708; USDINR 20D change 0.9026990410958335,-1.0,NEUTRAL,-1,-1.25,NEUTRAL,"Tech -1 | News 0 (, ) | Event caution 0 | Macro -2 | Sector 2 | Analytics -0.25 (E) | Risk LOW/MEDIUM | Analytics: Trend 0, Momentum -2, Volume 1, Liquidity -2 (0.0cr), VolRisk MEDIUM, Sector HEALTHCARE 2",0,0,LOW,,,,,,,0,0,,,0,,0,68.6,HIGH,0.61,NEUTRAL,"AI overlay from completed recommendation outcomes; use as probability/risk input, not standalone advice."
BALAMINES,2026-09-27,2189.6,20135.0,0,NEUTRAL,45.93,-33.7243,17.51,2301.7,2241.63,,137.53,0.331,19.79,0.63,1983.3,2533.43,1.67,RSI in swing zone; MACD weak; Bollinger position healthy,UNKNOWN,3.98,8.12,28.33,0.0,6.28,2,2,0,-2,-1,HIGH,0,,,0,-3,0.75,1.0,E,"Trend 2, Momentum 2, Volume 0, Liquidity -2 (0.0cr), VolRisk HIGH, Sector UNKNOWN 0",0,0,0,NEUTRAL,News 0; event caution 0; risk LOW; type ; confidence ; reason . ,-2,MEDIUM,CAUTIOUS,Nifty 20D return -3.9448571751706463; 60D return -4.281982537022666; Crude 20D change 11.414863871570024; India VIX latest; 20D change 9.84643344748708; USDINR 20D change 0.9026990410958335,-2.0,NEUTRAL,0,-1.25,NEUTRAL,"Tech 0 | News 0 (, ) | Event caution 0 | Macro -2 | Sector 0 | Analytics 0.75 (E) | Risk LOW/MEDIUM | Analytics: Trend 2, Momentum 2, Volume 0, Liquidity -2 (0.0cr), VolRisk HIGH, Sector UNKNOWN 0",0,0,LOW,,,,,,,0,0,,,0,,0,61.1,MEDIUM,-0.14,NEUTRAL,"AI overlay from completed recommendation outcomes; use as probability/risk input, not standalone advice."
JINDALSTEL,2026-09-28,1139.6,20929.0,3,NEUTRAL,51.17,-0.1885,21.87,1144.84,1116.42,1153.19,31.8,0.437,63.06,0.74,1091.9,1219.1,1.67,RSI in swing zone; MACD weak; Above SMA50; Bollinger position healthy,METALS,1.8,-2.6,8.12,0.0,2.79,2,1,0,-2,0,MEDIUM,-3,30.0,-0.68,-2,-2,-0.3,1.25,D,"Trend 2, Momentum 1, Volume 0, Liquidity -2 (0.0cr), VolRisk MEDIUM, Sector METALS -3",3,3,3,NEUTRAL,News 0; event caution 0; risk LOW; type ; confidence ; reason . ,-2,MEDIUM,CAUTIOUS,Nifty 20D return -3.9448571751706463; 60D return -4.281982537022666; Crude 20D change 11.414863871570024; India VIX latest; 20D change 9.84643344748708; USDINR 20D change 0.9026990410958335,-1.0,NEUTRAL,3,-1.3,NEUTRAL,"Tech 3 | News 0 (, ) | Event caution 0 | Macro -2 | Sector -2 | Analytics -0.3 (D) | Risk LOW/MEDIUM | Analytics: Trend 2, Momentum 1, Volume 0, Liquidity -2 (0.0cr), VolRisk MEDIUM, Sector METALS -3",0,0,LOW,,,,,,,0,0,,,0,,0,63.0,MEDIUM,-0.0,NEUTRAL,"AI overlay from completed recommendation outcomes; use as probability/risk input, not standalone advice."
MIDHANI,2026-09-28,416.0,28041.0,1,NEUTRAL,46.4,-3.0917,17.57,429.98,428.43,,22.88,0.342,30.07,0.38,381.68,473.2,1.67,RSI in swing zone; MACD weak; Bollinger position healthy,UNKNOWN,4.2,-4.2,1.95,0.0,5.5,1,1,-1,-2,-1,HIGH,0,,,0,-3,-0.3,1.0,E,"Trend 1, Momentum 1, Volume -1, Liquidity -2 (0.0cr), VolRisk HIGH, Sector UNKNOWN 0",1,1,1,NEUTRAL,News 0; event caution 0; risk LOW; type ; confidence ; reason . ,-2,MEDIUM,CAUTIOUS,Nifty 20D return -3.9448571751706463; 60D return -4.281982537022666; Crude 20D change 11.414863871570024; India VIX latest; 20D change 9.84643344748708; USDINR 20D change 0.9026990410958335,-1.0,NEUTRAL,1,-1.3,NEUTRAL,"Tech 1 | News 0 (, ) | Event caution 0 | Macro -2 | Sector 0 | Analytics -0.3 (E) | Risk LOW/MEDIUM | Analytics: Trend 1, Momentum 1, Volume -1, Liquidity -2 (0.0cr), VolRisk HIGH, Sector UNKNOWN 0",0,0,LOW,,,,,,,0,0,,,0,,0,64.3,MEDIUM,0.13,NEUTRAL,"AI overlay from completed recommendation outcomes; use as probability/risk input, not standalone advice."
VOLTAS,2026-09-28,1135.5,30941.0,3,NEUTRAL,39.88,0.6691,32.87,1158.7,1242.92,1334.62,32.18,0.307,45.2,1.07,1087.23,1215.95,1.67,MACD bullish; Trend strength acceptable; Bollinger position healthy,CONSUMER_DURABLES,0.04,-6.7,-12.81,0.0,2.83,1,2,0,-2,0,MEDIUM,-3,25.0,-1.3,-2,-2,-0.4,1.25,D,"Trend 1, Momentum 2, Volume 0, Liquidity -2 (0.0cr), VolRisk MEDIUM, Sector CONSUMER_DURABLES -3",3,3,3,NEUTRAL,News 0; event caution 0; risk LOW; type ; confidence ; reason . ,-2,MEDIUM,CAUTIOUS,Nifty 20D return -3.9448571751706463; 60D return -4.281982537022666; Crude 20D change 11.414863871570024; India VIX latest; 20D change 9.84643344748708; USDINR 20D change 0.9026990410958335,-1.0,NEUTRAL,3,-1.4,NEUTRAL,"Tech 3 | News 0 (, ) | Event caution 0 | Macro -2 | Sector -2 | Analytics -0.4 (D) | Risk LOW/MEDIUM | Analytics: Trend 1, Momentum 2, Volume 0, Liquidity -2 (0.0cr), VolRisk MEDIUM, Sector CONSUMER_DURABLES -3",0,0,LOW,,,,,,,0,0,,,0,,0,62.0,MEDIUM,-0.2,NEUTRAL,"AI overlay from completed recommendation outcomes; use as probability/risk input, not standalone advice."
PREMIERENE,2026-09-28,906.0,24806.0,1,NEUTRAL,34.47,-3.1527,46.35,953.21,1003.37,942.26,29.64,0.247,23.84,0.73,861.54,980.1,1.67,RSI oversold rebound candidate; MACD weak; Trend strength acceptable; Bollinger position healthy,UNKNOWN,0.44,-10.64,-13.72,0.0,3.27,1,-1,0,-2,0,MEDIUM,0,,,0,-2,-0.4,1.5,E,"Trend 1, Momentum -1, Volume 0, Liquidity -2 (0.0cr), VolRisk MEDIUM, Sector UNKNOWN 0",1,1,1,NEUTRAL,News 0; event caution 0; risk LOW; type ; confidence ; reason . ,-2,MEDIUM,CAUTIOUS,Nifty 20D return -3.9448571751706463; 60D return -4.281982537022666; Crude 20D change 11.414863871570024; India VIX latest; 20D change 9.84643344748708; USDINR 20D change 0.9026990410958335,-1.0,NEUTRAL,1,-1.4,NEUTRAL,"Tech 1 | News 0 (, ) | Event caution 0 | Macro -2 | Sector 0 | Analytics -0.4 (E) | Risk LOW/MEDIUM | Analytics: Trend 1, Momentum -1, Volume 0, Liquidity -2 (0.0cr), VolRisk MEDIUM, Sector UNKNOWN 0",0,0,LOW,,,,,,,0,0,,,0,,0,64.0,MEDIUM,0.0,NEUTRAL,"AI overlay from completed recommendation outcomes; use as probability/risk input, not standalone advice."
NIFTYIETF,2026-09-15,263.36,32580.0,0,NEUTRAL,41.47,-0.1723,18.85,270.34,269.94,,6.34,0.134,15.98,1.35,253.85,279.21,1.67,RSI in swing zone; MACD weak; Volume expansion,UNKNOWN,-3.94,-2.95,,0.0,2.41,1,0,1,-2,1,LOW,0,,,0,-1,0.55,1.5,E,"Trend 1, Momentum 0, Volume 1, Liquidity -2 (0.0cr), VolRisk LOW, Sector UNKNOWN 0",0,0,0,NEUTRAL,News 0; event caution 0; risk LOW; type ; confidence ; reason . ,-2,MEDIUM,CAUTIOUS,Nifty 20D return -3.9448571751706463; 60D return -4.281982537022666; Crude 20D change 11.414863871570024; India VIX latest; 20D change 9.84643344748708; USDINR 20D change 0.9026990410958335,-2.0,NEUTRAL,0,-1.45,NEUTRAL,"Tech 0 | News 0 (, ) | Event caution 0 | Macro -2 | Sector 0 | Analytics 0.55 (E) | Risk LOW/MEDIUM | Analytics: Trend 1, Momentum 0, Volume 1, Liquidity -2 (0.0cr), VolRisk LOW, Sector UNKNOWN 0",0,0,LOW,,,,,,,0,0,,,0,,0,62.8,MEDIUM,-0.17,NEUTRAL,"AI overlay from completed recommendation outcomes; use as probability/risk input, not standalone advice."
TITAGARH,2026-09-28,818.65,33162.0,1,NEUTRAL,42.17,-2.92,15.32,845.22,861.47,,31.02,0.222,25.31,0.93,772.12,896.2,1.67,RSI in swing zone; MACD weak; Bollinger position healthy,UNKNOWN,0.68,-2.7,-0.91,0.0,3.79,0,0,0,-2,0,MEDIUM,0,,,0,-2,-0.5,1.5,E,"Trend 0, Momentum 0, Volume 0, Liquidity -2 (0.0cr), VolRisk MEDIUM, Sector UNKNOWN 0",1,1,1,NEUTRAL,News 0; event caution 0; risk LOW; type ; confidence ; reason . ,-2,MEDIUM,CAUTIOUS,Nifty 20D return -3.9448571751706463; 60D return -4.281982537022666; Crude 20D change 11.414863871570024; India VIX latest; 20D change 9.84643344748708; USDINR 20D change 0.9026990410958335,-1.0,NEUTRAL,1,-1.5,NEUTRAL,"Tech 1 | News 0 (, ) | Event caution 0 | Macro -2 | Sector 0 | Analytics -0.5 (E) | Risk LOW/MEDIUM | Analytics: Trend 0, Momentum 0, Volume 0, Liquidity -2 (0.0cr), VolRisk MEDIUM, Sector UNKNOWN 0",0,0,LOW,,,,,,,0,0,,,0,,0,63.9,MEDIUM,-0.11,NEUTRAL,"AI overlay from completed recommendation outcomes; use as probability/risk input, not standalone advice."
GODFRYPHLP,2026-09-20,2018.0,26408.0,1,NEUTRAL,41.0,-20.9626,19.77,2138.42,2189.02,,84.22,0.272,22.11,0.82,1891.67,2228.54,1.67,RSI in swing zone; MACD weak; Bollinger position healthy,UNKNOWN,-6.28,-0.65,-16.78,0.0,4.17,0,0,0,-2,0,MEDIUM,0,,,0,-2,-0.5,1.5,E,"Trend 0, Momentum 0, Volume 0, Liquidity -2 (0.0cr), VolRisk MEDIUM, Sector UNKNOWN 0",1,1,1,NEUTRAL,News 0; event caution 0; risk LOW; type ; confidence ; reason . ,-2,MEDIUM,CAUTIOUS,Nifty 20D return -3.9448571751706463; 60D return -4.281982537022666; Crude 20D change 11.414863871570024; India VIX latest; 20D change 9.84643344748708; USDINR 20D change 0.9026990410958335,-1.0,NEUTRAL,1,-1.5,NEUTRAL,"Tech 1 | News 0 (, ) | Event caution 0 | Macro -2 | Sector 0 | Analytics -0.5 (E) | Risk LOW/MEDIUM | Analytics: Trend 0, Momentum 0, Volume 0, Liquidity -2 (0.0cr), VolRisk MEDIUM, Sector UNKNOWN 0",0,0,LOW,,,,,,,0,0,,,0,,0,60.7,MEDIUM,-0.43,NEUTRAL,"AI overlay from completed recommendation outcomes; use as probability/risk input, not standalone advice."
TARIL,2026-09-23,289.0,25962.0,1,NEUTRAL,43.52,-0.695,18.61,294.19,317.76,,12.71,0.378,33.89,0.71,269.94,320.77,1.67,RSI in swing zone; MACD weak; Bollinger position healthy,UNKNOWN,0.17,-4.46,-10.0,0.0,4.4,0,0,0,-2,0,MEDIUM,0,,,0,-2,-0.5,1.5,E,"Trend 0, Momentum 0, Volume 0, Liquidity -2 (0.0cr), VolRisk MEDIUM, Sector UNKNOWN 0",1,1,1,NEUTRAL,News 0; event caution 0; risk LOW; type ; confidence ; reason . ,-2,MEDIUM,CAUTIOUS,Nifty 20D return -3.9448571751706463; 60D return -4.281982537022666; Crude 20D change 11.414863871570024; India VIX latest; 20D change 9.84643344748708; USDINR 20D change 0.9026990410958335,-1.0,NEUTRAL,1,-1.5,NEUTRAL,"Tech 1 | News 0 (, ) | Event caution 0 | Macro -2 | Sector 0 | Analytics -0.5 (E) | Risk LOW/MEDIUM | Analytics: Trend 0, Momentum 0, Volume 0, Liquidity -2 (0.0cr), VolRisk MEDIUM, Sector UNKNOWN 0",0,0,LOW,,,,,,,0,0,,,0,,0,62.4,MEDIUM,-0.26,NEUTRAL,"AI overlay from completed recommendation outcomes; use as probability/risk input, not standalone advice."
IFCI,2026-09-28,70.55,93563.0,1,NEUTRAL,34.27,-1.0833,22.57,81.15,81.61,69.19,4.48,0.204,1.57,0.34,63.84,81.74,1.67,RSI oversold rebound candidate; MACD weak; Trend strength acceptable; Long-term trend positive; Bollinger position healthy,UNKNOWN,-7.1,-30.41,-3.53,0.01,6.34,2,-1,-1,-2,-1,HIGH,0,,,0,-3,-0.55,1.0,E,"Trend 2, Momentum -1, Volume -1, Liquidity -2 (0.01cr), VolRisk HIGH, Sector UNKNOWN 0",1,1,1,NEUTRAL,News 0; event caution 0; risk LOW; type ; confidence ; reason . ,-2,MEDIUM,CAUTIOUS,Nifty 20D return -3.9448571751706463; 60D return -4.281982537022666; Crude 20D change 11.414863871570024; India VIX latest; 20D change 9.84643344748708; USDINR 20D change 0.9026990410958335,-1.0,NEUTRAL,1,-1.55,NEUTRAL,"Tech 1 | News 0 (, ) | Event caution 0 | Macro -2 | Sector 0 | Analytics -0.55 (E) | Risk LOW/MEDIUM | Analytics: Trend 2, Momentum -1, Volume -1, Liquidity -2 (0.01cr), VolRisk HIGH, Sector UNKNOWN 0",0,0,LOW,,,,,,,0,0,,,0,,0,66.3,HIGH,0.08,NEUTRAL,"AI overlay from completed recommendation outcomes; use as probability/risk input, not standalone advice."
TVSMOTOR,2026-09-28,4095.0,41994.0,6,WATCH,42.52,3.6483,23.03,4125.19,4261.84,3764.58,93.69,0.293,45.12,0.94,3954.47,4329.22,1.67,RSI in swing zone; MACD bullish; Trend strength acceptable; Long-term trend positive; Bollinger position healthy,AUTO,-1.09,-0.92,14.06,0.0,2.29,2,2,0,-2,1,LOW,-3,12.5,-1.38,-3,-1,0.4,1.25,C,"Trend 2, Momentum 2, Volume 0, Liquidity -2 (0.0cr), VolRisk LOW, Sector AUTO -3",3,3,3,NEUTRAL,News -3; event caution 0; risk HIGH; type REGULATORY_RISK; confidence HIGH; reason Regulatory/legal/credit risk event.. Negative catalyst: Suspension of Trading,-2,MEDIUM,CAUTIOUS,Nifty 20D return -3.9448571751706463; 60D return -4.281982537022666; Crude 20D change 11.414863871570024; India VIX latest; 20D change 9.84643344748708; USDINR 20D change 0.9026990410958335,-2.0,NEUTRAL,6,-1.6,AVOID_EVENT_RISK,"Tech 6 | News -3 (REGULATORY_RISK, HIGH) | Event caution 0 | Macro -2 | Sector -3 | Analytics 0.4 (C) | Risk HIGH/MEDIUM | Negative catalyst: Suspension of Trading | Analytics: Trend 2, Momentum 2, Volume 0, Liquidity -2 (0.0cr), VolRisk LOW, Sector AUTO -3 | News logic: Regulatory/legal/credit risk event.",-3,0,HIGH,Negative catalyst: Suspension of Trading,,Suspension of Trading,Negative catalyst: Suspension of Trading,NSE Corporate Announcements,-,1,0,REGULATORY_RISK,HIGH,3,Regulatory/legal/credit risk event.,-1,51.2,LOW,-1.48,AVOID_EVENT_RISK,"AI overlay from completed recommendation outcomes; use as probability/risk input, not standalone advice."
BECTORFOOD,2026-09-22,217.81,26455.0,0,NEUTRAL,40.05,-2.9792,23.95,232.29,224.74,,10.62,0.166,10.75,0.92,201.88,244.35,1.67,RSI in swing zone; MACD weak; Trend strength acceptable,UNKNOWN,-1.07,-15.58,20.88,0.0,4.87,2,0,0,-2,0,MEDIUM,0,,,0,-2,0.4,1.5,E,"Trend 2, Momentum 0, Volume 0, Liquidity -2 (0.0cr), VolRisk MEDIUM, Sector UNKNOWN 0",0,0,0,NEUTRAL,News 0; event caution 0; risk LOW; type ; confidence ; reason . ,-2,MEDIUM,CAUTIOUS,Nifty 20D return -3.9448571751706463; 60D return -4.281982537022666; Crude 20D change 11.414863871570024; India VIX latest; 20D change 9.84643344748708; USDINR 20D change 0.9026990410958335,-2.0,NEUTRAL,0,-1.6,NEUTRAL,"Tech 0 | News 0 (, ) | Event caution 0 | Macro -2 | Sector 0 | Analytics 0.4 (E) | Risk LOW/MEDIUM | Analytics: Trend 2, Momentum 0, Volume 0, Liquidity -2 (0.0cr), VolRisk MEDIUM, Sector UNKNOWN 0",0,0,LOW,,,,,,,0,0,,,0,,0,63.2,MEDIUM,-0.28,NEUTRAL,"AI overlay from completed recommendation outcomes; use as probability/risk input, not standalone advice."
SIEMENS,2026-09-24,3841.8,21091.0,3,NEUTRAL,44.83,-26.5102,20.25,3952.29,3829.1,,108.13,0.221,24.5,0.62,3679.6,4112.13,1.67,RSI in swing zone; MACD weak; Above SMA50; Bollinger position healthy,CAPITAL_GOODS,1.9,-3.64,1.96,0.0,2.81,2,0,0,-2,0,MEDIUM,-3,0.0,-0.4,-2,-2,-0.65,1.25,D,"Trend 2, Momentum 0, Volume 0, Liquidity -2 (0.0cr), VolRisk MEDIUM, Sector CAPITAL_GOODS -3",3,3,3,NEUTRAL,News 0; event caution 0; risk LOW; type ; confidence ; reason . ,-2,MEDIUM,CAUTIOUS,Nifty 20D return -3.9448571751706463; 60D return -4.281982537022666; Crude 20D change 11.414863871570024; India VIX latest; 20D change 9.84643344748708; USDINR 20D change 0.9026990410958335,-1.0,NEUTRAL,3,-1.65,NEUTRAL,"Tech 3 | News 0 (, ) | Event caution 0 | Macro -2 | Sector -2 | Analytics -0.65 (D) | Risk LOW/MEDIUM | Analytics: Trend 2, Momentum 0, Volume 0, Liquidity -2 (0.0cr), VolRisk MEDIUM, Sector CAPITAL_GOODS -3",0,0,LOW,,,,,,,0,0,,,0,,0,65.7,HIGH,-0.08,NEUTRAL,"AI overlay from completed recommendation outcomes; use as probability/risk input, not standalone advice."
AADHARHFC,2026-09-20,461.65,35941.0,0,NEUTRAL,34.22,-7.6013,26.9,509.34,494.92,,20.07,0.137,9.21,1.3,431.55,511.81,1.67,RSI oversold rebound candidate; MACD weak; Trend strength acceptable; Volume expansion,UNKNOWN,-5.28,-10.84,-3.18,0.0,4.35,2,-1,1,-2,0,MEDIUM,0,,,0,-2,0.3,1.5,E,"Trend 2, Momentum -1, Volume 1, Liquidity -2 (0.0cr), VolRisk MEDIUM, Sector UNKNOWN 0",0,0,0,NEUTRAL,News 0; event caution 0; risk LOW; type ; confidence ; reason . ,-2,MEDIUM,CAUTIOUS,Nifty 20D return -3.9448571751706463; 60D return -4.281982537022666; Crude 20D change 11.414863871570024; India VIX latest; 20D change 9.84643344748708; USDINR 20D change 0.9026990410958335,-2.0,NEUTRAL,0,-1.7,NEUTRAL,"Tech 0 | News 0 (, ) | Event caution 0 | Macro -2 | Sector 0 | Analytics 0.3 (E) | Risk LOW/MEDIUM | Analytics: Trend 2, Momentum -1, Volume 1, Liquidity -2 (0.0cr), VolRisk MEDIUM, Sector UNKNOWN 0",0,0,LOW,,,,,,,0,0,,,0,,0,63.0,MEDIUM,-0.4,NEUTRAL,"AI overlay from completed recommendation outcomes; use as probability/risk input, not standalone advice."
ASTRAL,2026-09-27,1399.0,23783.0,0,NEUTRAL,37.29,-3.0838,24.31,1437.12,1470.33,1521.48,31.85,0.287,28.95,0.7,1351.22,1478.63,1.67,MACD weak; Trend strength acceptable; Bollinger position healthy,UNKNOWN,-2.01,-7.17,2.91,0.0,2.28,1,0,0,-2,1,LOW,0,,,0,-1,0.3,1.5,E,"Trend 1, Momentum 0, Volume 0, Liquidity -2 (0.0cr), VolRisk LOW, Sector UNKNOWN 0",0,0,0,NEUTRAL,News 0; event caution 0; risk LOW; type ; confidence ; reason . ,-2,MEDIUM,CAUTIOUS,Nifty 20D return -3.9448571751706463; 60D return -4.281982537022666; Crude 20D change 11.414863871570024; India VIX latest; 20D change 9.84643344748708; USDINR 20D change 0.9026990410958335,-2.0,NEUTRAL,0,-1.7,NEUTRAL,"Tech 0 | News 0 (, ) | Event caution 0 | Macro -2 | Sector 0 | Analytics 0.3 (E) | Risk LOW/MEDIUM | Analytics: Trend 1, Momentum 0, Volume 0, Liquidity -2 (0.0cr), VolRisk LOW, Sector UNKNOWN 0",0,0,LOW,,,,,,,0,0,,,0,,0,62.3,MEDIUM,-0.47,NEUTRAL,"AI overlay from completed recommendation outcomes; use as probability/risk input, not standalone advice."
TDPOWERSYS,2026-09-28,722.0,83275.0,3,NEUTRAL,36.43,14.8961,27.37,754.15,986.45,1043.05,46.89,0.218,30.53,0.92,651.66,839.23,1.67,MACD bullish; Trend strength acceptable; Bollinger position healthy,POWER,-4.55,-2.45,-36.73,0.0,6.49,1,2,0,-2,-1,HIGH,-3,13.6,-0.99,-2,-3,-0.75,0.75,D,"Trend 1, Momentum 2, Volume 0, Liquidity -2 (0.0cr), VolRisk HIGH, Sector POWER -3",3,3,3,NEUTRAL,News 0; event caution 0; risk LOW; type ; confidence ; reason . ,-2,MEDIUM,CAUTIOUS,Nifty 20D return -3.9448571751706463; 60D return -4.281982537022666; Crude 20D change 11.414863871570024; India VIX latest; 20D change 9.84643344748708; USDINR 20D change 0.9026990410958335,-1.0,NEUTRAL,3,-1.75,NEUTRAL,"Tech 3 | News 0 (, ) | Event caution 0 | Macro -2 | Sector -2 | Analytics -0.75 (D) | Risk LOW/MEDIUM | Analytics: Trend 1, Momentum 2, Volume 0, Liquidity -2 (0.0cr), VolRisk HIGH, Sector POWER -3",0,0,LOW,,,,,,,0,0,,,0,,0,60.6,MEDIUM,-0.69,NEUTRAL,"AI overlay from completed recommendation outcomes; use as probability/risk input, not standalone advice."
BRITANNIA,2026-09-28,4915.0,23163.0,3,NEUTRAL,27.46,1.0521,46.44,5053.07,5299.2,5536.19,88.54,0.203,15.78,0.91,4782.19,5136.36,1.67,RSI oversold rebound candidate; MACD bullish; Trend strength acceptable; Bollinger position healthy,FMCG,-1.69,-7.23,-6.59,0.0,1.8,1,0,0,-2,1,LOW,-3,33.3,-0.2,-2,-1,-0.75,1.25,D,"Trend 1, Momentum 0, Volume 0, Liquidity -2 (0.0cr), VolRisk LOW, Sector FMCG -3",3,3,3,NEUTRAL,News 0; event caution 0; risk LOW; type ; confidence ; reason . ,-2,MEDIUM,CAUTIOUS,Nifty 20D return -3.9448571751706463; 60D return -4.281982537022666; Crude 20D change 11.414863871570024; India VIX latest; 20D change 9.84643344748708; USDINR 20D change 0.9026990410958335,-1.0,NEUTRAL,3,-1.75,NEUTRAL,"Tech 3 | News 0 (, ) | Event caution 0 | Macro -2 | Sector -2 | Analytics -0.75 (D) | Risk LOW/MEDIUM | Analytics: Trend 1, Momentum 0, Volume 0, Liquidity -2 (0.0cr), VolRisk LOW, Sector FMCG -3",0,0,LOW,,,,,,,0,0,,,0,,0,73.4,HIGH,0.59,NEUTRAL,"AI overlay from completed recommendation outcomes; use as probability/risk input, not standalone advice."
RELIANCE,2026-09-28,1197.6,256154.0,0,NEUTRAL,30.21,-2.8255,40.53,1251.42,1286.74,1337.12,20.3,0.071,0.85,1.28,1167.15,1248.35,1.67,RSI oversold rebound candidate; MACD weak; Trend strength acceptable; Volume expansion,ENERGY,-3.45,-9.41,-9.49,0.01,1.7,1,-1,1,-2,1,LOW,0,,,0,-1,0.2,1.5,E,"Trend 1, Momentum -1, Volume 1, Liquidity -2 (0.01cr), VolRisk LOW, Sector ENERGY 0",0,0,0,NEUTRAL,News 0; event caution 0; risk LOW; type ; confidence ; reason . ,-2,MEDIUM,CAUTIOUS,Nifty 20D return -3.9448571751706463; 60D return -4.281982537022666; Crude 20D change 11.414863871570024; India VIX latest; 20D change 9.84643344748708; USDINR 20D change 0.9026990410958335,-2.0,NEUTRAL,0,-1.8,NEUTRAL,"Tech 0 | News 0 (, ) | Event caution 0 | Macro -2 | Sector 0 | Analytics 0.2 (E) | Risk LOW/MEDIUM | Analytics: Trend 1, Momentum -1, Volume 1, Liquidity -2 (0.01cr), VolRisk LOW, Sector ENERGY 0",0,0,LOW,,,,,,,0,0,,,0,,0,62.6,MEDIUM,-0.54,NEUTRAL,"AI overlay from completed recommendation outcomes; use as probability/risk input, not standalone advice."
PACEDIGITK,2026-09-22,167.74,195800.0,0,NEUTRAL,30.64,-5.5358,27.08,203.14,188.15,,11.67,-0.146,4.29,4.35,150.23,196.92,1.67,RSI oversold rebound candidate; MACD weak; Trend strength acceptable; Volume expansion,UNKNOWN,-22.41,-18.6,,0.0,6.96,2,-1,2,-2,-1,HIGH,0,,,0,-3,0.2,1.0,E,"Trend 2, Momentum -1, Volume 2, Liquidity -2 (0.0cr), VolRisk HIGH, Sector UNKNOWN 0",0,0,0,NEUTRAL,News 0; event caution 0; risk LOW; type ; confidence ; reason . ,-2,MEDIUM,CAUTIOUS,Nifty 20D return -3.9448571751706463; 60D return -4.281982537022666; Crude 20D change 11.414863871570024; India VIX latest; 20D change 9.84643344748708; USDINR 20D change 0.9026990410958335,-2.0,NEUTRAL,0,-1.8,NEUTRAL,"Tech 0 | News 0 (, ) | Event caution 0 | Macro -2 | Sector 0 | Analytics 0.2 (E) | Risk LOW/MEDIUM | Analytics: Trend 2, Momentum -1, Volume 2, Liquidity -2 (0.0cr), VolRisk HIGH, Sector UNKNOWN 0",0,0,LOW,,,,,,,0,0,,,0,,0,62.0,MEDIUM,-0.6,NEUTRAL,"AI overlay from completed recommendation outcomes; use as probability/risk input, not standalone advice."
CUMMINSIND,2026-09-28,4855.0,51552.0,0,NEUTRAL,34.45,-4.5144,24.48,5024.65,5198.75,5181.68,119.7,-0.006,10.54,1.52,4675.46,5154.24,1.67,RSI oversold rebound candidate; MACD weak; Trend strength acceptable; Volume expansion,UNKNOWN,-4.18,-4.26,-10.88,0.0,2.47,1,-1,1,-2,1,LOW,0,,,0,-1,0.2,1.5,E,"Trend 1, Momentum -1, Volume 1, Liquidity -2 (0.0cr), VolRisk LOW, Sector UNKNOWN 0",0,0,0,NEUTRAL,News 0; event caution 0; risk LOW; type ; confidence ; reason . ,-2,MEDIUM,CAUTIOUS,Nifty 20D return -3.9448571751706463; 60D return -4.281982537022666; Crude 20D change 11.414863871570024; India VIX latest; 20D change 9.84643344748708; USDINR 20D change 0.9026990410958335,-2.0,NEUTRAL,0,-1.8,NEUTRAL,"Tech 0 | News 0 (, ) | Event caution 0 | Macro -2 | Sector 0 | Analytics 0.2 (E) | Risk LOW/MEDIUM | Analytics: Trend 1, Momentum -1, Volume 1, Liquidity -2 (0.0cr), VolRisk LOW, Sector UNKNOWN 0",0,0,LOW,,,,,,,0,0,,,0,,0,64.2,MEDIUM,-0.38,NEUTRAL,"AI overlay from completed recommendation outcomes; use as probability/risk input, not standalone advice."
SONATSOFTW,2026-09-16,276.9,37369.0,1,NEUTRAL,42.84,-3.4072,20.13,297.76,300.22,,16.77,0.286,30.15,1.17,251.75,318.82,1.67,RSI in swing zone; MACD weak; Bollinger position healthy,UNKNOWN,6.46,-20.95,8.58,0.0,6.06,0,0,0,-2,-1,HIGH,0,,,0,-3,-0.85,1.0,E,"Trend 0, Momentum 0, Volume 0, Liquidity -2 (0.0cr), VolRisk HIGH, Sector UNKNOWN 0",1,1,1,NEUTRAL,News 0; event caution 0; risk LOW; type ; confidence ; reason . ,-2,MEDIUM,CAUTIOUS,Nifty 20D return -3.9448571751706463; 60D return -4.281982537022666; Crude 20D change 11.414863871570024; India VIX latest; 20D change 9.84643344748708; USDINR 20D change 0.9026990410958335,-1.0,NEUTRAL,1,-1.85,NEUTRAL,"Tech 1 | News 0 (, ) | Event caution 0 | Macro -2 | Sector 0 | Analytics -0.85 (E) | Risk LOW/MEDIUM | Analytics: Trend 0, Momentum 0, Volume 0, Liquidity -2 (0.0cr), VolRisk HIGH, Sector UNKNOWN 0",0,0,LOW,,,,,,,0,0,,,0,,0,62.5,MEDIUM,-0.6,NEUTRAL,"AI overlay from completed recommendation outcomes; use as probability/risk input, not standalone advice."
NSLNISP,2026-09-28,41.78,26355.0,1,NEUTRAL,41.4,-0.1404,18.21,44.2,45.55,,2.49,0.265,24.55,0.62,38.05,48.0,1.67,RSI in swing zone; MACD weak; Bollinger position healthy,UNKNOWN,-8.4,-6.03,3.57,0.0,5.95,0,0,0,-2,-1,HIGH,0,,,0,-3,-0.85,1.0,E,"Trend 0, Momentum 0, Volume 0, Liquidity -2 (0.0cr), VolRisk HIGH, Sector UNKNOWN 0",1,1,1,NEUTRAL,News 0; event caution 0; risk LOW; type ; confidence ; reason . ,-2,MEDIUM,CAUTIOUS,Nifty 20D return -3.9448571751706463; 60D return -4.281982537022666; Crude 20D change 11.414863871570024; India VIX latest; 20D change 9.84643344748708; USDINR 20D change 0.9026990410958335,-1.0,NEUTRAL,1,-1.85,NEUTRAL,"Tech 1 | News 0 (, ) | Event caution 0 | Macro -2 | Sector 0 | Analytics -0.85 (E) | Risk LOW/MEDIUM | Analytics: Trend 0, Momentum 0, Volume 0, Liquidity -2 (0.0cr), VolRisk HIGH, Sector UNKNOWN 0",0,0,LOW,,,,,,,0,0,,,0,,0,65.0,MEDIUM,-0.35,NEUTRAL,"AI overlay from completed recommendation outcomes; use as probability/risk input, not standalone advice."
EMMVEE,2026-09-28,315.55,29318.0,0,NEUTRAL,40.3,-2.0851,15.19,330.67,325.66,283.02,12.64,0.109,11.4,0.57,296.58,347.16,1.67,RSI in swing zone; MACD weak; Long-term trend positive,UNKNOWN,-7.12,-2.97,-13.63,0.0,4.01,2,0,-1,-2,0,MEDIUM,0,,,0,-2,0.15,1.5,E,"Trend 2, Momentum 0, Volume -1, Liquidity -2 (0.0cr), VolRisk MEDIUM, Sector UNKNOWN 0",0,0,0,NEUTRAL,News 0; event caution 0; risk LOW; type ; confidence ; reason . ,-2,MEDIUM,CAUTIOUS,Nifty 20D return -3.9448571751706463; 60D return -4.281982537022666; Crude 20D change 11.414863871570024; India VIX latest; 20D change 9.84643344748708; USDINR 20D change 0.9026990410958335,-2.0,NEUTRAL,0,-1.85,NEUTRAL,"Tech 0 | News 0 (, ) | Event caution 0 | Macro -2 | Sector 0 | Analytics 0.15 (E) | Risk LOW/MEDIUM | Analytics: Trend 2, Momentum 0, Volume -1, Liquidity -2 (0.0cr), VolRisk MEDIUM, Sector UNKNOWN 0",0,0,LOW,,,,,,,0,0,,,0,,0,63.7,MEDIUM,-0.48,NEUTRAL,"AI overlay from completed recommendation outcomes; use as probability/risk input, not standalone advice."
SKIPPER,2026-09-24,552.35,23489.0,0,NEUTRAL,48.99,-1.6385,13.36,563.63,554.02,,30.42,0.383,37.91,0.42,506.72,628.4,1.67,RSI in swing zone; MACD weak; Weak trend; Bollinger position healthy,UNKNOWN,3.72,0.57,22.3,0.0,5.51,2,1,-1,-2,-1,HIGH,0,,,0,-3,0.15,1.0,E,"Trend 2, Momentum 1, Volume -1, Liquidity -2 (0.0cr), VolRisk HIGH, Sector UNKNOWN 0",0,0,0,NEUTRAL,News 0; event caution 0; risk LOW; type ; confidence ; reason . ,-2,MEDIUM,CAUTIOUS,Nifty 20D return -3.9448571751706463; 60D return -4.281982537022666; Crude 20D change 11.414863871570024; India VIX latest; 20D change 9.84643344748708; USDINR 20D change 0.9026990410958335,-2.0,NEUTRAL,0,-1.85,NEUTRAL,"Tech 0 | News 0 (, ) | Event caution 0 | Macro -2 | Sector 0 | Analytics 0.15 (E) | Risk LOW/MEDIUM | Analytics: Trend 2, Momentum 1, Volume -1, Liquidity -2 (0.0cr), VolRisk HIGH, Sector UNKNOWN 0",0,0,LOW,,,,,,,0,0,,,0,,0,63.8,MEDIUM,-0.47,NEUTRAL,"AI overlay from completed recommendation outcomes; use as probability/risk input, not standalone advice."
CMSINFO,2026-09-16,232.39,80194.0,0,NEUTRAL,32.31,-1.2206,25.25,251.64,270.07,,10.25,0.178,14.91,2.67,217.02,258.01,1.67,RSI oversold rebound candidate; MACD weak; Trend strength acceptable; Volume expansion,UNKNOWN,-4.19,-15.69,-22.91,0.0,4.41,1,-1,2,-2,0,MEDIUM,0,,,0,-2,0.1,1.5,E,"Trend 1, Momentum -1, Volume 2, Liquidity -2 (0.0cr), VolRisk MEDIUM, Sector UNKNOWN 0",0,0,0,NEUTRAL,News 0; event caution 0; risk LOW; type ; confidence ; reason . ,-2,MEDIUM,CAUTIOUS,Nifty 20D return -3.9448571751706463; 60D return -4.281982537022666; Crude 20D change 11.414863871570024; India VIX latest; 20D change 9.84643344748708; USDINR 20D change 0.9026990410958335,-2.0,NEUTRAL,0,-1.9,NEUTRAL,"Tech 0 | News 0 (, ) | Event caution 0 | Macro -2 | Sector 0 | Analytics 0.1 (E) | Risk LOW/MEDIUM | Analytics: Trend 1, Momentum -1, Volume 2, Liquidity -2 (0.0cr), VolRisk MEDIUM, Sector UNKNOWN 0",0,0,LOW,,,,,,,0,0,,,0,,0,60.5,MEDIUM,-0.85,NEUTRAL,"AI overlay from completed recommendation outcomes; use as probability/risk input, not standalone advice."
EXIDEIND,2026-09-28,411.75,26899.0,3,NEUTRAL,36.4,0.6364,22.48,421.43,444.12,379.02,12.65,0.216,16.79,0.62,392.78,443.37,1.67,MACD bullish; Trend strength acceptable; Long-term trend positive; Bollinger position healthy,AUTO_ANC,-4.18,-2.97,-5.7,0.0,3.07,2,2,0,-2,0,MEDIUM,-3,14.3,-1.51,-3,-2,0.05,1.25,D,"Trend 2, Momentum 2, Volume 0, Liquidity -2 (0.0cr), VolRisk MEDIUM, Sector AUTO_ANC -3",3,3,3,NEUTRAL,News 0; event caution 0; risk LOW; type ; confidence ; reason . ,-2,MEDIUM,CAUTIOUS,Nifty 20D return -3.9448571751706463; 60D return -4.281982537022666; Crude 20D change 11.414863871570024; India VIX latest; 20D change 9.84643344748708; USDINR 20D change 0.9026990410958335,-2.0,NEUTRAL,3,-1.95,NEUTRAL,"Tech 3 | News 0 (, ) | Event caution 0 | Macro -2 | Sector -3 | Analytics 0.05 (D) | Risk LOW/MEDIUM | Analytics: Trend 2, Momentum 2, Volume 0, Liquidity -2 (0.0cr), VolRisk MEDIUM, Sector AUTO_ANC -3",0,0,LOW,,,,,,,0,0,,,0,,-1,62.4,MEDIUM,-0.71,NEUTRAL,"AI overlay from completed recommendation outcomes; use as probability/risk input, not standalone advice."
RATEGAIN,2026-09-21,842.3,29638.0,0,NEUTRAL,40.55,-11.3039,24.14,906.39,884.84,,44.82,0.164,5.71,1.17,775.07,954.36,1.67,RSI in swing zone; MACD weak; Trend strength acceptable,UNKNOWN,-1.04,-9.68,51.1,0.0,5.32,2,0,0,-2,-1,HIGH,0,,,0,-3,0.05,1.0,E,"Trend 2, Momentum 0, Volume 0, Liquidity -2 (0.0cr), VolRisk HIGH, Sector UNKNOWN 0",0,0,0,NEUTRAL,News 0; event caution 0; risk LOW; type ; confidence ; reason . ,-2,MEDIUM,CAUTIOUS,Nifty 20D return -3.9448571751706463; 60D return -4.281982537022666; Crude 20D change 11.414863871570024; India VIX latest; 20D change 9.84643344748708; USDINR 20D change 0.9026990410958335,-2.0,NEUTRAL,0,-1.95,NEUTRAL,"Tech 0 | News 0 (, ) | Event caution 0 | Macro -2 | Sector 0 | Analytics 0.05 (E) | Risk LOW/MEDIUM | Analytics: Trend 2, Momentum 0, Volume 0, Liquidity -2 (0.0cr), VolRisk HIGH, Sector UNKNOWN 0",0,0,LOW,,,,,,,0,0,,,0,,0,64.1,MEDIUM,-0.54,NEUTRAL,"AI overlay from completed recommendation outcomes; use as probability/risk input, not standalone advice."
SHAILY,2026-09-28,3033.5,20452.0,0,NEUTRAL,43.9,-39.9249,25.99,3264.35,3041.42,,164.64,-0.011,2.43,0.62,2786.54,3445.1,1.67,RSI in swing zone; MACD weak; Trend strength acceptable,UNKNOWN,-7.5,-9.89,-1.11,0.0,5.43,2,0,0,-2,-1,HIGH,0,,,0,-3,0.05,1.0,E,"Trend 2, Momentum 0, Volume 0, Liquidity -2 (0.0cr), VolRisk HIGH, Sector UNKNOWN 0",0,0,0,NEUTRAL,News 0; event caution 0; risk LOW; type ; confidence ; reason . ,-2,MEDIUM,CAUTIOUS,Nifty 20D return -3.9448571751706463; 60D return -4.281982537022666; Crude 20D change 11.414863871570024; India VIX latest; 20D change 9.84643344748708; USDINR 20D change 0.9026990410958335,-2.0,NEUTRAL,0,-1.95,NEUTRAL,"Tech 0 | News 0 (, ) | Event caution 0 | Macro -2 | Sector 0 | Analytics 0.05 (E) | Risk LOW/MEDIUM | Analytics: Trend 2, Momentum 0, Volume 0, Liquidity -2 (0.0cr), VolRisk HIGH, Sector UNKNOWN 0",0,0,LOW,,,,,,,0,0,,,0,,0,63.0,MEDIUM,-0.65,NEUTRAL,"AI overlay from completed recommendation outcomes; use as probability/risk input, not standalone advice."
GLENMARK,2026-09-28,2325.7,60567.0,-1,NEUTRAL,35.91,-14.3788,19.3,2423.31,2374.7,2236.69,58.18,-0.158,11.0,1.66,2238.43,2471.14,1.67,MACD weak; Long-term trend positive; Volume expansion,PHARMA,-5.51,-4.57,1.06,0.0,2.5,2,0,1,-2,1,LOW,0,50.0,3.96,0,-1,1.0,1.5,E,"Trend 2, Momentum 0, Volume 1, Liquidity -2 (0.0cr), VolRisk LOW, Sector PHARMA 0",-1,-1,-1,NEUTRAL,News 0; event caution 0; risk LOW; type ; confidence ; reason . ,-2,MEDIUM,CAUTIOUS,Nifty 20D return -3.9448571751706463; 60D return -4.281982537022666; Crude 20D change 11.414863871570024; India VIX latest; 20D change 9.84643344748708; USDINR 20D change 0.9026990410958335,-3.0,SELL/AVOID,-1,-2.0,NEUTRAL,"Tech -1 | News 0 (, ) | Event caution 0 | Macro -2 | Sector 0 | Analytics 1 (E) | Risk LOW/MEDIUM | Analytics: Trend 2, Momentum 0, Volume 1, Liquidity -2 (0.0cr), VolRisk LOW, Sector PHARMA 0",0,0,LOW,,,,,,,0,0,,,0,,0,68.2,HIGH,-0.18,NEUTRAL,"AI overlay from completed recommendation outcomes; use as probability/risk input, not standalone advice."
GOLDIETF,2026-09-28,125.45,59301.0,-1,NEUTRAL,36.07,-0.4472,24.43,129.5,129.46,128.82,2.46,-0.191,6.89,1.78,121.76,131.6,1.67,MACD weak; Trend strength acceptable; Volume expansion,UNKNOWN,-3.51,-4.76,4.04,0.0,1.96,2,0,1,-2,1,LOW,0,,,0,-1,1.0,1.5,E,"Trend 2, Momentum 0, Volume 1, Liquidity -2 (0.0cr), VolRisk LOW, Sector UNKNOWN 0",-1,-1,-1,NEUTRAL,News 0; event caution 0; risk LOW; type ; confidence ; reason . ,-2,MEDIUM,CAUTIOUS,Nifty 20D return -3.9448571751706463; 60D return -4.281982537022666; Crude 20D change 11.414863871570024; India VIX latest; 20D change 9.84643344748708; USDINR 20D change 0.9026990410958335,-3.0,SELL/AVOID,-1,-2.0,NEUTRAL,"Tech -1 | News 0 (, ) | Event caution 0 | Macro -2 | Sector 0 | Analytics 1 (E) | Risk LOW/MEDIUM | Analytics: Trend 2, Momentum 0, Volume 1, Liquidity -2 (0.0cr), VolRisk LOW, Sector UNKNOWN 0",0,0,LOW,,,,,,,0,0,,,0,,0,70.6,HIGH,0.06,NEUTRAL,"AI overlay from completed recommendation outcomes; use as probability/risk input, not standalone advice."
HINDPETRO,2026-09-28,342.45,41922.0,2,NEUTRAL,33.02,0.112,30.92,352.75,366.8,382.84,8.21,-0.011,9.36,1.08,330.14,362.97,1.67,RSI oversold rebound candidate; MACD bullish; Trend strength acceptable,OIL_GAS,-5.06,-3.94,-15.53,0.0,2.4,1,1,0,-2,1,LOW,-2,10.0,1.01,-2,-1,-0.05,1.25,D,"Trend 1, Momentum 1, Volume 0, Liquidity -2 (0.0cr), VolRisk LOW, Sector OIL_GAS -2",2,2,2,NEUTRAL,News 0; event caution 0; risk LOW; type ; confidence ; reason . ,-2,MEDIUM,CAUTIOUS,Nifty 20D return -3.9448571751706463; 60D return -4.281982537022666; Crude 20D change 11.414863871570024; India VIX latest; 20D change 9.84643344748708; USDINR 20D change 0.9026990410958335,-2.0,NEUTRAL,2,-2.05,NEUTRAL,"Tech 2 | News 0 (, ) | Event caution 0 | Macro -2 | Sector -2 | Analytics -0.05 (D) | Risk LOW/MEDIUM | Analytics: Trend 1, Momentum 1, Volume 0, Liquidity -2 (0.0cr), VolRisk LOW, Sector OIL_GAS -2",0,0,LOW,,,,,,,0,0,,,0,,0,59.5,MEDIUM,-1.1,NEUTRAL,"AI overlay from completed recommendation outcomes; use as probability/risk input, not standalone advice."
POLYCAB,2026-09-28,8191.0,37375.0,2,NEUTRAL,35.92,30.632,26.29,8307.7,8786.25,8595.81,170.36,0.19,30.43,0.79,7935.47,8616.89,1.67,MACD bullish; Trend strength acceptable,CAPITAL_GOODS,-1.9,-1.31,-7.81,0.0,2.08,1,2,0,-2,1,LOW,-3,0.0,-0.4,-2,-1,-0.05,1.25,D,"Trend 1, Momentum 2, Volume 0, Liquidity -2 (0.0cr), VolRisk LOW, Sector CAPITAL_GOODS -3",2,2,2,NEUTRAL,News 0; event caution 0; risk LOW; type ; confidence ; reason . ,-2,MEDIUM,CAUTIOUS,Nifty 20D return -3.9448571751706463; 60D return -4.281982537022666; Crude 20D change 11.414863871570024; India VIX latest; 20D change 9.84643344748708; USDINR 20D change 0.9026990410958335,-2.0,NEUTRAL,2,-2.05,NEUTRAL,"Tech 2 | News 0 (, ) | Event caution 0 | Macro -2 | Sector -2 | Analytics -0.05 (D) | Risk LOW/MEDIUM | Analytics: Trend 1, Momentum 2, Volume 0, Liquidity -2 (0.0cr), VolRisk LOW, Sector CAPITAL_GOODS -3",0,0,LOW,,,,,,,0,0,,,0,,0,57.7,MEDIUM,-1.28,NEUTRAL,"AI overlay from completed recommendation outcomes; use as probability/risk input, not standalone advice."
GUJGASLTD,2026-06-30,327.05,45244.0,0,NEUTRAL,29.06,-7.7238,27.09,376.23,361.51,,15.1,0.019,2.17,1.34,304.4,364.8,1.67,RSI oversold rebound candidate; MACD weak; Trend strength acceptable; Volume expansion,UNKNOWN,-7.31,-18.47,-7.69,0.0,4.62,2,-2,1,-2,0,MEDIUM,0,,,0,-2,-0.05,1.5,E,"Trend 2, Momentum -2, Volume 1, Liquidity -2 (0.0cr), VolRisk MEDIUM, Sector UNKNOWN 0",0,0,0,NEUTRAL,News 0; event caution 0; risk LOW; type ; confidence ; reason . ,-2,MEDIUM,CAUTIOUS,Nifty 20D return -3.9448571751706463; 60D return -4.281982537022666; Crude 20D change 11.414863871570024; India VIX latest; 20D change 9.84643344748708; USDINR 20D change 0.9026990410958335,-2.0,NEUTRAL,0,-2.05,NEUTRAL,"Tech 0 | News 0 (, ) | Event caution 0 | Macro -2 | Sector 0 | Analytics -0.05 (E) | Risk LOW/MEDIUM | Analytics: Trend 2, Momentum -2, Volume 1, Liquidity -2 (0.0cr), VolRisk MEDIUM, Sector UNKNOWN 0",0,0,LOW,,,,,,,0,0,,,0,,0,63.9,MEDIUM,-0.66,NEUTRAL,"AI overlay from completed recommendation outcomes; use as probability/risk input, not standalone advice."
CMPDI,2026-09-23,213.53,25057.0,0,NEUTRAL,37.32,-1.2651,35.71,226.74,244.66,,10.6,0.246,25.62,0.77,197.63,240.03,1.67,MACD weak; Trend strength acceptable; Bollinger position healthy,UNKNOWN,-0.79,-14.62,-14.78,0.0,4.96,1,0,0,-2,0,MEDIUM,0,,,0,-2,-0.05,1.5,E,"Trend 1, Momentum 0, Volume 0, Liquidity -2 (0.0cr), VolRisk MEDIUM, Sector UNKNOWN 0",0,0,0,NEUTRAL,News 0; event caution 0; risk LOW; type ; confidence ; reason . ,-2,MEDIUM,CAUTIOUS,Nifty 20D return -3.9448571751706463; 60D return -4.281982537022666; Crude 20D change 11.414863871570024; India VIX latest; 20D change 9.84643344748708; USDINR 20D change 0.9026990410958335,-2.0,NEUTRAL,0,-2.05,NEUTRAL,"Tech 0 | News 0 (, ) | Event caution 0 | Macro -2 | Sector 0 | Analytics -0.05 (E) | Risk LOW/MEDIUM | Analytics: Trend 1, Momentum 0, Volume 0, Liquidity -2 (0.0cr), VolRisk MEDIUM, Sector UNKNOWN 0",0,0,LOW,,,,,,,0,0,,,0,,0,62.8,MEDIUM,-0.77,NEUTRAL,"AI overlay from completed recommendation outcomes; use as probability/risk input, not standalone advice."
PTC,2026-09-17,155.93,24087.0,0,NEUTRAL,38.24,-0.189,31.51,167.65,185.9,,6.28,0.341,26.03,0.65,146.51,171.64,1.67,MACD weak; Trend strength acceptable; Bollinger position healthy,UNKNOWN,-0.58,-15.0,-15.6,0.0,4.03,1,0,0,-2,0,MEDIUM,0,,,0,-2,-0.05,1.5,E,"Trend 1, Momentum 0, Volume 0, Liquidity -2 (0.0cr), VolRisk MEDIUM, Sector UNKNOWN 0",0,0,0,NEUTRAL,News 0; event caution 0; risk LOW; type ; confidence ; reason . ,-2,MEDIUM,CAUTIOUS,Nifty 20D return -3.9448571751706463; 60D return -4.281982537022666; Crude 20D change 11.414863871570024; India VIX latest; 20D change 9.84643344748708; USDINR 20D change 0.9026990410958335,-2.0,NEUTRAL,0,-2.05,NEUTRAL,"Tech 0 | News 0 (, ) | Event caution 0 | Macro -2 | Sector 0 | Analytics -0.05 (E) | Risk LOW/MEDIUM | Analytics: Trend 1, Momentum 0, Volume 0, Liquidity -2 (0.0cr), VolRisk MEDIUM, Sector UNKNOWN 0",0,0,LOW,,,,,,,0,0,,,0,,0,63.2,MEDIUM,-0.73,NEUTRAL,"AI overlay from completed recommendation outcomes; use as probability/risk input, not standalone advice."
TRIVENI,2026-09-27,247.55,28155.0,1,NEUTRAL,33.62,-2.4746,30.01,282.63,355.94,,23.57,0.323,21.87,0.92,212.2,306.46,1.67,RSI oversold rebound candidate; MACD weak; Trend strength acceptable; Bollinger position healthy,UNKNOWN,-16.27,-47.37,,0.0,9.52,1,-1,0,-2,-2,VERY_HIGH,0,,,0,-3,-1.1,1.0,E,"Trend 1, Momentum -1, Volume 0, Liquidity -2 (0.0cr), VolRisk VERY_HIGH, Sector UNKNOWN 0",1,1,1,NEUTRAL,News 0; event caution 0; risk LOW; type ; confidence ; reason . ,-2,MEDIUM,CAUTIOUS,Nifty 20D return -3.9448571751706463; 60D return -4.281982537022666; Crude 20D change 11.414863871570024; India VIX latest; 20D change 9.84643344748708; USDINR 20D change 0.9026990410958335,-1.0,NEUTRAL,1,-2.1,NEUTRAL,"Tech 1 | News 0 (, ) | Event caution 0 | Macro -2 | Sector 0 | Analytics -1.1 (E) | Risk LOW/MEDIUM | Analytics: Trend 1, Momentum -1, Volume 0, Liquidity -2 (0.0cr), VolRisk VERY_HIGH, Sector UNKNOWN 0",0,0,LOW,,,,,,,0,0,,,0,,0,66.5,HIGH,-0.45,NEUTRAL,"AI overlay from completed recommendation outcomes; use as probability/risk input, not standalone advice."
SWANCORP,2026-09-22,302.75,24775.0,1,NEUTRAL,42.47,-0.6285,19.79,310.99,325.31,,16.84,0.358,39.62,0.41,277.48,344.86,1.67,RSI in swing zone; MACD weak; Bollinger position healthy,UNKNOWN,2.13,-4.75,-7.03,0.0,5.56,0,0,-1,-2,-1,HIGH,0,,,0,-3,-1.1,1.0,E,"Trend 0, Momentum 0, Volume -1, Liquidity -2 (0.0cr), VolRisk HIGH, Sector UNKNOWN 0",1,1,1,NEUTRAL,News 0; event caution 0; risk LOW; type ; confidence ; reason . ,-2,MEDIUM,CAUTIOUS,Nifty 20D return -3.9448571751706463; 60D return -4.281982537022666; Crude 20D change 11.414863871570024; India VIX latest; 20D change 9.84643344748708; USDINR 20D change 0.9026990410958335,-1.0,NEUTRAL,1,-2.1,NEUTRAL,"Tech 1 | News 0 (, ) | Event caution 0 | Macro -2 | Sector 0 | Analytics -1.1 (E) | Risk LOW/MEDIUM | Analytics: Trend 0, Momentum 0, Volume -1, Liquidity -2 (0.0cr), VolRisk HIGH, Sector UNKNOWN 0",0,0,LOW,,,,,,,0,0,,,0,,0,65.0,HIGH,-0.6,NEUTRAL,"AI overlay from completed recommendation outcomes; use as probability/risk input, not standalone advice."
TECHNOE,2026-09-21,1012.25,20340.0,1,NEUTRAL,40.2,-4.9973,20.96,1052.37,1119.8,,63.66,0.217,34.33,0.56,916.76,1171.4,1.67,RSI in swing zone; MACD weak; Bollinger position healthy,UNKNOWN,-5.06,-15.73,-3.48,0.0,6.29,0,0,-1,-2,-1,HIGH,0,,,0,-3,-1.1,1.0,E,"Trend 0, Momentum 0, Volume -1, Liquidity -2 (0.0cr), VolRisk HIGH, Sector UNKNOWN 0",1,1,1,NEUTRAL,News 0; event caution 0; risk LOW; type ; confidence ; reason . ,-2,MEDIUM,CAUTIOUS,Nifty 20D return -3.9448571751706463; 60D return -4.281982537022666; Crude 20D change 11.414863871570024; India VIX latest; 20D change 9.84643344748708; USDINR 20D change 0.9026990410958335,-1.0,NEUTRAL,1,-2.1,NEUTRAL,"Tech 1 | News 0 (, ) | Event caution 0 | Macro -2 | Sector 0 | Analytics -1.1 (E) | Risk LOW/MEDIUM | Analytics: Trend 0, Momentum 0, Volume -1, Liquidity -2 (0.0cr), VolRisk HIGH, Sector UNKNOWN 0",0,0,LOW,,,,,,,0,0,,,0,,0,63.9,MEDIUM,-0.71,NEUTRAL,"AI overlay from completed recommendation outcomes; use as probability/risk input, not standalone advice."
APEX,2026-08-19,400.05,22531.0,0,NEUTRAL,40.85,-10.8987,34.15,446.39,409.59,,36.11,0.15,4.15,0.46,345.88,490.33,1.67,RSI in swing zone; MACD weak; Trend strength acceptable,UNKNOWN,-6.88,0.96,,0.0,9.03,3,0,-1,-2,-2,VERY_HIGH,0,,,0,-3,-0.1,1.0,E,"Trend 3, Momentum 0, Volume -1, Liquidity -2 (0.0cr), VolRisk VERY_HIGH, Sector UNKNOWN 0",0,0,0,NEUTRAL,News 0; event caution 0; risk LOW; type ; confidence ; reason . ,-2,MEDIUM,CAUTIOUS,Nifty 20D return -3.9448571751706463; 60D return -4.281982537022666; Crude 20D change 11.414863871570024; India VIX latest; 20D change 9.84643344748708; USDINR 20D change 0.9026990410958335,-2.0,NEUTRAL,0,-2.1,NEUTRAL,"Tech 0 | News 0 (, ) | Event caution 0 | Macro -2 | Sector 0 | Analytics -0.1 (E) | Risk LOW/MEDIUM | Analytics: Trend 3, Momentum 0, Volume -1, Liquidity -2 (0.0cr), VolRisk VERY_HIGH, Sector UNKNOWN 0",0,0,LOW,,,,,,,0,0,,,0,,0,65.7,HIGH,-0.53,NEUTRAL,"AI overlay from completed recommendation outcomes; use as probability/risk input, not standalone advice."
TTML,2026-09-28,36.19,173661.0,0,NEUTRAL,30.42,-1.0871,35.17,43.15,40.8,,3.5,-0.043,13.23,2.8,30.94,44.94,1.67,RSI oversold rebound candidate; MACD weak; Trend strength acceptable; Volume expansion,UNKNOWN,-10.86,-20.77,,0.0,9.67,2,-1,2,-2,-2,VERY_HIGH,0,,,0,-3,-0.15,1.0,E,"Trend 2, Momentum -1, Volume 2, Liquidity -2 (0.0cr), VolRisk VERY_HIGH, Sector UNKNOWN 0",0,0,0,NEUTRAL,News 0; event caution 0; risk LOW; type ; confidence ; reason . ,-2,MEDIUM,CAUTIOUS,Nifty 20D return -3.9448571751706463; 60D return -4.281982537022666; Crude 20D change 11.414863871570024; India VIX latest; 20D change 9.84643344748708; USDINR 20D change 0.9026990410958335,-2.0,NEUTRAL,0,-2.15,NEUTRAL,"Tech 0 | News 0 (, ) | Event caution 0 | Macro -2 | Sector 0 | Analytics -0.15 (E) | Risk LOW/MEDIUM | Analytics: Trend 2, Momentum -1, Volume 2, Liquidity -2 (0.0cr), VolRisk VERY_HIGH, Sector UNKNOWN 0",0,0,LOW,,,,,,,0,0,,,0,,0,67.1,HIGH,-0.44,NEUTRAL,"AI overlay from completed recommendation outcomes; use as probability/risk input, not standalone advice."
PFC,2026-09-28,330.0,79066.0,0,NEUTRAL,24.53,-0.1224,46.26,346.55,364.89,409.84,6.38,-0.09,3.89,1.28,320.42,345.96,1.67,RSI oversold rebound candidate; MACD weak; Trend strength acceptable; Volume expansion,UNKNOWN,-4.57,-7.2,-20.26,0.0,1.93,1,-2,1,-2,1,LOW,0,,,0,-1,-0.15,1.5,E,"Trend 1, Momentum -2, Volume 1, Liquidity -2 (0.0cr), VolRisk LOW, Sector UNKNOWN 0",0,0,0,NEUTRAL,News 0; event caution 0; risk LOW; type ; confidence ; reason . ,-2,MEDIUM,CAUTIOUS,Nifty 20D return -3.9448571751706463; 60D return -4.281982537022666; Crude 20D change 11.414863871570024; India VIX latest; 20D change 9.84643344748708; USDINR 20D change 0.9026990410958335,-2.0,NEUTRAL,0,-2.15,NEUTRAL,"Tech 0 | News 0 (, ) | Event caution 0 | Macro -2 | Sector 0 | Analytics -0.15 (E) | Risk LOW/MEDIUM | Analytics: Trend 1, Momentum -2, Volume 1, Liquidity -2 (0.0cr), VolRisk LOW, Sector UNKNOWN 0",0,0,LOW,,,,,,,0,0,,,0,,0,67.8,HIGH,-0.37,NEUTRAL,"AI overlay from completed recommendation outcomes; use as probability/risk input, not standalone advice."
HOMEFIRST,2026-09-27,1123.1,44056.0,0,NEUTRAL,42.19,-11.1598,21.07,1202.89,1140.96,,73.3,0.02,14.61,1.63,1013.15,1306.35,1.67,RSI in swing zone; MACD weak; Volume expansion,UNKNOWN,-5.18,-3.84,14.0,0.0,6.53,1,0,1,-2,-1,HIGH,0,,,0,-3,-0.15,1.0,E,"Trend 1, Momentum 0, Volume 1, Liquidity -2 (0.0cr), VolRisk HIGH, Sector UNKNOWN 0",0,0,0,NEUTRAL,News 0; event caution 0; risk LOW; type ; confidence ; reason . ,-2,MEDIUM,CAUTIOUS,Nifty 20D return -3.9448571751706463; 60D return -4.281982537022666; Crude 20D change 11.414863871570024; India VIX latest; 20D change 9.84643344748708; USDINR 20D change 0.9026990410958335,-2.0,NEUTRAL,0,-2.15,NEUTRAL,"Tech 0 | News 0 (, ) | Event caution 0 | Macro -2 | Sector 0 | Analytics -0.15 (E) | Risk LOW/MEDIUM | Analytics: Trend 1, Momentum 0, Volume 1, Liquidity -2 (0.0cr), VolRisk HIGH, Sector UNKNOWN 0",0,0,LOW,,,,,,,0,0,,,0,,0,64.5,MEDIUM,-0.7,NEUTRAL,"AI overlay from completed recommendation outcomes; use as probability/risk input, not standalone advice."
SILVER,2026-06-28,216.36,34008.0,0,NEUTRAL,37.46,-3.722,22.23,239.96,245.21,,13.96,0.217,5.73,1.33,195.43,251.25,1.67,MACD weak; Trend strength acceptable; Bollinger position healthy; Volume expansion,UNKNOWN,-6.39,-7.68,-15.91,0.0,6.45,1,0,1,-2,-1,HIGH,0,,,0,-3,-0.15,1.0,E,"Trend 1, Momentum 0, Volume 1, Liquidity -2 (0.0cr), VolRisk HIGH, Sector UNKNOWN 0",0,0,0,NEUTRAL,News 0; event caution 0; risk LOW; type ; confidence ; reason . ,-2,MEDIUM,CAUTIOUS,Nifty 20D return -3.9448571751706463; 60D return -4.281982537022666; Crude 20D change 11.414863871570024; India VIX latest; 20D change 9.84643344748708; USDINR 20D change 0.9026990410958335,-2.0,NEUTRAL,0,-2.15,NEUTRAL,"Tech 0 | News 0 (, ) | Event caution 0 | Macro -2 | Sector 0 | Analytics -0.15 (E) | Risk LOW/MEDIUM | Analytics: Trend 1, Momentum 0, Volume 1, Liquidity -2 (0.0cr), VolRisk HIGH, Sector UNKNOWN 0",0,0,LOW,,,,,,,0,0,,,0,,0,63.3,MEDIUM,-0.82,NEUTRAL,"AI overlay from completed recommendation outcomes; use as probability/risk input, not standalone advice."
ATHERENERG,2026-09-28,1454.9,81477.0,-1,NEUTRAL,37.07,-22.6561,25.88,1575.88,1534.57,1074.1,61.96,0.021,2.19,0.78,1361.95,1609.81,1.67,MACD weak; Trend strength acceptable; Long-term trend positive,UNKNOWN,-5.76,-8.15,12.2,0.01,4.26,3,0,0,-2,0,MEDIUM,0,,,0,-2,0.85,1.5,E,"Trend 3, Momentum 0, Volume 0, Liquidity -2 (0.01cr), VolRisk MEDIUM, Sector UNKNOWN 0",-1,-1,-1,NEUTRAL,News 0; event caution 0; risk LOW; type ; confidence ; reason . ,-2,MEDIUM,CAUTIOUS,Nifty 20D return -3.9448571751706463; 60D return -4.281982537022666; Crude 20D change 11.414863871570024; India VIX latest; 20D change 9.84643344748708; USDINR 20D change 0.9026990410958335,-3.0,SELL/AVOID,-1,-2.15,NEUTRAL,"Tech -1 | News 0 (, ) | Event caution 0 | Macro -2 | Sector 0 | Analytics 0.85 (E) | Risk LOW/MEDIUM | Analytics: Trend 3, Momentum 0, Volume 0, Liquidity -2 (0.01cr), VolRisk MEDIUM, Sector UNKNOWN 0",0,0,LOW,,,,,,,0,0,,,0,,0,68.3,HIGH,-0.32,NEUTRAL,"AI overlay from completed recommendation outcomes; use as probability/risk input, not standalone advice."
JINDALSAW,2026-09-28,276.15,30169.0,-1,NEUTRAL,38.61,-3.0666,28.0,296.79,285.62,234.23,11.31,0.106,2.21,0.86,259.19,304.42,1.67,MACD weak; Trend strength acceptable; Long-term trend positive,UNKNOWN,-3.6,-10.67,5.58,0.0,4.1,3,0,0,-2,0,MEDIUM,0,,,0,-2,0.85,1.5,E,"Trend 3, Momentum 0, Volume 0, Liquidity -2 (0.0cr), VolRisk MEDIUM, Sector UNKNOWN 0",-1,-1,-1,NEUTRAL,News 0; event caution 0; risk LOW; type ; confidence ; reason . ,-2,MEDIUM,CAUTIOUS,Nifty 20D return -3.9448571751706463; 60D return -4.281982537022666; Crude 20D change 11.414863871570024; India VIX latest; 20D change 9.84643344748708; USDINR 20D change 0.9026990410958335,-3.0,SELL/AVOID,-1,-2.15,NEUTRAL,"Tech -1 | News 0 (, ) | Event caution 0 | Macro -2 | Sector 0 | Analytics 0.85 (E) | Risk LOW/MEDIUM | Analytics: Trend 3, Momentum 0, Volume 0, Liquidity -2 (0.0cr), VolRisk MEDIUM, Sector UNKNOWN 0",0,0,LOW,,,,,,,0,0,,,0,,0,69.0,HIGH,-0.25,NEUTRAL,"AI overlay from completed recommendation outcomes; use as probability/risk input, not standalone advice."
PNBHOUSING,2026-09-28,1085.0,27837.0,-1,NEUTRAL,35.67,-8.7261,24.22,1141.85,1135.02,987.68,33.74,0.067,15.78,0.71,1034.39,1169.35,1.67,MACD weak; Trend strength acceptable; Long-term trend positive,UNKNOWN,-4.92,-4.91,-2.31,0.0,3.11,3,0,0,-2,0,MEDIUM,0,,,0,-2,0.85,1.5,E,"Trend 3, Momentum 0, Volume 0, Liquidity -2 (0.0cr), VolRisk MEDIUM, Sector UNKNOWN 0",-1,-1,-1,NEUTRAL,News 0; event caution 0; risk LOW; type ; confidence ; reason . ,-2,MEDIUM,CAUTIOUS,Nifty 20D return -3.9448571751706463; 60D return -4.281982537022666; Crude 20D change 11.414863871570024; India VIX latest; 20D change 9.84643344748708; USDINR 20D change 0.9026990410958335,-3.0,SELL/AVOID,-1,-2.15,NEUTRAL,"Tech -1 | News 0 (, ) | Event caution 0 | Macro -2 | Sector 0 | Analytics 0.85 (E) | Risk LOW/MEDIUM | Analytics: Trend 3, Momentum 0, Volume 0, Liquidity -2 (0.0cr), VolRisk MEDIUM, Sector UNKNOWN 0",0,0,LOW,,,,,,,0,0,,,0,,0,69.6,HIGH,-0.19,NEUTRAL,"AI overlay from completed recommendation outcomes; use as probability/risk input, not standalone advice."
BLUESTONE,2026-09-28,786.2,28017.0,0,NEUTRAL,42.88,-11.1376,22.2,847.58,828.61,,57.39,0.078,5.5,0.46,700.11,929.69,1.67,RSI in swing zone; MACD weak; Trend strength acceptable,UNKNOWN,-15.5,-3.82,48.21,0.0,7.3,2,0,-1,-2,-1,HIGH,0,,,0,-3,-0.2,1.0,E,"Trend 2, Momentum 0, Volume -1, Liquidity -2 (0.0cr), VolRisk HIGH, Sector UNKNOWN 0",0,0,0,NEUTRAL,News 0; event caution 0; risk LOW; type ; confidence ; reason . ,-2,MEDIUM,CAUTIOUS,Nifty 20D return -3.9448571751706463; 60D return -4.281982537022666; Crude 20D change 11.414863871570024; India VIX latest; 20D change 9.84643344748708; USDINR 20D change 0.9026990410958335,-2.0,NEUTRAL,0,-2.2,NEUTRAL,"Tech 0 | News 0 (, ) | Event caution 0 | Macro -2 | Sector 0 | Analytics -0.2 (E) | Risk LOW/MEDIUM | Analytics: Trend 2, Momentum 0, Volume -1, Liquidity -2 (0.0cr), VolRisk HIGH, Sector UNKNOWN 0",0,0,LOW,,,,,,,0,0,,,0,,0,67.1,HIGH,-0.49,NEUTRAL,"AI overlay from completed recommendation outcomes; use as probability/risk input, not standalone advice."
HEXT,2026-09-15,517.5,26504.0,0,NEUTRAL,41.3,-8.0338,22.09,558.65,527.82,,28.42,0.059,15.79,0.52,474.87,588.54,1.67,RSI in swing zone; MACD weak; Trend strength acceptable,UNKNOWN,-7.56,-5.32,16.82,0.0,5.49,2,0,-1,-2,-1,HIGH,0,,,0,-3,-0.2,1.0,E,"Trend 2, Momentum 0, Volume -1, Liquidity -2 (0.0cr), VolRisk HIGH, Sector UNKNOWN 0",0,0,0,NEUTRAL,News 0; event caution 0; risk LOW; type ; confidence ; reason . ,-2,MEDIUM,CAUTIOUS,Nifty 20D return -3.9448571751706463; 60D return -4.281982537022666; Crude 20D change 11.414863871570024; India VIX latest; 20D change 9.84643344748708; USDINR 20D change 0.9026990410958335,-2.0,NEUTRAL,0,-2.2,NEUTRAL,"Tech 0 | News 0 (, ) | Event caution 0 | Macro -2 | Sector 0 | Analytics -0.2 (E) | Risk LOW/MEDIUM | Analytics: Trend 2, Momentum 0, Volume -1, Liquidity -2 (0.0cr), VolRisk HIGH, Sector UNKNOWN 0",0,0,LOW,,,,,,,0,0,,,0,,0,67.0,HIGH,-0.5,NEUTRAL,"AI overlay from completed recommendation outcomes; use as probability/risk input, not standalone advice."
NEWGEN,2026-09-23,504.15,21896.0,0,NEUTRAL,40.88,-6.5784,22.3,541.94,525.08,,28.67,0.034,11.91,0.46,461.14,575.84,1.67,RSI in swing zone; MACD weak; Trend strength acceptable,UNKNOWN,-4.67,-8.83,9.32,0.0,5.69,2,0,-1,-2,-1,HIGH,0,,,0,-3,-0.2,1.0,E,"Trend 2, Momentum 0, Volume -1, Liquidity -2 (0.0cr), VolRisk HIGH, Sector UNKNOWN 0",0,0,0,NEUTRAL,News 0; event caution 0; risk LOW; type ; confidence ; reason . ,-2,MEDIUM,CAUTIOUS,Nifty 20D return -3.9448571751706463; 60D return -4.281982537022666; Crude 20D change 11.414863871570024; India VIX latest; 20D change 9.84643344748708; USDINR 20D change 0.9026990410958335,-2.0,NEUTRAL,0,-2.2,NEUTRAL,"Tech 0 | News 0 (, ) | Event caution 0 | Macro -2 | Sector 0 | Analytics -0.2 (E) | Risk LOW/MEDIUM | Analytics: Trend 2, Momentum 0, Volume -1, Liquidity -2 (0.0cr), VolRisk HIGH, Sector UNKNOWN 0",0,0,LOW,,,,,,,0,0,,,0,,0,67.1,HIGH,-0.49,NEUTRAL,"AI overlay from completed recommendation outcomes; use as probability/risk input, not standalone advice."
GRASIM,2026-09-28,3150.0,25237.0,-1,NEUTRAL,39.67,-7.8869,24.29,3234.13,3256.97,3003.22,57.1,0.183,14.09,0.79,3064.36,3292.74,1.67,MACD weak; Trend strength acceptable; Long-term trend positive,UNKNOWN,0.7,-4.83,1.3,0.0,1.81,2,0,0,-2,1,LOW,0,,,0,-1,0.75,1.5,E,"Trend 2, Momentum 0, Volume 0, Liquidity -2 (0.0cr), VolRisk LOW, Sector UNKNOWN 0",-1,-1,-1,NEUTRAL,News 0; event caution 0; risk LOW; type ; confidence ; reason . ,-2,MEDIUM,CAUTIOUS,Nifty 20D return -3.9448571751706463; 60D return -4.281982537022666; Crude 20D change 11.414863871570024; India VIX latest; 20D change 9.84643344748708; USDINR 20D change 0.9026990410958335,-3.0,SELL/AVOID,-1,-2.25,NEUTRAL,"Tech -1 | News 0 (, ) | Event caution 0 | Macro -2 | Sector 0 | Analytics 0.75 (E) | Risk LOW/MEDIUM | Analytics: Trend 2, Momentum 0, Volume 0, Liquidity -2 (0.0cr), VolRisk LOW, Sector UNKNOWN 0",0,0,LOW,,,,,,,0,0,,,0,,0,74.4,HIGH,0.19,NEUTRAL,"AI overlay from completed recommendation outcomes; use as probability/risk input, not standalone advice."
AARTIIND,2026-09-22,496.0,22353.0,2,NEUTRAL,46.3,-2.8567,22.91,510.9,505.69,,18.26,0.333,40.13,0.84,468.61,541.64,1.67,RSI in swing zone; MACD weak; Trend strength acceptable; Bollinger position healthy,CHEMICALS,0.67,-5.92,8.29,0.0,3.68,2,1,0,-2,0,MEDIUM,-3,12.5,-1.97,-2,-2,-0.3,1.25,D,"Trend 2, Momentum 1, Volume 0, Liquidity -2 (0.0cr), VolRisk MEDIUM, Sector CHEMICALS -3",2,2,2,NEUTRAL,News 0; event caution 0; risk LOW; type ; confidence ; reason . ,-2,MEDIUM,CAUTIOUS,Nifty 20D return -3.9448571751706463; 60D return -4.281982537022666; Crude 20D change 11.414863871570024; India VIX latest; 20D change 9.84643344748708; USDINR 20D change 0.9026990410958335,-2.0,NEUTRAL,2,-2.3,NEUTRAL,"Tech 2 | News 0 (, ) | Event caution 0 | Macro -2 | Sector -2 | Analytics -0.3 (D) | Risk LOW/MEDIUM | Analytics: Trend 2, Momentum 1, Volume 0, Liquidity -2 (0.0cr), VolRisk MEDIUM, Sector CHEMICALS -3",0,0,LOW,,,,,,,0,0,,,0,,0,62.0,MEDIUM,-1.1,NEUTRAL,"AI overlay from completed recommendation outcomes; use as probability/risk input, not standalone advice."
TATATECH,2026-09-28,707.05,48499.0,0,NEUTRAL,28.8,-3.6299,22.28,746.79,790.94,680.5,24.81,0.198,16.05,1.13,669.84,769.07,1.67,RSI oversold rebound candidate; MACD weak; Trend strength acceptable; Long-term trend positive,UNKNOWN,-1.19,-11.62,-6.84,0.0,3.51,2,-2,0,-2,0,MEDIUM,0,,,0,-2,-0.3,1.5,E,"Trend 2, Momentum -2, Volume 0, Liquidity -2 (0.0cr), VolRisk MEDIUM, Sector UNKNOWN 0",0,0,0,NEUTRAL,News 0; event caution 0; risk LOW; type ; confidence ; reason . ,-2,MEDIUM,CAUTIOUS,Nifty 20D return -3.9448571751706463; 60D return -4.281982537022666; Crude 20D change 11.414863871570024; India VIX latest; 20D change 9.84643344748708; USDINR 20D change 0.9026990410958335,-2.0,NEUTRAL,0,-2.3,NEUTRAL,"Tech 0 | News 0 (, ) | Event caution 0 | Macro -2 | Sector 0 | Analytics -0.3 (E) | Risk LOW/MEDIUM | Analytics: Trend 2, Momentum -2, Volume 0, Liquidity -2 (0.0cr), VolRisk MEDIUM, Sector UNKNOWN 0",0,0,LOW,,,,,,,0,0,,,0,,0,68.5,HIGH,-0.45,NEUTRAL,"AI overlay from completed recommendation outcomes; use as probability/risk input, not standalone advice."
WABAG,2026-09-27,2008.4,22100.0,0,NEUTRAL,43.55,-20.764,17.7,2098.41,2034.57,,91.05,0.266,5.28,0.43,1871.83,2236.02,1.67,RSI in swing zone; MACD weak; Bollinger position healthy,UNKNOWN,-5.82,-3.72,-3.51,0.0,4.53,1,0,-1,-2,0,MEDIUM,0,,,0,-2,-0.3,1.5,E,"Trend 1, Momentum 0, Volume -1, Liquidity -2 (0.0cr), VolRisk MEDIUM, Sector UNKNOWN 0",0,0,0,NEUTRAL,News 0; event caution 0; risk LOW; type ; confidence ; reason . ,-2,MEDIUM,CAUTIOUS,Nifty 20D return -3.9448571751706463; 60D return -4.281982537022666; Crude 20D change 11.414863871570024; India VIX latest; 20D change 9.84643344748708; USDINR 20D change 0.9026990410958335,-2.0,NEUTRAL,0,-2.3,NEUTRAL,"Tech 0 | News 0 (, ) | Event caution 0 | Macro -2 | Sector 0 | Analytics -0.3 (E) | Risk LOW/MEDIUM | Analytics: Trend 1, Momentum 0, Volume -1, Liquidity -2 (0.0cr), VolRisk MEDIUM, Sector UNKNOWN 0",0,0,LOW,,,,,,,0,0,,,0,,0,66.6,HIGH,-0.64,NEUTRAL,"AI overlay from completed recommendation outcomes; use as probability/risk input, not standalone advice."
MOBIKWIK,2026-09-24,203.8,21676.0,0,NEUTRAL,45.74,-0.5003,13.86,211.38,208.19,,14.72,0.277,39.21,0.3,181.71,240.61,1.67,RSI in swing zone; MACD weak; Weak trend; Bollinger position healthy,UNKNOWN,2.6,-7.97,2.21,0.0,7.22,1,1,-1,-2,-1,HIGH,0,,,0,-3,-0.3,1.0,E,"Trend 1, Momentum 1, Volume -1, Liquidity -2 (0.0cr), VolRisk HIGH, Sector UNKNOWN 0",0,0,0,NEUTRAL,News 0; event caution 0; risk LOW; type ; confidence ; reason . ,-2,MEDIUM,CAUTIOUS,Nifty 20D return -3.9448571751706463; 60D return -4.281982537022666; Crude 20D change 11.414863871570024; India VIX latest; 20D change 9.84643344748708; USDINR 20D change 0.9026990410958335,-2.0,NEUTRAL,0,-2.3,NEUTRAL,"Tech 0 | News 0 (, ) | Event caution 0 | Macro -2 | Sector 0 | Analytics -0.3 (E) | Risk LOW/MEDIUM | Analytics: Trend 1, Momentum 1, Volume -1, Liquidity -2 (0.0cr), VolRisk HIGH, Sector UNKNOWN 0",0,0,LOW,,,,,,,0,0,,,0,,0,66.9,HIGH,-0.61,NEUTRAL,"AI overlay from completed recommendation outcomes; use as probability/risk input, not standalone advice."
FEDERALBNK,2026-09-28,325.0,90079.0,2,NEUTRAL,33.16,-1.2485,29.17,336.27,346.88,311.35,7.65,0.164,20.75,1.38,313.52,344.14,1.67,RSI oversold rebound candidate; MACD weak; Trend strength acceptable; Long-term trend positive; Volume expansion,BANK,-0.61,-5.25,-7.34,0.0,2.36,2,-1,1,-2,1,LOW,-3,15.4,-0.84,-2,-1,-0.4,1.25,D,"Trend 2, Momentum -1, Volume 1, Liquidity -2 (0.0cr), VolRisk LOW, Sector BANK -3",2,2,2,NEUTRAL,News 0; event caution 0; risk LOW; type ; confidence ; reason . ,-2,MEDIUM,CAUTIOUS,Nifty 20D return -3.9448571751706463; 60D return -4.281982537022666; Crude 20D change 11.414863871570024; India VIX latest; 20D change 9.84643344748708; USDINR 20D change 0.9026990410958335,-2.0,NEUTRAL,2,-2.4,NEUTRAL,"Tech 2 | News 0 (, ) | Event caution 0 | Macro -2 | Sector -2 | Analytics -0.4 (D) | Risk LOW/MEDIUM | Analytics: Trend 2, Momentum -1, Volume 1, Liquidity -2 (0.0cr), VolRisk LOW, Sector BANK -3",0,0,LOW,,,,,,,0,0,,,0,,0,71.4,HIGH,-0.26,NEUTRAL,"AI overlay from completed recommendation outcomes; use as probability/risk input, not standalone advice."
CAMS,2026-09-28,691.55,37563.0,2,NEUTRAL,33.69,0.4294,24.13,713.88,746.91,741.19,17.17,0.059,3.18,0.86,665.8,734.47,1.67,RSI oversold rebound candidate; MACD bullish; Trend strength acceptable,FINANCIALS,-1.77,-7.65,-10.26,0.0,2.48,1,1,0,-2,1,LOW,-3,22.7,-2.46,-2,-1,-0.4,1.25,D,"Trend 1, Momentum 1, Volume 0, Liquidity -2 (0.0cr), VolRisk LOW, Sector FINANCIALS -3",2,2,2,NEUTRAL,News 0; event caution 0; risk LOW; type ; confidence ; reason . ,-2,MEDIUM,CAUTIOUS,Nifty 20D return -3.9448571751706463; 60D return -4.281982537022666; Crude 20D change 11.414863871570024; India VIX latest; 20D change 9.84643344748708; USDINR 20D change 0.9026990410958335,-2.0,NEUTRAL,2,-2.4,NEUTRAL,"Tech 2 | News 0 (, ) | Event caution 0 | Macro -2 | Sector -2 | Analytics -0.4 (D) | Risk LOW/MEDIUM | Analytics: Trend 1, Momentum 1, Volume 0, Liquidity -2 (0.0cr), VolRisk LOW, Sector FINANCIALS -3",0,0,LOW,,,,,,,0,0,,,0,,0,70.0,HIGH,-0.4,NEUTRAL,"AI overlay from completed recommendation outcomes; use as probability/risk input, not standalone advice."
HAVELLS,2026-09-28,1085.0,32128.0,2,NEUTRAL,30.27,2.1597,41.47,1113.43,1204.84,1242.5,25.22,0.193,18.13,0.72,1047.18,1148.04,1.67,RSI oversold rebound candidate; MACD bullish; Trend strength acceptable,CAPITAL_GOODS,-1.64,-9.58,-8.62,0.0,2.32,1,1,0,-2,1,LOW,-3,0.0,-0.4,-2,-1,-0.4,1.25,D,"Trend 1, Momentum 1, Volume 0, Liquidity -2 (0.0cr), VolRisk LOW, Sector CAPITAL_GOODS -3",2,2,2,NEUTRAL,News 0; event caution 0; risk LOW; type ; confidence ; reason . ,-2,MEDIUM,CAUTIOUS,Nifty 20D return -3.9448571751706463; 60D return -4.281982537022666; Crude 20D change 11.414863871570024; India VIX latest; 20D change 9.84643344748708; USDINR 20D change 0.9026990410958335,-2.0,NEUTRAL,2,-2.4,NEUTRAL,"Tech 2 | News 0 (, ) | Event caution 0 | Macro -2 | Sector -2 | Analytics -0.4 (D) | Risk LOW/MEDIUM | Analytics: Trend 1, Momentum 1, Volume 0, Liquidity -2 (0.0cr), VolRisk LOW, Sector CAPITAL_GOODS -3",0,0,LOW,,,,,,,0,0,,,0,,0,66.0,HIGH,-0.8,NEUTRAL,"AI overlay from completed recommendation outcomes; use as probability/risk input, not standalone advice."
SWSOLAR,2026-09-22,178.42,65534.0,0,NEUTRAL,22.99,-7.3316,27.04,227.28,217.54,,12.97,-0.09,3.14,1.85,158.97,210.84,1.67,RSI oversold rebound candidate; MACD weak; Trend strength acceptable; Volume expansion,UNKNOWN,-19.7,-27.67,7.83,0.0,7.27,2,-2,1,-2,-1,HIGH,0,,,0,-3,-0.4,1.0,E,"Trend 2, Momentum -2, Volume 1, Liquidity -2 (0.0cr), VolRisk HIGH, Sector UNKNOWN 0",0,0,0,NEUTRAL,News 0; event caution 0; risk LOW; type ; confidence ; reason . ,-2,MEDIUM,CAUTIOUS,Nifty 20D return -3.9448571751706463; 60D return -4.281982537022666; Crude 20D change 11.414863871570024; India VIX latest; 20D change 9.84643344748708; USDINR 20D change 0.9026990410958335,-2.0,NEUTRAL,0,-2.4,NEUTRAL,"Tech 0 | News 0 (, ) | Event caution 0 | Macro -2 | Sector 0 | Analytics -0.4 (E) | Risk LOW/MEDIUM | Analytics: Trend 2, Momentum -2, Volume 1, Liquidity -2 (0.0cr), VolRisk HIGH, Sector UNKNOWN 0",0,0,LOW,,,,,,,0,0,,,0,,0,64.7,MEDIUM,-0.93,NEUTRAL,"AI overlay from completed recommendation outcomes; use as probability/risk input, not standalone advice."
EIEL,2026-09-10,211.65,54611.0,0,NEUTRAL,44.26,-3.6661,19.0,226.87,218.09,,12.53,0.168,24.05,1.12,192.86,242.96,1.67,RSI in swing zone; MACD weak,UNKNOWN,-7.76,-4.54,50.76,0.0,5.92,1,0,0,-2,-1,HIGH,0,,,0,-3,-0.4,1.0,E,"Trend 1, Momentum 0, Volume 0, Liquidity -2 (0.0cr), VolRisk HIGH, Sector UNKNOWN 0",0,0,0,NEUTRAL,News 0; event caution 0; risk LOW; type ; confidence ; reason . ,-2,MEDIUM,CAUTIOUS,Nifty 20D return -3.9448571751706463; 60D return -4.281982537022666; Crude 20D change 11.414863871570024; India VIX latest; 20D change 9.84643344748708; USDINR 20D change 0.9026990410958335,-2.0,NEUTRAL,0,-2.4,NEUTRAL,"Tech 0 | News 0 (, ) | Event caution 0 | Macro -2 | Sector 0 | Analytics -0.4 (E) | Risk LOW/MEDIUM | Analytics: Trend 1, Momentum 0, Volume 0, Liquidity -2 (0.0cr), VolRisk HIGH, Sector UNKNOWN 0",0,0,LOW,,,,,,,0,0,,,0,,0,64.8,MEDIUM,-0.92,NEUTRAL,"AI overlay from completed recommendation outcomes; use as probability/risk input, not standalone advice."
BORORENEW,2026-09-22,474.7,28556.0,0,NEUTRAL,36.32,-10.9804,33.72,542.19,547.97,,28.61,0.239,24.92,0.93,431.78,546.23,1.67,MACD weak; Trend strength acceptable; Bollinger position healthy,UNKNOWN,-7.58,-27.15,1.53,0.0,6.03,1,0,0,-2,-1,HIGH,0,,,0,-3,-0.4,1.0,E,"Trend 1, Momentum 0, Volume 0, Liquidity -2 (0.0cr), VolRisk HIGH, Sector UNKNOWN 0",0,0,0,NEUTRAL,News 0; event caution 0; risk LOW; type ; confidence ; reason . ,-2,MEDIUM,CAUTIOUS,Nifty 20D return -3.9448571751706463; 60D return -4.281982537022666; Crude 20D change 11.414863871570024; India VIX latest; 20D change 9.84643344748708; USDINR 20D change 0.9026990410958335,-2.0,NEUTRAL,0,-2.4,NEUTRAL,"Tech 0 | News 0 (, ) | Event caution 0 | Macro -2 | Sector 0 | Analytics -0.4 (E) | Risk LOW/MEDIUM | Analytics: Trend 1, Momentum 0, Volume 0, Liquidity -2 (0.0cr), VolRisk HIGH, Sector UNKNOWN 0",0,0,LOW,,,,,,,0,0,,,0,,0,66.6,HIGH,-0.74,NEUTRAL,"AI overlay from completed recommendation outcomes; use as probability/risk input, not standalone advice."
SPARC,2026-09-28,202.85,22107.0,0,NEUTRAL,37.63,-1.6968,29.33,219.08,225.52,,13.18,0.274,23.81,0.76,183.08,235.81,1.67,MACD weak; Trend strength acceptable; Bollinger position healthy,UNKNOWN,1.64,-23.34,20.42,0.0,6.5,1,0,0,-2,-1,HIGH,0,,,0,-3,-0.4,1.0,E,"Trend 1, Momentum 0, Volume 0, Liquidity -2 (0.0cr), VolRisk HIGH, Sector UNKNOWN 0",0,0,0,NEUTRAL,News 0; event caution 0; risk LOW; type ; confidence ; reason . ,-2,MEDIUM,CAUTIOUS,Nifty 20D return -3.9448571751706463; 60D return -4.281982537022666; Crude 20D change 11.414863871570024; India VIX latest; 20D change 9.84643344748708; USDINR 20D change 0.9026990410958335,-2.0,NEUTRAL,0,-2.4,NEUTRAL,"Tech 0 | News 0 (, ) | Event caution 0 | Macro -2 | Sector 0 | Analytics -0.4 (E) | Risk LOW/MEDIUM | Analytics: Trend 1, Momentum 0, Volume 0, Liquidity -2 (0.0cr), VolRisk HIGH, Sector UNKNOWN 0",0,0,LOW,,,,,,,0,0,,,0,,0,66.8,HIGH,-0.72,NEUTRAL,"AI overlay from completed recommendation outcomes; use as probability/risk input, not standalone advice."
TMPV,2026-09-28,281.75,185952.0,0,NEUTRAL,24.62,-1.1181,26.73,300.92,317.67,342.85,8.15,-0.155,3.88,1.82,269.52,302.13,1.67,RSI oversold rebound candidate; MACD weak; Trend strength acceptable; Volume expansion,UNKNOWN,-6.1,-9.55,-16.26,0.0,2.89,1,-2,1,-2,0,MEDIUM,0,,,0,-2,-0.5,1.5,E,"Trend 1, Momentum -2, Volume 1, Liquidity -2 (0.0cr), VolRisk MEDIUM, Sector UNKNOWN 0",0,0,0,NEUTRAL,News 0; event caution 0; risk LOW; type ; confidence ; reason . ,-2,MEDIUM,CAUTIOUS,Nifty 20D return -3.9448571751706463; 60D return -4.281982537022666; Crude 20D change 11.414863871570024; India VIX latest; 20D change 9.84643344748708; USDINR 20D change 0.9026990410958335,-2.0,NEUTRAL,0,-2.5,NEUTRAL,"Tech 0 | News 0 (, ) | Event caution 0 | Macro -2 | Sector 0 | Analytics -0.5 (E) | Risk LOW/MEDIUM | Analytics: Trend 1, Momentum -2, Volume 1, Liquidity -2 (0.0cr), VolRisk MEDIUM, Sector UNKNOWN 0",0,0,LOW,,,,,,,0,0,,,0,,0,63.7,MEDIUM,-1.13,NEUTRAL,"AI overlay from completed recommendation outcomes; use as probability/risk input, not standalone advice."
SUZLON,2026-09-28,39.66,157896.0,0,NEUTRAL,19.09,-0.2154,43.33,43.15,45.6,48.96,1.2,-0.006,2.57,1.64,37.87,42.65,1.67,RSI oversold rebound candidate; MACD weak; Trend strength acceptable; Volume expansion,UNKNOWN,-7.77,-12.55,-25.3,0.0,3.01,1,-2,1,-2,0,MEDIUM,0,,,0,-2,-0.5,1.5,E,"Trend 1, Momentum -2, Volume 1, Liquidity -2 (0.0cr), VolRisk MEDIUM, Sector UNKNOWN 0",0,0,0,NEUTRAL,News 0; event caution 0; risk LOW; type ; confidence ; reason . ,-2,MEDIUM,CAUTIOUS,Nifty 20D return -3.9448571751706463; 60D return -4.281982537022666; Crude 20D change 11.414863871570024; India VIX latest; 20D change 9.84643344748708; USDINR 20D change 0.9026990410958335,-2.0,NEUTRAL,0,-2.5,NEUTRAL,"Tech 0 | News 0 (, ) | Event caution 0 | Macro -2 | Sector 0 | Analytics -0.5 (E) | Risk LOW/MEDIUM | Analytics: Trend 1, Momentum -2, Volume 1, Liquidity -2 (0.0cr), VolRisk MEDIUM, Sector UNKNOWN 0",0,0,LOW,,,,,,,0,0,,,0,,0,59.8,MEDIUM,-1.52,NEUTRAL,"AI overlay from completed recommendation outcomes; use as probability/risk input, not standalone advice."
BDL,2026-09-28,1115.0,58833.0,0,NEUTRAL,27.34,-2.0691,30.54,1183.97,1262.2,1290.23,35.58,0.095,19.69,1.53,1061.64,1203.94,1.67,RSI oversold rebound candidate; MACD weak; Trend strength acceptable; Volume expansion,UNKNOWN,-5.11,-11.35,-14.42,0.0,3.19,1,-2,1,-2,0,MEDIUM,0,,,0,-2,-0.5,1.5,E,"Trend 1, Momentum -2, Volume 1, Liquidity -2 (0.0cr), VolRisk MEDIUM, Sector UNKNOWN 0",0,0,0,NEUTRAL,News 0; event caution 0; risk LOW; type ; confidence ; reason . ,-2,MEDIUM,CAUTIOUS,Nifty 20D return -3.9448571751706463; 60D return -4.281982537022666; Crude 20D change 11.414863871570024; India VIX latest; 20D change 9.84643344748708; USDINR 20D change 0.9026990410958335,-2.0,NEUTRAL,0,-2.5,NEUTRAL,"Tech 0 | News 0 (, ) | Event caution 0 | Macro -2 | Sector 0 | Analytics -0.5 (E) | Risk LOW/MEDIUM | Analytics: Trend 1, Momentum -2, Volume 1, Liquidity -2 (0.0cr), VolRisk MEDIUM, Sector UNKNOWN 0",0,0,LOW,,,,,,,0,0,,,0,,0,65.8,HIGH,-0.92,NEUTRAL,"AI overlay from completed recommendation outcomes; use as probability/risk input, not standalone advice."
MAZDOCK,2026-09-28,2138.0,39422.0,0,NEUTRAL,22.42,-10.5677,40.65,2304.64,2431.96,2431.64,61.23,0.116,2.96,1.21,2046.15,2291.08,1.67,RSI oversold rebound candidate; MACD weak; Trend strength acceptable; Volume expansion,UNKNOWN,-4.21,-13.05,-9.46,0.0,2.86,1,-2,1,-2,0,MEDIUM,0,,,0,-2,-0.5,1.5,E,"Trend 1, Momentum -2, Volume 1, Liquidity -2 (0.0cr), VolRisk MEDIUM, Sector UNKNOWN 0",0,0,0,NEUTRAL,News 0; event caution 0; risk LOW; type ; confidence ; reason . ,-2,MEDIUM,CAUTIOUS,Nifty 20D return -3.9448571751706463; 60D return -4.281982537022666; Crude 20D change 11.414863871570024; India VIX latest; 20D change 9.84643344748708; USDINR 20D change 0.9026990410958335,-2.0,NEUTRAL,0,-2.5,NEUTRAL,"Tech 0 | News 0 (, ) | Event caution 0 | Macro -2 | Sector 0 | Analytics -0.5 (E) | Risk LOW/MEDIUM | Analytics: Trend 1, Momentum -2, Volume 1, Liquidity -2 (0.0cr), VolRisk MEDIUM, Sector UNKNOWN 0",0,0,LOW,,,,,,,0,0,,,0,,0,68.2,HIGH,-0.68,NEUTRAL,"AI overlay from completed recommendation outcomes; use as probability/risk input, not standalone advice."
GRSE,2026-09-28,2245.3,36361.0,0,NEUTRAL,26.43,-12.0051,27.95,2436.86,2534.0,2561.12,74.21,0.055,2.56,1.22,2133.98,2430.83,1.67,RSI oversold rebound candidate; MACD weak; Trend strength acceptable; Volume expansion,UNKNOWN,-6.9,-13.89,-18.98,0.0,3.31,1,-2,1,-2,0,MEDIUM,0,,,0,-2,-0.5,1.5,E,"Trend 1, Momentum -2, Volume 1, Liquidity -2 (0.0cr), VolRisk MEDIUM, Sector UNKNOWN 0",0,0,0,NEUTRAL,News 0; event caution 0; risk LOW; type ; confidence ; reason . ,-2,MEDIUM,CAUTIOUS,Nifty 20D return -3.9448571751706463; 60D return -4.281982537022666; Crude 20D change 11.414863871570024; India VIX latest; 20D change 9.84643344748708; USDINR 20D change 0.9026990410958335,-2.0,NEUTRAL,0,-2.5,NEUTRAL,"Tech 0 | News 0 (, ) | Event caution 0 | Macro -2 | Sector 0 | Analytics -0.5 (E) | Risk LOW/MEDIUM | Analytics: Trend 1, Momentum -2, Volume 1, Liquidity -2 (0.0cr), VolRisk MEDIUM, Sector UNKNOWN 0",0,0,LOW,,,,,,,0,0,,,0,,0,58.9,MEDIUM,-1.61,NEUTRAL,"AI overlay from completed recommendation outcomes; use as probability/risk input, not standalone advice."
BHARATCOAL,2026-09-28,32.51,35665.0,0,NEUTRAL,28.77,-0.2217,31.3,35.98,38.39,,1.57,0.05,4.0,1.22,30.16,36.43,1.67,RSI oversold rebound candidate; MACD weak; Trend strength acceptable; Volume expansion,UNKNOWN,-3.79,-18.79,-15.36,0.0,4.82,1,-2,1,-2,0,MEDIUM,0,,,0,-2,-0.5,1.5,E,"Trend 1, Momentum -2, Volume 1, Liquidity -2 (0.0cr), VolRisk MEDIUM, Sector UNKNOWN 0",0,0,0,NEUTRAL,News 0; event caution 0; risk LOW; type ; confidence ; reason . ,-2,MEDIUM,CAUTIOUS,Nifty 20D return -3.9448571751706463; 60D return -4.281982537022666; Crude 20D change 11.414863871570024; India VIX latest; 20D change 9.84643344748708; USDINR 20D change 0.9026990410958335,-2.0,NEUTRAL,0,-2.5,NEUTRAL,"Tech 0 | News 0 (, ) | Event caution 0 | Macro -2 | Sector 0 | Analytics -0.5 (E) | Risk LOW/MEDIUM | Analytics: Trend 1, Momentum -2, Volume 1, Liquidity -2 (0.0cr), VolRisk MEDIUM, Sector UNKNOWN 0",0,0,LOW,,,,,,,0,0,,,0,,0,64.3,MEDIUM,-1.07,NEUTRAL,"AI overlay from completed recommendation outcomes; use as probability/risk input, not standalone advice."
KNRCON,2026-09-20,124.8,26136.0,0,NEUTRAL,48.07,-0.1327,10.7,126.89,126.98,,6.89,0.421,75.64,0.92,114.47,142.02,1.67,RSI in swing zone; MACD weak; Weak trend; Bollinger position healthy,UNKNOWN,-0.68,-6.14,3.07,0.0,5.52,0,1,0,-2,-1,HIGH,0,,,0,-3,-0.5,1.0,E,"Trend 0, Momentum 1, Volume 0, Liquidity -2 (0.0cr), VolRisk HIGH, Sector UNKNOWN 0",0,0,0,NEUTRAL,News 0; event caution 0; risk LOW; type ; confidence ; reason . ,-2,MEDIUM,CAUTIOUS,Nifty 20D return -3.9448571751706463; 60D return -4.281982537022666; Crude 20D change 11.414863871570024; India VIX latest; 20D change 9.84643344748708; USDINR 20D change 0.9026990410958335,-2.0,NEUTRAL,0,-2.5,NEUTRAL,"Tech 0 | News 0 (, ) | Event caution 0 | Macro -2 | Sector 0 | Analytics -0.5 (E) | Risk LOW/MEDIUM | Analytics: Trend 0, Momentum 1, Volume 0, Liquidity -2 (0.0cr), VolRisk HIGH, Sector UNKNOWN 0",0,0,LOW,,,,,,,0,0,,,0,,0,66.0,HIGH,-0.9,NEUTRAL,"AI overlay from completed recommendation outcomes; use as probability/risk input, not standalone advice."
EPL,2026-09-28,235.0,22453.0,0,NEUTRAL,42.9,-0.339,11.68,240.02,242.71,,8.44,0.248,41.92,0.72,222.34,256.09,1.67,RSI in swing zone; MACD weak; Weak trend; Bollinger position healthy,UNKNOWN,-0.7,-4.68,7.93,0.0,3.59,0,0,0,-2,0,MEDIUM,0,,,0,-2,-0.5,1.5,E,"Trend 0, Momentum 0, Volume 0, Liquidity -2 (0.0cr), VolRisk MEDIUM, Sector UNKNOWN 0",0,0,0,NEUTRAL,News 0; event caution 0; risk LOW; type ; confidence ; reason . ,-2,MEDIUM,CAUTIOUS,Nifty 20D return -3.9448571751706463; 60D return -4.281982537022666; Crude 20D change 11.414863871570024; India VIX latest; 20D change 9.84643344748708; USDINR 20D change 0.9026990410958335,-2.0,NEUTRAL,0,-2.5,NEUTRAL,"Tech 0 | News 0 (, ) | Event caution 0 | Macro -2 | Sector 0 | Analytics -0.5 (E) | Risk LOW/MEDIUM | Analytics: Trend 0, Momentum 0, Volume 0, Liquidity -2 (0.0cr), VolRisk MEDIUM, Sector UNKNOWN 0",0,0,LOW,,,,,,,0,0,,,0,,0,65.4,HIGH,-0.96,NEUTRAL,"AI overlay from completed recommendation outcomes; use as probability/risk input, not standalone advice."
NATIONALUM,2026-09-28,349.0,70375.0,2,NEUTRAL,37.98,0.1681,18.98,360.06,375.05,380.09,10.26,0.179,22.52,1.28,333.61,374.65,1.67,MACD bullish; Volume expansion,METALS,-0.91,-6.71,1.78,0.0,2.94,0,2,1,-2,0,MEDIUM,-3,30.0,-0.68,-2,-2,-0.6,1.25,D,"Trend 0, Momentum 2, Volume 1, Liquidity -2 (0.0cr), VolRisk MEDIUM, Sector METALS -3",2,2,2,NEUTRAL,News 0; event caution 0; risk LOW; type ; confidence ; reason . ,-2,MEDIUM,CAUTIOUS,Nifty 20D return -3.9448571751706463; 60D return -4.281982537022666; Crude 20D change 11.414863871570024; India VIX latest; 20D change 9.84643344748708; USDINR 20D change 0.9026990410958335,-2.0,NEUTRAL,2,-2.6,NEUTRAL,"Tech 2 | News 0 (, ) | Event caution 0 | Macro -2 | Sector -2 | Analytics -0.6 (D) | Risk LOW/MEDIUM | Analytics: Trend 0, Momentum 2, Volume 1, Liquidity -2 (0.0cr), VolRisk MEDIUM, Sector METALS -3",0,0,LOW,,,,,,,0,0,,,0,,0,65.3,HIGH,-1.07,NEUTRAL,"AI overlay from completed recommendation outcomes; use as probability/risk input, not standalone advice."
KALYANKJIL,2026-09-28,564.0,43729.0,-1,NEUTRAL,35.29,-3.0146,23.9,589.57,597.25,459.1,16.89,0.063,8.37,0.68,538.66,606.23,1.67,MACD weak; Trend strength acceptable; Long-term trend positive,UNKNOWN,-3.28,-5.81,-1.05,0.0,3.0,2,0,0,-2,0,MEDIUM,0,,,0,-2,0.4,1.5,E,"Trend 2, Momentum 0, Volume 0, Liquidity -2 (0.0cr), VolRisk MEDIUM, Sector UNKNOWN 0",-1,-1,-1,NEUTRAL,News 0; event caution 0; risk LOW; type ; confidence ; reason . ,-2,MEDIUM,CAUTIOUS,Nifty 20D return -3.9448571751706463; 60D return -4.281982537022666; Crude 20D change 11.414863871570024; India VIX latest; 20D change 9.84643344748708; USDINR 20D change 0.9026990410958335,-3.0,SELL/AVOID,-1,-2.6,NEUTRAL,"Tech -1 | News 0 (, ) | Event caution 0 | Macro -2 | Sector 0 | Analytics 0.4 (E) | Risk LOW/MEDIUM | Analytics: Trend 2, Momentum 0, Volume 0, Liquidity -2 (0.0cr), VolRisk MEDIUM, Sector UNKNOWN 0",0,0,LOW,,,,,,,0,0,,,0,,0,70.5,HIGH,-0.55,NEUTRAL,"AI overlay from completed recommendation outcomes; use as probability/risk input, not standalone advice."
KARURVYSYA,2026-09-28,320.75,31885.0,-1,NEUTRAL,37.15,-1.1361,24.58,333.16,337.01,308.17,8.36,0.159,12.56,0.89,308.22,341.64,1.67,MACD weak; Trend strength acceptable; Long-term trend positive,UNKNOWN,0.19,-7.46,3.53,0.0,2.6,2,0,0,-2,0,MEDIUM,0,,,0,-2,0.4,1.5,E,"Trend 2, Momentum 0, Volume 0, Liquidity -2 (0.0cr), VolRisk MEDIUM, Sector UNKNOWN 0",-1,-1,-1,NEUTRAL,News 0; event caution 0; risk LOW; type ; confidence ; reason . ,-2,MEDIUM,CAUTIOUS,Nifty 20D return -3.9448571751706463; 60D return -4.281982537022666; Crude 20D change 11.414863871570024; India VIX latest; 20D change 9.84643344748708; USDINR 20D change 0.9026990410958335,-3.0,SELL/AVOID,-1,-2.6,NEUTRAL,"Tech -1 | News 0 (, ) | Event caution 0 | Macro -2 | Sector 0 | Analytics 0.4 (E) | Risk LOW/MEDIUM | Analytics: Trend 2, Momentum 0, Volume 0, Liquidity -2 (0.0cr), VolRisk MEDIUM, Sector UNKNOWN 0",0,0,LOW,,,,,,,0,0,,,0,,0,70.8,HIGH,-0.52,NEUTRAL,"AI overlay from completed recommendation outcomes; use as probability/risk input, not standalone advice."
HYUNDAI,2026-09-28,2050.7,31181.0,-1,NEUTRAL,35.73,-11.5267,23.25,2154.91,2188.47,2009.42,58.38,-0.009,5.32,0.8,1963.13,2196.65,1.67,MACD weak; Trend strength acceptable; Long-term trend positive,UNKNOWN,-2.39,-7.0,2.88,0.0,2.85,2,0,0,-2,0,MEDIUM,0,,,0,-2,0.4,1.5,E,"Trend 2, Momentum 0, Volume 0, Liquidity -2 (0.0cr), VolRisk MEDIUM, Sector UNKNOWN 0",-1,-1,-1,NEUTRAL,News 0; event caution 0; risk LOW; type ; confidence ; reason . ,-2,MEDIUM,CAUTIOUS,Nifty 20D return -3.9448571751706463; 60D return -4.281982537022666; Crude 20D change 11.414863871570024; India VIX latest; 20D change 9.84643344748708; USDINR 20D change 0.9026990410958335,-3.0,SELL/AVOID,-1,-2.6,NEUTRAL,"Tech -1 | News 0 (, ) | Event caution 0 | Macro -2 | Sector 0 | Analytics 0.4 (E) | Risk LOW/MEDIUM | Analytics: Trend 2, Momentum 0, Volume 0, Liquidity -2 (0.0cr), VolRisk MEDIUM, Sector UNKNOWN 0",0,0,LOW,,,,,,,0,0,,,0,,0,69.9,HIGH,-0.61,NEUTRAL,"AI overlay from completed recommendation outcomes; use as probability/risk input, not standalone advice."
AVANTEL,2026-09-27,155.94,22209.0,0,NEUTRAL,40.82,-3.6392,21.27,171.82,163.76,,10.16,0.157,23.63,0.53,140.69,181.35,1.67,RSI in swing zone; MACD weak,UNKNOWN,-5.36,-10.79,16.04,0.0,6.52,1,0,-1,-2,-1,HIGH,0,,,0,-3,-0.65,1.0,E,"Trend 1, Momentum 0, Volume -1, Liquidity -2 (0.0cr), VolRisk HIGH, Sector UNKNOWN 0",0,0,0,NEUTRAL,News 0; event caution 0; risk LOW; type ; confidence ; reason . ,-2,MEDIUM,CAUTIOUS,Nifty 20D return -3.9448571751706463; 60D return -4.281982537022666; Crude 20D change 11.414863871570024; India VIX latest; 20D change 9.84643344748708; USDINR 20D change 0.9026990410958335,-2.0,NEUTRAL,0,-2.65,NEUTRAL,"Tech 0 | News 0 (, ) | Event caution 0 | Macro -2 | Sector 0 | Analytics -0.65 (E) | Risk LOW/MEDIUM | Analytics: Trend 1, Momentum 0, Volume -1, Liquidity -2 (0.0cr), VolRisk HIGH, Sector UNKNOWN 0",0,0,LOW,,,,,,,0,0,,,0,,0,67.4,HIGH,-0.91,NEUTRAL,"AI overlay from completed recommendation outcomes; use as probability/risk input, not standalone advice."
SILVERIETF,2026-09-28,220.2,30543.0,-1,NEUTRAL,39.84,-1.1886,20.26,228.54,226.4,,6.37,0.25,4.34,1.34,210.64,236.13,1.67,MACD weak; Bollinger position healthy; Volume expansion,UNKNOWN,-3.2,-0.92,-15.64,0.0,2.89,1,0,1,-2,0,MEDIUM,0,,,0,-2,0.2,1.5,E,"Trend 1, Momentum 0, Volume 1, Liquidity -2 (0.0cr), VolRisk MEDIUM, Sector UNKNOWN 0",-1,-1,-1,NEUTRAL,News 0; event caution 0; risk LOW; type ; confidence ; reason . ,-2,MEDIUM,CAUTIOUS,Nifty 20D return -3.9448571751706463; 60D return -4.281982537022666; Crude 20D change 11.414863871570024; India VIX latest; 20D change 9.84643344748708; USDINR 20D change 0.9026990410958335,-3.0,SELL/AVOID,-1,-2.8,NEUTRAL,"Tech -1 | News 0 (, ) | Event caution 0 | Macro -2 | Sector 0 | Analytics 0.2 (E) | Risk LOW/MEDIUM | Analytics: Trend 1, Momentum 0, Volume 1, Liquidity -2 (0.0cr), VolRisk MEDIUM, Sector UNKNOWN 0",0,0,LOW,,,,,,,0,0,,,0,,0,67.7,HIGH,-1.03,NEUTRAL,"AI overlay from completed recommendation outcomes; use as probability/risk input, not standalone advice."
CEMPRO,2026-09-16,1235.1,37969.0,3,NEUTRAL,43.56,-9.5296,24.77,1286.98,1311.25,,75.1,0.253,38.73,1.43,1122.45,1422.85,1.67,RSI in swing zone; MACD weak; Trend strength acceptable; Bollinger position healthy; Volume expansion,CEMENT,-4.8,-9.1,37.3,0.0,6.08,1,0,1,-2,-1,HIGH,-2,28.6,0.69,-3,-3,-0.85,0.75,D,"Trend 1, Momentum 0, Volume 1, Liquidity -2 (0.0cr), VolRisk HIGH, Sector CEMENT -2",3,3,3,NEUTRAL,News 0; event caution 0; risk LOW; type ; confidence ; reason . ,-2,MEDIUM,CAUTIOUS,Nifty 20D return -3.9448571751706463; 60D return -4.281982537022666; Crude 20D change 11.414863871570024; India VIX latest; 20D change 9.84643344748708; USDINR 20D change 0.9026990410958335,-2.0,NEUTRAL,3,-2.85,NEUTRAL,"Tech 3 | News 0 (, ) | Event caution 0 | Macro -2 | Sector -3 | Analytics -0.85 (D) | Risk LOW/MEDIUM | Analytics: Trend 1, Momentum 0, Volume 1, Liquidity -2 (0.0cr), VolRisk HIGH, Sector CEMENT -2",0,0,LOW,,,,,,,0,0,,,0,,-1,62.9,MEDIUM,-1.56,NEUTRAL,"AI overlay from completed recommendation outcomes; use as probability/risk input, not standalone advice."
J&KBANK,2026-09-21,145.95,31279.0,2,NEUTRAL,39.92,0.457,20.61,148.05,160.83,,4.86,0.237,26.06,1.06,138.66,158.1,1.67,MACD bullish; Bollinger position healthy,BANK,0.83,-1.37,-7.86,0.0,3.33,0,2,0,-2,0,MEDIUM,-3,15.4,-0.84,-2,-2,-0.85,1.25,D,"Trend 0, Momentum 2, Volume 0, Liquidity -2 (0.0cr), VolRisk MEDIUM, Sector BANK -3",2,2,2,NEUTRAL,News 0; event caution 0; risk LOW; type ; confidence ; reason . ,-2,MEDIUM,CAUTIOUS,Nifty 20D return -3.9448571751706463; 60D return -4.281982537022666; Crude 20D change 11.414863871570024; India VIX latest; 20D change 9.84643344748708; USDINR 20D change 0.9026990410958335,-2.0,NEUTRAL,2,-2.85,NEUTRAL,"Tech 2 | News 0 (, ) | Event caution 0 | Macro -2 | Sector -2 | Analytics -0.85 (D) | Risk LOW/MEDIUM | Analytics: Trend 0, Momentum 2, Volume 0, Liquidity -2 (0.0cr), VolRisk MEDIUM, Sector BANK -3",0,0,LOW,,,,,,,0,0,,,0,,0,64.5,MEDIUM,-1.4,NEUTRAL,"AI overlay from completed recommendation outcomes; use as probability/risk input, not standalone advice."
RAILTEL,2026-09-17,259.25,36276.0,0,NEUTRAL,27.8,-3.2976,28.02,299.78,307.93,,13.32,-0.035,8.92,1.27,239.27,292.55,1.67,RSI oversold rebound candidate; MACD weak; Trend strength acceptable; Volume expansion,UNKNOWN,-8.88,-24.33,-4.51,0.0,5.14,1,-2,1,-2,-1,HIGH,0,,,0,-3,-0.85,1.0,E,"Trend 1, Momentum -2, Volume 1, Liquidity -2 (0.0cr), VolRisk HIGH, Sector UNKNOWN 0",0,0,0,NEUTRAL,News 0; event caution 0; risk LOW; type ; confidence ; reason . ,-2,MEDIUM,CAUTIOUS,Nifty 20D return -3.9448571751706463; 60D return -4.281982537022666; Crude 20D change 11.414863871570024; India VIX latest; 20D change 9.84643344748708; USDINR 20D change 0.9026990410958335,-2.0,NEUTRAL,0,-2.85,NEUTRAL,"Tech 0 | News 0 (, ) | Event caution 0 | Macro -2 | Sector 0 | Analytics -0.85 (E) | Risk LOW/MEDIUM | Analytics: Trend 1, Momentum -2, Volume 1, Liquidity -2 (0.0cr), VolRisk HIGH, Sector UNKNOWN 0",0,0,LOW,,,,,,,0,0,,,0,,0,67.8,HIGH,-1.07,NEUTRAL,"AI overlay from completed recommendation outcomes; use as probability/risk input, not standalone advice."
OIL,2026-09-28,468.0,26680.0,1,NEUTRAL,43.4,-3.6867,28.24,485.56,469.29,467.4,14.78,0.039,9.28,0.66,445.82,504.96,1.67,RSI in swing zone; MACD weak; Trend strength acceptable; Long-term trend positive,OIL_GAS,-1.97,-3.08,9.98,0.0,3.16,3,0,0,-2,0,MEDIUM,-2,10.0,1.01,-2,-2,0.15,1.25,D,"Trend 3, Momentum 0, Volume 0, Liquidity -2 (0.0cr), VolRisk MEDIUM, Sector OIL_GAS -2",1,1,1,NEUTRAL,News 0; event caution 0; risk LOW; type ; confidence ; reason . ,-2,MEDIUM,CAUTIOUS,Nifty 20D return -3.9448571751706463; 60D return -4.281982537022666; Crude 20D change 11.414863871570024; India VIX latest; 20D change 9.84643344748708; USDINR 20D change 0.9026990410958335,-3.0,SELL/AVOID,1,-2.85,NEUTRAL,"Tech 1 | News 0 (, ) | Event caution 0 | Macro -2 | Sector -2 | Analytics 0.15 (D) | Risk LOW/MEDIUM | Analytics: Trend 3, Momentum 0, Volume 0, Liquidity -2 (0.0cr), VolRisk MEDIUM, Sector OIL_GAS -2",0,0,LOW,,,,,,,0,0,,,0,,0,61.9,MEDIUM,-1.66,NEUTRAL,"AI overlay from completed recommendation outcomes; use as probability/risk input, not standalone advice."
ONGC,2026-09-28,230.0,117997.0,1,NEUTRAL,39.06,0.0102,21.0,234.67,236.19,260.77,4.35,-0.025,1.13,1.37,223.48,240.87,1.67,MACD bullish; Volume expansion,OIL_GAS,-2.6,-1.98,-7.85,0.0,1.89,0,2,1,-2,1,LOW,-2,10.0,1.01,-2,-1,0.1,1.25,D,"Trend 0, Momentum 2, Volume 1, Liquidity -2 (0.0cr), VolRisk LOW, Sector OIL_GAS -2",1,1,1,NEUTRAL,News 0; event caution 0; risk LOW; type ; confidence ; reason . ,-2,MEDIUM,CAUTIOUS,Nifty 20D return -3.9448571751706463; 60D return -4.281982537022666; Crude 20D change 11.414863871570024; India VIX latest; 20D change 9.84643344748708; USDINR 20D change 0.9026990410958335,-3.0,SELL/AVOID,1,-2.9,NEUTRAL,"Tech 1 | News 0 (, ) | Event caution 0 | Macro -2 | Sector -2 | Analytics 0.1 (D) | Risk LOW/MEDIUM | Analytics: Trend 0, Momentum 2, Volume 1, Liquidity -2 (0.0cr), VolRisk LOW, Sector OIL_GAS -2",0,0,LOW,,,,,,,0,0,,,0,,0,62.9,MEDIUM,-1.61,NEUTRAL,"AI overlay from completed recommendation outcomes; use as probability/risk input, not standalone advice."
IDFCFIRSTB,2026-09-28,80.55,85540.0,1,NEUTRAL,32.72,-0.5318,22.64,85.5,85.4,75.77,1.85,-0.28,1.09,1.28,77.77,85.19,1.67,RSI oversold rebound candidate; MACD weak; Trend strength acceptable; Long-term trend positive; Volume expansion,BANK,-5.65,-7.1,-1.5,0.0,2.3,3,-1,1,-2,1,LOW,-3,15.4,-0.84,-2,-1,0.05,1.25,D,"Trend 3, Momentum -1, Volume 1, Liquidity -2 (0.0cr), VolRisk LOW, Sector BANK -3",1,1,1,NEUTRAL,News 0; event caution 0; risk LOW; type ; confidence ; reason . ,-2,MEDIUM,CAUTIOUS,Nifty 20D return -3.9448571751706463; 60D return -4.281982537022666; Crude 20D change 11.414863871570024; India VIX latest; 20D change 9.84643344748708; USDINR 20D change 0.9026990410958335,-3.0,SELL/AVOID,1,-2.95,NEUTRAL,"Tech 1 | News 0 (, ) | Event caution 0 | Macro -2 | Sector -2 | Analytics 0.05 (D) | Risk LOW/MEDIUM | Analytics: Trend 3, Momentum -1, Volume 1, Liquidity -2 (0.0cr), VolRisk LOW, Sector BANK -3",0,0,LOW,,,,,,,0,0,,,0,,0,63.7,MEDIUM,-1.58,NEUTRAL,"AI overlay from completed recommendation outcomes; use as probability/risk input, not standalone advice."
ANTHEM,2026-09-28,851.1,37765.0,-1,NEUTRAL,32.13,-11.0576,27.15,917.2,891.64,,28.45,-0.047,1.86,0.84,808.42,922.23,1.67,RSI oversold rebound candidate; MACD weak; Trend strength acceptable,UNKNOWN,-4.55,-8.88,9.54,0.0,3.34,2,-1,0,-2,0,MEDIUM,0,,,0,-2,0.05,1.5,E,"Trend 2, Momentum -1, Volume 0, Liquidity -2 (0.0cr), VolRisk MEDIUM, Sector UNKNOWN 0",-1,-1,-1,NEUTRAL,News 0; event caution 0; risk LOW; type ; confidence ; reason . ,-2,MEDIUM,CAUTIOUS,Nifty 20D return -3.9448571751706463; 60D return -4.281982537022666; Crude 20D change 11.414863871570024; India VIX latest; 20D change 9.84643344748708; USDINR 20D change 0.9026990410958335,-3.0,SELL/AVOID,-1,-2.95,NEUTRAL,"Tech -1 | News 0 (, ) | Event caution 0 | Macro -2 | Sector 0 | Analytics 0.05 (E) | Risk LOW/MEDIUM | Analytics: Trend 2, Momentum -1, Volume 0, Liquidity -2 (0.0cr), VolRisk MEDIUM, Sector UNKNOWN 0",0,0,LOW,,,,,,,0,0,,,0,,0,70.3,HIGH,-0.92,NEUTRAL,"AI overlay from completed recommendation outcomes; use as probability/risk input, not standalone advice."
HDFCLIFE,2026-09-28,531.6,37522.0,2,NEUTRAL,45.27,-0.9042,24.17,537.47,540.79,593.8,15.72,0.399,32.96,0.52,508.02,570.9,1.67,RSI in swing zone; MACD weak; Trend strength acceptable; Bollinger position healthy,FINANCIALS,-4.94,-2.71,-5.85,0.0,2.96,1,1,-1,-2,0,MEDIUM,-3,22.7,-2.46,-2,-2,-1.0,1.25,D,"Trend 1, Momentum 1, Volume -1, Liquidity -2 (0.0cr), VolRisk MEDIUM, Sector FINANCIALS -3",2,2,2,NEUTRAL,News 0; event caution 0; risk LOW; type ; confidence ; reason . ,-2,MEDIUM,CAUTIOUS,Nifty 20D return -3.9448571751706463; 60D return -4.281982537022666; Crude 20D change 11.414863871570024; India VIX latest; 20D change 9.84643344748708; USDINR 20D change 0.9026990410958335,-2.0,NEUTRAL,2,-3.0,SELL/AVOID,"Tech 2 | News 0 (, ) | Event caution 0 | Macro -2 | Sector -2 | Analytics -1 (D) | Risk LOW/MEDIUM | Analytics: Trend 1, Momentum 1, Volume -1, Liquidity -2 (0.0cr), VolRisk MEDIUM, Sector FINANCIALS -3",0,0,LOW,,,,,,,0,0,,,0,,0,66.3,HIGH,-1.37,SELL/AVOID,"AI overlay from completed recommendation outcomes; use as probability/risk input, not standalone advice."
INOXGREEN,2026-09-23,174.81,24860.0,2,NEUTRAL,41.16,-3.666,21.62,190.06,173.8,,11.55,0.204,12.52,0.92,157.49,203.68,1.67,RSI in swing zone; MACD weak; Above SMA50; Bollinger position healthy,POWER,-8.62,-1.69,10.19,0.0,6.61,2,0,0,-2,-1,HIGH,-3,13.6,-0.99,-2,-3,-1.0,0.75,D,"Trend 2, Momentum 0, Volume 0, Liquidity -2 (0.0cr), VolRisk HIGH, Sector POWER -3",2,2,2,NEUTRAL,News 0; event caution 0; risk LOW; type ; confidence ; reason . ,-2,MEDIUM,CAUTIOUS,Nifty 20D return -3.9448571751706463; 60D return -4.281982537022666; Crude 20D change 11.414863871570024; India VIX latest; 20D change 9.84643344748708; USDINR 20D change 0.9026990410958335,-2.0,NEUTRAL,2,-3.0,SELL/AVOID,"Tech 2 | News 0 (, ) | Event caution 0 | Macro -2 | Sector -2 | Analytics -1 (D) | Risk LOW/MEDIUM | Analytics: Trend 2, Momentum 0, Volume 0, Liquidity -2 (0.0cr), VolRisk HIGH, Sector POWER -3",0,0,LOW,,,,,,,0,0,,,0,,0,67.3,HIGH,-1.27,SELL/AVOID,"AI overlay from completed recommendation outcomes; use as probability/risk input, not standalone advice."
NESTLEIND,2026-09-28,1346.0,44912.0,1,NEUTRAL,35.8,0.4243,34.67,1377.91,1440.87,1376.83,28.73,0.023,19.3,0.92,1302.91,1417.81,1.67,MACD bullish; Trend strength acceptable,FMCG,-1.31,-4.57,-6.93,0.0,2.13,1,2,0,-2,1,LOW,-3,33.3,-0.2,-2,-1,-0.05,1.25,E,"Trend 1, Momentum 2, Volume 0, Liquidity -2 (0.0cr), VolRisk LOW, Sector FMCG -3",1,1,1,NEUTRAL,News 0; event caution 0; risk LOW; type ; confidence ; reason . ,-2,MEDIUM,CAUTIOUS,Nifty 20D return -3.9448571751706463; 60D return -4.281982537022666; Crude 20D change 11.414863871570024; India VIX latest; 20D change 9.84643344748708; USDINR 20D change 0.9026990410958335,-3.0,SELL/AVOID,1,-3.05,SELL/AVOID,"Tech 1 | News 0 (, ) | Event caution 0 | Macro -2 | Sector -2 | Analytics -0.05 (E) | Risk LOW/MEDIUM | Analytics: Trend 1, Momentum 2, Volume 0, Liquidity -2 (0.0cr), VolRisk LOW, Sector FMCG -3",0,0,LOW,,,,,,,0,0,,,0,,0,62.3,MEDIUM,-1.82,SELL/AVOID,"AI overlay from completed recommendation outcomes; use as probability/risk input, not standalone advice."
GAIL,2026-09-28,172.45,37868.0,1,NEUTRAL,47.26,-0.0146,11.59,173.26,173.85,165.46,2.79,0.35,57.74,0.9,168.27,179.42,1.67,RSI in swing zone; MACD weak; Weak trend; Long-term trend positive; Bollinger position healthy,OIL_GAS,0.35,-0.55,-0.32,0.0,1.62,1,1,0,-2,1,LOW,-2,10.0,1.01,-2,-1,-0.05,1.25,E,"Trend 1, Momentum 1, Volume 0, Liquidity -2 (0.0cr), VolRisk LOW, Sector OIL_GAS -2",1,1,1,NEUTRAL,News 0; event caution 0; risk LOW; type ; confidence ; reason . ,-2,MEDIUM,CAUTIOUS,Nifty 20D return -3.9448571751706463; 60D return -4.281982537022666; Crude 20D change 11.414863871570024; India VIX latest; 20D change 9.84643344748708; USDINR 20D change 0.9026990410958335,-3.0,SELL/AVOID,1,-3.05,SELL/AVOID,"Tech 1 | News 0 (, ) | Event caution 0 | Macro -2 | Sector -2 | Analytics -0.05 (E) | Risk LOW/MEDIUM | Analytics: Trend 1, Momentum 1, Volume 0, Liquidity -2 (0.0cr), VolRisk LOW, Sector OIL_GAS -2",0,0,LOW,,,,,,,0,0,,,0,,0,61.2,MEDIUM,-1.93,SELL/AVOID,"AI overlay from completed recommendation outcomes; use as probability/risk input, not standalone advice."
INOXWIND,2026-09-28,72.0,26519.0,-1,NEUTRAL,41.22,-0.2433,15.92,74.82,74.99,86.7,2.51,0.181,0.0,0.67,68.23,78.28,1.67,RSI in swing zone; MACD weak,UNKNOWN,-7.57,2.32,-9.98,0.0,3.49,1,0,0,-2,0,MEDIUM,0,,,0,-2,-0.05,1.5,E,"Trend 1, Momentum 0, Volume 0, Liquidity -2 (0.0cr), VolRisk MEDIUM, Sector UNKNOWN 0",-1,-1,-1,NEUTRAL,News 0; event caution 0; risk LOW; type ; confidence ; reason . ,-2,MEDIUM,CAUTIOUS,Nifty 20D return -3.9448571751706463; 60D return -4.281982537022666; Crude 20D change 11.414863871570024; India VIX latest; 20D change 9.84643344748708; USDINR 20D change 0.9026990410958335,-3.0,SELL/AVOID,-1,-3.05,SELL/AVOID,"Tech -1 | News 0 (, ) | Event caution 0 | Macro -2 | Sector 0 | Analytics -0.05 (E) | Risk LOW/MEDIUM | Analytics: Trend 1, Momentum 0, Volume 0, Liquidity -2 (0.0cr), VolRisk MEDIUM, Sector UNKNOWN 0",0,0,LOW,,,,,,,0,0,,,0,,0,69.7,HIGH,-1.08,SELL/AVOID,"AI overlay from completed recommendation outcomes; use as probability/risk input, not standalone advice."
ITBEES,2026-09-28,31.23,20326.0,-1,NEUTRAL,40.12,-0.4281,21.18,33.38,31.85,,1.21,0.069,5.72,0.8,29.42,34.25,1.67,RSI in swing zone; MACD weak,UNKNOWN,-6.3,-1.51,1.79,0.0,3.86,1,0,0,-2,0,MEDIUM,0,,,0,-2,-0.05,1.5,E,"Trend 1, Momentum 0, Volume 0, Liquidity -2 (0.0cr), VolRisk MEDIUM, Sector UNKNOWN 0",-1,-1,-1,NEUTRAL,News 0; event caution 0; risk LOW; type ; confidence ; reason . ,-2,MEDIUM,CAUTIOUS,Nifty 20D return -3.9448571751706463; 60D return -4.281982537022666; Crude 20D change 11.414863871570024; India VIX latest; 20D change 9.84643344748708; USDINR 20D change 0.9026990410958335,-3.0,SELL/AVOID,-1,-3.05,SELL/AVOID,"Tech -1 | News 0 (, ) | Event caution 0 | Macro -2 | Sector 0 | Analytics -0.05 (E) | Risk LOW/MEDIUM | Analytics: Trend 1, Momentum 0, Volume 0, Liquidity -2 (0.0cr), VolRisk MEDIUM, Sector UNKNOWN 0",0,0,LOW,,,,,,,0,0,,,0,,0,71.9,HIGH,-0.86,SELL/AVOID,"AI overlay from completed recommendation outcomes; use as probability/risk input, not standalone advice."
POWERINDIA,2026-09-27,31035.0,30991.0,2,NEUTRAL,42.36,-48.3844,16.08,31743.75,32549.7,29862.1,1023.35,0.309,45.5,1.02,29499.97,33593.38,1.67,RSI in swing zone; MACD weak; Long-term trend positive; Bollinger position healthy,POWER,-2.62,-8.29,-4.09,0.0,3.3,1,0,0,-2,0,MEDIUM,-3,13.6,-0.99,-2,-2,-1.1,1.25,E,"Trend 1, Momentum 0, Volume 0, Liquidity -2 (0.0cr), VolRisk MEDIUM, Sector POWER -3",2,2,2,NEUTRAL,News 0; event caution 0; risk LOW; type ; confidence ; reason . ,-2,MEDIUM,CAUTIOUS,Nifty 20D return -3.9448571751706463; 60D return -4.281982537022666; Crude 20D change 11.414863871570024; India VIX latest; 20D change 9.84643344748708; USDINR 20D change 0.9026990410958335,-2.0,NEUTRAL,2,-3.1,SELL/AVOID,"Tech 2 | News 0 (, ) | Event caution 0 | Macro -2 | Sector -2 | Analytics -1.1 (E) | Risk LOW/MEDIUM | Analytics: Trend 1, Momentum 0, Volume 0, Liquidity -2 (0.0cr), VolRisk MEDIUM, Sector POWER -3",0,0,LOW,,,,,,,0,0,,,0,,0,64.7,MEDIUM,-1.63,SELL/AVOID,"AI overlay from completed recommendation outcomes; use as probability/risk input, not standalone advice."
CESC,2026-09-28,136.18,24176.0,2,NEUTRAL,21.35,0.0364,34.17,144.62,158.13,,3.79,0.057,1.6,0.8,130.5,145.65,1.67,RSI oversold rebound candidate; MACD bullish; Trend strength acceptable,POWER,-3.78,-12.19,-22.8,0.0,2.78,1,0,0,-2,0,MEDIUM,-3,13.6,-0.99,-2,-2,-1.1,1.25,E,"Trend 1, Momentum 0, Volume 0, Liquidity -2 (0.0cr), VolRisk MEDIUM, Sector POWER -3",2,2,2,NEUTRAL,News 0; event caution 0; risk LOW; type ; confidence ; reason . ,-2,MEDIUM,CAUTIOUS,Nifty 20D return -3.9448571751706463; 60D return -4.281982537022666; Crude 20D change 11.414863871570024; India VIX latest; 20D change 9.84643344748708; USDINR 20D change 0.9026990410958335,-2.0,NEUTRAL,2,-3.1,SELL/AVOID,"Tech 2 | News 0 (, ) | Event caution 0 | Macro -2 | Sector -2 | Analytics -1.1 (E) | Risk LOW/MEDIUM | Analytics: Trend 1, Momentum 0, Volume 0, Liquidity -2 (0.0cr), VolRisk MEDIUM, Sector POWER -3",0,0,LOW,,,,,,,0,0,,,0,,0,62.6,MEDIUM,-1.84,SELL/AVOID,"AI overlay from completed recommendation outcomes; use as probability/risk input, not standalone advice."
INDHOTEL,2026-09-28,711.0,50088.0,1,NEUTRAL,41.41,-0.7609,18.88,724.46,727.49,681.6,14.77,0.153,8.81,1.43,688.85,747.92,1.67,RSI in swing zone; MACD weak; Long-term trend positive; Volume expansion,HOTELS,-3.43,-1.25,-3.04,0.0,2.08,1,0,1,-2,1,LOW,-2,0.0,1.24,-2,-1,-0.15,1.25,E,"Trend 1, Momentum 0, Volume 1, Liquidity -2 (0.0cr), VolRisk LOW, Sector HOTELS -2",1,1,1,NEUTRAL,News 0; event caution 0; risk LOW; type ; confidence ; reason . ,-2,MEDIUM,CAUTIOUS,Nifty 20D return -3.9448571751706463; 60D return -4.281982537022666; Crude 20D change 11.414863871570024; India VIX latest; 20D change 9.84643344748708; USDINR 20D change 0.9026990410958335,-3.0,SELL/AVOID,1,-3.15,SELL/AVOID,"Tech 1 | News 0 (, ) | Event caution 0 | Macro -2 | Sector -2 | Analytics -0.15 (E) | Risk LOW/MEDIUM | Analytics: Trend 1, Momentum 0, Volume 1, Liquidity -2 (0.0cr), VolRisk LOW, Sector HOTELS -2",0,0,LOW,,,,,,,0,0,,,0,,0,74.3,HIGH,-0.72,SELL/AVOID,"AI overlay from completed recommendation outcomes; use as probability/risk input, not standalone advice."
IOC,2026-09-28,133.32,44891.0,1,NEUTRAL,39.22,0.0112,21.9,135.57,137.81,145.37,2.32,0.129,21.32,0.94,129.85,139.11,1.67,MACD bullish,OIL_GAS,-3.25,-3.11,-6.38,0.0,1.74,0,2,0,-2,1,LOW,-2,10.0,1.01,-2,-1,-0.15,1.25,E,"Trend 0, Momentum 2, Volume 0, Liquidity -2 (0.0cr), VolRisk LOW, Sector OIL_GAS -2",1,1,1,NEUTRAL,News 0; event caution 0; risk LOW; type ; confidence ; reason . ,-2,MEDIUM,CAUTIOUS,Nifty 20D return -3.9448571751706463; 60D return -4.281982537022666; Crude 20D change 11.414863871570024; India VIX latest; 20D change 9.84643344748708; USDINR 20D change 0.9026990410958335,-3.0,SELL/AVOID,1,-3.15,SELL/AVOID,"Tech 1 | News 0 (, ) | Event caution 0 | Macro -2 | Sector -2 | Analytics -0.15 (E) | Risk LOW/MEDIUM | Analytics: Trend 0, Momentum 2, Volume 0, Liquidity -2 (0.0cr), VolRisk LOW, Sector OIL_GAS -2",0,0,LOW,,,,,,,0,0,,,0,,0,71.6,HIGH,-0.99,SELL/AVOID,"AI overlay from completed recommendation outcomes; use as probability/risk input, not standalone advice."
PAYTM,2026-09-28,1635.8,88370.0,1,NEUTRAL,41.14,-25.8029,42.75,1750.4,1648.81,1262.39,68.62,0.077,4.4,0.69,1532.88,1807.34,1.67,RSI in swing zone; MACD weak; Trend strength acceptable; Long-term trend positive,FINTECH,-9.84,-1.43,21.4,0.01,4.19,3,0,0,-2,0,MEDIUM,-3,0.0,-15.88,-2,-2,-0.2,1.25,E,"Trend 3, Momentum 0, Volume 0, Liquidity -2 (0.01cr), VolRisk MEDIUM, Sector FINTECH -3",1,1,1,NEUTRAL,News 0; event caution 0; risk LOW; type ; confidence ; reason . ,-2,MEDIUM,CAUTIOUS,Nifty 20D return -3.9448571751706463; 60D return -4.281982537022666; Crude 20D change 11.414863871570024; India VIX latest; 20D change 9.84643344748708; USDINR 20D change 0.9026990410958335,-3.0,SELL/AVOID,1,-3.2,SELL/AVOID,"Tech 1 | News 0 (, ) | Event caution 0 | Macro -2 | Sector -2 | Analytics -0.2 (E) | Risk LOW/MEDIUM | Analytics: Trend 3, Momentum 0, Volume 0, Liquidity -2 (0.01cr), VolRisk MEDIUM, Sector FINTECH -3",0,0,LOW,,,,,,,0,0,,,0,,0,66.0,HIGH,-1.6,SELL/AVOID,"AI overlay from completed recommendation outcomes; use as probability/risk input, not standalone advice."
TEJASNET,2026-09-28,491.1,28173.0,-1,NEUTRAL,32.94,-4.9897,21.82,537.16,532.17,486.01,20.44,0.162,1.63,0.5,460.44,542.2,1.67,RSI oversold rebound candidate; MACD weak; Long-term trend positive,UNKNOWN,-4.88,-20.04,-10.73,0.0,4.16,2,-1,-1,-2,0,MEDIUM,0,,,0,-2,-0.2,1.5,E,"Trend 2, Momentum -1, Volume -1, Liquidity -2 (0.0cr), VolRisk MEDIUM, Sector UNKNOWN 0",-1,-1,-1,NEUTRAL,News 0; event caution 0; risk LOW; type ; confidence ; reason . ,-2,MEDIUM,CAUTIOUS,Nifty 20D return -3.9448571751706463; 60D return -4.281982537022666; Crude 20D change 11.414863871570024; India VIX latest; 20D change 9.84643344748708; USDINR 20D change 0.9026990410958335,-3.0,SELL/AVOID,-1,-3.2,SELL/AVOID,"Tech -1 | News 0 (, ) | Event caution 0 | Macro -2 | Sector 0 | Analytics -0.2 (E) | Risk LOW/MEDIUM | Analytics: Trend 2, Momentum -1, Volume -1, Liquidity -2 (0.0cr), VolRisk MEDIUM, Sector UNKNOWN 0",0,0,LOW,,,,,,,0,0,,,0,,0,75.9,HIGH,-0.61,SELL/AVOID,"AI overlay from completed recommendation outcomes; use as probability/risk input, not standalone advice."
BLS,2026-09-21,232.54,23032.0,-1,NEUTRAL,34.94,-3.0328,28.91,254.08,249.9,,10.07,0.153,14.53,0.45,217.44,257.71,1.67,RSI oversold rebound candidate; MACD weak; Trend strength acceptable,UNKNOWN,-2.32,-8.44,-11.7,0.0,4.33,2,-1,-1,-2,0,MEDIUM,0,,,0,-2,-0.2,1.5,E,"Trend 2, Momentum -1, Volume -1, Liquidity -2 (0.0cr), VolRisk MEDIUM, Sector UNKNOWN 0",-1,-1,-1,NEUTRAL,News 0; event caution 0; risk LOW; type ; confidence ; reason . ,-2,MEDIUM,CAUTIOUS,Nifty 20D return -3.9448571751706463; 60D return -4.281982537022666; Crude 20D change 11.414863871570024; India VIX latest; 20D change 9.84643344748708; USDINR 20D change 0.9026990410958335,-3.0,SELL/AVOID,-1,-3.2,SELL/AVOID,"Tech -1 | News 0 (, ) | Event caution 0 | Macro -2 | Sector 0 | Analytics -0.2 (E) | Risk LOW/MEDIUM | Analytics: Trend 2, Momentum -1, Volume -1, Liquidity -2 (0.0cr), VolRisk MEDIUM, Sector UNKNOWN 0",0,0,LOW,,,,,,,0,0,,,0,,0,76.2,HIGH,-0.58,SELL/AVOID,"AI overlay from completed recommendation outcomes; use as probability/risk input, not standalone advice."
EIDPARRY,2026-09-27,704.75,20388.0,-1,NEUTRAL,34.06,-12.4629,25.63,772.38,758.82,,31.03,0.107,12.04,0.57,658.21,782.32,1.67,RSI oversold rebound candidate; MACD weak; Trend strength acceptable,UNKNOWN,-9.44,-8.77,-12.71,0.0,4.4,2,-1,-1,-2,0,MEDIUM,0,,,0,-2,-0.2,1.5,E,"Trend 2, Momentum -1, Volume -1, Liquidity -2 (0.0cr), VolRisk MEDIUM, Sector UNKNOWN 0",-1,-1,-1,NEUTRAL,News 0; event caution 0; risk LOW; type ; confidence ; reason . ,-2,MEDIUM,CAUTIOUS,Nifty 20D return -3.9448571751706463; 60D return -4.281982537022666; Crude 20D change 11.414863871570024; India VIX latest; 20D change 9.84643344748708; USDINR 20D change 0.9026990410958335,-3.0,SELL/AVOID,-1,-3.2,SELL/AVOID,"Tech -1 | News 0 (, ) | Event caution 0 | Macro -2 | Sector 0 | Analytics -0.2 (E) | Risk LOW/MEDIUM | Analytics: Trend 2, Momentum -1, Volume -1, Liquidity -2 (0.0cr), VolRisk MEDIUM, Sector UNKNOWN 0",0,0,LOW,,,,,,,0,0,,,0,,0,76.2,HIGH,-0.58,SELL/AVOID,"AI overlay from completed recommendation outcomes; use as probability/risk input, not standalone advice."
TANLA,2026-09-28,497.3,26660.0,-1,NEUTRAL,30.97,-13.7744,25.66,580.66,565.65,,27.64,-0.065,5.12,0.98,455.83,566.41,1.67,RSI oversold rebound candidate; MACD weak; Trend strength acceptable,UNKNOWN,-13.18,-17.08,17.63,0.0,5.56,2,-1,0,-2,-1,HIGH,0,,,0,-3,-0.3,1.0,E,"Trend 2, Momentum -1, Volume 0, Liquidity -2 (0.0cr), VolRisk HIGH, Sector UNKNOWN 0",-1,-1,-1,NEUTRAL,News 0; event caution 0; risk LOW; type ; confidence ; reason . ,-2,MEDIUM,CAUTIOUS,Nifty 20D return -3.9448571751706463; 60D return -4.281982537022666; Crude 20D change 11.414863871570024; India VIX latest; 20D change 9.84643344748708; USDINR 20D change 0.9026990410958335,-3.0,SELL/AVOID,-1,-3.3,SELL/AVOID,"Tech -1 | News 0 (, ) | Event caution 0 | Macro -2 | Sector 0 | Analytics -0.3 (E) | Risk LOW/MEDIUM | Analytics: Trend 2, Momentum -1, Volume 0, Liquidity -2 (0.0cr), VolRisk HIGH, Sector UNKNOWN 0",0,0,LOW,,,,,,,0,0,,,0,,0,72.8,HIGH,-1.02,SELL/AVOID,"AI overlay from completed recommendation outcomes; use as probability/risk input, not standalone advice."
AWL,2026-09-27,184.34,21610.0,-1,NEUTRAL,39.66,-0.7837,18.96,190.55,190.39,,5.06,0.248,23.55,0.57,176.75,196.99,1.67,MACD weak; Bollinger position healthy,UNKNOWN,1.32,-2.01,-1.48,0.0,2.74,1,0,-1,-2,0,MEDIUM,0,,,0,-2,-0.3,1.5,E,"Trend 1, Momentum 0, Volume -1, Liquidity -2 (0.0cr), VolRisk MEDIUM, Sector UNKNOWN 0",-1,-1,-1,NEUTRAL,News 0; event caution 0; risk LOW; type ; confidence ; reason . ,-2,MEDIUM,CAUTIOUS,Nifty 20D return -3.9448571751706463; 60D return -4.281982537022666; Crude 20D change 11.414863871570024; India VIX latest; 20D change 9.84643344748708; USDINR 20D change 0.9026990410958335,-3.0,SELL/AVOID,-1,-3.3,SELL/AVOID,"Tech -1 | News 0 (, ) | Event caution 0 | Macro -2 | Sector 0 | Analytics -0.3 (E) | Risk LOW/MEDIUM | Analytics: Trend 1, Momentum 0, Volume -1, Liquidity -2 (0.0cr), VolRisk MEDIUM, Sector UNKNOWN 0",0,0,LOW,,,,,,,0,0,,,0,,0,75.3,HIGH,-0.77,SELL/AVOID,"AI overlay from completed recommendation outcomes; use as probability/risk input, not standalone advice."
KWIL,2026-09-28,39.81,20721.0,-1,NEUTRAL,41.43,-0.3069,18.21,41.53,40.43,,1.98,0.026,13.83,0.5,36.84,44.76,1.67,RSI in swing zone; MACD weak,UNKNOWN,-5.19,-5.91,17.5,0.0,4.97,1,0,-1,-2,0,MEDIUM,0,,,0,-2,-0.3,1.5,E,"Trend 1, Momentum 0, Volume -1, Liquidity -2 (0.0cr), VolRisk MEDIUM, Sector UNKNOWN 0",-1,-1,-1,NEUTRAL,News 0; event caution 0; risk LOW; type ; confidence ; reason . ,-2,MEDIUM,CAUTIOUS,Nifty 20D return -3.9448571751706463; 60D return -4.281982537022666; Crude 20D change 11.414863871570024; India VIX latest; 20D change 9.84643344748708; USDINR 20D change 0.9026990410958335,-3.0,SELL/AVOID,-1,-3.3,SELL/AVOID,"Tech -1 | News 0 (, ) | Event caution 0 | Macro -2 | Sector 0 | Analytics -0.3 (E) | Risk LOW/MEDIUM | Analytics: Trend 1, Momentum 0, Volume -1, Liquidity -2 (0.0cr), VolRisk MEDIUM, Sector UNKNOWN 0",0,0,LOW,,,,,,,0,0,,,0,,0,72.2,HIGH,-1.08,SELL/AVOID,"AI overlay from completed recommendation outcomes; use as probability/risk input, not standalone advice."
OLECTRA,2026-09-27,1207.2,19608.0,-1,NEUTRAL,35.24,-7.854,29.2,1298.64,1373.34,,57.92,0.171,20.2,0.59,1120.33,1351.99,1.67,MACD weak; Trend strength acceptable,UNKNOWN,2.37,-10.36,-1.02,0.0,4.8,1,0,-1,-2,0,MEDIUM,0,,,0,-2,-0.3,1.5,E,"Trend 1, Momentum 0, Volume -1, Liquidity -2 (0.0cr), VolRisk MEDIUM, Sector UNKNOWN 0",-1,-1,-1,NEUTRAL,News 0; event caution 0; risk LOW; type ; confidence ; reason . ,-2,MEDIUM,CAUTIOUS,Nifty 20D return -3.9448571751706463; 60D return -4.281982537022666; Crude 20D change 11.414863871570024; India VIX latest; 20D change 9.84643344748708; USDINR 20D change 0.9026990410958335,-3.0,SELL/AVOID,-1,-3.3,SELL/AVOID,"Tech -1 | News 0 (, ) | Event caution 0 | Macro -2 | Sector 0 | Analytics -0.3 (E) | Risk LOW/MEDIUM | Analytics: Trend 1, Momentum 0, Volume -1, Liquidity -2 (0.0cr), VolRisk MEDIUM, Sector UNKNOWN 0",0,0,LOW,,,,,,,0,0,,,0,,0,73.8,HIGH,-0.92,SELL/AVOID,"AI overlay from completed recommendation outcomes; use as probability/risk input, not standalone advice."
NIFTYBEES,2026-09-28,260.47,163049.0,-1,NEUTRAL,23.07,-0.239,18.76,266.74,272.92,272.69,3.89,-0.064,2.66,2.35,254.63,270.2,1.67,RSI oversold rebound candidate; MACD weak; Volume expansion,UNKNOWN,-2.31,-4.68,-5.48,0.0,1.49,0,-2,2,-2,1,LOW,0,,,0,-1,-0.35,1.5,E,"Trend 0, Momentum -2, Volume 2, Liquidity -2 (0.0cr), VolRisk LOW, Sector UNKNOWN 0",-1,-1,-1,NEUTRAL,News 0; event caution 0; risk LOW; type ; confidence ; reason . ,-2,MEDIUM,CAUTIOUS,Nifty 20D return -3.9448571751706463; 60D return -4.281982537022666; Crude 20D change 11.414863871570024; India VIX latest; 20D change 9.84643344748708; USDINR 20D change 0.9026990410958335,-3.0,SELL/AVOID,-1,-3.35,SELL/AVOID,"Tech -1 | News 0 (, ) | Event caution 0 | Macro -2 | Sector 0 | Analytics -0.35 (E) | Risk LOW/MEDIUM | Analytics: Trend 0, Momentum -2, Volume 2, Liquidity -2 (0.0cr), VolRisk LOW, Sector UNKNOWN 0",0,0,LOW,,,,,,,0,0,,,0,,0,90.5,HIGH,0.7,SELL/AVOID,"AI overlay from completed recommendation outcomes; use as probability/risk input, not standalone advice."
M&M,2026-09-28,2995.0,99079.0,2,NEUTRAL,30.14,1.7299,56.8,3077.37,3262.37,3199.26,61.13,0.129,18.43,1.08,2903.3,3147.83,1.67,RSI oversold rebound candidate; MACD bullish; Trend strength acceptable,AUTO,-1.63,-5.52,-5.39,0.01,2.04,1,1,0,-2,1,LOW,-3,12.5,-1.38,-3,-1,-0.4,1.25,D,"Trend 1, Momentum 1, Volume 0, Liquidity -2 (0.01cr), VolRisk LOW, Sector AUTO -3",2,2,2,NEUTRAL,News 0; event caution 0; risk LOW; type ; confidence ; reason . ,-2,MEDIUM,CAUTIOUS,Nifty 20D return -3.9448571751706463; 60D return -4.281982537022666; Crude 20D change 11.414863871570024; India VIX latest; 20D change 9.84643344748708; USDINR 20D change 0.9026990410958335,-3.0,SELL/AVOID,2,-3.4,SELL/AVOID,"Tech 2 | News 0 (, ) | Event caution 0 | Macro -2 | Sector -3 | Analytics -0.4 (D) | Risk LOW/MEDIUM | Analytics: Trend 1, Momentum 1, Volume 0, Liquidity -2 (0.01cr), VolRisk LOW, Sector AUTO -3",0,0,LOW,,,,,,,0,0,,,0,,-1,69.4,HIGH,-1.46,SELL/AVOID,"AI overlay from completed recommendation outcomes; use as probability/risk input, not standalone advice."
MAHABANK,2026-09-28,80.85,86116.0,1,NEUTRAL,43.67,-0.0918,13.71,83.33,82.03,77.74,2.54,0.156,28.95,1.91,77.05,87.19,1.67,RSI in swing zone; MACD weak; Weak trend; Long-term trend positive; Volume expansion,BANK,-1.88,-5.93,0.41,0.0,3.14,2,0,1,-2,0,MEDIUM,-3,15.4,-0.84,-2,-2,-0.4,1.25,E,"Trend 2, Momentum 0, Volume 1, Liquidity -2 (0.0cr), VolRisk MEDIUM, Sector BANK -3",1,1,1,NEUTRAL,News 0; event caution 0; risk LOW; type ; confidence ; reason . ,-2,MEDIUM,CAUTIOUS,Nifty 20D return -3.9448571751706463; 60D return -4.281982537022666; Crude 20D change 11.414863871570024; India VIX latest; 20D change 9.84643344748708; USDINR 20D change 0.9026990410958335,-3.0,SELL/AVOID,1,-3.4,SELL/AVOID,"Tech 1 | News 0 (, ) | Event caution 0 | Macro -2 | Sector -2 | Analytics -0.4 (E) | Risk LOW/MEDIUM | Analytics: Trend 2, Momentum 0, Volume 1, Liquidity -2 (0.0cr), VolRisk MEDIUM, Sector BANK -3",0,0,LOW,,,,,,,0,0,,,0,,0,65.9,HIGH,-1.81,SELL/AVOID,"AI overlay from completed recommendation outcomes; use as probability/risk input, not standalone advice."
BHEL,2026-09-28,411.9,75691.0,1,NEUTRAL,41.81,-2.1288,18.54,425.54,421.73,361.19,12.26,0.114,17.4,1.3,393.51,442.56,1.67,RSI in swing zone; MACD weak; Long-term trend positive; Volume expansion,CAPITAL_GOODS,-3.26,-4.45,-1.34,0.0,2.98,2,0,1,-2,0,MEDIUM,-3,0.0,-0.4,-2,-2,-0.4,1.25,E,"Trend 2, Momentum 0, Volume 1, Liquidity -2 (0.0cr), VolRisk MEDIUM, Sector CAPITAL_GOODS -3",1,1,1,NEUTRAL,News 0; event caution 0; risk LOW; type ; confidence ; reason . ,-2,MEDIUM,CAUTIOUS,Nifty 20D return -3.9448571751706463; 60D return -4.281982537022666; Crude 20D change 11.414863871570024; India VIX latest; 20D change 9.84643344748708; USDINR 20D change 0.9026990410958335,-3.0,SELL/AVOID,1,-3.4,SELL/AVOID,"Tech 1 | News 0 (, ) | Event caution 0 | Macro -2 | Sector -2 | Analytics -0.4 (E) | Risk LOW/MEDIUM | Analytics: Trend 2, Momentum 0, Volume 1, Liquidity -2 (0.0cr), VolRisk MEDIUM, Sector CAPITAL_GOODS -3",0,0,LOW,,,,,,,0,0,,,0,,0,66.0,HIGH,-1.8,SELL/AVOID,"AI overlay from completed recommendation outcomes; use as probability/risk input, not standalone advice."
SBIFUNDS,2026-09-28,522.9,42280.0,-1,NEUTRAL,33.55,-1.8878,24.89,547.33,558.28,,13.24,0.034,3.94,1.19,503.04,556.0,1.67,RSI oversold rebound candidate; MACD weak; Trend strength acceptable,UNKNOWN,-4.23,-7.77,,0.0,2.53,1,-1,0,-2,0,MEDIUM,0,,,0,-2,-0.4,1.5,E,"Trend 1, Momentum -1, Volume 0, Liquidity -2 (0.0cr), VolRisk MEDIUM, Sector UNKNOWN 0",-1,-1,-1,NEUTRAL,News 0; event caution 0; risk LOW; type ; confidence ; reason . ,-2,MEDIUM,CAUTIOUS,Nifty 20D return -3.9448571751706463; 60D return -4.281982537022666; Crude 20D change 11.414863871570024; India VIX latest; 20D change 9.84643344748708; USDINR 20D change 0.9026990410958335,-3.0,SELL/AVOID,-1,-3.4,SELL/AVOID,"Tech -1 | News 0 (, ) | Event caution 0 | Macro -2 | Sector 0 | Analytics -0.4 (E) | Risk LOW/MEDIUM | Analytics: Trend 1, Momentum -1, Volume 0, Liquidity -2 (0.0cr), VolRisk MEDIUM, Sector UNKNOWN 0",0,0,LOW,,,,,,,0,0,,,0,,0,81.2,HIGH,-0.28,SELL/AVOID,"AI overlay from completed recommendation outcomes; use as probability/risk input, not standalone advice."
WAAREEENER,2026-09-28,2455.0,37665.0,-1,NEUTRAL,34.92,-3.5055,30.26,2543.66,2614.27,2921.71,63.5,0.11,9.09,0.98,2359.75,2613.75,1.67,RSI oversold rebound candidate; MACD weak; Trend strength acceptable,UNKNOWN,-1.6,-6.83,-13.58,0.0,2.59,1,-1,0,-2,0,MEDIUM,0,,,0,-2,-0.4,1.5,E,"Trend 1, Momentum -1, Volume 0, Liquidity -2 (0.0cr), VolRisk MEDIUM, Sector UNKNOWN 0",-1,-1,-1,NEUTRAL,News 0; event caution 0; risk LOW; type ; confidence ; reason . ,-2,MEDIUM,CAUTIOUS,Nifty 20D return -3.9448571751706463; 60D return -4.281982537022666; Crude 20D change 11.414863871570024; India VIX latest; 20D change 9.84643344748708; USDINR 20D change 0.9026990410958335,-3.0,SELL/AVOID,-1,-3.4,SELL/AVOID,"Tech -1 | News 0 (, ) | Event caution 0 | Macro -2 | Sector 0 | Analytics -0.4 (E) | Risk LOW/MEDIUM | Analytics: Trend 1, Momentum -1, Volume 0, Liquidity -2 (0.0cr), VolRisk MEDIUM, Sector UNKNOWN 0",0,0,LOW,,,,,,,0,0,,,0,,0,80.3,HIGH,-0.37,SELL/AVOID,"AI overlay from completed recommendation outcomes; use as probability/risk input, not standalone advice."
NAM-INDIA,2026-09-28,1093.9,37658.0,-1,NEUTRAL,33.94,-3.5204,20.95,1159.35,1178.8,1057.43,34.91,-0.121,2.52,0.87,1041.54,1181.17,1.67,RSI oversold rebound candidate; MACD weak; Long-term trend positive,UNKNOWN,-4.6,-6.09,-5.0,0.0,3.19,1,-1,0,-2,0,MEDIUM,0,,,0,-2,-0.4,1.5,E,"Trend 1, Momentum -1, Volume 0, Liquidity -2 (0.0cr), VolRisk MEDIUM, Sector UNKNOWN 0",-1,-1,-1,NEUTRAL,News 0; event caution 0; risk LOW; type ; confidence ; reason . ,-2,MEDIUM,CAUTIOUS,Nifty 20D return -3.9448571751706463; 60D return -4.281982537022666; Crude 20D change 11.414863871570024; India VIX latest; 20D change 9.84643344748708; USDINR 20D change 0.9026990410958335,-3.0,SELL/AVOID,-1,-3.4,SELL/AVOID,"Tech -1 | News 0 (, ) | Event caution 0 | Macro -2 | Sector 0 | Analytics -0.4 (E) | Risk LOW/MEDIUM | Analytics: Trend 1, Momentum -1, Volume 0, Liquidity -2 (0.0cr), VolRisk MEDIUM, Sector UNKNOWN 0",0,0,LOW,,,,,,,0,0,,,0,,0,77.6,HIGH,-0.64,SELL/AVOID,"AI overlay from completed recommendation outcomes; use as probability/risk input, not standalone advice."
INDIANB,2026-09-28,802.45,33662.0,-1,NEUTRAL,22.04,-3.2051,23.36,844.99,860.45,870.2,18.06,-0.15,2.47,1.17,775.37,847.59,1.67,RSI oversold rebound candidate; MACD weak; Trend strength acceptable,UNKNOWN,-4.56,-8.78,-3.72,0.0,2.25,1,-2,0,-2,1,LOW,0,,,0,-1,-0.4,1.5,E,"Trend 1, Momentum -2, Volume 0, Liquidity -2 (0.0cr), VolRisk LOW, Sector UNKNOWN 0",-1,-1,-1,NEUTRAL,News 0; event caution 0; risk LOW; type ; confidence ; reason . ,-2,MEDIUM,CAUTIOUS,Nifty 20D return -3.9448571751706463; 60D return -4.281982537022666; Crude 20D change 11.414863871570024; India VIX latest; 20D change 9.84643344748708; USDINR 20D change 0.9026990410958335,-3.0,SELL/AVOID,-1,-3.4,SELL/AVOID,"Tech -1 | News 0 (, ) | Event caution 0 | Macro -2 | Sector 0 | Analytics -0.4 (E) | Risk LOW/MEDIUM | Analytics: Trend 1, Momentum -2, Volume 0, Liquidity -2 (0.0cr), VolRisk LOW, Sector UNKNOWN 0",0,0,LOW,,,,,,,0,0,,,0,,0,86.8,HIGH,0.28,SELL/AVOID,"AI overlay from completed recommendation outcomes; use as probability/risk input, not standalone advice."
TIINDIA,2026-09-20,2600.0,27173.0,-1,NEUTRAL,34.31,-23.5091,23.31,2784.14,2841.73,,91.49,0.077,6.83,0.73,2462.77,2828.72,1.67,RSI oversold rebound candidate; MACD weak; Trend strength acceptable,UNKNOWN,-4.41,-6.2,-15.1,0.0,3.52,1,-1,0,-2,0,MEDIUM,0,,,0,-2,-0.4,1.5,E,"Trend 1, Momentum -1, Volume 0, Liquidity -2 (0.0cr), VolRisk MEDIUM, Sector UNKNOWN 0",-1,-1,-1,NEUTRAL,News 0; event caution 0; risk LOW; type ; confidence ; reason . ,-2,MEDIUM,CAUTIOUS,Nifty 20D return -3.9448571751706463; 60D return -4.281982537022666; Crude 20D change 11.414863871570024; India VIX latest; 20D change 9.84643344748708; USDINR 20D change 0.9026990410958335,-3.0,SELL/AVOID,-1,-3.4,SELL/AVOID,"Tech -1 | News 0 (, ) | Event caution 0 | Macro -2 | Sector 0 | Analytics -0.4 (E) | Risk LOW/MEDIUM | Analytics: Trend 1, Momentum -1, Volume 0, Liquidity -2 (0.0cr), VolRisk MEDIUM, Sector UNKNOWN 0",0,0,LOW,,,,,,,0,0,,,0,,0,76.0,HIGH,-0.8,SELL/AVOID,"AI overlay from completed recommendation outcomes; use as probability/risk input, not standalone advice."
DEEPAKFERT,2026-09-27,1363.8,25546.0,-1,NEUTRAL,34.91,-21.6977,24.66,1504.11,1514.12,,66.56,0.119,6.57,0.66,1263.97,1530.19,1.67,RSI oversold rebound candidate; MACD weak; Trend strength acceptable,UNKNOWN,-6.59,-11.56,7.79,0.0,4.88,1,-1,0,-2,0,MEDIUM,0,,,0,-2,-0.4,1.5,E,"Trend 1, Momentum -1, Volume 0, Liquidity -2 (0.0cr), VolRisk MEDIUM, Sector UNKNOWN 0",-1,-1,-1,NEUTRAL,News 0; event caution 0; risk LOW; type ; confidence ; reason . ,-2,MEDIUM,CAUTIOUS,Nifty 20D return -3.9448571751706463; 60D return -4.281982537022666; Crude 20D change 11.414863871570024; India VIX latest; 20D change 9.84643344748708; USDINR 20D change 0.9026990410958335,-3.0,SELL/AVOID,-1,-3.4,SELL/AVOID,"Tech -1 | News 0 (, ) | Event caution 0 | Macro -2 | Sector 0 | Analytics -0.4 (E) | Risk LOW/MEDIUM | Analytics: Trend 1, Momentum -1, Volume 0, Liquidity -2 (0.0cr), VolRisk MEDIUM, Sector UNKNOWN 0",0,0,LOW,,,,,,,0,0,,,0,,0,74.7,HIGH,-0.93,SELL/AVOID,"AI overlay from completed recommendation outcomes; use as probability/risk input, not standalone advice."
JKTYRE,2026-09-27,345.85,25067.0,-1,NEUTRAL,33.51,-6.6234,23.37,388.95,392.37,,16.39,0.071,8.75,0.89,321.26,386.83,1.67,RSI oversold rebound candidate; MACD weak; Trend strength acceptable,UNKNOWN,-11.51,-15.71,-8.52,0.0,4.74,1,-1,0,-2,0,MEDIUM,0,,,0,-2,-0.4,1.5,E,"Trend 1, Momentum -1, Volume 0, Liquidity -2 (0.0cr), VolRisk MEDIUM, Sector UNKNOWN 0",-1,-1,-1,NEUTRAL,News 0; event caution 0; risk LOW; type ; confidence ; reason . ,-2,MEDIUM,CAUTIOUS,Nifty 20D return -3.9448571751706463; 60D return -4.281982537022666; Crude 20D change 11.414863871570024; India VIX latest; 20D change 9.84643344748708; USDINR 20D change 0.9026990410958335,-3.0,SELL/AVOID,-1,-3.4,SELL/AVOID,"Tech -1 | News 0 (, ) | Event caution 0 | Macro -2 | Sector 0 | Analytics -0.4 (E) | Risk LOW/MEDIUM | Analytics: Trend 1, Momentum -1, Volume 0, Liquidity -2 (0.0cr), VolRisk MEDIUM, Sector UNKNOWN 0",0,0,LOW,,,,,,,0,0,,,0,,0,75.7,HIGH,-0.83,SELL/AVOID,"AI overlay from completed recommendation outcomes; use as probability/risk input, not standalone advice."
SILVERCASE,2026-06-28,21.88,20778.0,-1,NEUTRAL,39.05,-0.2958,23.24,23.82,24.93,,1.69,0.278,4.88,0.89,19.34,26.12,1.67,MACD weak; Trend strength acceptable; Bollinger position healthy,UNKNOWN,-6.7,-5.97,-29.94,0.0,7.74,1,0,0,-2,-1,HIGH,0,,,0,-3,-0.4,1.0,E,"Trend 1, Momentum 0, Volume 0, Liquidity -2 (0.0cr), VolRisk HIGH, Sector UNKNOWN 0",-1,-1,-1,NEUTRAL,News 0; event caution 0; risk LOW; type ; confidence ; reason . ,-2,MEDIUM,CAUTIOUS,Nifty 20D return -3.9448571751706463; 60D return -4.281982537022666; Crude 20D change 11.414863871570024; India VIX latest; 20D change 9.84643344748708; USDINR 20D change 0.9026990410958335,-3.0,SELL/AVOID,-1,-3.4,SELL/AVOID,"Tech -1 | News 0 (, ) | Event caution 0 | Macro -2 | Sector 0 | Analytics -0.4 (E) | Risk LOW/MEDIUM | Analytics: Trend 1, Momentum 0, Volume 0, Liquidity -2 (0.0cr), VolRisk HIGH, Sector UNKNOWN 0",0,0,LOW,,,,,,,0,0,,,0,,0,64.6,MEDIUM,-1.94,SELL/AVOID,"AI overlay from completed recommendation outcomes; use as probability/risk input, not standalone advice."
SANDUMA,2026-08-09,205.37,19952.0,-1,NEUTRAL,40.06,-3.9811,21.12,225.04,211.67,,12.35,0.022,1.87,0.69,186.84,236.25,1.67,RSI in swing zone; MACD weak,UNKNOWN,-10.4,-8.16,-7.44,0.0,6.01,1,0,0,-2,-1,HIGH,0,,,0,-3,-0.4,1.0,E,"Trend 1, Momentum 0, Volume 0, Liquidity -2 (0.0cr), VolRisk HIGH, Sector UNKNOWN 0",-1,-1,-1,NEUTRAL,News 0; event caution 0; risk LOW; type ; confidence ; reason . ,-2,MEDIUM,CAUTIOUS,Nifty 20D return -3.9448571751706463; 60D return -4.281982537022666; Crude 20D change 11.414863871570024; India VIX latest; 20D change 9.84643344748708; USDINR 20D change 0.9026990410958335,-3.0,SELL/AVOID,-1,-3.4,SELL/AVOID,"Tech -1 | News 0 (, ) | Event caution 0 | Macro -2 | Sector 0 | Analytics -0.4 (E) | Risk LOW/MEDIUM | Analytics: Trend 1, Momentum 0, Volume 0, Liquidity -2 (0.0cr), VolRisk HIGH, Sector UNKNOWN 0",0,0,LOW,,,,,,,0,0,,,0,,0,73.1,HIGH,-1.09,SELL/AVOID,"AI overlay from completed recommendation outcomes; use as probability/risk input, not standalone advice."
MAPMYINDIA,2026-09-22,922.0,62611.0,-1,NEUTRAL,34.73,-24.7627,21.68,1095.3,1003.31,,72.71,-0.068,6.68,1.75,812.93,1103.78,1.67,RSI oversold rebound candidate; MACD weak; Volume expansion,UNKNOWN,-11.89,-22.19,-20.01,0.0,7.89,1,-1,1,-2,-1,HIGH,0,,,0,-3,-0.5,1.0,E,"Trend 1, Momentum -1, Volume 1, Liquidity -2 (0.0cr), VolRisk HIGH, Sector UNKNOWN 0",-1,-1,-1,NEUTRAL,News 0; event caution 0; risk LOW; type ; confidence ; reason . ,-2,MEDIUM,CAUTIOUS,Nifty 20D return -3.9448571751706463; 60D return -4.281982537022666; Crude 20D change 11.414863871570024; India VIX latest; 20D change 9.84643344748708; USDINR 20D change 0.9026990410958335,-3.0,SELL/AVOID,-1,-3.5,SELL/AVOID,"Tech -1 | News 0 (, ) | Event caution 0 | Macro -2 | Sector 0 | Analytics -0.5 (E) | Risk LOW/MEDIUM | Analytics: Trend 1, Momentum -1, Volume 1, Liquidity -2 (0.0cr), VolRisk HIGH, Sector UNKNOWN 0",0,0,LOW,,,,,,,0,0,,,0,,0,62.2,MEDIUM,-2.28,SELL/AVOID,"AI overlay from completed recommendation outcomes; use as probability/risk input, not standalone advice."
SCI,2026-09-28,272.05,26526.0,-1,NEUTRAL,38.47,-0.2472,21.99,280.38,287.1,279.13,8.47,0.257,38.38,0.94,259.35,293.22,1.67,MACD weak; Bollinger position healthy,UNKNOWN,-3.03,-6.06,-2.02,0.0,3.11,0,0,0,-2,0,MEDIUM,0,,,0,-2,-0.5,1.5,E,"Trend 0, Momentum 0, Volume 0, Liquidity -2 (0.0cr), VolRisk MEDIUM, Sector UNKNOWN 0",-1,-1,-1,NEUTRAL,News 0; event caution 0; risk LOW; type ; confidence ; reason . ,-2,MEDIUM,CAUTIOUS,Nifty 20D return -3.9448571751706463; 60D return -4.281982537022666; Crude 20D change 11.414863871570024; India VIX latest; 20D change 9.84643344748708; USDINR 20D change 0.9026990410958335,-3.0,SELL/AVOID,-1,-3.5,SELL/AVOID,"Tech -1 | News 0 (, ) | Event caution 0 | Macro -2 | Sector 0 | Analytics -0.5 (E) | Risk LOW/MEDIUM | Analytics: Trend 0, Momentum 0, Volume 0, Liquidity -2 (0.0cr), VolRisk MEDIUM, Sector UNKNOWN 0",0,0,LOW,,,,,,,0,0,,,0,,0,74.4,HIGH,-1.06,SELL/AVOID,"AI overlay from completed recommendation outcomes; use as probability/risk input, not standalone advice."
ZENTEC,2026-09-27,1682.4,25850.0,-1,NEUTRAL,37.92,-11.5102,21.44,1764.31,1785.88,,66.24,0.245,34.67,1.0,1583.04,1848.0,1.67,MACD weak; Bollinger position healthy,UNKNOWN,2.65,-12.66,-5.01,0.0,3.94,0,0,0,-2,0,MEDIUM,0,,,0,-2,-0.5,1.5,E,"Trend 0, Momentum 0, Volume 0, Liquidity -2 (0.0cr), VolRisk MEDIUM, Sector UNKNOWN 0",-1,-1,-1,NEUTRAL,News 0; event caution 0; risk LOW; type ; confidence ; reason . ,-2,MEDIUM,CAUTIOUS,Nifty 20D return -3.9448571751706463; 60D return -4.281982537022666; Crude 20D change 11.414863871570024; India VIX latest; 20D change 9.84643344748708; USDINR 20D change 0.9026990410958335,-3.0,SELL/AVOID,-1,-3.5,SELL/AVOID,"Tech -1 | News 0 (, ) | Event caution 0 | Macro -2 | Sector 0 | Analytics -0.5 (E) | Risk LOW/MEDIUM | Analytics: Trend 0, Momentum 0, Volume 0, Liquidity -2 (0.0cr), VolRisk MEDIUM, Sector UNKNOWN 0",0,0,LOW,,,,,,,0,0,,,0,,0,73.0,HIGH,-1.2,SELL/AVOID,"AI overlay from completed recommendation outcomes; use as probability/risk input, not standalone advice."
CANBK,2026-09-28,120.65,73044.0,1,NEUTRAL,33.13,0.0506,14.14,124.05,127.01,133.12,2.22,-0.194,6.06,1.33,117.33,126.19,1.67,RSI oversold rebound candidate; MACD bullish; Weak trend; Volume expansion,BANK,-1.83,-3.86,-6.34,0.0,1.84,0,1,1,-2,1,LOW,-3,15.4,-0.84,-2,-1,-0.6,1.25,E,"Trend 0, Momentum 1, Volume 1, Liquidity -2 (0.0cr), VolRisk LOW, Sector BANK -3",1,1,1,NEUTRAL,News 0; event caution 0; risk LOW; type ; confidence ; reason . ,-2,MEDIUM,CAUTIOUS,Nifty 20D return -3.9448571751706463; 60D return -4.281982537022666; Crude 20D change 11.414863871570024; India VIX latest; 20D change 9.84643344748708; USDINR 20D change 0.9026990410958335,-3.0,SELL/AVOID,1,-3.6,SELL/AVOID,"Tech 1 | News 0 (, ) | Event caution 0 | Macro -2 | Sector -2 | Analytics -0.6 (E) | Risk LOW/MEDIUM | Analytics: Trend 0, Momentum 1, Volume 1, Liquidity -2 (0.0cr), VolRisk LOW, Sector BANK -3",0,0,LOW,,,,,,,0,0,,,0,,0,76.1,HIGH,-0.99,SELL/AVOID,"AI overlay from completed recommendation outcomes; use as probability/risk input, not standalone advice."
NUVAMA,2026-09-28,1640.6,59029.0,-1,NEUTRAL,30.7,-12.4654,20.79,1754.28,1772.7,,60.04,0.064,13.98,1.91,1550.54,1790.71,1.67,RSI oversold rebound candidate; MACD weak; Volume expansion,UNKNOWN,-2.76,-9.11,-7.37,0.0,3.66,0,-1,1,-2,0,MEDIUM,0,,,0,-2,-0.6,1.5,E,"Trend 0, Momentum -1, Volume 1, Liquidity -2 (0.0cr), VolRisk MEDIUM, Sector UNKNOWN 0",-1,-1,-1,NEUTRAL,News 0; event caution 0; risk LOW; type ; confidence ; reason . ,-2,MEDIUM,CAUTIOUS,Nifty 20D return -3.9448571751706463; 60D return -4.281982537022666; Crude 20D change 11.414863871570024; India VIX latest; 20D change 9.84643344748708; USDINR 20D change 0.9026990410958335,-3.0,SELL/AVOID,-1,-3.6,SELL/AVOID,"Tech -1 | News 0 (, ) | Event caution 0 | Macro -2 | Sector 0 | Analytics -0.6 (E) | Risk LOW/MEDIUM | Analytics: Trend 0, Momentum -1, Volume 1, Liquidity -2 (0.0cr), VolRisk MEDIUM, Sector UNKNOWN 0",0,0,LOW,,,,,,,0,0,,,0,,0,75.6,HIGH,-1.04,SELL/AVOID,"AI overlay from completed recommendation outcomes; use as probability/risk input, not standalone advice."
SAGILITY,2026-09-28,43.45,22011.0,-2,NEUTRAL,38.73,-0.2732,19.16,45.46,44.48,42.35,1.33,-0.061,3.85,0.72,41.45,46.78,1.66,MACD weak; Long-term trend positive,UNKNOWN,-4.84,-6.46,5.46,0.0,3.07,2,0,0,-2,0,MEDIUM,0,,,0,-2,0.4,1.5,E,"Trend 2, Momentum 0, Volume 0, Liquidity -2 (0.0cr), VolRisk MEDIUM, Sector UNKNOWN 0",-2,-2,-2,NEUTRAL,News 0; event caution 0; risk LOW; type ; confidence ; reason . ,-2,MEDIUM,CAUTIOUS,Nifty 20D return -3.9448571751706463; 60D return -4.281982537022666; Crude 20D change 11.414863871570024; India VIX latest; 20D change 9.84643344748708; USDINR 20D change 0.9026990410958335,-4.0,SELL/AVOID,-2,-3.6,SELL/AVOID,"Tech -2 | News 0 (, ) | Event caution 0 | Macro -2 | Sector 0 | Analytics 0.4 (E) | Risk LOW/MEDIUM | Analytics: Trend 2, Momentum 0, Volume 0, Liquidity -2 (0.0cr), VolRisk MEDIUM, Sector UNKNOWN 0",0,0,LOW,,,,,,,0,0,,,0,,0,72.2,HIGH,-1.38,SELL/AVOID,"AI overlay from completed recommendation outcomes; use as probability/risk input, not standalone advice."
PIRAMALFIN,2026-09-28,2149.0,41510.0,1,NEUTRAL,44.86,-19.9253,29.81,2232.07,2175.16,,105.38,0.169,67.46,1.13,1990.93,2412.45,1.67,RSI in swing zone; MACD weak; Trend strength acceptable,FINANCIALS,-2.61,-5.68,6.53,0.0,4.9,2,0,0,-2,0,MEDIUM,-3,22.7,-2.46,-2,-2,-0.65,1.25,E,"Trend 2, Momentum 0, Volume 0, Liquidity -2 (0.0cr), VolRisk MEDIUM, Sector FINANCIALS -3",1,1,1,NEUTRAL,News 0; event caution 0; risk LOW; type ; confidence ; reason . ,-2,MEDIUM,CAUTIOUS,Nifty 20D return -3.9448571751706463; 60D return -4.281982537022666; Crude 20D change 11.414863871570024; India VIX latest; 20D change 9.84643344748708; USDINR 20D change 0.9026990410958335,-3.0,SELL/AVOID,1,-3.65,SELL/AVOID,"Tech 1 | News 0 (, ) | Event caution 0 | Macro -2 | Sector -2 | Analytics -0.65 (E) | Risk LOW/MEDIUM | Analytics: Trend 2, Momentum 0, Volume 0, Liquidity -2 (0.0cr), VolRisk MEDIUM, Sector FINANCIALS -3",0,0,LOW,,,,,,,0,0,,,0,,0,65.2,HIGH,-2.13,SELL/AVOID,"AI overlay from completed recommendation outcomes; use as probability/risk input, not standalone advice."
COCHINSHIP,2026-09-28,1329.0,22069.0,-1,NEUTRAL,34.18,-7.0888,22.38,1428.47,1450.56,1475.4,51.88,0.2,13.56,0.45,1251.18,1458.71,1.67,RSI oversold rebound candidate; MACD weak; Trend strength acceptable,UNKNOWN,-4.94,-13.87,-6.28,0.0,3.9,1,-1,-1,-2,0,MEDIUM,0,,,0,-2,-0.65,1.5,E,"Trend 1, Momentum -1, Volume -1, Liquidity -2 (0.0cr), VolRisk MEDIUM, Sector UNKNOWN 0",-1,-1,-1,NEUTRAL,News 0; event caution 0; risk LOW; type ; confidence ; reason . ,-2,MEDIUM,CAUTIOUS,Nifty 20D return -3.9448571751706463; 60D return -4.281982537022666; Crude 20D change 11.414863871570024; India VIX latest; 20D change 9.84643344748708; USDINR 20D change 0.9026990410958335,-3.0,SELL/AVOID,-1,-3.65,SELL/AVOID,"Tech -1 | News 0 (, ) | Event caution 0 | Macro -2 | Sector 0 | Analytics -0.65 (E) | Risk LOW/MEDIUM | Analytics: Trend 1, Momentum -1, Volume -1, Liquidity -2 (0.0cr), VolRisk MEDIUM, Sector UNKNOWN 0",0,0,LOW,,,,,,,0,0,,,0,,0,77.8,HIGH,-0.87,SELL/AVOID,"AI overlay from completed recommendation outcomes; use as probability/risk input, not standalone advice."
GOLDBEES,2026-09-28,121.17,198304.0,-2,NEUTRAL,35.17,-0.3638,18.42,125.03,125.65,124.37,1.78,-0.237,7.22,2.16,118.5,125.62,1.67,MACD weak; Volume expansion,UNKNOWN,-3.06,-4.72,3.71,0.0,1.47,0,0,2,-2,1,LOW,0,,,0,-1,0.35,1.5,E,"Trend 0, Momentum 0, Volume 2, Liquidity -2 (0.0cr), VolRisk LOW, Sector UNKNOWN 0",-2,-2,-2,NEUTRAL,News 0; event caution 0; risk LOW; type ; confidence ; reason . ,-2,MEDIUM,CAUTIOUS,Nifty 20D return -3.9448571751706463; 60D return -4.281982537022666; Crude 20D change 11.414863871570024; India VIX latest; 20D change 9.84643344748708; USDINR 20D change 0.9026990410958335,-4.0,SELL/AVOID,-2,-3.65,SELL/AVOID,"Tech -2 | News 0 (, ) | Event caution 0 | Macro -2 | Sector 0 | Analytics 0.35 (E) | Risk LOW/MEDIUM | Analytics: Trend 0, Momentum 0, Volume 2, Liquidity -2 (0.0cr), VolRisk LOW, Sector UNKNOWN 0",0,0,LOW,,,,,,,0,0,,,0,,0,82.3,HIGH,-0.42,SELL/AVOID,"AI overlay from completed recommendation outcomes; use as probability/risk input, not standalone advice."
MARUTI,2026-09-28,12008.0,41585.0,2,NEUTRAL,28.19,20.0119,57.09,12307.25,13131.26,13469.36,206.85,0.193,10.72,0.86,11697.72,12525.13,1.67,RSI oversold rebound candidate; MACD bullish; Trend strength acceptable,AUTO,-1.49,-5.4,-11.14,0.0,1.72,1,0,0,-2,1,LOW,-3,12.5,-1.38,-3,-1,-0.75,1.25,D,"Trend 1, Momentum 0, Volume 0, Liquidity -2 (0.0cr), VolRisk LOW, Sector AUTO -3",2,2,2,NEUTRAL,News 0; event caution 0; risk LOW; type ; confidence ; reason . ,-2,MEDIUM,CAUTIOUS,Nifty 20D return -3.9448571751706463; 60D return -4.281982537022666; Crude 20D change 11.414863871570024; India VIX latest; 20D change 9.84643344748708; USDINR 20D change 0.9026990410958335,-3.0,SELL/AVOID,2,-3.75,SELL/AVOID,"Tech 2 | News 0 (, ) | Event caution 0 | Macro -2 | Sector -3 | Analytics -0.75 (D) | Risk LOW/MEDIUM | Analytics: Trend 1, Momentum 0, Volume 0, Liquidity -2 (0.0cr), VolRisk LOW, Sector AUTO -3",0,0,LOW,,,,,,,0,0,,,0,,-1,76.2,HIGH,-1.13,SELL/AVOID,"AI overlay from completed recommendation outcomes; use as probability/risk input, not standalone advice."
AXISBANK,2026-09-28,1209.9,96725.0,1,NEUTRAL,40.9,-3.7386,26.09,1240.07,1244.52,1286.06,25.16,0.116,42.25,0.74,1172.16,1272.81,1.67,RSI in swing zone; MACD weak; Trend strength acceptable,BANK,-2.64,-4.96,-3.67,0.01,2.08,1,0,0,-2,1,LOW,-3,15.4,-0.84,-2,-1,-0.75,1.25,E,"Trend 1, Momentum 0, Volume 0, Liquidity -2 (0.01cr), VolRisk LOW, Sector BANK -3",1,1,1,NEUTRAL,News 0; event caution 0; risk LOW; type ; confidence ; reason . ,-2,MEDIUM,CAUTIOUS,Nifty 20D return -3.9448571751706463; 60D return -4.281982537022666; Crude 20D change 11.414863871570024; India VIX latest; 20D change 9.84643344748708; USDINR 20D change 0.9026990410958335,-3.0,SELL/AVOID,1,-3.75,SELL/AVOID,"Tech 1 | News 0 (, ) | Event caution 0 | Macro -2 | Sector -2 | Analytics -0.75 (E) | Risk LOW/MEDIUM | Analytics: Trend 1, Momentum 0, Volume 0, Liquidity -2 (0.01cr), VolRisk LOW, Sector BANK -3",0,0,LOW,,,,,,,0,0,,,0,,0,78.2,HIGH,-0.93,SELL/AVOID,"AI overlay from completed recommendation outcomes; use as probability/risk input, not standalone advice."
MOIL,2026-08-31,247.8,37431.0,-1,NEUTRAL,31.39,-2.7017,29.46,280.12,287.99,,12.89,0.163,1.48,0.89,228.46,280.04,1.67,RSI oversold rebound candidate; MACD weak; Trend strength acceptable,UNKNOWN,-1.96,-20.3,-24.53,0.0,5.2,1,-1,0,-2,-1,HIGH,0,,,0,-3,-0.75,1.0,E,"Trend 1, Momentum -1, Volume 0, Liquidity -2 (0.0cr), VolRisk HIGH, Sector UNKNOWN 0",-1,-1,-1,NEUTRAL,News 0; event caution 0; risk LOW; type ; confidence ; reason . ,-2,MEDIUM,CAUTIOUS,Nifty 20D return -3.9448571751706463; 60D return -4.281982537022666; Crude 20D change 11.414863871570024; India VIX latest; 20D change 9.84643344748708; USDINR 20D change 0.9026990410958335,-3.0,SELL/AVOID,-1,-3.75,SELL/AVOID,"Tech -1 | News 0 (, ) | Event caution 0 | Macro -2 | Sector 0 | Analytics -0.75 (E) | Risk LOW/MEDIUM | Analytics: Trend 1, Momentum -1, Volume 0, Liquidity -2 (0.0cr), VolRisk HIGH, Sector UNKNOWN 0",0,0,LOW,,,,,,,0,0,,,0,,0,65.3,HIGH,-2.22,SELL/AVOID,"AI overlay from completed recommendation outcomes; use as probability/risk input, not standalone advice."
INDIAMART,2026-09-20,1646.3,33856.0,-1,NEUTRAL,23.28,-1.4066,35.86,1758.67,1969.0,,61.46,-0.1,12.41,1.12,1554.12,1799.94,1.67,RSI oversold rebound candidate; MACD weak; Trend strength acceptable,UNKNOWN,-8.02,-14.17,-27.3,0.0,3.73,1,-2,0,-2,0,MEDIUM,0,,,0,-2,-0.75,1.5,E,"Trend 1, Momentum -2, Volume 0, Liquidity -2 (0.0cr), VolRisk MEDIUM, Sector UNKNOWN 0",-1,-1,-1,NEUTRAL,News 0; event caution 0; risk LOW; type ; confidence ; reason . ,-2,MEDIUM,CAUTIOUS,Nifty 20D return -3.9448571751706463; 60D return -4.281982537022666; Crude 20D change 11.414863871570024; India VIX latest; 20D change 9.84643344748708; USDINR 20D change 0.9026990410958335,-3.0,SELL/AVOID,-1,-3.75,SELL/AVOID,"Tech -1 | News 0 (, ) | Event caution 0 | Macro -2 | Sector 0 | Analytics -0.75 (E) | Risk LOW/MEDIUM | Analytics: Trend 1, Momentum -2, Volume 0, Liquidity -2 (0.0cr), VolRisk MEDIUM, Sector UNKNOWN 0",0,0,LOW,,,,,,,0,0,,,0,,0,64.6,MEDIUM,-2.29,SELL/AVOID,"AI overlay from completed recommendation outcomes; use as probability/risk input, not standalone advice."
ADANIENSOL,2026-09-28,1287.9,31106.0,-1,NEUTRAL,28.5,-1.6488,31.28,1378.12,1490.94,1353.65,42.04,-0.11,3.19,0.77,1224.84,1393.0,1.67,RSI oversold rebound candidate; MACD weak; Trend strength acceptable,UNKNOWN,-6.79,-8.63,-25.53,0.0,3.26,1,-2,0,-2,0,MEDIUM,0,,,0,-2,-0.75,1.5,E,"Trend 1, Momentum -2, Volume 0, Liquidity -2 (0.0cr), VolRisk MEDIUM, Sector UNKNOWN 0",-1,-1,-1,NEUTRAL,News 0; event caution 0; risk LOW; type ; confidence ; reason . ,-2,MEDIUM,CAUTIOUS,Nifty 20D return -3.9448571751706463; 60D return -4.281982537022666; Crude 20D change 11.414863871570024; India VIX latest; 20D change 9.84643344748708; USDINR 20D change 0.9026990410958335,-3.0,SELL/AVOID,-1,-3.75,SELL/AVOID,"Tech -1 | News 0 (, ) | Event caution 0 | Macro -2 | Sector 0 | Analytics -0.75 (E) | Risk LOW/MEDIUM | Analytics: Trend 1, Momentum -2, Volume 0, Liquidity -2 (0.0cr), VolRisk MEDIUM, Sector UNKNOWN 0",0,0,LOW,,,,,,,0,0,,,0,,0,68.0,HIGH,-1.95,SELL/AVOID,"AI overlay from completed recommendation outcomes; use as probability/risk input, not standalone advice."
PGEL,2026-09-21,536.55,26215.0,-1,NEUTRAL,29.0,-5.388,29.51,579.42,589.08,,18.74,0.158,10.5,0.77,508.44,583.4,1.67,RSI oversold rebound candidate; MACD weak; Trend strength acceptable,UNKNOWN,-3.1,-14.92,11.02,0.0,3.49,1,-2,0,-2,0,MEDIUM,0,,,0,-2,-0.75,1.5,E,"Trend 1, Momentum -2, Volume 0, Liquidity -2 (0.0cr), VolRisk MEDIUM, Sector UNKNOWN 0",-1,-1,-1,NEUTRAL,News 0; event caution 0; risk LOW; type ; confidence ; reason . ,-2,MEDIUM,CAUTIOUS,Nifty 20D return -3.9448571751706463; 60D return -4.281982537022666; Crude 20D change 11.414863871570024; India VIX latest; 20D change 9.84643344748708; USDINR 20D change 0.9026990410958335,-3.0,SELL/AVOID,-1,-3.75,SELL/AVOID,"Tech -1 | News 0 (, ) | Event caution 0 | Macro -2 | Sector 0 | Analytics -0.75 (E) | Risk LOW/MEDIUM | Analytics: Trend 1, Momentum -2, Volume 0, Liquidity -2 (0.0cr), VolRisk MEDIUM, Sector UNKNOWN 0",0,0,LOW,,,,,,,0,0,,,0,,0,75.9,HIGH,-1.16,SELL/AVOID,"AI overlay from completed recommendation outcomes; use as probability/risk input, not standalone advice."
CIEINDIA,2026-09-23,384.2,26123.0,-1,NEUTRAL,25.85,-3.3678,30.35,424.29,449.31,,15.88,0.143,2.14,0.85,360.38,423.9,1.67,RSI oversold rebound candidate; MACD weak; Trend strength acceptable,UNKNOWN,-6.41,-15.97,,0.0,4.13,1,-2,0,-2,0,MEDIUM,0,,,0,-2,-0.75,1.5,E,"Trend 1, Momentum -2, Volume 0, Liquidity -2 (0.0cr), VolRisk MEDIUM, Sector UNKNOWN 0",-1,-1,-1,NEUTRAL,News 0; event caution 0; risk LOW; type ; confidence ; reason . ,-2,MEDIUM,CAUTIOUS,Nifty 20D return -3.9448571751706463; 60D return -4.281982537022666; Crude 20D change 11.414863871570024; India VIX latest; 20D change 9.84643344748708; USDINR 20D change 0.9026990410958335,-3.0,SELL/AVOID,-1,-3.75,SELL/AVOID,"Tech -1 | News 0 (, ) | Event caution 0 | Macro -2 | Sector 0 | Analytics -0.75 (E) | Risk LOW/MEDIUM | Analytics: Trend 1, Momentum -2, Volume 0, Liquidity -2 (0.0cr), VolRisk MEDIUM, Sector UNKNOWN 0",0,0,LOW,,,,,,,0,0,,,0,,0,74.8,HIGH,-1.27,SELL/AVOID,"AI overlay from completed recommendation outcomes; use as probability/risk input, not standalone advice."
GRAVITA,2026-09-24,1515.4,19988.0,-1,NEUTRAL,28.86,-26.7604,24.23,1697.23,1722.83,,66.61,0.066,1.55,0.78,1415.49,1681.92,1.67,RSI oversold rebound candidate; MACD weak; Trend strength acceptable,UNKNOWN,-8.8,-3.97,-2.6,0.0,4.4,1,-2,0,-2,0,MEDIUM,0,,,0,-2,-0.75,1.5,E,"Trend 1, Momentum -2, Volume 0, Liquidity -2 (0.0cr), VolRisk MEDIUM, Sector UNKNOWN 0",-1,-1,-1,NEUTRAL,News 0; event caution 0; risk LOW; type ; confidence ; reason . ,-2,MEDIUM,CAUTIOUS,Nifty 20D return -3.9448571751706463; 60D return -4.281982537022666; Crude 20D change 11.414863871570024; India VIX latest; 20D change 9.84643344748708; USDINR 20D change 0.9026990410958335,-3.0,SELL/AVOID,-1,-3.75,SELL/AVOID,"Tech -1 | News 0 (, ) | Event caution 0 | Macro -2 | Sector 0 | Analytics -0.75 (E) | Risk LOW/MEDIUM | Analytics: Trend 1, Momentum -2, Volume 0, Liquidity -2 (0.0cr), VolRisk MEDIUM, Sector UNKNOWN 0",0,0,LOW,,,,,,,0,0,,,0,,0,75.0,HIGH,-1.25,SELL/AVOID,"AI overlay from completed recommendation outcomes; use as probability/risk input, not standalone advice."
CUB,2026-09-28,215.99,69231.0,-2,NEUTRAL,38.59,-1.7844,19.86,229.49,221.91,241.57,8.42,-0.082,12.87,1.88,203.36,237.04,1.67,MACD weak; Volume expansion,UNKNOWN,-8.07,-7.84,-3.85,0.0,3.9,1,0,1,-2,0,MEDIUM,0,,,0,-2,0.2,1.5,E,"Trend 1, Momentum 0, Volume 1, Liquidity -2 (0.0cr), VolRisk MEDIUM, Sector UNKNOWN 0",-2,-2,-2,NEUTRAL,News 0; event caution 0; risk LOW; type ; confidence ; reason . ,-2,MEDIUM,CAUTIOUS,Nifty 20D return -3.9448571751706463; 60D return -4.281982537022666; Crude 20D change 11.414863871570024; India VIX latest; 20D change 9.84643344748708; USDINR 20D change 0.9026990410958335,-4.0,SELL/AVOID,-2,-3.8,SELL/AVOID,"Tech -2 | News 0 (, ) | Event caution 0 | Macro -2 | Sector 0 | Analytics 0.2 (E) | Risk LOW/MEDIUM | Analytics: Trend 1, Momentum 0, Volume 1, Liquidity -2 (0.0cr), VolRisk MEDIUM, Sector UNKNOWN 0",0,0,LOW,,,,,,,0,0,,,0,,0,71.9,HIGH,-1.61,SELL/AVOID,"AI overlay from completed recommendation outcomes; use as probability/risk input, not standalone advice."
LTM,2026-09-28,4091.4,29651.0,-1,NEUTRAL,33.68,-20.6291,20.38,4269.04,4457.79,,129.04,0.206,16.65,0.94,3897.85,4413.99,1.67,RSI oversold rebound candidate; MACD weak; Bollinger position healthy,UNKNOWN,-1.61,-10.82,-0.8,0.0,3.15,0,-1,0,-2,0,MEDIUM,0,,,0,-2,-0.85,1.5,E,"Trend 0, Momentum -1, Volume 0, Liquidity -2 (0.0cr), VolRisk MEDIUM, Sector UNKNOWN 0",-1,-1,-1,NEUTRAL,News 0; event caution 0; risk LOW; type ; confidence ; reason . ,-2,MEDIUM,CAUTIOUS,Nifty 20D return -3.9448571751706463; 60D return -4.281982537022666; Crude 20D change 11.414863871570024; India VIX latest; 20D change 9.84643344748708; USDINR 20D change 0.9026990410958335,-3.0,SELL/AVOID,-1,-3.85,SELL/AVOID,"Tech -1 | News 0 (, ) | Event caution 0 | Macro -2 | Sector 0 | Analytics -0.85 (E) | Risk LOW/MEDIUM | Analytics: Trend 0, Momentum -1, Volume 0, Liquidity -2 (0.0cr), VolRisk MEDIUM, Sector UNKNOWN 0",0,0,LOW,,,,,,,0,0,,,0,,0,75.2,HIGH,-1.33,SELL/AVOID,"AI overlay from completed recommendation outcomes; use as probability/risk input, not standalone advice."
KOTAKBANK,2026-09-28,401.55,133757.0,0,NEUTRAL,37.13,-2.2857,30.59,413.75,407.33,392.82,7.48,0.015,23.34,1.03,390.33,420.24,1.67,MACD weak; Trend strength acceptable; Long-term trend positive,BANK,-2.69,-5.41,5.1,0.01,1.86,3,0,0,-2,1,LOW,-3,15.4,-0.84,-2,-1,0.15,1.25,E,"Trend 3, Momentum 0, Volume 0, Liquidity -2 (0.01cr), VolRisk LOW, Sector BANK -3",0,0,0,NEUTRAL,News 0; event caution 0; risk LOW; type ; confidence ; reason . ,-2,MEDIUM,CAUTIOUS,Nifty 20D return -3.9448571751706463; 60D return -4.281982537022666; Crude 20D change 11.414863871570024; India VIX latest; 20D change 9.84643344748708; USDINR 20D change 0.9026990410958335,-4.0,SELL/AVOID,0,-3.85,SELL/AVOID,"Tech 0 | News 0 (, ) | Event caution 0 | Macro -2 | Sector -2 | Analytics 0.15 (E) | Risk LOW/MEDIUM | Analytics: Trend 3, Momentum 0, Volume 0, Liquidity -2 (0.01cr), VolRisk LOW, Sector BANK -3",0,0,LOW,,,,,,,0,0,,,0,,0,67.9,HIGH,-2.06,SELL/AVOID,"AI overlay from completed recommendation outcomes; use as probability/risk input, not standalone advice."
DATAPATTNS,2026-09-28,4276.8,34694.0,-2,NEUTRAL,36.45,-29.1239,15.72,4565.16,4560.43,3995.89,165.89,0.15,19.32,0.55,4027.97,4691.52,1.67,MACD weak; Long-term trend positive,UNKNOWN,-4.64,-6.72,7.17,0.0,3.88,2,0,-1,-2,0,MEDIUM,0,,,0,-2,0.15,1.5,E,"Trend 2, Momentum 0, Volume -1, Liquidity -2 (0.0cr), VolRisk MEDIUM, Sector UNKNOWN 0",-2,-2,-2,NEUTRAL,News 0; event caution 0; risk LOW; type ; confidence ; reason . ,-2,MEDIUM,CAUTIOUS,Nifty 20D return -3.9448571751706463; 60D return -4.281982537022666; Crude 20D change 11.414863871570024; India VIX latest; 20D change 9.84643344748708; USDINR 20D change 0.9026990410958335,-4.0,SELL/AVOID,-2,-3.85,SELL/AVOID,"Tech -2 | News 0 (, ) | Event caution 0 | Macro -2 | Sector 0 | Analytics 0.15 (E) | Risk LOW/MEDIUM | Analytics: Trend 2, Momentum 0, Volume -1, Liquidity -2 (0.0cr), VolRisk MEDIUM, Sector UNKNOWN 0",0,0,LOW,,,,,,,0,0,,,0,,0,70.8,HIGH,-1.77,SELL/AVOID,"AI overlay from completed recommendation outcomes; use as probability/risk input, not standalone advice."
COFORGE,2026-09-28,1773.0,50208.0,1,NEUTRAL,38.88,-8.9331,32.12,1830.95,1847.24,1464.56,51.37,0.258,31.71,0.56,1695.94,1901.43,1.67,MACD weak; Trend strength acceptable; Long-term trend positive; Bollinger position healthy,IT,-1.66,-10.13,17.62,0.0,2.9,2,0,-1,-2,0,MEDIUM,-3,16.7,-6.08,-2,-2,-0.9,1.25,E,"Trend 2, Momentum 0, Volume -1, Liquidity -2 (0.0cr), VolRisk MEDIUM, Sector IT -3",1,1,1,NEUTRAL,News 0; event caution 0; risk LOW; type ; confidence ; reason . ,-2,MEDIUM,CAUTIOUS,Nifty 20D return -3.9448571751706463; 60D return -4.281982537022666; Crude 20D change 11.414863871570024; India VIX latest; 20D change 9.84643344748708; USDINR 20D change 0.9026990410958335,-3.0,SELL/AVOID,1,-3.9,SELL/AVOID,"Tech 1 | News 0 (, ) | Event caution 0 | Macro -2 | Sector -2 | Analytics -0.9 (E) | Risk LOW/MEDIUM | Analytics: Trend 2, Momentum 0, Volume -1, Liquidity -2 (0.0cr), VolRisk MEDIUM, Sector IT -3",0,0,LOW,,,,,,,0,0,,,0,,0,69.3,HIGH,-1.97,SELL/AVOID,"AI overlay from completed recommendation outcomes; use as probability/risk input, not standalone advice."
WALCHANNAG,2026-09-23,212.63,21672.0,-1,NEUTRAL,34.72,-7.9011,28.4,267.76,251.88,,21.87,0.009,10.95,0.57,179.82,267.31,1.67,RSI oversold rebound candidate; MACD weak; Trend strength acceptable,UNKNOWN,-11.4,-19.9,23.58,0.0,10.29,2,-1,-1,-2,-2,VERY_HIGH,0,,,0,-3,-0.9,1.0,E,"Trend 2, Momentum -1, Volume -1, Liquidity -2 (0.0cr), VolRisk VERY_HIGH, Sector UNKNOWN 0",-1,-1,-1,NEUTRAL,News 0; event caution 0; risk LOW; type ; confidence ; reason . ,-2,MEDIUM,CAUTIOUS,Nifty 20D return -3.9448571751706463; 60D return -4.281982537022666; Crude 20D change 11.414863871570024; India VIX latest; 20D change 9.84643344748708; USDINR 20D change 0.9026990410958335,-3.0,SELL/AVOID,-1,-3.9,SELL/AVOID,"Tech -1 | News 0 (, ) | Event caution 0 | Macro -2 | Sector 0 | Analytics -0.9 (E) | Risk LOW/MEDIUM | Analytics: Trend 2, Momentum -1, Volume -1, Liquidity -2 (0.0cr), VolRisk VERY_HIGH, Sector UNKNOWN 0",0,0,LOW,,,,,,,0,0,,,0,,0,73.7,HIGH,-1.53,SELL/AVOID,"AI overlay from completed recommendation outcomes; use as probability/risk input, not standalone advice."
BEL,2026-09-28,385.5,133575.0,-2,NEUTRAL,35.5,-0.6358,17.67,397.58,402.86,420.26,7.07,0.11,14.59,1.31,374.9,403.17,1.67,MACD weak; Volume expansion,UNKNOWN,-3.12,-4.9,-5.55,0.0,1.83,0,0,1,-2,1,LOW,0,,,0,-1,0.1,1.5,E,"Trend 0, Momentum 0, Volume 1, Liquidity -2 (0.0cr), VolRisk LOW, Sector UNKNOWN 0",-2,-2,-2,NEUTRAL,News 0; event caution 0; risk LOW; type ; confidence ; reason . ,-2,MEDIUM,CAUTIOUS,Nifty 20D return -3.9448571751706463; 60D return -4.281982537022666; Crude 20D change 11.414863871570024; India VIX latest; 20D change 9.84643344748708; USDINR 20D change 0.9026990410958335,-4.0,SELL/AVOID,-2,-3.9,SELL/AVOID,"Tech -2 | News 0 (, ) | Event caution 0 | Macro -2 | Sector 0 | Analytics 0.1 (E) | Risk LOW/MEDIUM | Analytics: Trend 0, Momentum 0, Volume 1, Liquidity -2 (0.0cr), VolRisk LOW, Sector UNKNOWN 0",0,0,LOW,,,,,,,0,0,,,0,,0,85.9,HIGH,-0.31,SELL/AVOID,"AI overlay from completed recommendation outcomes; use as probability/risk input, not standalone advice."
SENCO,2026-09-28,318.3,50479.0,-1,NEUTRAL,32.1,-3.2965,21.62,347.55,366.46,,16.05,-0.066,12.06,1.42,294.23,358.41,1.67,RSI oversold rebound candidate; MACD weak; Volume expansion,UNKNOWN,-8.11,-20.67,-2.21,0.0,5.04,0,-1,1,-2,-1,HIGH,0,,,0,-3,-0.95,1.0,E,"Trend 0, Momentum -1, Volume 1, Liquidity -2 (0.0cr), VolRisk HIGH, Sector UNKNOWN 0",-1,-1,-1,NEUTRAL,News 0; event caution 0; risk LOW; type ; confidence ; reason . ,-2,MEDIUM,CAUTIOUS,Nifty 20D return -3.9448571751706463; 60D return -4.281982537022666; Crude 20D change 11.414863871570024; India VIX latest; 20D change 9.84643344748708; USDINR 20D change 0.9026990410958335,-3.0,SELL/AVOID,-1,-3.95,SELL/AVOID,"Tech -1 | News 0 (, ) | Event caution 0 | Macro -2 | Sector 0 | Analytics -0.95 (E) | Risk LOW/MEDIUM | Analytics: Trend 0, Momentum -1, Volume 1, Liquidity -2 (0.0cr), VolRisk HIGH, Sector UNKNOWN 0",0,0,LOW,,,,,,,0,0,,,0,,0,73.4,HIGH,-1.61,SELL/AVOID,"AI overlay from completed recommendation outcomes; use as probability/risk input, not standalone advice."
MMTC,2026-09-06,64.18,38101.0,-2,NEUTRAL,39.59,-1.0411,22.51,69.87,65.91,,4.06,0.172,11.27,0.62,58.08,74.34,1.67,MACD weak; Trend strength acceptable,UNKNOWN,1.18,-5.7,-10.34,0.0,6.33,2,0,0,-2,-1,HIGH,0,,,0,-3,0.05,1.0,E,"Trend 2, Momentum 0, Volume 0, Liquidity -2 (0.0cr), VolRisk HIGH, Sector UNKNOWN 0",-2,-2,-2,NEUTRAL,News 0; event caution 0; risk LOW; type ; confidence ; reason . ,-2,MEDIUM,CAUTIOUS,Nifty 20D return -3.9448571751706463; 60D return -4.281982537022666; Crude 20D change 11.414863871570024; India VIX latest; 20D change 9.84643344748708; USDINR 20D change 0.9026990410958335,-4.0,SELL/AVOID,-2,-3.95,SELL/AVOID,"Tech -2 | News 0 (, ) | Event caution 0 | Macro -2 | Sector 0 | Analytics 0.05 (E) | Risk LOW/MEDIUM | Analytics: Trend 2, Momentum 0, Volume 0, Liquidity -2 (0.0cr), VolRisk HIGH, Sector UNKNOWN 0",0,0,LOW,,,,,,,0,0,,,0,,0,71.1,HIGH,-1.84,SELL/AVOID,"AI overlay from completed recommendation outcomes; use as probability/risk input, not standalone advice."
JSFB,2026-09-28,499.2,36393.0,-2,NEUTRAL,39.67,-7.6663,25.77,549.15,510.79,,32.74,0.038,11.75,0.91,450.09,581.05,1.67,MACD weak; Trend strength acceptable,UNKNOWN,-4.02,-13.18,,0.0,6.56,2,0,0,-2,-1,HIGH,0,,,0,-3,0.05,1.0,E,"Trend 2, Momentum 0, Volume 0, Liquidity -2 (0.0cr), VolRisk HIGH, Sector UNKNOWN 0",-2,-2,-2,NEUTRAL,News 0; event caution 0; risk LOW; type ; confidence ; reason . ,-2,MEDIUM,CAUTIOUS,Nifty 20D return -3.9448571751706463; 60D return -4.281982537022666; Crude 20D change 11.414863871570024; India VIX latest; 20D change 9.84643344748708; USDINR 20D change 0.9026990410958335,-4.0,SELL/AVOID,-2,-3.95,SELL/AVOID,"Tech -2 | News 0 (, ) | Event caution 0 | Macro -2 | Sector 0 | Analytics 0.05 (E) | Risk LOW/MEDIUM | Analytics: Trend 2, Momentum 0, Volume 0, Liquidity -2 (0.0cr), VolRisk HIGH, Sector UNKNOWN 0",0,0,LOW,,,,,,,0,0,,,0,,0,69.7,HIGH,-1.98,SELL/AVOID,"AI overlay from completed recommendation outcomes; use as probability/risk input, not standalone advice."
GOKEX,2026-09-21,694.7,31450.0,-2,NEUTRAL,35.15,-17.2441,22.71,825.89,757.17,,47.57,-0.295,3.53,0.93,623.34,813.64,1.67,MACD weak; Trend strength acceptable,UNKNOWN,-16.35,-11.4,15.23,0.0,6.85,2,0,0,-2,-1,HIGH,0,,,0,-3,0.05,1.0,E,"Trend 2, Momentum 0, Volume 0, Liquidity -2 (0.0cr), VolRisk HIGH, Sector UNKNOWN 0",-2,-2,-2,NEUTRAL,News 0; event caution 0; risk LOW; type ; confidence ; reason . ,-2,MEDIUM,CAUTIOUS,Nifty 20D return -3.9448571751706463; 60D return -4.281982537022666; Crude 20D change 11.414863871570024; India VIX latest; 20D change 9.84643344748708; USDINR 20D change 0.9026990410958335,-4.0,SELL/AVOID,-2,-3.95,SELL/AVOID,"Tech -2 | News 0 (, ) | Event caution 0 | Macro -2 | Sector 0 | Analytics 0.05 (E) | Risk LOW/MEDIUM | Analytics: Trend 2, Momentum 0, Volume 0, Liquidity -2 (0.0cr), VolRisk HIGH, Sector UNKNOWN 0",0,0,LOW,,,,,,,0,0,,,0,,0,67.2,HIGH,-2.23,SELL/AVOID,"AI overlay from completed recommendation outcomes; use as probability/risk input, not standalone advice."
RUBICON,2026-09-28,1592.8,25604.0,-2,NEUTRAL,37.68,-35.633,27.2,1766.73,1618.05,,85.4,-0.104,5.9,0.84,1464.7,1806.3,1.67,MACD weak; Trend strength acceptable,UNKNOWN,-9.04,-7.65,22.69,0.0,5.36,2,0,0,-2,-1,HIGH,0,,,0,-3,0.05,1.0,E,"Trend 2, Momentum 0, Volume 0, Liquidity -2 (0.0cr), VolRisk HIGH, Sector UNKNOWN 0",-2,-2,-2,NEUTRAL,News 0; event caution 0; risk LOW; type ; confidence ; reason . ,-2,MEDIUM,CAUTIOUS,Nifty 20D return -3.9448571751706463; 60D return -4.281982537022666; Crude 20D change 11.414863871570024; India VIX latest; 20D change 9.84643344748708; USDINR 20D change 0.9026990410958335,-4.0,SELL/AVOID,-2,-3.95,SELL/AVOID,"Tech -2 | News 0 (, ) | Event caution 0 | Macro -2 | Sector 0 | Analytics 0.05 (E) | Risk LOW/MEDIUM | Analytics: Trend 2, Momentum 0, Volume 0, Liquidity -2 (0.0cr), VolRisk HIGH, Sector UNKNOWN 0",0,0,LOW,,,,,,,0,0,,,0,,0,69.4,HIGH,-2.01,SELL/AVOID,"AI overlay from completed recommendation outcomes; use as probability/risk input, not standalone advice."
WEBELSOLAR,2026-08-26,78.27,19775.0,-1,NEUTRAL,28.2,-4.4186,33.54,102.75,95.72,,6.94,-0.057,1.55,0.87,67.85,95.63,1.67,RSI oversold rebound candidate; MACD weak; Trend strength acceptable,UNKNOWN,-26.72,-34.7,45.08,0.0,8.87,2,-2,0,-2,-2,VERY_HIGH,0,,,0,-3,-1.0,1.0,E,"Trend 2, Momentum -2, Volume 0, Liquidity -2 (0.0cr), VolRisk VERY_HIGH, Sector UNKNOWN 0",-1,-1,-1,NEUTRAL,News 0; event caution 0; risk LOW; type ; confidence ; reason . ,-2,MEDIUM,CAUTIOUS,Nifty 20D return -3.9448571751706463; 60D return -4.281982537022666; Crude 20D change 11.414863871570024; India VIX latest; 20D change 9.84643344748708; USDINR 20D change 0.9026990410958335,-3.0,SELL/AVOID,-1,-4.0,SELL/AVOID,"Tech -1 | News 0 (, ) | Event caution 0 | Macro -2 | Sector 0 | Analytics -1 (E) | Risk LOW/MEDIUM | Analytics: Trend 2, Momentum -2, Volume 0, Liquidity -2 (0.0cr), VolRisk VERY_HIGH, Sector UNKNOWN 0",0,0,LOW,,,,,,,0,0,,,0,,0,69.5,HIGH,-2.05,SELL/AVOID,"AI overlay from completed recommendation outcomes; use as probability/risk input, not standalone advice."
TITAN,2026-09-28,4819.5,61106.0,0,NEUTRAL,39.53,-6.3395,29.28,4918.12,4998.77,4481.51,81.03,0.197,19.55,1.27,4697.95,5022.08,1.67,MACD weak; Trend strength acceptable; Long-term trend positive; Volume expansion,CONSUMER_DURABLES,-2.21,-3.99,3.79,0.0,1.68,2,0,1,-2,1,LOW,-3,25.0,-1.3,-2,-1,-0.05,1.25,E,"Trend 2, Momentum 0, Volume 1, Liquidity -2 (0.0cr), VolRisk LOW, Sector CONSUMER_DURABLES -3",0,0,0,NEUTRAL,News 0; event caution 0; risk LOW; type ; confidence ; reason . ,-2,MEDIUM,CAUTIOUS,Nifty 20D return -3.9448571751706463; 60D return -4.281982537022666; Crude 20D change 11.414863871570024; India VIX latest; 20D change 9.84643344748708; USDINR 20D change 0.9026990410958335,-4.0,SELL/AVOID,0,-4.05,SELL/AVOID,"Tech 0 | News 0 (, ) | Event caution 0 | Macro -2 | Sector -2 | Analytics -0.05 (E) | Risk LOW/MEDIUM | Analytics: Trend 2, Momentum 0, Volume 1, Liquidity -2 (0.0cr), VolRisk LOW, Sector CONSUMER_DURABLES -3",0,0,LOW,,,,,,,0,0,,,0,,0,68.6,HIGH,-2.19,SELL/AVOID,"AI overlay from completed recommendation outcomes; use as probability/risk input, not standalone advice."
ADANIENT,2026-09-28,2831.1,67068.0,-2,NEUTRAL,35.4,-13.2086,16.19,2977.21,2999.67,2645.45,74.56,-0.011,7.37,1.12,2719.26,3017.5,1.67,MACD weak; Long-term trend positive,CONGLOMERATE,-5.54,-3.64,-11.06,0.0,2.63,1,0,0,-2,0,MEDIUM,0,,,0,-2,-0.05,1.5,E,"Trend 1, Momentum 0, Volume 0, Liquidity -2 (0.0cr), VolRisk MEDIUM, Sector CONGLOMERATE 0",-2,-2,-2,NEUTRAL,News 0; event caution 0; risk LOW; type ; confidence ; reason . ,-2,MEDIUM,CAUTIOUS,Nifty 20D return -3.9448571751706463; 60D return -4.281982537022666; Crude 20D change 11.414863871570024; India VIX latest; 20D change 9.84643344748708; USDINR 20D change 0.9026990410958335,-4.0,SELL/AVOID,-2,-4.05,SELL/AVOID,"Tech -2 | News 0 (, ) | Event caution 0 | Macro -2 | Sector 0 | Analytics -0.05 (E) | Risk LOW/MEDIUM | Analytics: Trend 1, Momentum 0, Volume 0, Liquidity -2 (0.0cr), VolRisk MEDIUM, Sector CONGLOMERATE 0",0,0,LOW,,,,,,,0,0,,,0,,0,75.8,HIGH,-1.47,SELL/AVOID,"AI overlay from completed recommendation outcomes; use as probability/risk input, not standalone advice."
GVT&D,2026-09-28,4203.0,43562.0,-2,NEUTRAL,40.78,-24.1702,10.72,4404.56,4340.19,4314.7,135.94,0.162,13.38,0.65,3999.09,4542.85,1.67,RSI in swing zone; MACD weak; Weak trend,UNKNOWN,-3.33,-2.4,-5.44,0.0,3.23,1,0,0,-2,0,MEDIUM,0,,,0,-2,-0.05,1.5,E,"Trend 1, Momentum 0, Volume 0, Liquidity -2 (0.0cr), VolRisk MEDIUM, Sector UNKNOWN 0",-2,-2,-2,NEUTRAL,News 0; event caution 0; risk LOW; type ; confidence ; reason . ,-2,MEDIUM,CAUTIOUS,Nifty 20D return -3.9448571751706463; 60D return -4.281982537022666; Crude 20D change 11.414863871570024; India VIX latest; 20D change 9.84643344748708; USDINR 20D change 0.9026990410958335,-4.0,SELL/AVOID,-2,-4.05,SELL/AVOID,"Tech -2 | News 0 (, ) | Event caution 0 | Macro -2 | Sector 0 | Analytics -0.05 (E) | Risk LOW/MEDIUM | Analytics: Trend 1, Momentum 0, Volume 0, Liquidity -2 (0.0cr), VolRisk MEDIUM, Sector UNKNOWN 0",0,0,LOW,,,,,,,0,0,,,0,,0,70.1,HIGH,-2.04,SELL/AVOID,"AI overlay from completed recommendation outcomes; use as probability/risk input, not standalone advice."
SBISILVER,2026-06-29,213.16,22801.0,-2,NEUTRAL,39.24,-2.9842,20.52,232.61,240.46,,13.36,0.262,6.61,0.88,193.12,246.56,1.67,MACD weak; Bollinger position healthy,UNKNOWN,-6.01,8.65,-25.16,0.0,6.27,1,1,0,-2,-1,HIGH,0,,,0,-3,-0.05,1.0,E,"Trend 1, Momentum 1, Volume 0, Liquidity -2 (0.0cr), VolRisk HIGH, Sector UNKNOWN 0",-2,-2,-2,NEUTRAL,News 0; event caution 0; risk LOW; type ; confidence ; reason . ,-2,MEDIUM,CAUTIOUS,Nifty 20D return -3.9448571751706463; 60D return -4.281982537022666; Crude 20D change 11.414863871570024; India VIX latest; 20D change 9.84643344748708; USDINR 20D change 0.9026990410958335,-4.0,SELL/AVOID,-2,-4.05,SELL/AVOID,"Tech -2 | News 0 (, ) | Event caution 0 | Macro -2 | Sector 0 | Analytics -0.05 (E) | Risk LOW/MEDIUM | Analytics: Trend 1, Momentum 1, Volume 0, Liquidity -2 (0.0cr), VolRisk HIGH, Sector UNKNOWN 0",0,0,LOW,,,,,,,0,0,,,0,,0,61.9,MEDIUM,-2.86,SELL/AVOID,"AI overlay from completed recommendation outcomes; use as probability/risk input, not standalone advice."
PERSISTENT,2026-09-28,5328.5,27171.0,1,NEUTRAL,41.7,-14.9452,14.74,5442.32,5534.24,5152.38,143.44,0.212,24.61,0.87,5113.34,5687.1,1.67,RSI in swing zone; MACD weak; Weak trend; Long-term trend positive; Bollinger position healthy,IT,-0.7,-5.57,2.79,0.0,2.69,1,0,0,-2,0,MEDIUM,-3,16.7,-6.08,-2,-2,-1.1,1.25,E,"Trend 1, Momentum 0, Volume 0, Liquidity -2 (0.0cr), VolRisk MEDIUM, Sector IT -3",1,1,1,NEUTRAL,News 0; event caution 0; risk LOW; type ; confidence ; reason . ,-2,MEDIUM,CAUTIOUS,Nifty 20D return -3.9448571751706463; 60D return -4.281982537022666; Crude 20D change 11.414863871570024; India VIX latest; 20D change 9.84643344748708; USDINR 20D change 0.9026990410958335,-3.0,SELL/AVOID,1,-4.1,SELL/AVOID,"Tech 1 | News 0 (, ) | Event caution 0 | Macro -2 | Sector -2 | Analytics -1.1 (E) | Risk LOW/MEDIUM | Analytics: Trend 1, Momentum 0, Volume 0, Liquidity -2 (0.0cr), VolRisk MEDIUM, Sector IT -3",0,0,LOW,,,,,,,0,0,,,0,,0,69.3,HIGH,-2.17,SELL/AVOID,"AI overlay from completed recommendation outcomes; use as probability/risk input, not standalone advice."
AGIIL,2026-09-28,271.6,32802.0,-1,NEUTRAL,17.98,-5.2448,44.4,322.3,356.47,,21.7,0.101,15.08,0.98,239.06,325.84,1.67,RSI oversold rebound candidate; MACD weak; Trend strength acceptable,UNKNOWN,-6.75,-26.64,-12.09,0.0,7.99,1,-2,0,-2,-1,HIGH,0,,,0,-3,-1.1,1.0,E,"Trend 1, Momentum -2, Volume 0, Liquidity -2 (0.0cr), VolRisk HIGH, Sector UNKNOWN 0",-1,-1,-1,NEUTRAL,News 0; event caution 0; risk LOW; type ; confidence ; reason . ,-2,MEDIUM,CAUTIOUS,Nifty 20D return -3.9448571751706463; 60D return -4.281982537022666; Crude 20D change 11.414863871570024; India VIX latest; 20D change 9.84643344748708; USDINR 20D change 0.9026990410958335,-3.0,SELL/AVOID,-1,-4.1,SELL/AVOID,"Tech -1 | News 0 (, ) | Event caution 0 | Macro -2 | Sector 0 | Analytics -1.1 (E) | Risk LOW/MEDIUM | Analytics: Trend 1, Momentum -2, Volume 0, Liquidity -2 (0.0cr), VolRisk HIGH, Sector UNKNOWN 0",0,0,LOW,,,,,,,0,0,,,0,,0,67.8,HIGH,-2.32,SELL/AVOID,"AI overlay from completed recommendation outcomes; use as probability/risk input, not standalone advice."
ASHAPURMIN,2026-09-09,550.6,28866.0,-1,NEUTRAL,29.46,-13.7704,30.09,656.46,667.47,,34.9,0.079,3.93,1.12,498.25,637.84,1.67,RSI oversold rebound candidate; MACD weak; Trend strength acceptable,UNKNOWN,-8.76,-18.82,5.45,0.0,6.34,1,-2,0,-2,-1,HIGH,0,,,0,-3,-1.1,1.0,E,"Trend 1, Momentum -2, Volume 0, Liquidity -2 (0.0cr), VolRisk HIGH, Sector UNKNOWN 0",-1,-1,-1,NEUTRAL,News 0; event caution 0; risk LOW; type ; confidence ; reason . ,-2,MEDIUM,CAUTIOUS,Nifty 20D return -3.9448571751706463; 60D return -4.281982537022666; Crude 20D change 11.414863871570024; India VIX latest; 20D change 9.84643344748708; USDINR 20D change 0.9026990410958335,-3.0,SELL/AVOID,-1,-4.1,SELL/AVOID,"Tech -1 | News 0 (, ) | Event caution 0 | Macro -2 | Sector 0 | Analytics -1.1 (E) | Risk LOW/MEDIUM | Analytics: Trend 1, Momentum -2, Volume 0, Liquidity -2 (0.0cr), VolRisk HIGH, Sector UNKNOWN 0",0,0,LOW,,,,,,,0,0,,,0,,0,72.7,HIGH,-1.83,SELL/AVOID,"AI overlay from completed recommendation outcomes; use as probability/risk input, not standalone advice."
SEPC,2026-08-30,5.56,24068.0,-1,NEUTRAL,31.88,-0.1186,26.9,6.56,6.84,,0.59,0.059,18.11,0.68,4.67,7.04,1.66,RSI oversold rebound candidate; MACD weak; Trend strength acceptable,UNKNOWN,-14.98,-20.57,,0.0,10.65,1,-1,0,-2,-2,VERY_HIGH,0,,,0,-3,-1.1,1.0,E,"Trend 1, Momentum -1, Volume 0, Liquidity -2 (0.0cr), VolRisk VERY_HIGH, Sector UNKNOWN 0",-1,-1,-1,NEUTRAL,News 0; event caution 0; risk LOW; type ; confidence ; reason . ,-2,MEDIUM,CAUTIOUS,Nifty 20D return -3.9448571751706463; 60D return -4.281982537022666; Crude 20D change 11.414863871570024; India VIX latest; 20D change 9.84643344748708; USDINR 20D change 0.9026990410958335,-3.0,SELL/AVOID,-1,-4.1,SELL/AVOID,"Tech -1 | News 0 (, ) | Event caution 0 | Macro -2 | Sector 0 | Analytics -1.1 (E) | Risk LOW/MEDIUM | Analytics: Trend 1, Momentum -1, Volume 0, Liquidity -2 (0.0cr), VolRisk VERY_HIGH, Sector UNKNOWN 0",0,0,LOW,,,,,,,0,0,,,0,,0,72.4,HIGH,-1.86,SELL/AVOID,"AI overlay from completed recommendation outcomes; use as probability/risk input, not standalone advice."
AVANTIFEED,2026-09-27,753.15,23321.0,-1,NEUTRAL,25.57,-6.6839,43.86,869.47,960.45,,44.37,0.015,3.11,0.84,686.59,864.08,1.67,RSI oversold rebound candidate; MACD weak; Trend strength acceptable,UNKNOWN,-8.9,-24.89,-40.58,0.0,5.89,1,-2,0,-2,-1,HIGH,0,,,0,-3,-1.1,1.0,E,"Trend 1, Momentum -2, Volume 0, Liquidity -2 (0.0cr), VolRisk HIGH, Sector UNKNOWN 0",-1,-1,-1,NEUTRAL,News 0; event caution 0; risk LOW; type ; confidence ; reason . ,-2,MEDIUM,CAUTIOUS,Nifty 20D return -3.9448571751706463; 60D return -4.281982537022666; Crude 20D change 11.414863871570024; India VIX latest; 20D change 9.84643344748708; USDINR 20D change 0.9026990410958335,-3.0,SELL/AVOID,-1,-4.1,SELL/AVOID,"Tech -1 | News 0 (, ) | Event caution 0 | Macro -2 | Sector 0 | Analytics -1.1 (E) | Risk LOW/MEDIUM | Analytics: Trend 1, Momentum -2, Volume 0, Liquidity -2 (0.0cr), VolRisk HIGH, Sector UNKNOWN 0",0,0,LOW,,,,,,,0,0,,,0,,0,64.1,MEDIUM,-2.69,SELL/AVOID,"AI overlay from completed recommendation outcomes; use as probability/risk input, not standalone advice."
TATAINVEST,2026-09-28,644.45,22442.0,-1,NEUTRAL,42.16,-0.6698,18.0,676.15,691.4,,34.7,0.194,18.74,0.27,592.39,731.21,1.67,RSI in swing zone; MACD weak,UNKNOWN,-10.41,-7.11,11.67,0.0,5.39,0,0,-1,-2,-1,HIGH,0,,,0,-3,-1.1,1.0,E,"Trend 0, Momentum 0, Volume -1, Liquidity -2 (0.0cr), VolRisk HIGH, Sector UNKNOWN 0",-1,-1,-1,NEUTRAL,News 0; event caution 0; risk LOW; type ; confidence ; reason . ,-2,MEDIUM,CAUTIOUS,Nifty 20D return -3.9448571751706463; 60D return -4.281982537022666; Crude 20D change 11.414863871570024; India VIX latest; 20D change 9.84643344748708; USDINR 20D change 0.9026990410958335,-3.0,SELL/AVOID,-1,-4.1,SELL/AVOID,"Tech -1 | News 0 (, ) | Event caution 0 | Macro -2 | Sector 0 | Analytics -1.1 (E) | Risk LOW/MEDIUM | Analytics: Trend 0, Momentum 0, Volume -1, Liquidity -2 (0.0cr), VolRisk HIGH, Sector UNKNOWN 0",0,0,LOW,,,,,,,0,0,,,0,,0,70.9,HIGH,-2.01,SELL/AVOID,"AI overlay from completed recommendation outcomes; use as probability/risk input, not standalone advice."
VTL,2026-09-24,563.6,66153.0,-2,NEUTRAL,36.1,-10.341,20.82,621.85,600.58,,31.45,0.075,14.0,1.36,516.42,642.23,1.67,MACD weak; Volume expansion,UNKNOWN,-3.79,-10.77,5.13,0.0,5.58,1,0,1,-2,-1,HIGH,0,,,0,-3,-0.15,1.0,E,"Trend 1, Momentum 0, Volume 1, Liquidity -2 (0.0cr), VolRisk HIGH, Sector UNKNOWN 0",-2,-2,-2,NEUTRAL,News 0; event caution 0; risk LOW; type ; confidence ; reason . ,-2,MEDIUM,CAUTIOUS,Nifty 20D return -3.9448571751706463; 60D return -4.281982537022666; Crude 20D change 11.414863871570024; India VIX latest; 20D change 9.84643344748708; USDINR 20D change 0.9026990410958335,-4.0,SELL/AVOID,-2,-4.15,SELL/AVOID,"Tech -2 | News 0 (, ) | Event caution 0 | Macro -2 | Sector 0 | Analytics -0.15 (E) | Risk LOW/MEDIUM | Analytics: Trend 1, Momentum 0, Volume 1, Liquidity -2 (0.0cr), VolRisk HIGH, Sector UNKNOWN 0",0,0,LOW,,,,,,,0,0,,,0,,0,72.7,HIGH,-1.88,SELL/AVOID,"AI overlay from completed recommendation outcomes; use as probability/risk input, not standalone advice."
ABREL,2026-09-24,1211.8,36941.0,-2,NEUTRAL,35.34,-25.1577,20.6,1361.46,1302.85,,74.99,-0.019,7.49,1.39,1099.32,1399.27,1.67,MACD weak; Volume expansion,UNKNOWN,-11.99,-6.76,-2.89,0.0,6.19,1,0,1,-2,-1,HIGH,0,,,0,-3,-0.15,1.0,E,"Trend 1, Momentum 0, Volume 1, Liquidity -2 (0.0cr), VolRisk HIGH, Sector UNKNOWN 0",-2,-2,-2,NEUTRAL,News 0; event caution 0; risk LOW; type ; confidence ; reason . ,-2,MEDIUM,CAUTIOUS,Nifty 20D return -3.9448571751706463; 60D return -4.281982537022666; Crude 20D change 11.414863871570024; India VIX latest; 20D change 9.84643344748708; USDINR 20D change 0.9026990410958335,-4.0,SELL/AVOID,-2,-4.15,SELL/AVOID,"Tech -2 | News 0 (, ) | Event caution 0 | Macro -2 | Sector 0 | Analytics -0.15 (E) | Risk LOW/MEDIUM | Analytics: Trend 1, Momentum 0, Volume 1, Liquidity -2 (0.0cr), VolRisk HIGH, Sector UNKNOWN 0",0,0,LOW,,,,,,,0,0,,,0,,0,73.7,HIGH,-1.78,SELL/AVOID,"AI overlay from completed recommendation outcomes; use as probability/risk input, not standalone advice."
HDFCGOLD,2026-06-28,118.55,30356.0,-2,NEUTRAL,38.24,-0.8734,21.04,125.28,128.36,,4.0,0.078,3.77,1.25,112.55,128.56,1.67,MACD weak; Volume expansion,UNKNOWN,-4.23,-4.99,-6.36,0.0,3.38,0,0,1,-2,0,MEDIUM,0,,,0,-2,-0.25,1.5,E,"Trend 0, Momentum 0, Volume 1, Liquidity -2 (0.0cr), VolRisk MEDIUM, Sector UNKNOWN 0",-2,-2,-2,NEUTRAL,News 0; event caution 0; risk LOW; type ; confidence ; reason . ,-2,MEDIUM,CAUTIOUS,Nifty 20D return -3.9448571751706463; 60D return -4.281982537022666; Crude 20D change 11.414863871570024; India VIX latest; 20D change 9.84643344748708; USDINR 20D change 0.9026990410958335,-4.0,SELL/AVOID,-2,-4.25,SELL/AVOID,"Tech -2 | News 0 (, ) | Event caution 0 | Macro -2 | Sector 0 | Analytics -0.25 (E) | Risk LOW/MEDIUM | Analytics: Trend 0, Momentum 0, Volume 1, Liquidity -2 (0.0cr), VolRisk MEDIUM, Sector UNKNOWN 0",0,0,LOW,,,,,,,0,0,,,0,,0,75.9,HIGH,-1.66,SELL/AVOID,"AI overlay from completed recommendation outcomes; use as probability/risk input, not standalone advice."
SHARDACROP,2026-08-26,795.8,22794.0,-1,NEUTRAL,32.11,-17.9649,26.05,967.41,1002.99,,70.12,0.121,5.86,0.5,690.62,971.11,1.67,RSI oversold rebound candidate; MACD weak; Trend strength acceptable,UNKNOWN,-13.81,-25.82,-29.94,0.0,8.81,1,-1,-1,-2,-2,VERY_HIGH,0,,,0,-3,-1.35,1.0,E,"Trend 1, Momentum -1, Volume -1, Liquidity -2 (0.0cr), VolRisk VERY_HIGH, Sector UNKNOWN 0",-1,-1,-1,NEUTRAL,News 0; event caution 0; risk LOW; type ; confidence ; reason . ,-2,MEDIUM,CAUTIOUS,Nifty 20D return -3.9448571751706463; 60D return -4.281982537022666; Crude 20D change 11.414863871570024; India VIX latest; 20D change 9.84643344748708; USDINR 20D change 0.9026990410958335,-3.0,SELL/AVOID,-1,-4.35,SELL/AVOID,"Tech -1 | News 0 (, ) | Event caution 0 | Macro -2 | Sector 0 | Analytics -1.35 (E) | Risk LOW/MEDIUM | Analytics: Trend 1, Momentum -1, Volume -1, Liquidity -2 (0.0cr), VolRisk VERY_HIGH, Sector UNKNOWN 0",0,0,LOW,,,,,,,0,0,,,0,,0,67.0,HIGH,-2.65,SELL/AVOID,"AI overlay from completed recommendation outcomes; use as probability/risk input, not standalone advice."
SHAKTIPUMP,2026-09-17,464.1,22070.0,-1,NEUTRAL,25.97,-9.1403,25.68,534.59,536.43,,23.93,0.078,7.84,0.43,428.2,523.93,1.67,RSI oversold rebound candidate; MACD weak; Trend strength acceptable,UNKNOWN,-7.77,-20.11,-17.87,0.0,5.16,1,-2,-1,-2,-1,HIGH,0,,,0,-3,-1.35,1.0,E,"Trend 1, Momentum -2, Volume -1, Liquidity -2 (0.0cr), VolRisk HIGH, Sector UNKNOWN 0",-1,-1,-1,NEUTRAL,News 0; event caution 0; risk LOW; type ; confidence ; reason . ,-2,MEDIUM,CAUTIOUS,Nifty 20D return -3.9448571751706463; 60D return -4.281982537022666; Crude 20D change 11.414863871570024; India VIX latest; 20D change 9.84643344748708; USDINR 20D change 0.9026990410958335,-3.0,SELL/AVOID,-1,-4.35,SELL/AVOID,"Tech -1 | News 0 (, ) | Event caution 0 | Macro -2 | Sector 0 | Analytics -1.35 (E) | Risk LOW/MEDIUM | Analytics: Trend 1, Momentum -2, Volume -1, Liquidity -2 (0.0cr), VolRisk HIGH, Sector UNKNOWN 0",0,0,LOW,,,,,,,0,0,,,0,,0,70.2,HIGH,-2.33,SELL/AVOID,"AI overlay from completed recommendation outcomes; use as probability/risk input, not standalone advice."
HAPPSTMNDS,2026-09-22,313.4,20690.0,-1,NEUTRAL,21.96,-5.6093,35.79,370.52,386.21,,16.41,0.173,1.83,0.43,288.78,354.44,1.67,RSI oversold rebound candidate; MACD weak; Trend strength acceptable,UNKNOWN,-5.72,-29.5,-10.67,0.0,5.24,1,-2,-1,-2,-1,HIGH,0,,,0,-3,-1.35,1.0,E,"Trend 1, Momentum -2, Volume -1, Liquidity -2 (0.0cr), VolRisk HIGH, Sector UNKNOWN 0",-1,-1,-1,NEUTRAL,News 0; event caution 0; risk LOW; type ; confidence ; reason . ,-2,MEDIUM,CAUTIOUS,Nifty 20D return -3.9448571751706463; 60D return -4.281982537022666; Crude 20D change 11.414863871570024; India VIX latest; 20D change 9.84643344748708; USDINR 20D change 0.9026990410958335,-3.0,SELL/AVOID,-1,-4.35,SELL/AVOID,"Tech -1 | News 0 (, ) | Event caution 0 | Macro -2 | Sector 0 | Analytics -1.35 (E) | Risk LOW/MEDIUM | Analytics: Trend 1, Momentum -2, Volume -1, Liquidity -2 (0.0cr), VolRisk HIGH, Sector UNKNOWN 0",0,0,LOW,,,,,,,0,0,,,0,,0,73.9,HIGH,-1.96,SELL/AVOID,"AI overlay from completed recommendation outcomes; use as probability/risk input, not standalone advice."
ANGELONE,2026-09-28,279.2,38712.0,-2,NEUTRAL,34.51,-1.778,19.77,296.72,294.03,483.03,8.97,-0.172,3.6,0.87,265.75,301.62,1.67,RSI oversold rebound candidate; MACD weak,UNKNOWN,-5.39,-6.87,-13.92,0.0,3.21,1,-1,0,-2,0,MEDIUM,0,,,0,-2,-0.4,1.5,E,"Trend 1, Momentum -1, Volume 0, Liquidity -2 (0.0cr), VolRisk MEDIUM, Sector UNKNOWN 0",-2,-2,-2,NEUTRAL,News 0; event caution 0; risk LOW; type ; confidence ; reason . ,-2,MEDIUM,CAUTIOUS,Nifty 20D return -3.9448571751706463; 60D return -4.281982537022666; Crude 20D change 11.414863871570024; India VIX latest; 20D change 9.84643344748708; USDINR 20D change 0.9026990410958335,-4.0,SELL/AVOID,-2,-4.4,SELL/AVOID,"Tech -2 | News 0 (, ) | Event caution 0 | Macro -2 | Sector 0 | Analytics -0.4 (E) | Risk LOW/MEDIUM | Analytics: Trend 1, Momentum -1, Volume 0, Liquidity -2 (0.0cr), VolRisk MEDIUM, Sector UNKNOWN 0",0,0,LOW,,,,,,,0,0,,,0,,0,74.7,HIGH,-1.93,SELL/AVOID,"AI overlay from completed recommendation outcomes; use as probability/risk input, not standalone advice."
HCC,2026-09-28,20.55,21769.0,-2,NEUTRAL,34.32,-0.2338,19.8,22.39,22.03,,0.92,0.029,1.39,0.8,19.18,22.84,1.67,RSI oversold rebound candidate; MACD weak,UNKNOWN,-4.68,-13.76,-16.46,0.0,4.46,1,-1,0,-2,0,MEDIUM,0,,,0,-2,-0.4,1.5,E,"Trend 1, Momentum -1, Volume 0, Liquidity -2 (0.0cr), VolRisk MEDIUM, Sector UNKNOWN 0",-2,-2,-2,NEUTRAL,News 0; event caution 0; risk LOW; type ; confidence ; reason . ,-2,MEDIUM,CAUTIOUS,Nifty 20D return -3.9448571751706463; 60D return -4.281982537022666; Crude 20D change 11.414863871570024; India VIX latest; 20D change 9.84643344748708; USDINR 20D change 0.9026990410958335,-4.0,SELL/AVOID,-2,-4.4,SELL/AVOID,"Tech -2 | News 0 (, ) | Event caution 0 | Macro -2 | Sector 0 | Analytics -0.4 (E) | Risk LOW/MEDIUM | Analytics: Trend 1, Momentum -1, Volume 0, Liquidity -2 (0.0cr), VolRisk MEDIUM, Sector UNKNOWN 0",0,0,LOW,,,,,,,0,0,,,0,,0,72.3,HIGH,-2.17,SELL/AVOID,"AI overlay from completed recommendation outcomes; use as probability/risk input, not standalone advice."
GUJENERGY,2026-09-28,235.07,27500.0,1,NEUTRAL,34.76,-0.1343,36.39,245.88,258.59,,8.0,0.244,25.91,0.76,223.07,255.07,1.67,RSI oversold rebound candidate; MACD weak; Trend strength acceptable; Bollinger position healthy,POWER,-1.45,-10.99,-16.15,0.0,3.4,1,-1,0,-2,0,MEDIUM,-3,13.6,-0.99,-2,-2,-1.45,1.25,E,"Trend 1, Momentum -1, Volume 0, Liquidity -2 (0.0cr), VolRisk MEDIUM, Sector POWER -3",1,1,1,NEUTRAL,News 0; event caution 0; risk LOW; type ; confidence ; reason . ,-2,MEDIUM,CAUTIOUS,Nifty 20D return -3.9448571751706463; 60D return -4.281982537022666; Crude 20D change 11.414863871570024; India VIX latest; 20D change 9.84643344748708; USDINR 20D change 0.9026990410958335,-3.0,SELL/AVOID,1,-4.45,SELL/AVOID,"Tech 1 | News 0 (, ) | Event caution 0 | Macro -2 | Sector -2 | Analytics -1.45 (E) | Risk LOW/MEDIUM | Analytics: Trend 1, Momentum -1, Volume 0, Liquidity -2 (0.0cr), VolRisk MEDIUM, Sector POWER -3",0,0,LOW,,,,,,,0,0,,,0,,0,66.4,HIGH,-2.81,SELL/AVOID,"AI overlay from completed recommendation outcomes; use as probability/risk input, not standalone advice."
HINDZINC,2026-09-28,573.0,51182.0,1,NEUTRAL,43.4,-0.9114,16.6,586.12,586.53,576.41,15.53,0.226,28.88,0.82,549.71,611.82,1.67,RSI in swing zone; MACD weak; Bollinger position healthy,METALS,-2.96,-4.66,9.63,0.0,2.71,0,0,0,-2,0,MEDIUM,-3,30.0,-0.68,-2,-2,-1.55,1.25,E,"Trend 0, Momentum 0, Volume 0, Liquidity -2 (0.0cr), VolRisk MEDIUM, Sector METALS -3",1,1,1,NEUTRAL,News 0; event caution 0; risk LOW; type ; confidence ; reason . ,-2,MEDIUM,CAUTIOUS,Nifty 20D return -3.9448571751706463; 60D return -4.281982537022666; Crude 20D change 11.414863871570024; India VIX latest; 20D change 9.84643344748708; USDINR 20D change 0.9026990410958335,-3.0,SELL/AVOID,1,-4.55,SELL/AVOID,"Tech 1 | News 0 (, ) | Event caution 0 | Macro -2 | Sector -2 | Analytics -1.55 (E) | Risk LOW/MEDIUM | Analytics: Trend 0, Momentum 0, Volume 0, Liquidity -2 (0.0cr), VolRisk MEDIUM, Sector METALS -3",0,0,LOW,,,,,,,0,0,,,0,,0,65.9,HIGH,-2.96,SELL/AVOID,"AI overlay from completed recommendation outcomes; use as probability/risk input, not standalone advice."
NYKAA,2026-09-28,325.5,41788.0,0,NEUTRAL,41.44,-0.9891,15.91,335.74,334.46,289.26,8.42,0.1,11.94,0.81,312.88,346.54,1.67,RSI in swing zone; MACD weak; Long-term trend positive,RETAIL,-2.41,-3.53,0.2,0.0,2.59,2,0,0,-2,0,MEDIUM,-3,25.0,-1.7,-2,-2,-0.65,1.25,E,"Trend 2, Momentum 0, Volume 0, Liquidity -2 (0.0cr), VolRisk MEDIUM, Sector RETAIL -3",0,0,0,NEUTRAL,News 0; event caution 0; risk LOW; type ; confidence ; reason . ,-2,MEDIUM,CAUTIOUS,Nifty 20D return -3.9448571751706463; 60D return -4.281982537022666; Crude 20D change 11.414863871570024; India VIX latest; 20D change 9.84643344748708; USDINR 20D change 0.9026990410958335,-4.0,SELL/AVOID,0,-4.65,SELL/AVOID,"Tech 0 | News 0 (, ) | Event caution 0 | Macro -2 | Sector -2 | Analytics -0.65 (E) | Risk LOW/MEDIUM | Analytics: Trend 2, Momentum 0, Volume 0, Liquidity -2 (0.0cr), VolRisk MEDIUM, Sector RETAIL -3",0,0,LOW,,,,,,,0,0,,,0,,0,74.3,HIGH,-2.22,SELL/AVOID,"AI overlay from completed recommendation outcomes; use as probability/risk input, not standalone advice."
CGPOWER,2026-09-28,865.0,34567.0,0,NEUTRAL,41.62,-2.4839,14.49,893.18,885.65,830.17,24.01,0.134,30.21,0.7,828.99,925.02,1.67,RSI in swing zone; MACD weak; Weak trend; Long-term trend positive,CAPITAL_GOODS,-3.47,-2.92,-4.42,0.0,2.78,2,0,0,-2,0,MEDIUM,-3,0.0,-0.4,-2,-2,-0.65,1.25,E,"Trend 2, Momentum 0, Volume 0, Liquidity -2 (0.0cr), VolRisk MEDIUM, Sector CAPITAL_GOODS -3",0,0,0,NEUTRAL,News 0; event caution 0; risk LOW; type ; confidence ; reason . ,-2,MEDIUM,CAUTIOUS,Nifty 20D return -3.9448571751706463; 60D return -4.281982537022666; Crude 20D change 11.414863871570024; India VIX latest; 20D change 9.84643344748708; USDINR 20D change 0.9026990410958335,-4.0,SELL/AVOID,0,-4.65,SELL/AVOID,"Tech 0 | News 0 (, ) | Event caution 0 | Macro -2 | Sector -2 | Analytics -0.65 (E) | Risk LOW/MEDIUM | Analytics: Trend 2, Momentum 0, Volume 0, Liquidity -2 (0.0cr), VolRisk MEDIUM, Sector CAPITAL_GOODS -3",0,0,LOW,,,,,,,0,0,,,0,,0,69.6,HIGH,-2.69,SELL/AVOID,"AI overlay from completed recommendation outcomes; use as probability/risk input, not standalone advice."
PIDILITIND,2026-09-28,1503.0,27294.0,0,NEUTRAL,32.55,-4.5556,31.37,1565.76,1620.77,1500.68,34.03,0.092,14.45,0.91,1451.95,1588.08,1.67,RSI oversold rebound candidate; MACD weak; Trend strength acceptable; Long-term trend positive,CHEMICALS,-4.4,-8.19,-3.63,0.0,2.26,2,-1,0,-2,1,LOW,-3,12.5,-1.97,-2,-1,-0.65,1.25,E,"Trend 2, Momentum -1, Volume 0, Liquidity -2 (0.0cr), VolRisk LOW, Sector CHEMICALS -3",0,0,0,NEUTRAL,News 0; event caution 0; risk LOW; type ; confidence ; reason . ,-2,MEDIUM,CAUTIOUS,Nifty 20D return -3.9448571751706463; 60D return -4.281982537022666; Crude 20D change 11.414863871570024; India VIX latest; 20D change 9.84643344748708; USDINR 20D change 0.9026990410958335,-4.0,SELL/AVOID,0,-4.65,SELL/AVOID,"Tech 0 | News 0 (, ) | Event caution 0 | Macro -2 | Sector -2 | Analytics -0.65 (E) | Risk LOW/MEDIUM | Analytics: Trend 2, Momentum -1, Volume 0, Liquidity -2 (0.0cr), VolRisk LOW, Sector CHEMICALS -3",0,0,LOW,,,,,,,0,0,,,0,,0,84.9,HIGH,-1.16,SELL/AVOID,"AI overlay from completed recommendation outcomes; use as probability/risk input, not standalone advice."
SILVERBEES,2026-09-28,210.65,150475.0,-3,SELL/AVOID,37.63,-0.6588,10.59,219.25,220.73,228.36,4.74,-0.11,5.72,2.08,203.53,222.51,1.67,MACD weak; Weak trend; Volume expansion,UNKNOWN,-4.37,-5.44,1.33,0.0,2.25,0,0,2,-2,1,LOW,0,,,0,-1,0.35,1.5,E,"Trend 0, Momentum 0, Volume 2, Liquidity -2 (0.0cr), VolRisk LOW, Sector UNKNOWN 0",-3,-3,-3,SELL/AVOID,News 0; event caution 0; risk LOW; type ; confidence ; reason . ,-2,MEDIUM,CAUTIOUS,Nifty 20D return -3.9448571751706463; 60D return -4.281982537022666; Crude 20D change 11.414863871570024; India VIX latest; 20D change 9.84643344748708; USDINR 20D change 0.9026990410958335,-5.0,SELL/AVOID,-3,-4.65,SELL/AVOID,"Tech -3 | News 0 (, ) | Event caution 0 | Macro -2 | Sector 0 | Analytics 0.35 (E) | Risk LOW/MEDIUM | Analytics: Trend 0, Momentum 0, Volume 2, Liquidity -2 (0.0cr), VolRisk LOW, Sector UNKNOWN 0",0,0,LOW,,,,,,,0,0,,,0,,0,81.2,HIGH,-1.53,SELL/AVOID,"AI overlay from completed recommendation outcomes; use as probability/risk input, not standalone advice."
YESBANK,2026-09-28,21.18,195081.0,0,NEUTRAL,30.75,-0.1532,24.06,22.79,22.7,21.78,0.63,-0.214,2.34,1.93,20.24,22.75,1.67,RSI oversold rebound candidate; MACD weak; Trend strength acceptable; Volume expansion,BANK,-8.71,-5.87,-7.63,0.0,2.97,2,-1,1,-2,0,MEDIUM,-3,15.4,-0.84,-2,-2,-0.75,1.25,E,"Trend 2, Momentum -1, Volume 1, Liquidity -2 (0.0cr), VolRisk MEDIUM, Sector BANK -3",0,0,0,NEUTRAL,News 0; event caution 0; risk LOW; type ; confidence ; reason . ,-2,MEDIUM,CAUTIOUS,Nifty 20D return -3.9448571751706463; 60D return -4.281982537022666; Crude 20D change 11.414863871570024; India VIX latest; 20D change 9.84643344748708; USDINR 20D change 0.9026990410958335,-4.0,SELL/AVOID,0,-4.75,SELL/AVOID,"Tech 0 | News 0 (, ) | Event caution 0 | Macro -2 | Sector -2 | Analytics -0.75 (E) | Risk LOW/MEDIUM | Analytics: Trend 2, Momentum -1, Volume 1, Liquidity -2 (0.0cr), VolRisk MEDIUM, Sector BANK -3",0,0,LOW,,,,,,,0,0,,,0,,0,72.5,HIGH,-2.5,SELL/AVOID,"AI overlay from completed recommendation outcomes; use as probability/risk input, not standalone advice."
TATAPOWER,2026-09-28,361.9,37253.0,0,NEUTRAL,43.56,-0.0131,26.27,366.78,370.27,390.61,7.1,0.168,10.26,1.04,351.24,379.66,1.67,RSI in swing zone; MACD weak; Trend strength acceptable,POWER,-1.39,-1.66,-5.83,0.0,1.96,1,0,0,-2,1,LOW,-3,13.6,-0.99,-2,-1,-0.75,1.25,E,"Trend 1, Momentum 0, Volume 0, Liquidity -2 (0.0cr), VolRisk LOW, Sector POWER -3",0,0,0,NEUTRAL,News 0; event caution 0; risk LOW; type ; confidence ; reason . ,-2,MEDIUM,CAUTIOUS,Nifty 20D return -3.9448571751706463; 60D return -4.281982537022666; Crude 20D change 11.414863871570024; India VIX latest; 20D change 9.84643344748708; USDINR 20D change 0.9026990410958335,-4.0,SELL/AVOID,0,-4.75,SELL/AVOID,"Tech 0 | News 0 (, ) | Event caution 0 | Macro -2 | Sector -2 | Analytics -0.75 (E) | Risk LOW/MEDIUM | Analytics: Trend 1, Momentum 0, Volume 0, Liquidity -2 (0.0cr), VolRisk LOW, Sector POWER -3",0,0,LOW,,,,,,,0,0,,,0,,0,81.8,HIGH,-1.57,SELL/AVOID,"AI overlay from completed recommendation outcomes; use as probability/risk input, not standalone advice."
ATGL,2026-09-28,594.45,22978.0,0,NEUTRAL,35.99,0.1162,19.55,628.47,671.49,,25.96,0.169,18.34,0.25,555.5,659.36,1.67,MACD bullish,OIL_GAS,-6.88,-10.96,-18.4,0.0,4.37,0,2,-1,-2,0,MEDIUM,-2,10.0,1.01,-2,-2,-0.75,1.25,E,"Trend 0, Momentum 2, Volume -1, Liquidity -2 (0.0cr), VolRisk MEDIUM, Sector OIL_GAS -2",0,0,0,NEUTRAL,News 0; event caution 0; risk LOW; type ; confidence ; reason . ,-2,MEDIUM,CAUTIOUS,Nifty 20D return -3.9448571751706463; 60D return -4.281982537022666; Crude 20D change 11.414863871570024; India VIX latest; 20D change 9.84643344748708; USDINR 20D change 0.9026990410958335,-4.0,SELL/AVOID,0,-4.75,SELL/AVOID,"Tech 0 | News 0 (, ) | Event caution 0 | Macro -2 | Sector -2 | Analytics -0.75 (E) | Risk LOW/MEDIUM | Analytics: Trend 0, Momentum 2, Volume -1, Liquidity -2 (0.0cr), VolRisk MEDIUM, Sector OIL_GAS -2",0,0,LOW,,,,,,,0,0,,,0,,0,66.6,HIGH,-3.09,SELL/AVOID,"AI overlay from completed recommendation outcomes; use as probability/risk input, not standalone advice."
FIVESTAR,2026-09-28,518.35,20989.0,-2,NEUTRAL,43.97,-2.5252,8.84,533.85,538.7,,21.18,0.169,11.1,0.55,486.58,571.3,1.67,RSI in swing zone; MACD weak; Weak trend,UNKNOWN,-1.24,-1.24,6.76,0.0,4.09,0,0,-1,-2,0,MEDIUM,0,,,0,-2,-0.75,1.5,E,"Trend 0, Momentum 0, Volume -1, Liquidity -2 (0.0cr), VolRisk MEDIUM, Sector UNKNOWN 0",-2,-2,-2,NEUTRAL,News 0; event caution 0; risk LOW; type ; confidence ; reason . ,-2,MEDIUM,CAUTIOUS,Nifty 20D return -3.9448571751706463; 60D return -4.281982537022666; Crude 20D change 11.414863871570024; India VIX latest; 20D change 9.84643344748708; USDINR 20D change 0.9026990410958335,-4.0,SELL/AVOID,-2,-4.75,SELL/AVOID,"Tech -2 | News 0 (, ) | Event caution 0 | Macro -2 | Sector 0 | Analytics -0.75 (E) | Risk LOW/MEDIUM | Analytics: Trend 0, Momentum 0, Volume -1, Liquidity -2 (0.0cr), VolRisk MEDIUM, Sector UNKNOWN 0",0,0,LOW,,,,,,,0,0,,,0,,0,67.5,HIGH,-3.0,SELL/AVOID,"AI overlay from completed recommendation outcomes; use as probability/risk input, not standalone advice."
SBIN,2026-09-28,962.0,204761.0,0,NEUTRAL,32.04,-0.6997,39.02,992.57,1029.58,1049.63,15.7,-0.075,12.88,1.41,938.45,1001.25,1.67,RSI oversold rebound candidate; MACD weak; Trend strength acceptable; Volume expansion,BANK,-2.53,-5.32,-9.25,0.01,1.63,1,-1,1,-2,1,LOW,-3,15.4,-0.84,-2,-1,-0.85,1.25,E,"Trend 1, Momentum -1, Volume 1, Liquidity -2 (0.01cr), VolRisk LOW, Sector BANK -3",0,0,0,NEUTRAL,News 0; event caution 0; risk LOW; type ; confidence ; reason . ,-2,MEDIUM,CAUTIOUS,Nifty 20D return -3.9448571751706463; 60D return -4.281982537022666; Crude 20D change 11.414863871570024; India VIX latest; 20D change 9.84643344748708; USDINR 20D change 0.9026990410958335,-4.0,SELL/AVOID,0,-4.85,SELL/AVOID,"Tech 0 | News 0 (, ) | Event caution 0 | Macro -2 | Sector -2 | Analytics -0.85 (E) | Risk LOW/MEDIUM | Analytics: Trend 1, Momentum -1, Volume 1, Liquidity -2 (0.01cr), VolRisk LOW, Sector BANK -3",0,0,LOW,,,,,,,0,0,,,0,,0,83.3,HIGH,-1.52,SELL/AVOID,"AI overlay from completed recommendation outcomes; use as probability/risk input, not standalone advice."
SHRIRAMFIN,2026-09-28,976.3,137737.0,0,NEUTRAL,31.55,-0.2497,33.86,1010.84,1067.42,1013.61,23.32,0.089,8.41,1.61,941.32,1034.61,1.67,RSI oversold rebound candidate; MACD weak; Trend strength acceptable; Volume expansion,NBFC,-2.95,-6.22,-5.71,0.0,2.39,1,-1,1,-2,1,LOW,-3,12.5,-3.44,-2,-1,-0.85,1.25,E,"Trend 1, Momentum -1, Volume 1, Liquidity -2 (0.0cr), VolRisk LOW, Sector NBFC -3",0,0,0,NEUTRAL,News 0; event caution 0; risk LOW; type ; confidence ; reason . ,-2,MEDIUM,CAUTIOUS,Nifty 20D return -3.9448571751706463; 60D return -4.281982537022666; Crude 20D change 11.414863871570024; India VIX latest; 20D change 9.84643344748708; USDINR 20D change 0.9026990410958335,-4.0,SELL/AVOID,0,-4.85,SELL/AVOID,"Tech 0 | News 0 (, ) | Event caution 0 | Macro -2 | Sector -2 | Analytics -0.85 (E) | Risk LOW/MEDIUM | Analytics: Trend 1, Momentum -1, Volume 1, Liquidity -2 (0.0cr), VolRisk LOW, Sector NBFC -3",0,0,LOW,,,,,,,0,0,,,0,,0,84.4,HIGH,-1.41,SELL/AVOID,"AI overlay from completed recommendation outcomes; use as probability/risk input, not standalone advice."
NTPC,2026-09-28,321.1,95080.0,0,NEUTRAL,32.12,-0.1708,32.74,328.98,334.5,363.36,4.98,0.011,5.61,1.35,313.64,333.54,1.67,RSI oversold rebound candidate; MACD weak; Trend strength acceptable; Volume expansion,POWER,-2.04,-3.43,-7.53,0.0,1.55,1,-1,1,-2,1,LOW,-3,13.6,-0.99,-2,-1,-0.85,1.25,E,"Trend 1, Momentum -1, Volume 1, Liquidity -2 (0.0cr), VolRisk LOW, Sector POWER -3",0,0,0,NEUTRAL,News 0; event caution 0; risk LOW; type ; confidence ; reason . ,-2,MEDIUM,CAUTIOUS,Nifty 20D return -3.9448571751706463; 60D return -4.281982537022666; Crude 20D change 11.414863871570024; India VIX latest; 20D change 9.84643344748708; USDINR 20D change 0.9026990410958335,-4.0,SELL/AVOID,0,-4.85,SELL/AVOID,"Tech 0 | News 0 (, ) | Event caution 0 | Macro -2 | Sector -2 | Analytics -0.85 (E) | Risk LOW/MEDIUM | Analytics: Trend 1, Momentum -1, Volume 1, Liquidity -2 (0.0cr), VolRisk LOW, Sector POWER -3",0,0,LOW,,,,,,,0,0,,,0,,0,84.0,HIGH,-1.45,SELL/AVOID,"AI overlay from completed recommendation outcomes; use as probability/risk input, not standalone advice."
NMDC,2026-09-28,77.43,76035.0,0,NEUTRAL,31.96,-0.1957,24.64,81.54,83.81,84.69,1.91,0.046,0.0,1.88,74.57,82.2,1.67,RSI oversold rebound candidate; MACD weak; Trend strength acceptable; Volume expansion,METALS,-3.45,-8.58,-7.66,0.0,2.46,1,-1,1,-2,1,LOW,-3,30.0,-0.68,-2,-1,-0.85,1.25,E,"Trend 1, Momentum -1, Volume 1, Liquidity -2 (0.0cr), VolRisk LOW, Sector METALS -3",0,0,0,NEUTRAL,News 0; event caution 0; risk LOW; type ; confidence ; reason . ,-2,MEDIUM,CAUTIOUS,Nifty 20D return -3.9448571751706463; 60D return -4.281982537022666; Crude 20D change 11.414863871570024; India VIX latest; 20D change 9.84643344748708; USDINR 20D change 0.9026990410958335,-4.0,SELL/AVOID,0,-4.85,SELL/AVOID,"Tech 0 | News 0 (, ) | Event caution 0 | Macro -2 | Sector -2 | Analytics -0.85 (E) | Risk LOW/MEDIUM | Analytics: Trend 1, Momentum -1, Volume 1, Liquidity -2 (0.0cr), VolRisk LOW, Sector METALS -3",0,0,LOW,,,,,,,0,0,,,0,,0,84.4,HIGH,-1.41,SELL/AVOID,"AI overlay from completed recommendation outcomes; use as probability/risk input, not standalone advice."
LTF,2026-09-28,280.85,50199.0,-2,NEUTRAL,32.23,-2.9865,20.44,303.8,310.62,291.26,9.47,0.004,8.36,1.11,266.64,304.53,1.67,RSI oversold rebound candidate; MACD weak,UNKNOWN,-7.89,-11.38,-9.42,0.0,3.37,0,-1,0,-2,0,MEDIUM,0,,,0,-2,-0.85,1.5,E,"Trend 0, Momentum -1, Volume 0, Liquidity -2 (0.0cr), VolRisk MEDIUM, Sector UNKNOWN 0",-2,-2,-2,NEUTRAL,News 0; event caution 0; risk LOW; type ; confidence ; reason . ,-2,MEDIUM,CAUTIOUS,Nifty 20D return -3.9448571751706463; 60D return -4.281982537022666; Crude 20D change 11.414863871570024; India VIX latest; 20D change 9.84643344748708; USDINR 20D change 0.9026990410958335,-4.0,SELL/AVOID,-2,-4.85,SELL/AVOID,"Tech -2 | News 0 (, ) | Event caution 0 | Macro -2 | Sector 0 | Analytics -0.85 (E) | Risk LOW/MEDIUM | Analytics: Trend 0, Momentum -1, Volume 0, Liquidity -2 (0.0cr), VolRisk MEDIUM, Sector UNKNOWN 0",0,0,LOW,,,,,,,0,0,,,0,,0,76.5,HIGH,-2.2,SELL/AVOID,"AI overlay from completed recommendation outcomes; use as probability/risk input, not standalone advice."
CHOLAHLDNG,2026-09-27,1400.6,34415.0,-2,NEUTRAL,34.66,-17.3537,20.84,1521.58,1540.19,,67.12,0.038,4.72,1.04,1299.91,1568.41,1.67,RSI oversold rebound candidate; MACD weak,UNKNOWN,-7.1,-10.99,-9.87,0.0,4.79,0,-1,0,-2,0,MEDIUM,0,,,0,-2,-0.85,1.5,E,"Trend 0, Momentum -1, Volume 0, Liquidity -2 (0.0cr), VolRisk MEDIUM, Sector UNKNOWN 0",-2,-2,-2,NEUTRAL,News 0; event caution 0; risk LOW; type ; confidence ; reason . ,-2,MEDIUM,CAUTIOUS,Nifty 20D return -3.9448571751706463; 60D return -4.281982537022666; Crude 20D change 11.414863871570024; India VIX latest; 20D change 9.84643344748708; USDINR 20D change 0.9026990410958335,-4.0,SELL/AVOID,-2,-4.85,SELL/AVOID,"Tech -2 | News 0 (, ) | Event caution 0 | Macro -2 | Sector 0 | Analytics -0.85 (E) | Risk LOW/MEDIUM | Analytics: Trend 0, Momentum -1, Volume 0, Liquidity -2 (0.0cr), VolRisk MEDIUM, Sector UNKNOWN 0",0,0,LOW,,,,,,,0,0,,,0,,0,74.4,HIGH,-2.41,SELL/AVOID,"AI overlay from completed recommendation outcomes; use as probability/risk input, not standalone advice."
JSLL,2026-09-16,497.05,26764.0,-2,NEUTRAL,37.83,-0.212,15.8,537.8,588.98,,30.98,0.221,15.75,0.94,450.58,574.5,1.67,MACD weak; Bollinger position healthy,UNKNOWN,-3.73,-17.47,-10.22,0.0,6.23,0,0,0,-2,-1,HIGH,0,,,0,-3,-0.85,1.0,E,"Trend 0, Momentum 0, Volume 0, Liquidity -2 (0.0cr), VolRisk HIGH, Sector UNKNOWN 0",-2,-2,-2,NEUTRAL,News 0; event caution 0; risk LOW; type ; confidence ; reason . ,-2,MEDIUM,CAUTIOUS,Nifty 20D return -3.9448571751706463; 60D return -4.281982537022666; Crude 20D change 11.414863871570024; India VIX latest; 20D change 9.84643344748708; USDINR 20D change 0.9026990410958335,-4.0,SELL/AVOID,-2,-4.85,SELL/AVOID,"Tech -2 | News 0 (, ) | Event caution 0 | Macro -2 | Sector 0 | Analytics -0.85 (E) | Risk LOW/MEDIUM | Analytics: Trend 0, Momentum 0, Volume 0, Liquidity -2 (0.0cr), VolRisk HIGH, Sector UNKNOWN 0",0,0,LOW,,,,,,,0,0,,,0,,0,71.6,HIGH,-2.69,SELL/AVOID,"AI overlay from completed recommendation outcomes; use as probability/risk input, not standalone advice."
NCC,2026-09-28,130.29,22226.0,-2,NEUTRAL,31.42,-1.2707,19.99,141.96,144.58,,4.93,0.09,1.24,0.87,122.89,142.62,1.67,RSI oversold rebound candidate; MACD weak,UNKNOWN,-4.99,-11.58,-12.6,0.0,3.79,0,-1,0,-2,0,MEDIUM,0,,,0,-2,-0.85,1.5,E,"Trend 0, Momentum -1, Volume 0, Liquidity -2 (0.0cr), VolRisk MEDIUM, Sector UNKNOWN 0",-2,-2,-2,NEUTRAL,News 0; event caution 0; risk LOW; type ; confidence ; reason . ,-2,MEDIUM,CAUTIOUS,Nifty 20D return -3.9448571751706463; 60D return -4.281982537022666; Crude 20D change 11.414863871570024; India VIX latest; 20D change 9.84643344748708; USDINR 20D change 0.9026990410958335,-4.0,SELL/AVOID,-2,-4.85,SELL/AVOID,"Tech -2 | News 0 (, ) | Event caution 0 | Macro -2 | Sector 0 | Analytics -0.85 (E) | Risk LOW/MEDIUM | Analytics: Trend 0, Momentum -1, Volume 0, Liquidity -2 (0.0cr), VolRisk MEDIUM, Sector UNKNOWN 0",0,0,LOW,,,,,,,0,0,,,0,,0,75.1,HIGH,-2.34,SELL/AVOID,"AI overlay from completed recommendation outcomes; use as probability/risk input, not standalone advice."
FRACTAL,2026-09-22,761.4,19985.0,-2,NEUTRAL,34.33,-4.3166,18.0,820.18,878.5,,37.23,0.01,12.72,0.83,705.55,854.48,1.67,RSI oversold rebound candidate; MACD weak,UNKNOWN,-9.82,-3.22,-18.6,0.0,4.89,0,-1,0,-2,0,MEDIUM,0,,,0,-2,-0.85,1.5,E,"Trend 0, Momentum -1, Volume 0, Liquidity -2 (0.0cr), VolRisk MEDIUM, Sector UNKNOWN 0",-2,-2,-2,NEUTRAL,News 0; event caution 0; risk LOW; type ; confidence ; reason . ,-2,MEDIUM,CAUTIOUS,Nifty 20D return -3.9448571751706463; 60D return -4.281982537022666; Crude 20D change 11.414863871570024; India VIX latest; 20D change 9.84643344748708; USDINR 20D change 0.9026990410958335,-4.0,SELL/AVOID,-2,-4.85,SELL/AVOID,"Tech -2 | News 0 (, ) | Event caution 0 | Macro -2 | Sector 0 | Analytics -0.85 (E) | Risk LOW/MEDIUM | Analytics: Trend 0, Momentum -1, Volume 0, Liquidity -2 (0.0cr), VolRisk MEDIUM, Sector UNKNOWN 0",0,0,LOW,,,,,,,0,0,,,0,,0,70.3,HIGH,-2.82,SELL/AVOID,"AI overlay from completed recommendation outcomes; use as probability/risk input, not standalone advice."
TATAGOLD,2026-09-28,14.26,121849.0,-3,SELL/AVOID,35.09,-0.0413,14.67,14.69,14.76,14.6,0.24,-0.228,7.14,1.77,13.91,14.85,1.69,MACD weak; Weak trend; Volume expansion,UNKNOWN,-2.93,-4.55,3.86,0.0,1.65,0,0,1,-2,1,LOW,0,,,0,-1,0.1,1.5,E,"Trend 0, Momentum 0, Volume 1, Liquidity -2 (0.0cr), VolRisk LOW, Sector UNKNOWN 0",-3,-3,-3,SELL/AVOID,News 0; event caution 0; risk LOW; type ; confidence ; reason . ,-2,MEDIUM,CAUTIOUS,Nifty 20D return -3.9448571751706463; 60D return -4.281982537022666; Crude 20D change 11.414863871570024; India VIX latest; 20D change 9.84643344748708; USDINR 20D change 0.9026990410958335,-5.0,SELL/AVOID,-3,-4.9,SELL/AVOID,"Tech -3 | News 0 (, ) | Event caution 0 | Macro -2 | Sector 0 | Analytics 0.1 (E) | Risk LOW/MEDIUM | Analytics: Trend 0, Momentum 0, Volume 1, Liquidity -2 (0.0cr), VolRisk LOW, Sector UNKNOWN 0",0,0,LOW,,,,,,,0,0,,,0,,0,84.0,HIGH,-1.5,SELL/AVOID,"AI overlay from completed recommendation outcomes; use as probability/risk input, not standalone advice."
BALKRISIND,2026-09-21,2216.8,21091.0,1,NEUTRAL,46.34,-1.6218,16.61,2250.22,2244.65,,75.73,0.378,43.5,0.4,2103.21,2406.12,1.67,RSI in swing zone; MACD weak; Bollinger position healthy,AUTO_ANC,2.41,-5.75,7.24,0.0,3.42,1,1,-1,-2,0,MEDIUM,-3,14.3,-1.51,-3,-2,-1.0,1.25,E,"Trend 1, Momentum 1, Volume -1, Liquidity -2 (0.0cr), VolRisk MEDIUM, Sector AUTO_ANC -3",1,1,1,NEUTRAL,News 0; event caution 0; risk LOW; type ; confidence ; reason . ,-2,MEDIUM,CAUTIOUS,Nifty 20D return -3.9448571751706463; 60D return -4.281982537022666; Crude 20D change 11.414863871570024; India VIX latest; 20D change 9.84643344748708; USDINR 20D change 0.9026990410958335,-4.0,SELL/AVOID,1,-5.0,SELL/AVOID,"Tech 1 | News 0 (, ) | Event caution 0 | Macro -2 | Sector -3 | Analytics -1 (E) | Risk LOW/MEDIUM | Analytics: Trend 1, Momentum 1, Volume -1, Liquidity -2 (0.0cr), VolRisk MEDIUM, Sector AUTO_ANC -3",0,0,LOW,,,,,,,0,0,,,0,,-1,66.8,HIGH,-3.32,SELL/AVOID,"AI overlay from completed recommendation outcomes; use as probability/risk input, not standalone advice."
CCL,2026-09-22,1050.0,21241.0,-3,SELL/AVOID,35.33,-10.0055,19.63,1142.41,1141.41,,43.76,0.084,3.47,0.92,984.36,1159.39,1.67,MACD weak,UNKNOWN,-2.98,-13.51,-2.85,0.0,4.17,1,0,0,-2,0,MEDIUM,0,,,0,-2,-0.05,1.5,E,"Trend 1, Momentum 0, Volume 0, Liquidity -2 (0.0cr), VolRisk MEDIUM, Sector UNKNOWN 0",-3,-3,-3,SELL/AVOID,News 0; event caution 0; risk LOW; type ; confidence ; reason . ,-2,MEDIUM,CAUTIOUS,Nifty 20D return -3.9448571751706463; 60D return -4.281982537022666; Crude 20D change 11.414863871570024; India VIX latest; 20D change 9.84643344748708; USDINR 20D change 0.9026990410958335,-5.0,SELL/AVOID,-3,-5.05,SELL/AVOID,"Tech -3 | News 0 (, ) | Event caution 0 | Macro -2 | Sector 0 | Analytics -0.05 (E) | Risk LOW/MEDIUM | Analytics: Trend 1, Momentum 0, Volume 0, Liquidity -2 (0.0cr), VolRisk MEDIUM, Sector UNKNOWN 0",0,0,LOW,,,,,,,0,0,,,0,,0,72.4,HIGH,-2.81,SELL/AVOID,"AI overlay from completed recommendation outcomes; use as probability/risk input, not standalone advice."
ENDURANCE,2026-09-27,2645.9,19824.0,-3,SELL/AVOID,39.81,-38.6562,19.87,2846.73,2737.05,,100.83,0.14,6.35,0.81,2494.65,2897.98,1.67,MACD weak,UNKNOWN,-2.58,-6.79,5.62,0.0,3.81,1,0,0,-2,0,MEDIUM,0,,,0,-2,-0.05,1.5,E,"Trend 1, Momentum 0, Volume 0, Liquidity -2 (0.0cr), VolRisk MEDIUM, Sector UNKNOWN 0",-3,-3,-3,SELL/AVOID,News 0; event caution 0; risk LOW; type ; confidence ; reason . ,-2,MEDIUM,CAUTIOUS,Nifty 20D return -3.9448571751706463; 60D return -4.281982537022666; Crude 20D change 11.414863871570024; India VIX latest; 20D change 9.84643344748708; USDINR 20D change 0.9026990410958335,-5.0,SELL/AVOID,-3,-5.05,SELL/AVOID,"Tech -3 | News 0 (, ) | Event caution 0 | Macro -2 | Sector 0 | Analytics -0.05 (E) | Risk LOW/MEDIUM | Analytics: Trend 1, Momentum 0, Volume 0, Liquidity -2 (0.0cr), VolRisk MEDIUM, Sector UNKNOWN 0",0,0,LOW,,,,,,,0,0,,,0,,0,71.9,HIGH,-2.86,SELL/AVOID,"AI overlay from completed recommendation outcomes; use as probability/risk input, not standalone advice."
SARDAEN,2026-09-28,501.3,20490.0,-2,NEUTRAL,39.98,-0.6053,19.36,523.19,540.07,,26.25,0.113,23.18,0.42,461.92,566.93,1.67,MACD weak,UNKNOWN,-5.62,-3.88,-9.12,0.0,5.24,0,0,-1,-2,-1,HIGH,0,,,0,-3,-1.1,1.0,E,"Trend 0, Momentum 0, Volume -1, Liquidity -2 (0.0cr), VolRisk HIGH, Sector UNKNOWN 0",-2,-2,-2,NEUTRAL,News 0; event caution 0; risk LOW; type ; confidence ; reason . ,-2,MEDIUM,CAUTIOUS,Nifty 20D return -3.9448571751706463; 60D return -4.281982537022666; Crude 20D change 11.414863871570024; India VIX latest; 20D change 9.84643344748708; USDINR 20D change 0.9026990410958335,-4.0,SELL/AVOID,-2,-5.1,SELL/AVOID,"Tech -2 | News 0 (, ) | Event caution 0 | Macro -2 | Sector 0 | Analytics -1.1 (E) | Risk LOW/MEDIUM | Analytics: Trend 0, Momentum 0, Volume -1, Liquidity -2 (0.0cr), VolRisk HIGH, Sector UNKNOWN 0",0,0,LOW,,,,,,,0,0,,,0,,0,72.2,HIGH,-2.88,SELL/AVOID,"AI overlay from completed recommendation outcomes; use as probability/risk input, not standalone advice."
JIOFIN,2026-09-28,220.5,151709.0,0,NEUTRAL,26.94,-0.1324,29.6,229.6,240.7,241.71,4.13,-0.087,11.18,1.99,214.31,230.82,1.67,RSI oversold rebound candidate; MACD weak; Trend strength acceptable; Volume expansion,FINANCIALS,-4.42,-7.93,-7.71,0.0,1.87,1,-2,1,-2,1,LOW,-3,22.7,-2.46,-2,-1,-1.2,1.25,E,"Trend 1, Momentum -2, Volume 1, Liquidity -2 (0.0cr), VolRisk LOW, Sector FINANCIALS -3",0,0,0,NEUTRAL,News 0; event caution 0; risk LOW; type ; confidence ; reason . ,-2,MEDIUM,CAUTIOUS,Nifty 20D return -3.9448571751706463; 60D return -4.281982537022666; Crude 20D change 11.414863871570024; India VIX latest; 20D change 9.84643344748708; USDINR 20D change 0.9026990410958335,-4.0,SELL/AVOID,0,-5.2,SELL/AVOID,"Tech 0 | News 0 (, ) | Event caution 0 | Macro -2 | Sector -2 | Analytics -1.2 (E) | Risk LOW/MEDIUM | Analytics: Trend 1, Momentum -2, Volume 1, Liquidity -2 (0.0cr), VolRisk LOW, Sector FINANCIALS -3",0,0,LOW,,,,,,,0,0,,,0,,0,83.2,HIGH,-1.88,SELL/AVOID,"AI overlay from completed recommendation outcomes; use as probability/risk input, not standalone advice."
TATACONSUM,2026-09-28,960.0,54405.0,0,NEUTRAL,29.28,-0.366,45.83,994.81,1035.79,1101.31,17.47,-0.162,6.94,1.22,933.8,1003.67,1.67,RSI oversold rebound candidate; MACD weak; Trend strength acceptable; Volume expansion,FMCG,-2.45,-4.95,-12.08,0.0,1.82,1,-2,1,-2,1,LOW,-3,33.3,-0.2,-2,-1,-1.2,1.25,E,"Trend 1, Momentum -2, Volume 1, Liquidity -2 (0.0cr), VolRisk LOW, Sector FMCG -3",0,0,0,NEUTRAL,News 0; event caution 0; risk LOW; type ; confidence ; reason . ,-2,MEDIUM,CAUTIOUS,Nifty 20D return -3.9448571751706463; 60D return -4.281982537022666; Crude 20D change 11.414863871570024; India VIX latest; 20D change 9.84643344748708; USDINR 20D change 0.9026990410958335,-4.0,SELL/AVOID,0,-5.2,SELL/AVOID,"Tech 0 | News 0 (, ) | Event caution 0 | Macro -2 | Sector -2 | Analytics -1.2 (E) | Risk LOW/MEDIUM | Analytics: Trend 1, Momentum -2, Volume 1, Liquidity -2 (0.0cr), VolRisk LOW, Sector FMCG -3",0,0,LOW,,,,,,,0,0,,,0,,0,82.7,HIGH,-1.93,SELL/AVOID,"AI overlay from completed recommendation outcomes; use as probability/risk input, not standalone advice."
LATENTVIEW,2026-09-16,252.15,41773.0,-2,NEUTRAL,32.82,-5.0883,17.48,288.48,301.79,,16.29,0.045,1.49,1.03,227.71,292.89,1.67,RSI oversold rebound candidate; MACD weak,UNKNOWN,-15.34,-15.36,-19.21,0.0,6.46,0,-1,0,-2,-1,HIGH,0,,,0,-3,-1.2,1.0,E,"Trend 0, Momentum -1, Volume 0, Liquidity -2 (0.0cr), VolRisk HIGH, Sector UNKNOWN 0",-2,-2,-2,NEUTRAL,News 0; event caution 0; risk LOW; type ; confidence ; reason . ,-2,MEDIUM,CAUTIOUS,Nifty 20D return -3.9448571751706463; 60D return -4.281982537022666; Crude 20D change 11.414863871570024; India VIX latest; 20D change 9.84643344748708; USDINR 20D change 0.9026990410958335,-4.0,SELL/AVOID,-2,-5.2,SELL/AVOID,"Tech -2 | News 0 (, ) | Event caution 0 | Macro -2 | Sector 0 | Analytics -1.2 (E) | Risk LOW/MEDIUM | Analytics: Trend 0, Momentum -1, Volume 0, Liquidity -2 (0.0cr), VolRisk HIGH, Sector UNKNOWN 0",0,0,LOW,,,,,,,0,0,,,0,,0,64.5,MEDIUM,-3.75,SELL/AVOID,"AI overlay from completed recommendation outcomes; use as probability/risk input, not standalone advice."
IRB,2026-09-28,17.14,28646.0,-2,NEUTRAL,24.11,-0.136,18.48,18.99,20.23,,0.7,-0.048,1.98,0.73,16.09,18.89,1.67,RSI oversold rebound candidate; MACD weak,UNKNOWN,-7.25,-14.21,-19.98,0.0,4.08,0,-2,0,-2,0,MEDIUM,0,,,0,-2,-1.2,1.5,E,"Trend 0, Momentum -2, Volume 0, Liquidity -2 (0.0cr), VolRisk MEDIUM, Sector UNKNOWN 0",-2,-2,-2,NEUTRAL,News 0; event caution 0; risk LOW; type ; confidence ; reason . ,-2,MEDIUM,CAUTIOUS,Nifty 20D return -3.9448571751706463; 60D return -4.281982537022666; Crude 20D change 11.414863871570024; India VIX latest; 20D change 9.84643344748708; USDINR 20D change 0.9026990410958335,-4.0,SELL/AVOID,-2,-5.2,SELL/AVOID,"Tech -2 | News 0 (, ) | Event caution 0 | Macro -2 | Sector 0 | Analytics -1.2 (E) | Risk LOW/MEDIUM | Analytics: Trend 0, Momentum -2, Volume 0, Liquidity -2 (0.0cr), VolRisk MEDIUM, Sector UNKNOWN 0",0,0,LOW,,,,,,,0,0,,,0,,0,68.3,HIGH,-3.37,SELL/AVOID,"AI overlay from completed recommendation outcomes; use as probability/risk input, not standalone advice."
GMDCLTD,2026-09-28,522.25,22191.0,-2,NEUTRAL,26.78,-4.3984,15.84,562.49,573.11,,16.7,-0.134,1.56,0.73,497.2,564.01,1.67,RSI oversold rebound candidate; MACD weak,UNKNOWN,-9.23,-8.49,-15.68,0.0,3.2,0,-2,0,-2,0,MEDIUM,0,,,0,-2,-1.2,1.5,E,"Trend 0, Momentum -2, Volume 0, Liquidity -2 (0.0cr), VolRisk MEDIUM, Sector UNKNOWN 0",-2,-2,-2,NEUTRAL,News 0; event caution 0; risk LOW; type ; confidence ; reason . ,-2,MEDIUM,CAUTIOUS,Nifty 20D return -3.9448571751706463; 60D return -4.281982537022666; Crude 20D change 11.414863871570024; India VIX latest; 20D change 9.84643344748708; USDINR 20D change 0.9026990410958335,-4.0,SELL/AVOID,-2,-5.2,SELL/AVOID,"Tech -2 | News 0 (, ) | Event caution 0 | Macro -2 | Sector 0 | Analytics -1.2 (E) | Risk LOW/MEDIUM | Analytics: Trend 0, Momentum -2, Volume 0, Liquidity -2 (0.0cr), VolRisk MEDIUM, Sector UNKNOWN 0",0,0,LOW,,,,,,,0,0,,,0,,0,72.0,HIGH,-3.0,SELL/AVOID,"AI overlay from completed recommendation outcomes; use as probability/risk input, not standalone advice."
TATSILV,2026-09-28,21.38,91653.0,-3,SELL/AVOID,37.8,-0.0669,13.6,22.25,22.4,23.18,0.56,-0.108,6.29,1.86,20.55,22.77,1.67,MACD weak; Weak trend; Volume expansion,UNKNOWN,-4.38,-5.48,1.28,0.0,2.6,0,0,1,-2,0,MEDIUM,0,,,0,-2,-0.25,1.5,E,"Trend 0, Momentum 0, Volume 1, Liquidity -2 (0.0cr), VolRisk MEDIUM, Sector UNKNOWN 0",-3,-3,-3,SELL/AVOID,News 0; event caution 0; risk LOW; type ; confidence ; reason . ,-2,MEDIUM,CAUTIOUS,Nifty 20D return -3.9448571751706463; 60D return -4.281982537022666; Crude 20D change 11.414863871570024; India VIX latest; 20D change 9.84643344748708; USDINR 20D change 0.9026990410958335,-5.0,SELL/AVOID,-3,-5.25,SELL/AVOID,"Tech -3 | News 0 (, ) | Event caution 0 | Macro -2 | Sector 0 | Analytics -0.25 (E) | Risk LOW/MEDIUM | Analytics: Trend 0, Momentum 0, Volume 1, Liquidity -2 (0.0cr), VolRisk MEDIUM, Sector UNKNOWN 0",0,0,LOW,,,,,,,0,0,,,0,,0,78.6,HIGH,-2.39,SELL/AVOID,"AI overlay from completed recommendation outcomes; use as probability/risk input, not standalone advice."
DELHIVERY,2026-09-28,407.5,104139.0,0,NEUTRAL,28.37,-1.1525,32.0,435.37,453.06,453.21,11.27,0.038,5.79,2.57,390.59,435.68,1.67,RSI oversold rebound candidate; MACD weak; Trend strength acceptable; Volume expansion,LOGISTICS,-5.4,-10.4,-18.23,0.0,2.77,1,-2,2,-2,0,MEDIUM,-3,0.0,-6.35,-2,-2,-1.3,1.25,E,"Trend 1, Momentum -2, Volume 2, Liquidity -2 (0.0cr), VolRisk MEDIUM, Sector LOGISTICS -3",0,0,0,NEUTRAL,News 0; event caution 0; risk LOW; type ; confidence ; reason . ,-2,MEDIUM,CAUTIOUS,Nifty 20D return -3.9448571751706463; 60D return -4.281982537022666; Crude 20D change 11.414863871570024; India VIX latest; 20D change 9.84643344748708; USDINR 20D change 0.9026990410958335,-4.0,SELL/AVOID,0,-5.3,SELL/AVOID,"Tech 0 | News 0 (, ) | Event caution 0 | Macro -2 | Sector -2 | Analytics -1.3 (E) | Risk LOW/MEDIUM | Analytics: Trend 1, Momentum -2, Volume 2, Liquidity -2 (0.0cr), VolRisk MEDIUM, Sector LOGISTICS -3",0,0,LOW,,,,,,,0,0,,,0,,0,65.8,HIGH,-3.72,SELL/AVOID,"AI overlay from completed recommendation outcomes; use as probability/risk input, not standalone advice."
BAJFINANCE,2026-09-28,985.0,116645.0,-1,NEUTRAL,37.09,-2.9266,32.38,1025.3,1065.61,976.0,24.05,0.08,15.9,0.93,948.92,1045.13,1.67,MACD weak; Trend strength acceptable; Long-term trend positive,NBFC,-2.36,-7.12,-7.42,0.01,2.44,2,0,0,-2,1,LOW,-3,12.5,-3.44,-2,-1,-0.3,1.25,E,"Trend 2, Momentum 0, Volume 0, Liquidity -2 (0.01cr), VolRisk LOW, Sector NBFC -3",-1,-1,-1,NEUTRAL,News 0; event caution 0; risk LOW; type ; confidence ; reason . ,-2,MEDIUM,CAUTIOUS,Nifty 20D return -3.9448571751706463; 60D return -4.281982537022666; Crude 20D change 11.414863871570024; India VIX latest; 20D change 9.84643344748708; USDINR 20D change 0.9026990410958335,-5.0,SELL/AVOID,-1,-5.3,SELL/AVOID,"Tech -1 | News 0 (, ) | Event caution 0 | Macro -2 | Sector -2 | Analytics -0.3 (E) | Risk LOW/MEDIUM | Analytics: Trend 2, Momentum 0, Volume 0, Liquidity -2 (0.01cr), VolRisk LOW, Sector NBFC -3",0,0,LOW,,,,,,,0,0,,,0,,0,91.4,HIGH,-1.16,SELL/AVOID,"AI overlay from completed recommendation outcomes; use as probability/risk input, not standalone advice."
MGL,2026-09-23,1092.8,27195.0,-1,NEUTRAL,45.84,-7.2157,12.72,1130.92,1095.52,,44.55,0.275,17.89,0.79,1025.98,1204.17,1.67,RSI in swing zone; MACD weak; Weak trend; Bollinger position healthy,OIL_GAS,-0.78,-0.19,5.58,0.0,4.08,1,1,0,-2,0,MEDIUM,-2,10.0,1.01,-2,-2,-0.4,1.25,E,"Trend 1, Momentum 1, Volume 0, Liquidity -2 (0.0cr), VolRisk MEDIUM, Sector OIL_GAS -2",-1,-1,-1,NEUTRAL,News 0; event caution 0; risk LOW; type ; confidence ; reason . ,-2,MEDIUM,CAUTIOUS,Nifty 20D return -3.9448571751706463; 60D return -4.281982537022666; Crude 20D change 11.414863871570024; India VIX latest; 20D change 9.84643344748708; USDINR 20D change 0.9026990410958335,-5.0,SELL/AVOID,-1,-5.4,SELL/AVOID,"Tech -1 | News 0 (, ) | Event caution 0 | Macro -2 | Sector -2 | Analytics -0.4 (E) | Risk LOW/MEDIUM | Analytics: Trend 1, Momentum 1, Volume 0, Liquidity -2 (0.0cr), VolRisk MEDIUM, Sector OIL_GAS -2",0,0,LOW,,,,,,,0,0,,,0,,0,67.9,HIGH,-3.61,SELL/AVOID,"AI overlay from completed recommendation outcomes; use as probability/risk input, not standalone advice."
INDUSINDBK,2026-09-28,909.7,43972.0,0,NEUTRAL,26.19,-5.5814,25.25,962.69,992.21,929.46,20.18,0.072,20.44,0.98,879.44,960.14,1.67,RSI oversold rebound candidate; MACD weak; Trend strength acceptable,BANK,-4.74,-9.8,-11.92,0.0,2.22,1,-2,0,-2,1,LOW,-3,15.4,-0.84,-2,-1,-1.45,1.25,E,"Trend 1, Momentum -2, Volume 0, Liquidity -2 (0.0cr), VolRisk LOW, Sector BANK -3",0,0,0,NEUTRAL,News 0; event caution 0; risk LOW; type ; confidence ; reason . ,-2,MEDIUM,CAUTIOUS,Nifty 20D return -3.9448571751706463; 60D return -4.281982537022666; Crude 20D change 11.414863871570024; India VIX latest; 20D change 9.84643344748708; USDINR 20D change 0.9026990410958335,-4.0,SELL/AVOID,0,-5.45,SELL/AVOID,"Tech 0 | News 0 (, ) | Event caution 0 | Macro -2 | Sector -2 | Analytics -1.45 (E) | Risk LOW/MEDIUM | Analytics: Trend 1, Momentum -2, Volume 0, Liquidity -2 (0.0cr), VolRisk LOW, Sector BANK -3",0,0,LOW,,,,,,,0,0,,,0,,0,83.3,HIGH,-2.12,SELL/AVOID,"AI overlay from completed recommendation outcomes; use as probability/risk input, not standalone advice."
JBMA,2026-09-23,601.8,23838.0,-2,NEUTRAL,30.64,-9.0092,21.86,665.19,668.03,,32.03,-0.001,7.28,0.47,553.76,681.87,1.67,RSI oversold rebound candidate; MACD weak,UNKNOWN,-9.02,-14.58,-3.65,0.0,5.32,0,-1,-1,-2,-1,HIGH,0,,,0,-3,-1.45,1.0,E,"Trend 0, Momentum -1, Volume -1, Liquidity -2 (0.0cr), VolRisk HIGH, Sector UNKNOWN 0",-2,-2,-2,NEUTRAL,News 0; event caution 0; risk LOW; type ; confidence ; reason . ,-2,MEDIUM,CAUTIOUS,Nifty 20D return -3.9448571751706463; 60D return -4.281982537022666; Crude 20D change 11.414863871570024; India VIX latest; 20D change 9.84643344748708; USDINR 20D change 0.9026990410958335,-4.0,SELL/AVOID,-2,-5.45,SELL/AVOID,"Tech -2 | News 0 (, ) | Event caution 0 | Macro -2 | Sector 0 | Analytics -1.45 (E) | Risk LOW/MEDIUM | Analytics: Trend 0, Momentum -1, Volume -1, Liquidity -2 (0.0cr), VolRisk HIGH, Sector UNKNOWN 0",0,0,LOW,,,,,,,0,0,,,0,,0,74.7,HIGH,-2.98,SELL/AVOID,"AI overlay from completed recommendation outcomes; use as probability/risk input, not standalone advice."
HINDCOPPER,2026-09-28,479.6,104043.0,-3,SELL/AVOID,35.69,-1.2122,15.23,505.52,524.6,527.11,15.57,0.093,4.75,1.02,456.25,518.51,1.67,MACD weak,UNKNOWN,-5.63,-8.06,-0.51,0.0,3.25,0,0,0,-2,0,MEDIUM,0,,,0,-2,-0.5,1.5,E,"Trend 0, Momentum 0, Volume 0, Liquidity -2 (0.0cr), VolRisk MEDIUM, Sector UNKNOWN 0",-3,-3,-3,SELL/AVOID,News 0; event caution 0; risk LOW; type ; confidence ; reason . ,-2,MEDIUM,CAUTIOUS,Nifty 20D return -3.9448571751706463; 60D return -4.281982537022666; Crude 20D change 11.414863871570024; India VIX latest; 20D change 9.84643344748708; USDINR 20D change 0.9026990410958335,-5.0,SELL/AVOID,-3,-5.5,SELL/AVOID,"Tech -3 | News 0 (, ) | Event caution 0 | Macro -2 | Sector 0 | Analytics -0.5 (E) | Risk LOW/MEDIUM | Analytics: Trend 0, Momentum 0, Volume 0, Liquidity -2 (0.0cr), VolRisk MEDIUM, Sector UNKNOWN 0",0,0,LOW,,,,,,,0,0,,,0,,0,76.2,HIGH,-2.88,SELL/AVOID,"AI overlay from completed recommendation outcomes; use as probability/risk input, not standalone advice."
VOGL,2026-09-28,33.3,36606.0,-3,SELL/AVOID,35.33,-0.1292,18.48,35.44,36.95,,1.41,0.081,1.19,0.69,31.18,36.83,1.67,MACD weak,UNKNOWN,-4.88,-12.41,-6.33,0.0,4.24,0,0,0,-2,0,MEDIUM,0,,,0,-2,-0.5,1.5,E,"Trend 0, Momentum 0, Volume 0, Liquidity -2 (0.0cr), VolRisk MEDIUM, Sector UNKNOWN 0",-3,-3,-3,SELL/AVOID,News 0; event caution 0; risk LOW; type ; confidence ; reason . ,-2,MEDIUM,CAUTIOUS,Nifty 20D return -3.9448571751706463; 60D return -4.281982537022666; Crude 20D change 11.414863871570024; India VIX latest; 20D change 9.84643344748708; USDINR 20D change 0.9026990410958335,-5.0,SELL/AVOID,-3,-5.5,SELL/AVOID,"Tech -3 | News 0 (, ) | Event caution 0 | Macro -2 | Sector 0 | Analytics -0.5 (E) | Risk LOW/MEDIUM | Analytics: Trend 0, Momentum 0, Volume 0, Liquidity -2 (0.0cr), VolRisk MEDIUM, Sector UNKNOWN 0",0,0,LOW,,,,,,,0,0,,,0,,0,75.5,HIGH,-2.95,SELL/AVOID,"AI overlay from completed recommendation outcomes; use as probability/risk input, not standalone advice."
INTELLECT,2026-09-23,668.05,28879.0,-3,SELL/AVOID,39.03,-4.2689,10.76,703.44,730.06,,29.91,0.151,20.7,0.93,623.19,742.82,1.67,MACD weak; Weak trend,UNKNOWN,-3.84,-12.02,-14.83,0.0,4.48,0,0,0,-2,0,MEDIUM,0,,,0,-2,-0.5,1.5,E,"Trend 0, Momentum 0, Volume 0, Liquidity -2 (0.0cr), VolRisk MEDIUM, Sector UNKNOWN 0",-3,-3,-3,SELL/AVOID,News 0; event caution 0; risk LOW; type ; confidence ; reason . ,-2,MEDIUM,CAUTIOUS,Nifty 20D return -3.9448571751706463; 60D return -4.281982537022666; Crude 20D change 11.414863871570024; India VIX latest; 20D change 9.84643344748708; USDINR 20D change 0.9026990410958335,-5.0,SELL/AVOID,-3,-5.5,SELL/AVOID,"Tech -3 | News 0 (, ) | Event caution 0 | Macro -2 | Sector 0 | Analytics -0.5 (E) | Risk LOW/MEDIUM | Analytics: Trend 0, Momentum 0, Volume 0, Liquidity -2 (0.0cr), VolRisk MEDIUM, Sector UNKNOWN 0",0,0,LOW,,,,,,,0,0,,,0,,0,70.0,HIGH,-3.5,SELL/AVOID,"AI overlay from completed recommendation outcomes; use as probability/risk input, not standalone advice."
VIYASH,2026-09-28,241.0,28824.0,-3,SELL/AVOID,35.98,-0.9376,18.47,253.79,260.56,,8.16,0.13,15.63,0.93,228.76,261.39,1.67,MACD weak,UNKNOWN,-4.17,-6.99,-14.07,0.0,3.38,0,0,0,-2,0,MEDIUM,0,,,0,-2,-0.5,1.5,E,"Trend 0, Momentum 0, Volume 0, Liquidity -2 (0.0cr), VolRisk MEDIUM, Sector UNKNOWN 0",-3,-3,-3,SELL/AVOID,News 0; event caution 0; risk LOW; type ; confidence ; reason . ,-2,MEDIUM,CAUTIOUS,Nifty 20D return -3.9448571751706463; 60D return -4.281982537022666; Crude 20D change 11.414863871570024; India VIX latest; 20D change 9.84643344748708; USDINR 20D change 0.9026990410958335,-5.0,SELL/AVOID,-3,-5.5,SELL/AVOID,"Tech -3 | News 0 (, ) | Event caution 0 | Macro -2 | Sector 0 | Analytics -0.5 (E) | Risk LOW/MEDIUM | Analytics: Trend 0, Momentum 0, Volume 0, Liquidity -2 (0.0cr), VolRisk MEDIUM, Sector UNKNOWN 0",0,0,LOW,,,,,,,0,0,,,0,,0,76.6,HIGH,-2.84,SELL/AVOID,"AI overlay from completed recommendation outcomes; use as probability/risk input, not standalone advice."
ASTRAMICRO,2026-09-23,1602.1,25015.0,-3,SELL/AVOID,37.06,-10.7273,14.12,1684.26,1732.8,,67.01,0.005,25.3,0.95,1501.59,1769.62,1.67,MACD weak; Weak trend,UNKNOWN,-4.67,-9.35,-6.95,0.0,4.18,0,0,0,-2,0,MEDIUM,0,,,0,-2,-0.5,1.5,E,"Trend 0, Momentum 0, Volume 0, Liquidity -2 (0.0cr), VolRisk MEDIUM, Sector UNKNOWN 0",-3,-3,-3,SELL/AVOID,News 0; event caution 0; risk LOW; type ; confidence ; reason . ,-2,MEDIUM,CAUTIOUS,Nifty 20D return -3.9448571751706463; 60D return -4.281982537022666; Crude 20D change 11.414863871570024; India VIX latest; 20D change 9.84643344748708; USDINR 20D change 0.9026990410958335,-5.0,SELL/AVOID,-3,-5.5,SELL/AVOID,"Tech -3 | News 0 (, ) | Event caution 0 | Macro -2 | Sector 0 | Analytics -0.5 (E) | Risk LOW/MEDIUM | Analytics: Trend 0, Momentum 0, Volume 0, Liquidity -2 (0.0cr), VolRisk MEDIUM, Sector UNKNOWN 0",0,0,LOW,,,,,,,0,0,,,0,,0,73.1,HIGH,-3.19,SELL/AVOID,"AI overlay from completed recommendation outcomes; use as probability/risk input, not standalone advice."
AMBER,2026-09-28,6990.0,24504.0,-3,SELL/AVOID,36.3,-36.0883,17.85,7313.52,7450.53,,221.89,0.152,16.9,0.62,6657.16,7544.73,1.67,MACD weak,UNKNOWN,-8.93,-5.99,-11.4,0.0,3.17,0,0,0,-2,0,MEDIUM,0,,,0,-2,-0.5,1.5,E,"Trend 0, Momentum 0, Volume 0, Liquidity -2 (0.0cr), VolRisk MEDIUM, Sector UNKNOWN 0",-3,-3,-3,SELL/AVOID,News 0; event caution 0; risk LOW; type ; confidence ; reason . ,-2,MEDIUM,CAUTIOUS,Nifty 20D return -3.9448571751706463; 60D return -4.281982537022666; Crude 20D change 11.414863871570024; India VIX latest; 20D change 9.84643344748708; USDINR 20D change 0.9026990410958335,-5.0,SELL/AVOID,-3,-5.5,SELL/AVOID,"Tech -3 | News 0 (, ) | Event caution 0 | Macro -2 | Sector 0 | Analytics -0.5 (E) | Risk LOW/MEDIUM | Analytics: Trend 0, Momentum 0, Volume 0, Liquidity -2 (0.0cr), VolRisk MEDIUM, Sector UNKNOWN 0",0,0,LOW,,,,,,,0,0,,,0,,0,76.2,HIGH,-2.88,SELL/AVOID,"AI overlay from completed recommendation outcomes; use as probability/risk input, not standalone advice."
BAJAJ-AUTO,2026-09-28,11024.0,28189.0,0,NEUTRAL,30.52,-71.927,32.21,11621.85,11654.57,10323.03,201.06,0.024,8.19,0.85,10722.41,11526.65,1.67,RSI oversold rebound candidate; MACD weak; Trend strength acceptable; Long-term trend positive,AUTO,-3.42,-9.12,8.44,0.0,1.82,2,-1,0,-2,1,LOW,-3,12.5,-1.38,-3,-1,-0.65,1.25,E,"Trend 2, Momentum -1, Volume 0, Liquidity -2 (0.0cr), VolRisk LOW, Sector AUTO -3",0,0,0,NEUTRAL,News 0; event caution 0; risk LOW; type ; confidence ; reason . ,-2,MEDIUM,CAUTIOUS,Nifty 20D return -3.9448571751706463; 60D return -4.281982537022666; Crude 20D change 11.414863871570024; India VIX latest; 20D change 9.84643344748708; USDINR 20D change 0.9026990410958335,-5.0,SELL/AVOID,0,-5.65,SELL/AVOID,"Tech 0 | News 0 (, ) | Event caution 0 | Macro -2 | Sector -3 | Analytics -0.65 (E) | Risk LOW/MEDIUM | Analytics: Trend 2, Momentum -1, Volume 0, Liquidity -2 (0.0cr), VolRisk LOW, Sector AUTO -3",0,0,LOW,,,,,,,0,0,,,0,,-1,79.1,HIGH,-2.74,SELL/AVOID,"AI overlay from completed recommendation outcomes; use as probability/risk input, not standalone advice."
TATACHEM,2026-09-28,641.45,53587.0,0,NEUTRAL,43.63,-1.2647,20.8,657.69,691.72,,37.8,0.408,17.87,0.56,584.74,735.96,1.67,RSI in swing zone; MACD weak; Bollinger position healthy,CHEMICALS,-4.83,2.35,-19.79,0.0,5.89,1,0,-1,-2,-1,HIGH,-3,12.5,-1.97,-2,-3,-1.7,0.75,E,"Trend 1, Momentum 0, Volume -1, Liquidity -2 (0.0cr), VolRisk HIGH, Sector CHEMICALS -3",0,0,0,NEUTRAL,News 0; event caution 0; risk LOW; type ; confidence ; reason . ,-2,MEDIUM,CAUTIOUS,Nifty 20D return -3.9448571751706463; 60D return -4.281982537022666; Crude 20D change 11.414863871570024; India VIX latest; 20D change 9.84643344748708; USDINR 20D change 0.9026990410958335,-4.0,SELL/AVOID,0,-5.7,SELL/AVOID,"Tech 0 | News 0 (, ) | Event caution 0 | Macro -2 | Sector -2 | Analytics -1.7 (E) | Risk LOW/MEDIUM | Analytics: Trend 1, Momentum 0, Volume -1, Liquidity -2 (0.0cr), VolRisk HIGH, Sector CHEMICALS -3",0,0,LOW,,,,,,,0,0,,,0,,0,62.5,MEDIUM,-4.45,SELL/AVOID,"AI overlay from completed recommendation outcomes; use as probability/risk input, not standalone advice."
GODREJPROP,2026-09-28,1669.8,22518.0,0,NEUTRAL,26.28,-7.5529,33.45,1811.07,1961.43,1803.93,64.41,0.244,7.97,0.58,1573.19,1830.82,1.67,RSI oversold rebound candidate; MACD weak; Trend strength acceptable; Bollinger position healthy,REALTY,-0.5,-17.71,-15.65,0.0,3.86,1,-2,-1,-2,0,MEDIUM,-2,50.0,-0.92,-2,-2,-1.7,1.25,E,"Trend 1, Momentum -2, Volume -1, Liquidity -2 (0.0cr), VolRisk MEDIUM, Sector REALTY -2",0,0,0,NEUTRAL,News 0; event caution 0; risk LOW; type ; confidence ; reason . ,-2,MEDIUM,CAUTIOUS,Nifty 20D return -3.9448571751706463; 60D return -4.281982537022666; Crude 20D change 11.414863871570024; India VIX latest; 20D change 9.84643344748708; USDINR 20D change 0.9026990410958335,-4.0,SELL/AVOID,0,-5.7,SELL/AVOID,"Tech 0 | News 0 (, ) | Event caution 0 | Macro -2 | Sector -2 | Analytics -1.7 (E) | Risk LOW/MEDIUM | Analytics: Trend 1, Momentum -2, Volume -1, Liquidity -2 (0.0cr), VolRisk MEDIUM, Sector REALTY -2",0,0,LOW,,,,,,,0,0,,,0,,0,68.0,HIGH,-3.9,SELL/AVOID,"AI overlay from completed recommendation outcomes; use as probability/risk input, not standalone advice."
CROMPTON,2026-09-28,218.8,31897.0,0,NEUTRAL,29.19,-0.3344,36.44,228.72,243.17,254.68,6.31,0.037,20.47,0.97,209.33,234.58,1.67,RSI oversold rebound candidate; MACD weak; Trend strength acceptable,CONSUMER_DURABLES,-2.06,-8.16,-18.51,0.0,2.88,1,-2,0,-2,0,MEDIUM,-3,25.0,-1.3,-2,-2,-1.8,1.25,E,"Trend 1, Momentum -2, Volume 0, Liquidity -2 (0.0cr), VolRisk MEDIUM, Sector CONSUMER_DURABLES -3",0,0,0,NEUTRAL,News 0; event caution 0; risk LOW; type ; confidence ; reason . ,-2,MEDIUM,CAUTIOUS,Nifty 20D return -3.9448571751706463; 60D return -4.281982537022666; Crude 20D change 11.414863871570024; India VIX latest; 20D change 9.84643344748708; USDINR 20D change 0.9026990410958335,-4.0,SELL/AVOID,0,-5.8,SELL/AVOID,"Tech 0 | News 0 (, ) | Event caution 0 | Macro -2 | Sector -2 | Analytics -1.8 (E) | Risk LOW/MEDIUM | Analytics: Trend 1, Momentum -2, Volume 0, Liquidity -2 (0.0cr), VolRisk MEDIUM, Sector CONSUMER_DURABLES -3",0,0,LOW,,,,,,,0,0,,,0,,0,66.9,HIGH,-4.11,SELL/AVOID,"AI overlay from completed recommendation outcomes; use as probability/risk input, not standalone advice."
ESCORTS,2026-09-24,2822.9,38822.0,0,NEUTRAL,41.11,-4.5414,15.11,2938.02,2964.19,,115.66,0.186,9.37,1.5,2649.4,3112.06,1.67,RSI in swing zone; MACD weak; Volume expansion,AUTO,-8.53,2.64,-17.41,0.0,4.1,1,0,1,-2,0,MEDIUM,-3,12.5,-1.38,-3,-2,-0.85,1.25,E,"Trend 1, Momentum 0, Volume 1, Liquidity -2 (0.0cr), VolRisk MEDIUM, Sector AUTO -3",0,0,0,NEUTRAL,News 0; event caution 0; risk LOW; type ; confidence ; reason . ,-2,MEDIUM,CAUTIOUS,Nifty 20D return -3.9448571751706463; 60D return -4.281982537022666; Crude 20D change 11.414863871570024; India VIX latest; 20D change 9.84643344748708; USDINR 20D change 0.9026990410958335,-5.0,SELL/AVOID,0,-5.85,SELL/AVOID,"Tech 0 | News 0 (, ) | Event caution 0 | Macro -2 | Sector -3 | Analytics -0.85 (E) | Risk LOW/MEDIUM | Analytics: Trend 1, Momentum 0, Volume 1, Liquidity -2 (0.0cr), VolRisk MEDIUM, Sector AUTO -3",0,0,LOW,,,,,,,0,0,,,0,,-1,63.5,MEDIUM,-4.5,SELL/AVOID,"AI overlay from completed recommendation outcomes; use as probability/risk input, not standalone advice."
BPCL,2026-09-28,302.25,48748.0,-1,NEUTRAL,39.62,-0.0371,19.65,308.31,314.06,315.23,7.02,0.245,28.15,1.12,291.71,319.81,1.67,MACD weak; Bollinger position healthy,OIL_GAS,-3.36,-4.85,-3.12,0.0,2.32,0,0,0,-2,1,LOW,-2,10.0,1.01,-2,-1,-0.85,1.25,E,"Trend 0, Momentum 0, Volume 0, Liquidity -2 (0.0cr), VolRisk LOW, Sector OIL_GAS -2",-1,-1,-1,NEUTRAL,News 0; event caution 0; risk LOW; type ; confidence ; reason . ,-2,MEDIUM,CAUTIOUS,Nifty 20D return -3.9448571751706463; 60D return -4.281982537022666; Crude 20D change 11.414863871570024; India VIX latest; 20D change 9.84643344748708; USDINR 20D change 0.9026990410958335,-5.0,SELL/AVOID,-1,-5.85,SELL/AVOID,"Tech -1 | News 0 (, ) | Event caution 0 | Macro -2 | Sector -2 | Analytics -0.85 (E) | Risk LOW/MEDIUM | Analytics: Trend 0, Momentum 0, Volume 0, Liquidity -2 (0.0cr), VolRisk LOW, Sector OIL_GAS -2",0,0,LOW,,,,,,,0,0,,,0,,0,89.5,HIGH,-1.9,SELL/AVOID,"AI overlay from completed recommendation outcomes; use as probability/risk input, not standalone advice."
GROWW,2026-09-28,183.39,98409.0,-3,SELL/AVOID,33.23,-0.882,14.68,192.3,193.46,188.65,5.54,0.055,4.65,0.61,175.08,197.24,1.67,RSI oversold rebound candidate; MACD weak; Weak trend,UNKNOWN,-3.06,-5.47,-9.85,0.01,3.02,0,-1,0,-2,0,MEDIUM,0,,,0,-2,-0.85,1.5,E,"Trend 0, Momentum -1, Volume 0, Liquidity -2 (0.01cr), VolRisk MEDIUM, Sector UNKNOWN 0",-3,-3,-3,SELL/AVOID,News 0; event caution 0; risk LOW; type ; confidence ; reason . ,-2,MEDIUM,CAUTIOUS,Nifty 20D return -3.9448571751706463; 60D return -4.281982537022666; Crude 20D change 11.414863871570024; India VIX latest; 20D change 9.84643344748708; USDINR 20D change 0.9026990410958335,-5.0,SELL/AVOID,-3,-5.85,SELL/AVOID,"Tech -3 | News 0 (, ) | Event caution 0 | Macro -2 | Sector 0 | Analytics -0.85 (E) | Risk LOW/MEDIUM | Analytics: Trend 0, Momentum -1, Volume 0, Liquidity -2 (0.01cr), VolRisk MEDIUM, Sector UNKNOWN 0",0,0,LOW,,,,,,,0,0,,,0,,0,77.0,HIGH,-3.15,SELL/AVOID,"AI overlay from completed recommendation outcomes; use as probability/risk input, not standalone advice."
ELECTCAST,2026-09-28,72.35,23747.0,-3,SELL/AVOID,36.65,-0.0002,15.48,80.02,81.59,,4.97,-0.079,12.73,0.89,64.89,84.78,1.67,MACD weak,UNKNOWN,-11.23,-3.48,1.19,0.0,6.87,0,0,0,-2,-1,HIGH,0,,,0,-3,-0.85,1.0,E,"Trend 0, Momentum 0, Volume 0, Liquidity -2 (0.0cr), VolRisk HIGH, Sector UNKNOWN 0",-3,-3,-3,SELL/AVOID,News 0; event caution 0; risk LOW; type ; confidence ; reason . ,-2,MEDIUM,CAUTIOUS,Nifty 20D return -3.9448571751706463; 60D return -4.281982537022666; Crude 20D change 11.414863871570024; India VIX latest; 20D change 9.84643344748708; USDINR 20D change 0.9026990410958335,-5.0,SELL/AVOID,-3,-5.85,SELL/AVOID,"Tech -3 | News 0 (, ) | Event caution 0 | Macro -2 | Sector 0 | Analytics -0.85 (E) | Risk LOW/MEDIUM | Analytics: Trend 0, Momentum 0, Volume 0, Liquidity -2 (0.0cr), VolRisk HIGH, Sector UNKNOWN 0",0,0,LOW,,,,,,,0,0,,,0,,0,72.7,HIGH,-3.58,SELL/AVOID,"AI overlay from completed recommendation outcomes; use as probability/risk input, not standalone advice."
POLICYBZR,2026-09-28,1151.3,342887.0,0,NEUTRAL,21.97,-80.1921,37.71,1673.54,1712.29,1607.03,110.17,-0.003,4.6,2.28,986.05,1426.71,1.67,RSI oversold rebound candidate; MACD weak; Trend strength acceptable; Volume expansion,FINTECH,-36.22,-38.43,-26.86,0.01,9.57,1,-2,2,-2,-2,VERY_HIGH,-3,0.0,-15.88,-2,-3,-2.0,0.75,E,"Trend 1, Momentum -2, Volume 2, Liquidity -2 (0.01cr), VolRisk VERY_HIGH, Sector FINTECH -3",0,0,0,NEUTRAL,News 0; event caution 0; risk LOW; type ; confidence ; reason . ,-2,MEDIUM,CAUTIOUS,Nifty 20D return -3.9448571751706463; 60D return -4.281982537022666; Crude 20D change 11.414863871570024; India VIX latest; 20D change 9.84643344748708; USDINR 20D change 0.9026990410958335,-4.0,SELL/AVOID,0,-6.0,SELL/AVOID,"Tech 0 | News 0 (, ) | Event caution 0 | Macro -2 | Sector -2 | Analytics -2 (E) | Risk LOW/MEDIUM | Analytics: Trend 1, Momentum -2, Volume 2, Liquidity -2 (0.01cr), VolRisk VERY_HIGH, Sector FINTECH -3",0,0,LOW,,,,,,,0,0,,,0,,0,52.0,LOW,-5.8,SELL/AVOID,"AI overlay from completed recommendation outcomes; use as probability/risk input, not standalone advice."
TATACOMM,2026-09-28,1655.3,22907.0,-1,NEUTRAL,34.82,-9.9024,25.48,1741.8,1742.57,,54.25,-0.005,9.41,0.77,1573.92,1790.93,1.67,RSI oversold rebound candidate; MACD weak; Trend strength acceptable,TELECOM,-7.61,0.36,-16.9,0.0,3.28,2,-1,0,-2,0,MEDIUM,-3,0.0,-0.04,-2,-2,-1.0,1.25,E,"Trend 2, Momentum -1, Volume 0, Liquidity -2 (0.0cr), VolRisk MEDIUM, Sector TELECOM -3",-1,-1,-1,NEUTRAL,News 0; event caution 0; risk LOW; type ; confidence ; reason . ,-2,MEDIUM,CAUTIOUS,Nifty 20D return -3.9448571751706463; 60D return -4.281982537022666; Crude 20D change 11.414863871570024; India VIX latest; 20D change 9.84643344748708; USDINR 20D change 0.9026990410958335,-5.0,SELL/AVOID,-1,-6.0,SELL/AVOID,"Tech -1 | News 0 (, ) | Event caution 0 | Macro -2 | Sector -2 | Analytics -1 (E) | Risk LOW/MEDIUM | Analytics: Trend 2, Momentum -1, Volume 0, Liquidity -2 (0.0cr), VolRisk MEDIUM, Sector TELECOM -3",0,0,LOW,,,,,,,0,0,,,0,,0,73.7,HIGH,-3.63,SELL/AVOID,"AI overlay from completed recommendation outcomes; use as probability/risk input, not standalone advice."
ARVINDFASN,2026-09-27,417.2,18924.0,-4,SELL/AVOID,37.96,-4.3506,12.81,453.75,441.08,,19.62,0.049,4.76,0.64,387.78,466.24,1.67,MACD weak; Weak trend,UNKNOWN,-9.53,-10.4,-5.01,0.0,4.7,1,0,0,-2,0,MEDIUM,0,,,0,-2,-0.05,1.5,E,"Trend 1, Momentum 0, Volume 0, Liquidity -2 (0.0cr), VolRisk MEDIUM, Sector UNKNOWN 0",-4,-4,-4,SELL/AVOID,News 0; event caution 0; risk LOW; type ; confidence ; reason . ,-2,MEDIUM,CAUTIOUS,Nifty 20D return -3.9448571751706463; 60D return -4.281982537022666; Crude 20D change 11.414863871570024; India VIX latest; 20D change 9.84643344748708; USDINR 20D change 0.9026990410958335,-6.0,SELL/AVOID,-4,-6.05,SELL/AVOID,"Tech -4 | News 0 (, ) | Event caution 0 | Macro -2 | Sector 0 | Analytics -0.05 (E) | Risk LOW/MEDIUM | Analytics: Trend 1, Momentum 0, Volume 0, Liquidity -2 (0.0cr), VolRisk MEDIUM, Sector UNKNOWN 0",0,0,LOW,,,,,,,0,0,,,0,,0,73.2,HIGH,-3.73,SELL/AVOID,"AI overlay from completed recommendation outcomes; use as probability/risk input, not standalone advice."
BHARTIARTL,2026-09-28,1771.4,147662.0,-1,NEUTRAL,34.54,-4.6698,29.19,1829.58,1888.48,1877.85,30.9,0.028,5.94,1.15,1725.05,1848.64,1.67,RSI oversold rebound candidate; MACD weak; Trend strength acceptable,TELECOM,-2.52,-3.73,-8.7,0.01,1.74,1,-1,0,-2,1,LOW,-3,0.0,-0.04,-2,-1,-1.1,1.25,E,"Trend 1, Momentum -1, Volume 0, Liquidity -2 (0.01cr), VolRisk LOW, Sector TELECOM -3",-1,-1,-1,NEUTRAL,News 0; event caution 0; risk LOW; type ; confidence ; reason . ,-2,MEDIUM,CAUTIOUS,Nifty 20D return -3.9448571751706463; 60D return -4.281982537022666; Crude 20D change 11.414863871570024; India VIX latest; 20D change 9.84643344748708; USDINR 20D change 0.9026990410958335,-5.0,SELL/AVOID,-1,-6.1,SELL/AVOID,"Tech -1 | News 0 (, ) | Event caution 0 | Macro -2 | Sector -2 | Analytics -1.1 (E) | Risk LOW/MEDIUM | Analytics: Trend 1, Momentum -1, Volume 0, Liquidity -2 (0.01cr), VolRisk LOW, Sector TELECOM -3",0,0,LOW,,,,,,,0,0,,,0,,0,93.8,HIGH,-1.72,SELL/AVOID,"AI overlay from completed recommendation outcomes; use as probability/risk input, not standalone advice."
ICICIPRULI,2026-09-28,458.7,44336.0,-1,NEUTRAL,35.46,-1.2041,23.84,475.29,493.52,,14.93,0.183,23.8,0.95,436.31,496.02,1.67,MACD weak; Trend strength acceptable,FINANCIALS,-6.96,-7.34,-5.44,0.0,3.25,1,0,0,-2,0,MEDIUM,-3,22.7,-2.46,-2,-2,-1.1,1.25,E,"Trend 1, Momentum 0, Volume 0, Liquidity -2 (0.0cr), VolRisk MEDIUM, Sector FINANCIALS -3",-1,-1,-1,NEUTRAL,News 0; event caution 0; risk LOW; type ; confidence ; reason . ,-2,MEDIUM,CAUTIOUS,Nifty 20D return -3.9448571751706463; 60D return -4.281982537022666; Crude 20D change 11.414863871570024; India VIX latest; 20D change 9.84643344748708; USDINR 20D change 0.9026990410958335,-5.0,SELL/AVOID,-1,-6.1,SELL/AVOID,"Tech -1 | News 0 (, ) | Event caution 0 | Macro -2 | Sector -2 | Analytics -1.1 (E) | Risk LOW/MEDIUM | Analytics: Trend 1, Momentum 0, Volume 0, Liquidity -2 (0.0cr), VolRisk MEDIUM, Sector FINANCIALS -3",0,0,LOW,,,,,,,0,0,,,0,,0,76.7,HIGH,-3.43,SELL/AVOID,"AI overlay from completed recommendation outcomes; use as probability/risk input, not standalone advice."
SWIGGY,2026-09-28,256.0,54505.0,-3,SELL/AVOID,33.26,-1.8427,13.38,274.06,277.99,275.91,9.12,-0.176,2.46,0.6,242.31,278.81,1.67,RSI oversold rebound candidate; MACD weak; Weak trend,UNKNOWN,-9.88,-7.28,-5.37,0.01,3.56,0,-1,-1,-2,0,MEDIUM,0,,,0,-2,-1.1,1.5,E,"Trend 0, Momentum -1, Volume -1, Liquidity -2 (0.01cr), VolRisk MEDIUM, Sector UNKNOWN 0",-3,-3,-3,SELL/AVOID,News 0; event caution 0; risk LOW; type ; confidence ; reason . ,-2,MEDIUM,CAUTIOUS,Nifty 20D return -3.9448571751706463; 60D return -4.281982537022666; Crude 20D change 11.414863871570024; India VIX latest; 20D change 9.84643344748708; USDINR 20D change 0.9026990410958335,-5.0,SELL/AVOID,-3,-6.1,SELL/AVOID,"Tech -3 | News 0 (, ) | Event caution 0 | Macro -2 | Sector 0 | Analytics -1.1 (E) | Risk LOW/MEDIUM | Analytics: Trend 0, Momentum -1, Volume -1, Liquidity -2 (0.01cr), VolRisk MEDIUM, Sector UNKNOWN 0",0,0,LOW,,,,,,,0,0,,,0,,0,76.2,HIGH,-3.48,SELL/AVOID,"AI overlay from completed recommendation outcomes; use as probability/risk input, not standalone advice."
JWL,2026-09-10,241.56,20312.0,-3,SELL/AVOID,32.57,-1.3817,13.84,257.73,272.92,,10.19,0.05,6.26,0.58,226.27,267.04,1.67,RSI oversold rebound candidate; MACD weak; Weak trend,UNKNOWN,-7.04,-9.73,-13.46,0.0,4.22,0,-1,-1,-2,0,MEDIUM,0,,,0,-2,-1.1,1.5,E,"Trend 0, Momentum -1, Volume -1, Liquidity -2 (0.0cr), VolRisk MEDIUM, Sector UNKNOWN 0",-3,-3,-3,SELL/AVOID,News 0; event caution 0; risk LOW; type ; confidence ; reason . ,-2,MEDIUM,CAUTIOUS,Nifty 20D return -3.9448571751706463; 60D return -4.281982537022666; Crude 20D change 11.414863871570024; India VIX latest; 20D change 9.84643344748708; USDINR 20D change 0.9026990410958335,-5.0,SELL/AVOID,-3,-6.1,SELL/AVOID,"Tech -3 | News 0 (, ) | Event caution 0 | Macro -2 | Sector 0 | Analytics -1.1 (E) | Risk LOW/MEDIUM | Analytics: Trend 0, Momentum -1, Volume -1, Liquidity -2 (0.0cr), VolRisk MEDIUM, Sector UNKNOWN 0",0,0,LOW,,,,,,,0,0,,,0,,0,75.9,HIGH,-3.51,SELL/AVOID,"AI overlay from completed recommendation outcomes; use as probability/risk input, not standalone advice."
ASHOKLEY,2026-09-28,155.22,105815.0,0,NEUTRAL,34.07,-0.3623,26.64,162.31,169.37,168.82,4.21,0.099,4.88,1.4,148.91,165.73,1.67,RSI oversold rebound candidate; MACD weak; Trend strength acceptable; Volume expansion,AUTO,-3.44,-8.15,0.27,0.0,2.71,1,-1,1,-2,0,MEDIUM,-3,12.5,-1.38,-3,-2,-1.2,1.25,E,"Trend 1, Momentum -1, Volume 1, Liquidity -2 (0.0cr), VolRisk MEDIUM, Sector AUTO -3",0,0,0,NEUTRAL,News 0; event caution 0; risk LOW; type ; confidence ; reason . ,-2,MEDIUM,CAUTIOUS,Nifty 20D return -3.9448571751706463; 60D return -4.281982537022666; Crude 20D change 11.414863871570024; India VIX latest; 20D change 9.84643344748708; USDINR 20D change 0.9026990410958335,-5.0,SELL/AVOID,0,-6.2,SELL/AVOID,"Tech 0 | News 0 (, ) | Event caution 0 | Macro -2 | Sector -3 | Analytics -1.2 (E) | Risk LOW/MEDIUM | Analytics: Trend 1, Momentum -1, Volume 1, Liquidity -2 (0.0cr), VolRisk MEDIUM, Sector AUTO -3",0,0,LOW,,,,,,,0,0,,,0,,-1,74.3,HIGH,-3.77,SELL/AVOID,"AI overlay from completed recommendation outcomes; use as probability/risk input, not standalone advice."
EASEMYTRIP,2026-09-22,5.99,37411.0,-3,SELL/AVOID,37.2,-0.1896,15.17,7.28,7.49,,0.67,0.071,7.08,0.78,4.99,7.66,1.67,MACD weak,UNKNOWN,-16.81,-23.4,,0.0,11.15,0,0,0,-2,-2,VERY_HIGH,0,,,0,-3,-1.2,1.0,E,"Trend 0, Momentum 0, Volume 0, Liquidity -2 (0.0cr), VolRisk VERY_HIGH, Sector UNKNOWN 0",-3,-3,-3,SELL/AVOID,News 0; event caution 0; risk LOW; type ; confidence ; reason . ,-2,MEDIUM,CAUTIOUS,Nifty 20D return -3.9448571751706463; 60D return -4.281982537022666; Crude 20D change 11.414863871570024; India VIX latest; 20D change 9.84643344748708; USDINR 20D change 0.9026990410958335,-5.0,SELL/AVOID,-3,-6.2,SELL/AVOID,"Tech -3 | News 0 (, ) | Event caution 0 | Macro -2 | Sector 0 | Analytics -1.2 (E) | Risk LOW/MEDIUM | Analytics: Trend 0, Momentum 0, Volume 0, Liquidity -2 (0.0cr), VolRisk VERY_HIGH, Sector UNKNOWN 0",0,0,LOW,,,,,,,0,0,,,0,,0,72.3,HIGH,-3.97,SELL/AVOID,"AI overlay from completed recommendation outcomes; use as probability/risk input, not standalone advice."
BANKBARODA,2026-09-28,227.5,63323.0,-1,NEUTRAL,32.76,-0.0976,18.58,235.29,240.98,264.48,3.82,-0.235,0.0,1.43,221.76,237.06,1.67,RSI oversold rebound candidate; MACD weak; Volume expansion,BANK,-2.92,-4.81,-10.73,0.0,1.68,0,-1,1,-2,1,LOW,-3,15.4,-0.84,-2,-1,-1.3,1.25,E,"Trend 0, Momentum -1, Volume 1, Liquidity -2 (0.0cr), VolRisk LOW, Sector BANK -3",-1,-1,-1,NEUTRAL,News 0; event caution 0; risk LOW; type ; confidence ; reason . ,-2,MEDIUM,CAUTIOUS,Nifty 20D return -3.9448571751706463; 60D return -4.281982537022666; Crude 20D change 11.414863871570024; India VIX latest; 20D change 9.84643344748708; USDINR 20D change 0.9026990410958335,-5.0,SELL/AVOID,-1,-6.3,SELL/AVOID,"Tech -1 | News 0 (, ) | Event caution 0 | Macro -2 | Sector -2 | Analytics -1.3 (E) | Risk LOW/MEDIUM | Analytics: Trend 0, Momentum -1, Volume 1, Liquidity -2 (0.0cr), VolRisk LOW, Sector BANK -3",0,0,LOW,,,,,,,0,0,,,0,,0,92.1,HIGH,-2.09,SELL/AVOID,"AI overlay from completed recommendation outcomes; use as probability/risk input, not standalone advice."
UNIONBANK,2026-09-28,171.75,56855.0,-1,NEUTRAL,32.75,-0.2926,21.66,179.3,182.13,176.65,4.01,-0.023,2.18,1.4,165.73,181.78,1.67,RSI oversold rebound candidate; MACD weak; Volume expansion,BANK,-3.51,-8.26,-2.38,0.0,2.34,0,-1,1,-2,1,LOW,-3,15.4,-0.84,-2,-1,-1.3,1.25,E,"Trend 0, Momentum -1, Volume 1, Liquidity -2 (0.0cr), VolRisk LOW, Sector BANK -3",-1,-1,-1,NEUTRAL,News 0; event caution 0; risk LOW; type ; confidence ; reason . ,-2,MEDIUM,CAUTIOUS,Nifty 20D return -3.9448571751706463; 60D return -4.281982537022666; Crude 20D change 11.414863871570024; India VIX latest; 20D change 9.84643344748708; USDINR 20D change 0.9026990410958335,-5.0,SELL/AVOID,-1,-6.3,SELL/AVOID,"Tech -1 | News 0 (, ) | Event caution 0 | Macro -2 | Sector -2 | Analytics -1.3 (E) | Risk LOW/MEDIUM | Analytics: Trend 0, Momentum -1, Volume 1, Liquidity -2 (0.0cr), VolRisk LOW, Sector BANK -3",0,0,LOW,,,,,,,0,0,,,0,,0,92.3,HIGH,-2.07,SELL/AVOID,"AI overlay from completed recommendation outcomes; use as probability/risk input, not standalone advice."
JSWENERGY,2026-09-28,495.0,55032.0,-1,NEUTRAL,30.95,-2.1525,18.41,523.19,542.05,530.87,11.98,-0.006,4.01,1.43,477.04,524.94,1.67,RSI oversold rebound candidate; MACD weak; Volume expansion,POWER,-4.44,-8.69,-7.21,0.0,2.42,0,-1,1,-2,1,LOW,-3,13.6,-0.99,-2,-1,-1.3,1.25,E,"Trend 0, Momentum -1, Volume 1, Liquidity -2 (0.0cr), VolRisk LOW, Sector POWER -3",-1,-1,-1,NEUTRAL,News 0; event caution 0; risk LOW; type ; confidence ; reason . ,-2,MEDIUM,CAUTIOUS,Nifty 20D return -3.9448571751706463; 60D return -4.281982537022666; Crude 20D change 11.414863871570024; India VIX latest; 20D change 9.84643344748708; USDINR 20D change 0.9026990410958335,-5.0,SELL/AVOID,-1,-6.3,SELL/AVOID,"Tech -1 | News 0 (, ) | Event caution 0 | Macro -2 | Sector -2 | Analytics -1.3 (E) | Risk LOW/MEDIUM | Analytics: Trend 0, Momentum -1, Volume 1, Liquidity -2 (0.0cr), VolRisk LOW, Sector POWER -3",0,0,LOW,,,,,,,0,0,,,0,,0,92.0,HIGH,-2.1,SELL/AVOID,"AI overlay from completed recommendation outcomes; use as probability/risk input, not standalone advice."
PNB,2026-09-28,112.6,47456.0,-2,NEUTRAL,35.87,-0.3643,20.29,116.5,116.08,112.2,2.26,-0.3,7.23,1.09,109.21,118.25,1.67,MACD weak; Long-term trend positive,BANK,-3.76,-3.76,0.75,0.0,2.01,2,0,0,-2,1,LOW,-3,15.4,-0.84,-2,-1,-0.3,1.25,E,"Trend 2, Momentum 0, Volume 0, Liquidity -2 (0.0cr), VolRisk LOW, Sector BANK -3",-2,-2,-2,NEUTRAL,News 0; event caution 0; risk LOW; type ; confidence ; reason . ,-2,MEDIUM,CAUTIOUS,Nifty 20D return -3.9448571751706463; 60D return -4.281982537022666; Crude 20D change 11.414863871570024; India VIX latest; 20D change 9.84643344748708; USDINR 20D change 0.9026990410958335,-6.0,SELL/AVOID,-2,-6.3,SELL/AVOID,"Tech -2 | News 0 (, ) | Event caution 0 | Macro -2 | Sector -2 | Analytics -0.3 (E) | Risk LOW/MEDIUM | Analytics: Trend 2, Momentum 0, Volume 0, Liquidity -2 (0.0cr), VolRisk LOW, Sector BANK -3",0,0,LOW,,,,,,,0,0,,,0,,0,91.8,HIGH,-2.12,SELL/AVOID,"AI overlay from completed recommendation outcomes; use as probability/risk input, not standalone advice."
YATRA,2026-09-28,101.67,20776.0,-4,SELL/AVOID,38.86,-0.1146,14.18,109.88,109.31,,9.21,0.192,3.0,0.71,87.85,124.7,1.67,MACD weak; Weak trend,UNKNOWN,-10.82,0.33,-31.01,0.0,9.06,2,0,0,-2,-2,VERY_HIGH,0,,,0,-3,-0.3,1.0,E,"Trend 2, Momentum 0, Volume 0, Liquidity -2 (0.0cr), VolRisk VERY_HIGH, Sector UNKNOWN 0",-4,-4,-4,SELL/AVOID,News 0; event caution 0; risk LOW; type ; confidence ; reason . ,-2,MEDIUM,CAUTIOUS,Nifty 20D return -3.9448571751706463; 60D return -4.281982537022666; Crude 20D change 11.414863871570024; India VIX latest; 20D change 9.84643344748708; USDINR 20D change 0.9026990410958335,-6.0,SELL/AVOID,-4,-6.3,SELL/AVOID,"Tech -4 | News 0 (, ) | Event caution 0 | Macro -2 | Sector 0 | Analytics -0.3 (E) | Risk LOW/MEDIUM | Analytics: Trend 2, Momentum 0, Volume 0, Liquidity -2 (0.0cr), VolRisk VERY_HIGH, Sector UNKNOWN 0",0,0,LOW,,,,,,,0,0,,,0,,0,65.0,MEDIUM,-4.8,SELL/AVOID,"AI overlay from completed recommendation outcomes; use as probability/risk input, not standalone advice."
CONCOR,2026-09-28,450.0,25766.0,-1,NEUTRAL,23.24,-8.0469,22.85,504.66,499.13,,14.52,-0.088,1.33,0.66,428.22,486.3,1.67,RSI oversold rebound candidate; MACD weak; Trend strength acceptable,LOGISTICS,-11.42,-10.93,-0.04,0.0,3.23,2,-2,0,-2,0,MEDIUM,-3,0.0,-6.35,-2,-2,-1.35,1.25,E,"Trend 2, Momentum -2, Volume 0, Liquidity -2 (0.0cr), VolRisk MEDIUM, Sector LOGISTICS -3",-1,-1,-1,NEUTRAL,News 0; event caution 0; risk LOW; type ; confidence ; reason . ,-2,MEDIUM,CAUTIOUS,Nifty 20D return -3.9448571751706463; 60D return -4.281982537022666; Crude 20D change 11.414863871570024; India VIX latest; 20D change 9.84643344748708; USDINR 20D change 0.9026990410958335,-5.0,SELL/AVOID,-1,-6.35,SELL/AVOID,"Tech -1 | News 0 (, ) | Event caution 0 | Macro -2 | Sector -2 | Analytics -1.35 (E) | Risk LOW/MEDIUM | Analytics: Trend 2, Momentum -2, Volume 0, Liquidity -2 (0.0cr), VolRisk MEDIUM, Sector LOGISTICS -3",0,0,LOW,,,,,,,0,0,,,0,,0,76.5,HIGH,-3.7,SELL/AVOID,"AI overlay from completed recommendation outcomes; use as probability/risk input, not standalone advice."
FORCEMOT,2026-09-17,17650.0,20705.0,-1,NEUTRAL,46.34,-16.7771,14.7,17870.1,18072.4,,689.23,0.395,17.22,0.65,16616.16,19373.07,1.67,RSI in swing zone; MACD weak; Weak trend; Bollinger position healthy,CEMENT,1.26,1.38,-12.68,0.0,3.9,1,1,0,-2,0,MEDIUM,-2,28.6,0.69,-3,-2,-0.4,1.25,E,"Trend 1, Momentum 1, Volume 0, Liquidity -2 (0.0cr), VolRisk MEDIUM, Sector CEMENT -2",-1,-1,-1,NEUTRAL,News 0; event caution 0; risk LOW; type ; confidence ; reason . ,-2,MEDIUM,CAUTIOUS,Nifty 20D return -3.9448571751706463; 60D return -4.281982537022666; Crude 20D change 11.414863871570024; India VIX latest; 20D change 9.84643344748708; USDINR 20D change 0.9026990410958335,-6.0,SELL/AVOID,-1,-6.4,SELL/AVOID,"Tech -1 | News 0 (, ) | Event caution 0 | Macro -2 | Sector -3 | Analytics -0.4 (E) | Risk LOW/MEDIUM | Analytics: Trend 1, Momentum 1, Volume 0, Liquidity -2 (0.0cr), VolRisk MEDIUM, Sector CEMENT -2",0,0,LOW,,,,,,,0,0,,,0,,-1,67.0,HIGH,-4.7,SELL/AVOID,"AI overlay from completed recommendation outcomes; use as probability/risk input, not standalone advice."
INFY,2026-09-28,1003.2,166272.0,-1,NEUTRAL,29.04,-3.2613,29.16,1044.45,1106.97,1179.39,23.82,0.181,14.94,0.99,967.47,1062.75,1.67,RSI oversold rebound candidate; MACD weak; Trend strength acceptable,IT,-2.55,-11.22,-7.72,0.01,2.37,1,-2,0,-2,1,LOW,-3,16.7,-6.08,-2,-1,-1.45,1.25,E,"Trend 1, Momentum -2, Volume 0, Liquidity -2 (0.01cr), VolRisk LOW, Sector IT -3",-1,-1,-1,NEUTRAL,News 0; event caution 0; risk LOW; type ; confidence ; reason . ,-2,MEDIUM,CAUTIOUS,Nifty 20D return -3.9448571751706463; 60D return -4.281982537022666; Crude 20D change 11.414863871570024; India VIX latest; 20D change 9.84643344748708; USDINR 20D change 0.9026990410958335,-5.0,SELL/AVOID,-1,-6.45,SELL/AVOID,"Tech -1 | News 0 (, ) | Event caution 0 | Macro -2 | Sector -2 | Analytics -1.45 (E) | Risk LOW/MEDIUM | Analytics: Trend 1, Momentum -2, Volume 0, Liquidity -2 (0.01cr), VolRisk LOW, Sector IT -3",0,0,LOW,,,,,,,0,0,,,0,,0,90.5,HIGH,-2.4,SELL/AVOID,"AI overlay from completed recommendation outcomes; use as probability/risk input, not standalone advice."
ICICIBANK,2026-09-28,1302.0,148552.0,-1,NEUTRAL,20.76,-3.6499,40.47,1360.55,1401.07,1346.46,21.04,0.06,2.22,0.95,1270.43,1354.61,1.67,RSI oversold rebound candidate; MACD weak; Trend strength acceptable,BANK,-2.81,-8.52,-10.83,0.01,1.62,1,-2,0,-2,1,LOW,-3,15.4,-0.84,-2,-1,-1.45,1.25,E,"Trend 1, Momentum -2, Volume 0, Liquidity -2 (0.01cr), VolRisk LOW, Sector BANK -3",-1,-1,-1,NEUTRAL,News 0; event caution 0; risk LOW; type ; confidence ; reason . ,-2,MEDIUM,CAUTIOUS,Nifty 20D return -3.9448571751706463; 60D return -4.281982537022666; Crude 20D change 11.414863871570024; India VIX latest; 20D change 9.84643344748708; USDINR 20D change 0.9026990410958335,-5.0,SELL/AVOID,-1,-6.45,SELL/AVOID,"Tech -1 | News 0 (, ) | Event caution 0 | Macro -2 | Sector -2 | Analytics -1.45 (E) | Risk LOW/MEDIUM | Analytics: Trend 1, Momentum -2, Volume 0, Liquidity -2 (0.01cr), VolRisk LOW, Sector BANK -3",0,0,LOW,,,,,,,0,0,,,0,,0,89.6,HIGH,-2.49,SELL/AVOID,"AI overlay from completed recommendation outcomes; use as probability/risk input, not standalone advice."
WIPRO,2026-09-28,161.56,83152.0,-1,NEUTRAL,28.44,-0.0787,24.59,167.09,176.17,189.32,3.28,0.096,4.77,1.02,156.63,169.77,1.67,RSI oversold rebound candidate; MACD weak; Trend strength acceptable,IT,-2.67,-8.41,-8.4,0.0,2.03,1,-2,0,-2,1,LOW,-3,16.7,-6.08,-2,-1,-1.45,1.25,E,"Trend 1, Momentum -2, Volume 0, Liquidity -2 (0.0cr), VolRisk LOW, Sector IT -3",-1,-1,-1,NEUTRAL,News 0; event caution 0; risk LOW; type ; confidence ; reason . ,-2,MEDIUM,CAUTIOUS,Nifty 20D return -3.9448571751706463; 60D return -4.281982537022666; Crude 20D change 11.414863871570024; India VIX latest; 20D change 9.84643344748708; USDINR 20D change 0.9026990410958335,-5.0,SELL/AVOID,-1,-6.45,SELL/AVOID,"Tech -1 | News 0 (, ) | Event caution 0 | Macro -2 | Sector -2 | Analytics -1.45 (E) | Risk LOW/MEDIUM | Analytics: Trend 1, Momentum -2, Volume 0, Liquidity -2 (0.0cr), VolRisk LOW, Sector IT -3",0,0,LOW,,,,,,,0,0,,,0,,0,93.0,HIGH,-2.15,SELL/AVOID,"AI overlay from completed recommendation outcomes; use as probability/risk input, not standalone advice."
TRENT,2026-09-28,2626.0,54051.0,-1,NEUTRAL,24.15,-11.921,38.74,2774.04,2883.3,3450.9,59.88,-0.097,4.68,1.17,2536.18,2775.7,1.67,RSI oversold rebound candidate; MACD weak; Trend strength acceptable,RETAIL,-5.64,-7.96,-10.25,0.0,2.28,1,-2,0,-2,1,LOW,-3,25.0,-1.7,-2,-1,-1.45,1.25,E,"Trend 1, Momentum -2, Volume 0, Liquidity -2 (0.0cr), VolRisk LOW, Sector RETAIL -3",-1,-1,-1,NEUTRAL,News 0; event caution 0; risk LOW; type ; confidence ; reason . ,-2,MEDIUM,CAUTIOUS,Nifty 20D return -3.9448571751706463; 60D return -4.281982537022666; Crude 20D change 11.414863871570024; India VIX latest; 20D change 9.84643344748708; USDINR 20D change 0.9026990410958335,-5.0,SELL/AVOID,-1,-6.45,SELL/AVOID,"Tech -1 | News 0 (, ) | Event caution 0 | Macro -2 | Sector -2 | Analytics -1.45 (E) | Risk LOW/MEDIUM | Analytics: Trend 1, Momentum -2, Volume 0, Liquidity -2 (0.0cr), VolRisk LOW, Sector RETAIL -3",0,0,LOW,,,,,,,0,0,,,0,,0,88.0,HIGH,-2.65,SELL/AVOID,"AI overlay from completed recommendation outcomes; use as probability/risk input, not standalone advice."
TATACAP,2026-09-28,328.1,51040.0,-1,NEUTRAL,31.18,-2.6455,22.67,355.0,359.65,338.33,9.48,0.073,2.29,1.07,313.89,351.79,1.67,RSI oversold rebound candidate; MACD weak; Trend strength acceptable,FINANCIALS,-3.81,-12.74,-7.8,0.0,2.89,1,-1,0,-2,0,MEDIUM,-3,22.7,-2.46,-2,-2,-1.45,1.25,E,"Trend 1, Momentum -1, Volume 0, Liquidity -2 (0.0cr), VolRisk MEDIUM, Sector FINANCIALS -3",-1,-1,-1,NEUTRAL,News 0; event caution 0; risk LOW; type ; confidence ; reason . ,-2,MEDIUM,CAUTIOUS,Nifty 20D return -3.9448571751706463; 60D return -4.281982537022666; Crude 20D change 11.414863871570024; India VIX latest; 20D change 9.84643344748708; USDINR 20D change 0.9026990410958335,-5.0,SELL/AVOID,-1,-6.45,SELL/AVOID,"Tech -1 | News 0 (, ) | Event caution 0 | Macro -2 | Sector -2 | Analytics -1.45 (E) | Risk LOW/MEDIUM | Analytics: Trend 1, Momentum -1, Volume 0, Liquidity -2 (0.0cr), VolRisk MEDIUM, Sector FINANCIALS -3",0,0,LOW,,,,,,,0,0,,,0,,0,78.0,HIGH,-3.65,SELL/AVOID,"AI overlay from completed recommendation outcomes; use as probability/risk input, not standalone advice."
HDFCAMC,2026-09-28,2302.3,39833.0,-1,NEUTRAL,28.61,-4.2061,27.23,2411.22,2503.62,2593.92,50.17,-0.221,1.03,0.97,2227.05,2427.72,1.67,RSI oversold rebound candidate; MACD weak; Trend strength acceptable,FINANCIALS,-5.26,-8.3,-13.16,0.0,2.18,1,-2,0,-2,1,LOW,-3,22.7,-2.46,-2,-1,-1.45,1.25,E,"Trend 1, Momentum -2, Volume 0, Liquidity -2 (0.0cr), VolRisk LOW, Sector FINANCIALS -3",-1,-1,-1,NEUTRAL,News 0; event caution 0; risk LOW; type ; confidence ; reason . ,-2,MEDIUM,CAUTIOUS,Nifty 20D return -3.9448571751706463; 60D return -4.281982537022666; Crude 20D change 11.414863871570024; India VIX latest; 20D change 9.84643344748708; USDINR 20D change 0.9026990410958335,-5.0,SELL/AVOID,-1,-6.45,SELL/AVOID,"Tech -1 | News 0 (, ) | Event caution 0 | Macro -2 | Sector -2 | Analytics -1.45 (E) | Risk LOW/MEDIUM | Analytics: Trend 1, Momentum -2, Volume 0, Liquidity -2 (0.0cr), VolRisk LOW, Sector FINANCIALS -3",0,0,LOW,,,,,,,0,0,,,0,,0,90.2,HIGH,-2.43,SELL/AVOID,"AI overlay from completed recommendation outcomes; use as probability/risk input, not standalone advice."
BAJAJFINSV,2026-09-28,1752.0,34298.0,-1,NEUTRAL,24.06,-10.286,53.83,1864.37,1958.15,1854.85,35.5,0.075,6.74,0.82,1698.75,1840.74,1.67,RSI oversold rebound candidate; MACD weak; Trend strength acceptable,NBFC,-3.92,-11.07,-5.88,0.0,2.03,1,-2,0,-2,1,LOW,-3,12.5,-3.44,-2,-1,-1.45,1.25,E,"Trend 1, Momentum -2, Volume 0, Liquidity -2 (0.0cr), VolRisk LOW, Sector NBFC -3",-1,-1,-1,NEUTRAL,News 0; event caution 0; risk LOW; type ; confidence ; reason . ,-2,MEDIUM,CAUTIOUS,Nifty 20D return -3.9448571751706463; 60D return -4.281982537022666; Crude 20D change 11.414863871570024; India VIX latest; 20D change 9.84643344748708; USDINR 20D change 0.9026990410958335,-5.0,SELL/AVOID,-1,-6.45,SELL/AVOID,"Tech -1 | News 0 (, ) | Event caution 0 | Macro -2 | Sector -2 | Analytics -1.45 (E) | Risk LOW/MEDIUM | Analytics: Trend 1, Momentum -2, Volume 0, Liquidity -2 (0.0cr), VolRisk LOW, Sector NBFC -3",0,0,LOW,,,,,,,0,0,,,0,,0,88.9,HIGH,-2.56,SELL/AVOID,"AI overlay from completed recommendation outcomes; use as probability/risk input, not standalone advice."
CREDITACC,2026-09-17,1370.8,22037.0,-1,NEUTRAL,34.25,-0.7005,28.17,1419.2,1490.84,,50.7,0.09,18.59,0.68,1294.75,1497.55,1.67,RSI oversold rebound candidate; MACD weak; Trend strength acceptable,FINANCIALS,-3.75,-8.38,-3.44,0.0,3.7,1,-1,0,-2,0,MEDIUM,-3,22.7,-2.46,-2,-2,-1.45,1.25,E,"Trend 1, Momentum -1, Volume 0, Liquidity -2 (0.0cr), VolRisk MEDIUM, Sector FINANCIALS -3",-1,-1,-1,NEUTRAL,News 0; event caution 0; risk LOW; type ; confidence ; reason . ,-2,MEDIUM,CAUTIOUS,Nifty 20D return -3.9448571751706463; 60D return -4.281982537022666; Crude 20D change 11.414863871570024; India VIX latest; 20D change 9.84643344748708; USDINR 20D change 0.9026990410958335,-5.0,SELL/AVOID,-1,-6.45,SELL/AVOID,"Tech -1 | News 0 (, ) | Event caution 0 | Macro -2 | Sector -2 | Analytics -1.45 (E) | Risk LOW/MEDIUM | Analytics: Trend 1, Momentum -1, Volume 0, Liquidity -2 (0.0cr), VolRisk MEDIUM, Sector FINANCIALS -3",0,0,LOW,,,,,,,0,0,,,0,,0,76.0,HIGH,-3.85,SELL/AVOID,"AI overlay from completed recommendation outcomes; use as probability/risk input, not standalone advice."
SRF,2026-09-28,2491.5,20298.0,-1,NEUTRAL,34.91,-1.696,17.84,2560.04,2660.52,,57.2,0.091,25.19,0.76,2405.7,2634.51,1.67,RSI oversold rebound candidate; MACD weak,CHEMICALS,-1.09,-3.05,-8.42,0.0,2.3,0,-1,0,-2,1,LOW,-3,12.5,-1.97,-2,-1,-1.55,1.25,E,"Trend 0, Momentum -1, Volume 0, Liquidity -2 (0.0cr), VolRisk LOW, Sector CHEMICALS -3",-1,-1,-1,NEUTRAL,News 0; event caution 0; risk LOW; type ; confidence ; reason . ,-2,MEDIUM,CAUTIOUS,Nifty 20D return -3.9448571751706463; 60D return -4.281982537022666; Crude 20D change 11.414863871570024; India VIX latest; 20D change 9.84643344748708; USDINR 20D change 0.9026990410958335,-5.0,SELL/AVOID,-1,-6.55,SELL/AVOID,"Tech -1 | News 0 (, ) | Event caution 0 | Macro -2 | Sector -2 | Analytics -1.55 (E) | Risk LOW/MEDIUM | Analytics: Trend 0, Momentum -1, Volume 0, Liquidity -2 (0.0cr), VolRisk LOW, Sector CHEMICALS -3",0,0,LOW,,,,,,,0,0,,,0,,0,92.1,HIGH,-2.34,SELL/AVOID,"AI overlay from completed recommendation outcomes; use as probability/risk input, not standalone advice."
BANKINDIA,2026-09-28,129.99,53550.0,-1,NEUTRAL,25.99,-0.8287,19.23,140.4,141.38,147.02,3.22,-0.233,4.12,1.78,125.16,138.03,1.66,RSI oversold rebound candidate; MACD weak; Volume expansion,BANK,-5.67,-9.73,-10.72,0.0,2.47,0,-2,1,-2,1,LOW,-3,15.4,-0.84,-2,-1,-1.65,1.25,E,"Trend 0, Momentum -2, Volume 1, Liquidity -2 (0.0cr), VolRisk LOW, Sector BANK -3",-1,-1,-1,NEUTRAL,News 0; event caution 0; risk LOW; type ; confidence ; reason . ,-2,MEDIUM,CAUTIOUS,Nifty 20D return -3.9448571751706463; 60D return -4.281982537022666; Crude 20D change 11.414863871570024; India VIX latest; 20D change 9.84643344748708; USDINR 20D change 0.9026990410958335,-5.0,SELL/AVOID,-1,-6.65,SELL/AVOID,"Tech -1 | News 0 (, ) | Event caution 0 | Macro -2 | Sector -2 | Analytics -1.65 (E) | Risk LOW/MEDIUM | Analytics: Trend 0, Momentum -2, Volume 1, Liquidity -2 (0.0cr), VolRisk LOW, Sector BANK -3",0,0,LOW,,,,,,,0,0,,,0,,0,87.8,HIGH,-2.87,SELL/AVOID,"AI overlay from completed recommendation outcomes; use as probability/risk input, not standalone advice."
UBL,2026-09-20,1251.5,28351.0,-1,NEUTRAL,31.36,-10.0306,19.15,1342.2,1444.2,,51.41,0.103,13.33,1.21,1174.39,1380.02,1.67,RSI oversold rebound candidate; MACD weak; Volume expansion,FMCG,-7.55,-8.5,,0.0,4.11,0,-1,1,-2,0,MEDIUM,-3,33.3,-0.2,-2,-2,-1.65,1.25,E,"Trend 0, Momentum -1, Volume 1, Liquidity -2 (0.0cr), VolRisk MEDIUM, Sector FMCG -3",-1,-1,-1,NEUTRAL,News 0; event caution 0; risk LOW; type ; confidence ; reason . ,-2,MEDIUM,CAUTIOUS,Nifty 20D return -3.9448571751706463; 60D return -4.281982537022666; Crude 20D change 11.414863871570024; India VIX latest; 20D change 9.84643344748708; USDINR 20D change 0.9026990410958335,-5.0,SELL/AVOID,-1,-6.65,SELL/AVOID,"Tech -1 | News 0 (, ) | Event caution 0 | Macro -2 | Sector -2 | Analytics -1.65 (E) | Risk LOW/MEDIUM | Analytics: Trend 0, Momentum -1, Volume 1, Liquidity -2 (0.0cr), VolRisk MEDIUM, Sector FMCG -3",0,0,LOW,,,,,,,0,0,,,0,,0,76.1,HIGH,-4.04,SELL/AVOID,"AI overlay from completed recommendation outcomes; use as probability/risk input, not standalone advice."
IDEA,2026-09-28,13.47,610562.0,-2,NEUTRAL,37.1,-0.1051,20.53,14.54,14.13,12.41,0.48,0.05,2.26,0.98,12.76,14.66,1.68,MACD weak; Long-term trend positive,TELECOM,-5.61,-10.32,-0.3,0.01,3.53,2,0,0,-2,0,MEDIUM,-3,0.0,-0.04,-2,-2,-0.65,1.25,E,"Trend 2, Momentum 0, Volume 0, Liquidity -2 (0.01cr), VolRisk MEDIUM, Sector TELECOM -3",-2,-2,-2,NEUTRAL,News 0; event caution 0; risk LOW; type ; confidence ; reason . ,-2,MEDIUM,CAUTIOUS,Nifty 20D return -3.9448571751706463; 60D return -4.281982537022666; Crude 20D change 11.414863871570024; India VIX latest; 20D change 9.84643344748708; USDINR 20D change 0.9026990410958335,-6.0,SELL/AVOID,-2,-6.65,SELL/AVOID,"Tech -2 | News 0 (, ) | Event caution 0 | Macro -2 | Sector -2 | Analytics -0.65 (E) | Risk LOW/MEDIUM | Analytics: Trend 2, Momentum 0, Volume 0, Liquidity -2 (0.01cr), VolRisk MEDIUM, Sector TELECOM -3",0,0,LOW,,,,,,,0,0,,,0,,0,78.4,HIGH,-3.81,SELL/AVOID,"AI overlay from completed recommendation outcomes; use as probability/risk input, not standalone advice."
DEVYANI,2026-09-28,131.09,36838.0,-2,NEUTRAL,39.23,-0.8013,30.91,139.7,132.67,,5.72,-0.055,16.27,1.05,122.51,145.4,1.67,MACD weak; Trend strength acceptable,QSR,-5.36,-12.09,15.88,0.0,4.37,2,0,0,-2,0,MEDIUM,-3,33.3,-1.49,-2,-2,-0.65,1.25,E,"Trend 2, Momentum 0, Volume 0, Liquidity -2 (0.0cr), VolRisk MEDIUM, Sector QSR -3",-2,-2,-2,NEUTRAL,News 0; event caution 0; risk LOW; type ; confidence ; reason . ,-2,MEDIUM,CAUTIOUS,Nifty 20D return -3.9448571751706463; 60D return -4.281982537022666; Crude 20D change 11.414863871570024; India VIX latest; 20D change 9.84643344748708; USDINR 20D change 0.9026990410958335,-6.0,SELL/AVOID,-2,-6.65,SELL/AVOID,"Tech -2 | News 0 (, ) | Event caution 0 | Macro -2 | Sector -2 | Analytics -0.65 (E) | Risk LOW/MEDIUM | Analytics: Trend 2, Momentum 0, Volume 0, Liquidity -2 (0.0cr), VolRisk MEDIUM, Sector QSR -3",0,0,LOW,,,,,,,0,0,,,0,,0,75.0,HIGH,-4.15,SELL/AVOID,"AI overlay from completed recommendation outcomes; use as probability/risk input, not standalone advice."
NIACL,2026-09-28,169.84,25234.0,-4,SELL/AVOID,36.63,-3.1466,13.55,193.75,189.91,,10.92,0.122,4.34,0.27,153.46,197.13,1.67,MACD weak; Weak trend,UNKNOWN,-9.38,-26.13,-0.05,0.0,6.43,1,0,-1,-2,-1,HIGH,0,,,0,-3,-0.65,1.0,E,"Trend 1, Momentum 0, Volume -1, Liquidity -2 (0.0cr), VolRisk HIGH, Sector UNKNOWN 0",-4,-4,-4,SELL/AVOID,News 0; event caution 0; risk LOW; type ; confidence ; reason . ,-2,MEDIUM,CAUTIOUS,Nifty 20D return -3.9448571751706463; 60D return -4.281982537022666; Crude 20D change 11.414863871570024; India VIX latest; 20D change 9.84643344748708; USDINR 20D change 0.9026990410958335,-6.0,SELL/AVOID,-4,-6.65,SELL/AVOID,"Tech -4 | News 0 (, ) | Event caution 0 | Macro -2 | Sector 0 | Analytics -0.65 (E) | Risk LOW/MEDIUM | Analytics: Trend 1, Momentum 0, Volume -1, Liquidity -2 (0.0cr), VolRisk HIGH, Sector UNKNOWN 0",0,0,LOW,,,,,,,0,0,,,0,,0,73.3,HIGH,-4.32,SELL/AVOID,"AI overlay from completed recommendation outcomes; use as probability/risk input, not standalone advice."
BSOFT,2026-09-28,271.25,20667.0,-4,SELL/AVOID,35.67,-0.6098,12.1,282.82,293.16,,9.38,0.071,3.81,0.54,257.18,294.7,1.67,MACD weak; Weak trend,UNKNOWN,-3.26,-9.85,-3.78,0.0,3.46,0,0,-1,-2,0,MEDIUM,0,,,0,-2,-0.75,1.5,E,"Trend 0, Momentum 0, Volume -1, Liquidity -2 (0.0cr), VolRisk MEDIUM, Sector UNKNOWN 0",-4,-4,-4,SELL/AVOID,News 0; event caution 0; risk LOW; type ; confidence ; reason . ,-2,MEDIUM,CAUTIOUS,Nifty 20D return -3.9448571751706463; 60D return -4.281982537022666; Crude 20D change 11.414863871570024; India VIX latest; 20D change 9.84643344748708; USDINR 20D change 0.9026990410958335,-6.0,SELL/AVOID,-4,-6.75,SELL/AVOID,"Tech -4 | News 0 (, ) | Event caution 0 | Macro -2 | Sector 0 | Analytics -0.75 (E) | Risk LOW/MEDIUM | Analytics: Trend 0, Momentum 0, Volume -1, Liquidity -2 (0.0cr), VolRisk MEDIUM, Sector UNKNOWN 0",0,0,LOW,,,,,,,0,0,,,0,,0,76.3,HIGH,-4.12,SELL/AVOID,"AI overlay from completed recommendation outcomes; use as probability/risk input, not standalone advice."
TCS,2026-09-28,2070.7,109560.0,-1,NEUTRAL,28.72,-7.0788,29.27,2166.44,2278.9,2354.83,58.8,0.171,11.44,0.93,1982.5,2217.69,1.67,RSI oversold rebound candidate; MACD weak; Trend strength acceptable,IT,-1.63,-10.13,-8.01,0.01,2.84,1,-2,0,-2,0,MEDIUM,-3,16.7,-6.08,-2,-2,-1.8,1.25,E,"Trend 1, Momentum -2, Volume 0, Liquidity -2 (0.01cr), VolRisk MEDIUM, Sector IT -3",-1,-1,-1,NEUTRAL,News 0; event caution 0; risk LOW; type ; confidence ; reason . ,-2,MEDIUM,CAUTIOUS,Nifty 20D return -3.9448571751706463; 60D return -4.281982537022666; Crude 20D change 11.414863871570024; India VIX latest; 20D change 9.84643344748708; USDINR 20D change 0.9026990410958335,-5.0,SELL/AVOID,-1,-6.8,SELL/AVOID,"Tech -1 | News 0 (, ) | Event caution 0 | Macro -2 | Sector -2 | Analytics -1.8 (E) | Risk LOW/MEDIUM | Analytics: Trend 1, Momentum -2, Volume 0, Liquidity -2 (0.01cr), VolRisk MEDIUM, Sector IT -3",0,0,LOW,,,,,,,0,0,,,0,,0,78.4,HIGH,-3.96,SELL/AVOID,"AI overlay from completed recommendation outcomes; use as probability/risk input, not standalone advice."
CHOLAFIN,2026-09-28,1634.2,39123.0,-1,NEUTRAL,23.94,-16.8819,26.87,1779.82,1836.94,1675.24,48.78,-0.023,6.01,0.64,1561.03,1756.15,1.67,RSI oversold rebound candidate; MACD weak; Trend strength acceptable,NBFC,-7.1,-11.14,-8.34,0.0,2.98,1,-2,0,-2,0,MEDIUM,-3,12.5,-3.44,-2,-2,-1.8,1.25,E,"Trend 1, Momentum -2, Volume 0, Liquidity -2 (0.0cr), VolRisk MEDIUM, Sector NBFC -3",-1,-1,-1,NEUTRAL,News 0; event caution 0; risk LOW; type ; confidence ; reason . ,-2,MEDIUM,CAUTIOUS,Nifty 20D return -3.9448571751706463; 60D return -4.281982537022666; Crude 20D change 11.414863871570024; India VIX latest; 20D change 9.84643344748708; USDINR 20D change 0.9026990410958335,-5.0,SELL/AVOID,-1,-6.8,SELL/AVOID,"Tech -1 | News 0 (, ) | Event caution 0 | Macro -2 | Sector -2 | Analytics -1.8 (E) | Risk LOW/MEDIUM | Analytics: Trend 1, Momentum -2, Volume 0, Liquidity -2 (0.0cr), VolRisk MEDIUM, Sector NBFC -3",0,0,LOW,,,,,,,0,0,,,0,,0,77.8,HIGH,-4.02,SELL/AVOID,"AI overlay from completed recommendation outcomes; use as probability/risk input, not standalone advice."
KPITTECH,2026-09-28,509.0,24990.0,-1,NEUTRAL,26.4,-3.0141,25.8,550.51,580.83,701.5,16.33,0.112,4.0,0.75,484.5,549.83,1.67,RSI oversold rebound candidate; MACD weak; Trend strength acceptable,IT,-3.79,-16.48,-8.22,0.0,3.21,1,-2,0,-2,0,MEDIUM,-3,16.7,-6.08,-2,-2,-1.8,1.25,E,"Trend 1, Momentum -2, Volume 0, Liquidity -2 (0.0cr), VolRisk MEDIUM, Sector IT -3",-1,-1,-1,NEUTRAL,News 0; event caution 0; risk LOW; type ; confidence ; reason . ,-2,MEDIUM,CAUTIOUS,Nifty 20D return -3.9448571751706463; 60D return -4.281982537022666; Crude 20D change 11.414863871570024; India VIX latest; 20D change 9.84643344748708; USDINR 20D change 0.9026990410958335,-5.0,SELL/AVOID,-1,-6.8,SELL/AVOID,"Tech -1 | News 0 (, ) | Event caution 0 | Macro -2 | Sector -2 | Analytics -1.8 (E) | Risk LOW/MEDIUM | Analytics: Trend 1, Momentum -2, Volume 0, Liquidity -2 (0.0cr), VolRisk MEDIUM, Sector IT -3",0,0,LOW,,,,,,,0,0,,,0,,0,76.4,HIGH,-4.16,SELL/AVOID,"AI overlay from completed recommendation outcomes; use as probability/risk input, not standalone advice."
TATAELXSI,2026-09-27,3186.9,23600.0,-1,NEUTRAL,27.08,-35.2305,29.59,3504.91,3590.19,,104.16,0.169,6.77,0.87,3030.66,3447.29,1.67,RSI oversold rebound candidate; MACD weak; Trend strength acceptable,IT,-2.44,-13.23,-25.91,0.0,3.27,1,-2,0,-2,0,MEDIUM,-3,16.7,-6.08,-2,-2,-1.8,1.25,E,"Trend 1, Momentum -2, Volume 0, Liquidity -2 (0.0cr), VolRisk MEDIUM, Sector IT -3",-1,-1,-1,NEUTRAL,News 0; event caution 0; risk LOW; type ; confidence ; reason . ,-2,MEDIUM,CAUTIOUS,Nifty 20D return -3.9448571751706463; 60D return -4.281982537022666; Crude 20D change 11.414863871570024; India VIX latest; 20D change 9.84643344748708; USDINR 20D change 0.9026990410958335,-5.0,SELL/AVOID,-1,-6.8,SELL/AVOID,"Tech -1 | News 0 (, ) | Event caution 0 | Macro -2 | Sector -2 | Analytics -1.8 (E) | Risk LOW/MEDIUM | Analytics: Trend 1, Momentum -2, Volume 0, Liquidity -2 (0.0cr), VolRisk MEDIUM, Sector IT -3",0,0,LOW,,,,,,,0,0,,,0,,0,65.8,HIGH,-5.22,SELL/AVOID,"AI overlay from completed recommendation outcomes; use as probability/risk input, not standalone advice."
ABFRL,2026-09-24,48.06,22393.0,-1,NEUTRAL,23.63,-0.3039,37.14,53.51,58.18,,2.19,0.077,1.67,0.74,44.77,53.54,1.67,RSI oversold rebound candidate; MACD weak; Trend strength acceptable,RETAIL,-9.68,-24.11,-27.41,0.0,4.56,1,-2,0,-2,0,MEDIUM,-3,25.0,-1.7,-2,-2,-1.8,1.25,E,"Trend 1, Momentum -2, Volume 0, Liquidity -2 (0.0cr), VolRisk MEDIUM, Sector RETAIL -3",-1,-1,-1,NEUTRAL,News 0; event caution 0; risk LOW; type ; confidence ; reason . ,-2,MEDIUM,CAUTIOUS,Nifty 20D return -3.9448571751706463; 60D return -4.281982537022666; Crude 20D change 11.414863871570024; India VIX latest; 20D change 9.84643344748708; USDINR 20D change 0.9026990410958335,-5.0,SELL/AVOID,-1,-6.8,SELL/AVOID,"Tech -1 | News 0 (, ) | Event caution 0 | Macro -2 | Sector -2 | Analytics -1.8 (E) | Risk LOW/MEDIUM | Analytics: Trend 1, Momentum -2, Volume 0, Liquidity -2 (0.0cr), VolRisk MEDIUM, Sector RETAIL -3",0,0,LOW,,,,,,,0,0,,,0,,0,66.2,HIGH,-5.18,SELL/AVOID,"AI overlay from completed recommendation outcomes; use as probability/risk input, not standalone advice."
SJVN,2026-09-27,61.76,19444.0,-1,NEUTRAL,26.18,-0.542,22.38,67.91,73.3,,2.2,0.135,6.72,0.78,58.45,67.27,1.66,RSI oversold rebound candidate; MACD weak; Trend strength acceptable,POWER,-3.42,-16.39,-12.46,0.0,3.57,1,-2,0,-2,0,MEDIUM,-3,13.6,-0.99,-2,-2,-1.8,1.25,E,"Trend 1, Momentum -2, Volume 0, Liquidity -2 (0.0cr), VolRisk MEDIUM, Sector POWER -3",-1,-1,-1,NEUTRAL,News 0; event caution 0; risk LOW; type ; confidence ; reason . ,-2,MEDIUM,CAUTIOUS,Nifty 20D return -3.9448571751706463; 60D return -4.281982537022666; Crude 20D change 11.414863871570024; India VIX latest; 20D change 9.84643344748708; USDINR 20D change 0.9026990410958335,-5.0,SELL/AVOID,-1,-6.8,SELL/AVOID,"Tech -1 | News 0 (, ) | Event caution 0 | Macro -2 | Sector -2 | Analytics -1.8 (E) | Risk LOW/MEDIUM | Analytics: Trend 1, Momentum -2, Volume 0, Liquidity -2 (0.0cr), VolRisk MEDIUM, Sector POWER -3",0,0,LOW,,,,,,,0,0,,,0,,0,76.9,HIGH,-4.11,SELL/AVOID,"AI overlay from completed recommendation outcomes; use as probability/risk input, not standalone advice."
OFSS,2026-09-28,10800.0,34338.0,-1,NEUTRAL,31.72,-103.3379,21.86,11474.15,11628.86,,377.3,0.155,26.49,0.88,10234.05,11743.26,1.67,RSI oversold rebound candidate; MACD weak,IT,-1.72,-11.17,-7.1,0.0,3.49,0,-1,0,-2,0,MEDIUM,-3,16.7,-6.08,-2,-2,-1.9,1.25,E,"Trend 0, Momentum -1, Volume 0, Liquidity -2 (0.0cr), VolRisk MEDIUM, Sector IT -3",-1,-1,-1,NEUTRAL,News 0; event caution 0; risk LOW; type ; confidence ; reason . ,-2,MEDIUM,CAUTIOUS,Nifty 20D return -3.9448571751706463; 60D return -4.281982537022666; Crude 20D change 11.414863871570024; India VIX latest; 20D change 9.84643344748708; USDINR 20D change 0.9026990410958335,-5.0,SELL/AVOID,-1,-6.9,SELL/AVOID,"Tech -1 | News 0 (, ) | Event caution 0 | Macro -2 | Sector -2 | Analytics -1.9 (E) | Risk LOW/MEDIUM | Analytics: Trend 0, Momentum -1, Volume 0, Liquidity -2 (0.0cr), VolRisk MEDIUM, Sector IT -3",0,0,LOW,,,,,,,0,0,,,0,,0,71.0,HIGH,-4.8,SELL/AVOID,"AI overlay from completed recommendation outcomes; use as probability/risk input, not standalone advice."
M&MFIN,2026-09-28,331.75,23805.0,-1,NEUTRAL,26.68,-1.6778,26.21,352.25,373.42,336.92,10.35,0.099,17.05,0.53,316.23,357.62,1.67,RSI oversold rebound candidate; MACD weak; Trend strength acceptable,FINANCIALS,-5.86,-11.21,2.85,0.0,3.12,1,-2,-1,-2,0,MEDIUM,-3,22.7,-2.46,-2,-2,-2.05,1.25,E,"Trend 1, Momentum -2, Volume -1, Liquidity -2 (0.0cr), VolRisk MEDIUM, Sector FINANCIALS -3",-1,-1,-1,NEUTRAL,News 0; event caution 0; risk LOW; type ; confidence ; reason . ,-2,MEDIUM,CAUTIOUS,Nifty 20D return -3.9448571751706463; 60D return -4.281982537022666; Crude 20D change 11.414863871570024; India VIX latest; 20D change 9.84643344748708; USDINR 20D change 0.9026990410958335,-5.0,SELL/AVOID,-1,-7.05,SELL/AVOID,"Tech -1 | News 0 (, ) | Event caution 0 | Macro -2 | Sector -2 | Analytics -2.05 (E) | Risk LOW/MEDIUM | Analytics: Trend 1, Momentum -2, Volume -1, Liquidity -2 (0.0cr), VolRisk MEDIUM, Sector FINANCIALS -3",0,0,LOW,,,,,,,0,0,,,0,,0,76.3,HIGH,-4.42,SELL/AVOID,"AI overlay from completed recommendation outcomes; use as probability/risk input, not standalone advice."
AMBUJACEM,2026-09-28,374.35,30248.0,-1,NEUTRAL,25.16,-0.7771,26.67,395.57,414.89,444.52,8.69,0.085,1.06,1.17,361.31,396.08,1.67,RSI oversold rebound candidate; MACD weak; Trend strength acceptable,CEMENT,-3.59,-9.69,-15.57,0.0,2.32,1,-2,0,-2,1,LOW,-2,28.6,0.69,-3,-1,-1.1,1.25,E,"Trend 1, Momentum -2, Volume 0, Liquidity -2 (0.0cr), VolRisk LOW, Sector CEMENT -2",-1,-1,-1,NEUTRAL,News 0; event caution 0; risk LOW; type ; confidence ; reason . ,-2,MEDIUM,CAUTIOUS,Nifty 20D return -3.9448571751706463; 60D return -4.281982537022666; Crude 20D change 11.414863871570024; India VIX latest; 20D change 9.84643344748708; USDINR 20D change 0.9026990410958335,-6.0,SELL/AVOID,-1,-7.1,SELL/AVOID,"Tech -1 | News 0 (, ) | Event caution 0 | Macro -2 | Sector -3 | Analytics -1.1 (E) | Risk LOW/MEDIUM | Analytics: Trend 1, Momentum -2, Volume 0, Liquidity -2 (0.0cr), VolRisk LOW, Sector CEMENT -2",0,0,LOW,,,,,,,0,0,,,0,,-1,86.2,HIGH,-3.48,SELL/AVOID,"AI overlay from completed recommendation outcomes; use as probability/risk input, not standalone advice."
ABCAPITAL,2026-09-28,382.7,32062.0,-2,NEUTRAL,39.32,-1.0161,18.18,395.8,403.14,366.23,9.77,0.13,14.66,0.87,368.05,407.11,1.67,MACD weak; Long-term trend positive,FINANCIALS,-3.6,-5.48,-4.6,0.0,2.55,1,0,0,-2,0,MEDIUM,-3,22.7,-2.46,-2,-2,-1.1,1.25,E,"Trend 1, Momentum 0, Volume 0, Liquidity -2 (0.0cr), VolRisk MEDIUM, Sector FINANCIALS -3",-2,-2,-2,NEUTRAL,News 0; event caution 0; risk LOW; type ; confidence ; reason . ,-2,MEDIUM,CAUTIOUS,Nifty 20D return -3.9448571751706463; 60D return -4.281982537022666; Crude 20D change 11.414863871570024; India VIX latest; 20D change 9.84643344748708; USDINR 20D change 0.9026990410958335,-6.0,SELL/AVOID,-2,-7.1,SELL/AVOID,"Tech -2 | News 0 (, ) | Event caution 0 | Macro -2 | Sector -2 | Analytics -1.1 (E) | Risk LOW/MEDIUM | Analytics: Trend 1, Momentum 0, Volume 0, Liquidity -2 (0.0cr), VolRisk MEDIUM, Sector FINANCIALS -3",0,0,LOW,,,,,,,0,0,,,0,,0,82.8,HIGH,-3.82,SELL/AVOID,"AI overlay from completed recommendation outcomes; use as probability/risk input, not standalone advice."
ABB,2026-09-28,6972.5,25775.0,-2,NEUTRAL,35.07,-38.2697,23.63,7351.9,7429.89,,191.81,0.01,10.1,1.0,6684.78,7452.03,1.67,MACD weak; Trend strength acceptable,CAPITAL_GOODS,-0.46,-6.77,-2.18,0.0,2.75,1,0,0,-2,0,MEDIUM,-3,0.0,-0.4,-2,-2,-1.1,1.25,E,"Trend 1, Momentum 0, Volume 0, Liquidity -2 (0.0cr), VolRisk MEDIUM, Sector CAPITAL_GOODS -3",-2,-2,-2,NEUTRAL,News 0; event caution 0; risk LOW; type ; confidence ; reason . ,-2,MEDIUM,CAUTIOUS,Nifty 20D return -3.9448571751706463; 60D return -4.281982537022666; Crude 20D change 11.414863871570024; India VIX latest; 20D change 9.84643344748708; USDINR 20D change 0.9026990410958335,-6.0,SELL/AVOID,-2,-7.1,SELL/AVOID,"Tech -2 | News 0 (, ) | Event caution 0 | Macro -2 | Sector -2 | Analytics -1.1 (E) | Risk LOW/MEDIUM | Analytics: Trend 1, Momentum 0, Volume 0, Liquidity -2 (0.0cr), VolRisk MEDIUM, Sector CAPITAL_GOODS -3",0,0,LOW,,,,,,,0,0,,,0,,0,79.1,HIGH,-4.19,SELL/AVOID,"AI overlay from completed recommendation outcomes; use as probability/risk input, not standalone advice."
RENUKA,2026-09-28,22.91,20896.0,-4,SELL/AVOID,38.29,-0.1154,14.13,24.27,25.24,,1.34,-0.018,5.37,0.59,20.89,26.27,1.66,MACD weak; Weak trend,UNKNOWN,-7.88,-10.05,-16.69,0.0,5.87,0,0,-1,-2,-1,HIGH,0,,,0,-3,-1.1,1.0,E,"Trend 0, Momentum 0, Volume -1, Liquidity -2 (0.0cr), VolRisk HIGH, Sector UNKNOWN 0",-4,-4,-4,SELL/AVOID,News 0; event caution 0; risk LOW; type ; confidence ; reason . ,-2,MEDIUM,CAUTIOUS,Nifty 20D return -3.9448571751706463; 60D return -4.281982537022666; Crude 20D change 11.414863871570024; India VIX latest; 20D change 9.84643344748708; USDINR 20D change 0.9026990410958335,-6.0,SELL/AVOID,-4,-7.1,SELL/AVOID,"Tech -4 | News 0 (, ) | Event caution 0 | Macro -2 | Sector 0 | Analytics -1.1 (E) | Risk LOW/MEDIUM | Analytics: Trend 0, Momentum 0, Volume -1, Liquidity -2 (0.0cr), VolRisk HIGH, Sector UNKNOWN 0",0,0,LOW,,,,,,,0,0,,,0,,0,71.6,HIGH,-4.94,SELL/AVOID,"AI overlay from completed recommendation outcomes; use as probability/risk input, not standalone advice."
RTNPOWER,2026-09-15,6.99,23412.0,-1,NEUTRAL,20.75,-0.2892,31.06,8.99,9.1,,0.54,0.051,1.24,0.89,6.18,8.34,1.67,RSI oversold rebound candidate; MACD weak; Trend strength acceptable,POWER,-10.5,-30.93,-15.17,0.0,7.71,1,-2,0,-2,-1,HIGH,-3,13.6,-0.99,-2,-3,-2.15,0.75,E,"Trend 1, Momentum -2, Volume 0, Liquidity -2 (0.0cr), VolRisk HIGH, Sector POWER -3",-1,-1,-1,NEUTRAL,News 0; event caution 0; risk LOW; type ; confidence ; reason . ,-2,MEDIUM,CAUTIOUS,Nifty 20D return -3.9448571751706463; 60D return -4.281982537022666; Crude 20D change 11.414863871570024; India VIX latest; 20D change 9.84643344748708; USDINR 20D change 0.9026990410958335,-5.0,SELL/AVOID,-1,-7.15,SELL/AVOID,"Tech -1 | News 0 (, ) | Event caution 0 | Macro -2 | Sector -2 | Analytics -2.15 (E) | Risk LOW/MEDIUM | Analytics: Trend 1, Momentum -2, Volume 0, Liquidity -2 (0.0cr), VolRisk HIGH, Sector POWER -3",0,0,LOW,,,,,,,0,0,,,0,,0,68.1,HIGH,-5.34,SELL/AVOID,"AI overlay from completed recommendation outcomes; use as probability/risk input, not standalone advice."
PRESTIGE,2026-09-28,1470.8,24213.0,-2,NEUTRAL,36.69,-14.6616,20.54,1560.43,1618.75,,60.35,0.154,25.9,0.86,1380.27,1621.68,1.67,MACD weak,REALTY,-1.82,-7.26,-1.77,0.0,4.1,0,0,0,-2,0,MEDIUM,-2,50.0,-0.92,-2,-2,-1.2,1.25,E,"Trend 0, Momentum 0, Volume 0, Liquidity -2 (0.0cr), VolRisk MEDIUM, Sector REALTY -2",-2,-2,-2,NEUTRAL,News 0; event caution 0; risk LOW; type ; confidence ; reason . ,-2,MEDIUM,CAUTIOUS,Nifty 20D return -3.9448571751706463; 60D return -4.281982537022666; Crude 20D change 11.414863871570024; India VIX latest; 20D change 9.84643344748708; USDINR 20D change 0.9026990410958335,-6.0,SELL/AVOID,-2,-7.2,SELL/AVOID,"Tech -2 | News 0 (, ) | Event caution 0 | Macro -2 | Sector -2 | Analytics -1.2 (E) | Risk LOW/MEDIUM | Analytics: Trend 0, Momentum 0, Volume 0, Liquidity -2 (0.0cr), VolRisk MEDIUM, Sector REALTY -2",0,0,LOW,,,,,,,0,0,,,0,,0,73.2,HIGH,-4.88,SELL/AVOID,"AI overlay from completed recommendation outcomes; use as probability/risk input, not standalone advice."
ADANIPOWER,2026-09-28,196.14,107750.0,-2,NEUTRAL,35.83,-0.8609,17.01,206.06,206.91,197.63,5.65,-0.051,4.56,1.4,187.67,210.26,1.67,MACD weak; Volume expansion,POWER,-5.23,-5.34,-10.83,0.0,2.88,0,0,1,-2,0,MEDIUM,-3,13.6,-0.99,-2,-2,-1.3,1.25,E,"Trend 0, Momentum 0, Volume 1, Liquidity -2 (0.0cr), VolRisk MEDIUM, Sector POWER -3",-2,-2,-2,NEUTRAL,News 0; event caution 0; risk LOW; type ; confidence ; reason . ,-2,MEDIUM,CAUTIOUS,Nifty 20D return -3.9448571751706463; 60D return -4.281982537022666; Crude 20D change 11.414863871570024; India VIX latest; 20D change 9.84643344748708; USDINR 20D change 0.9026990410958335,-6.0,SELL/AVOID,-2,-7.3,SELL/AVOID,"Tech -2 | News 0 (, ) | Event caution 0 | Macro -2 | Sector -2 | Analytics -1.3 (E) | Risk LOW/MEDIUM | Analytics: Trend 0, Momentum 0, Volume 1, Liquidity -2 (0.0cr), VolRisk MEDIUM, Sector POWER -3",0,0,LOW,,,,,,,0,0,,,0,,0,76.9,HIGH,-4.61,SELL/AVOID,"AI overlay from completed recommendation outcomes; use as probability/risk input, not standalone advice."
ADANIGREEN,2026-09-28,1235.0,55306.0,-2,NEUTRAL,37.87,-0.7585,15.26,1291.75,1317.11,1244.68,39.24,-0.114,8.37,1.69,1176.14,1333.11,1.67,MACD weak; Volume expansion,POWER,-5.26,-4.71,-18.42,0.0,3.18,0,0,1,-2,0,MEDIUM,-3,13.6,-0.99,-2,-2,-1.3,1.25,E,"Trend 0, Momentum 0, Volume 1, Liquidity -2 (0.0cr), VolRisk MEDIUM, Sector POWER -3",-2,-2,-2,NEUTRAL,News 0; event caution 0; risk LOW; type ; confidence ; reason . ,-2,MEDIUM,CAUTIOUS,Nifty 20D return -3.9448571751706463; 60D return -4.281982537022666; Crude 20D change 11.414863871570024; India VIX latest; 20D change 9.84643344748708; USDINR 20D change 0.9026990410958335,-6.0,SELL/AVOID,-2,-7.3,SELL/AVOID,"Tech -2 | News 0 (, ) | Event caution 0 | Macro -2 | Sector -2 | Analytics -1.3 (E) | Risk LOW/MEDIUM | Analytics: Trend 0, Momentum 0, Volume 1, Liquidity -2 (0.0cr), VolRisk MEDIUM, Sector POWER -3",0,0,LOW,,,,,,,0,0,,,0,,0,69.2,HIGH,-5.38,SELL/AVOID,"AI overlay from completed recommendation outcomes; use as probability/risk input, not standalone advice."
JSWCEMENT,2026-09-28,112.49,47396.0,-1,NEUTRAL,24.06,-0.0129,30.62,118.34,127.25,,3.01,0.036,2.83,1.15,107.98,120.01,1.67,RSI oversold rebound candidate; MACD weak; Trend strength acceptable,CEMENT,-3.61,-8.99,-13.22,0.0,2.67,1,-2,0,-2,0,MEDIUM,-2,28.6,0.69,-3,-2,-1.45,1.25,E,"Trend 1, Momentum -2, Volume 0, Liquidity -2 (0.0cr), VolRisk MEDIUM, Sector CEMENT -2",-1,-1,-1,NEUTRAL,News 0; event caution 0; risk LOW; type ; confidence ; reason . ,-2,MEDIUM,CAUTIOUS,Nifty 20D return -3.9448571751706463; 60D return -4.281982537022666; Crude 20D change 11.414863871570024; India VIX latest; 20D change 9.84643344748708; USDINR 20D change 0.9026990410958335,-6.0,SELL/AVOID,-1,-7.45,SELL/AVOID,"Tech -1 | News 0 (, ) | Event caution 0 | Macro -2 | Sector -3 | Analytics -1.45 (E) | Risk LOW/MEDIUM | Analytics: Trend 1, Momentum -2, Volume 0, Liquidity -2 (0.0cr), VolRisk MEDIUM, Sector CEMENT -2",0,0,LOW,,,,,,,0,0,,,0,,-1,77.4,HIGH,-4.71,SELL/AVOID,"AI overlay from completed recommendation outcomes; use as probability/risk input, not standalone advice."
EICHERMOT,2026-09-28,7213.5,35218.0,-1,NEUTRAL,23.84,-17.1607,42.9,7511.55,7794.64,7438.53,115.77,-0.043,5.52,1.03,7039.85,7502.92,1.67,RSI oversold rebound candidate; MACD weak; Trend strength acceptable,AUTO,-2.87,-5.46,-4.63,0.0,1.6,1,-2,0,-2,1,LOW,-3,12.5,-1.38,-3,-1,-1.45,1.25,E,"Trend 1, Momentum -2, Volume 0, Liquidity -2 (0.0cr), VolRisk LOW, Sector AUTO -3",-1,-1,-1,NEUTRAL,News 0; event caution 0; risk LOW; type ; confidence ; reason . ,-2,MEDIUM,CAUTIOUS,Nifty 20D return -3.9448571751706463; 60D return -4.281982537022666; Crude 20D change 11.414863871570024; India VIX latest; 20D change 9.84643344748708; USDINR 20D change 0.9026990410958335,-6.0,SELL/AVOID,-1,-7.45,SELL/AVOID,"Tech -1 | News 0 (, ) | Event caution 0 | Macro -2 | Sector -3 | Analytics -1.45 (E) | Risk LOW/MEDIUM | Analytics: Trend 1, Momentum -2, Volume 0, Liquidity -2 (0.0cr), VolRisk LOW, Sector AUTO -3",0,0,LOW,,,,,,,0,0,,,0,,-1,89.4,HIGH,-3.51,SELL/AVOID,"AI overlay from completed recommendation outcomes; use as probability/risk input, not standalone advice."
BERGEPAINT,2026-09-28,452.85,20736.0,-1,NEUTRAL,31.87,-9.6095,29.97,511.91,514.82,,19.03,0.128,7.34,0.72,424.3,500.44,1.67,RSI oversold rebound candidate; MACD weak; Trend strength acceptable,PAINTS,-6.69,-12.92,-1.7,0.0,4.2,1,-1,0,-2,0,MEDIUM,-3,0.0,-4.54,-3,-2,-1.45,1.25,E,"Trend 1, Momentum -1, Volume 0, Liquidity -2 (0.0cr), VolRisk MEDIUM, Sector PAINTS -3",-1,-1,-1,NEUTRAL,News 0; event caution 0; risk LOW; type ; confidence ; reason . ,-2,MEDIUM,CAUTIOUS,Nifty 20D return -3.9448571751706463; 60D return -4.281982537022666; Crude 20D change 11.414863871570024; India VIX latest; 20D change 9.84643344748708; USDINR 20D change 0.9026990410958335,-6.0,SELL/AVOID,-1,-7.45,SELL/AVOID,"Tech -1 | News 0 (, ) | Event caution 0 | Macro -2 | Sector -3 | Analytics -1.45 (E) | Risk LOW/MEDIUM | Analytics: Trend 1, Momentum -1, Volume 0, Liquidity -2 (0.0cr), VolRisk MEDIUM, Sector PAINTS -3",0,0,LOW,,,,,,,0,0,,,0,,-1,77.0,HIGH,-4.75,SELL/AVOID,"AI overlay from completed recommendation outcomes; use as probability/risk input, not standalone advice."
KFINTECH,2026-09-28,884.05,30368.0,-2,NEUTRAL,34.59,-8.401,19.78,935.28,920.93,,25.98,0.118,10.42,0.98,845.08,949.0,1.67,RSI oversold rebound candidate; MACD weak,FINANCIALS,-1.41,-8.01,-2.29,0.0,2.94,1,-1,0,-2,0,MEDIUM,-3,22.7,-2.46,-2,-2,-1.45,1.25,E,"Trend 1, Momentum -1, Volume 0, Liquidity -2 (0.0cr), VolRisk MEDIUM, Sector FINANCIALS -3",-2,-2,-2,NEUTRAL,News 0; event caution 0; risk LOW; type ; confidence ; reason . ,-2,MEDIUM,CAUTIOUS,Nifty 20D return -3.9448571751706463; 60D return -4.281982537022666; Crude 20D change 11.414863871570024; India VIX latest; 20D change 9.84643344748708; USDINR 20D change 0.9026990410958335,-6.0,SELL/AVOID,-2,-7.45,SELL/AVOID,"Tech -2 | News 0 (, ) | Event caution 0 | Macro -2 | Sector -2 | Analytics -1.45 (E) | Risk LOW/MEDIUM | Analytics: Trend 1, Momentum -1, Volume 0, Liquidity -2 (0.0cr), VolRisk MEDIUM, Sector FINANCIALS -3",0,0,LOW,,,,,,,0,0,,,0,,0,78.9,HIGH,-4.56,SELL/AVOID,"AI overlay from completed recommendation outcomes; use as probability/risk input, not standalone advice."
LT,2026-09-28,3766.4,95984.0,-2,NEUTRAL,33.76,-4.748,18.17,3896.09,3983.97,3962.64,63.35,-0.075,0.0,1.12,3671.37,3924.78,1.67,RSI oversold rebound candidate; MACD weak,CAPITAL_GOODS,-2.59,-4.99,-1.89,0.01,1.68,0,-1,0,-2,1,LOW,-3,0.0,-0.4,-2,-1,-1.55,1.25,E,"Trend 0, Momentum -1, Volume 0, Liquidity -2 (0.01cr), VolRisk LOW, Sector CAPITAL_GOODS -3",-2,-2,-2,NEUTRAL,News 0; event caution 0; risk LOW; type ; confidence ; reason . ,-2,MEDIUM,CAUTIOUS,Nifty 20D return -3.9448571751706463; 60D return -4.281982537022666; Crude 20D change 11.414863871570024; India VIX latest; 20D change 9.84643344748708; USDINR 20D change 0.9026990410958335,-6.0,SELL/AVOID,-2,-7.55,SELL/AVOID,"Tech -2 | News 0 (, ) | Event caution 0 | Macro -2 | Sector -2 | Analytics -1.55 (E) | Risk LOW/MEDIUM | Analytics: Trend 0, Momentum -1, Volume 0, Liquidity -2 (0.01cr), VolRisk LOW, Sector CAPITAL_GOODS -3",0,0,LOW,,,,,,,0,0,,,0,,0,92.9,HIGH,-3.26,SELL/AVOID,"AI overlay from completed recommendation outcomes; use as probability/risk input, not standalone advice."
INDUSTOWER,2026-09-28,360.0,76583.0,-2,NEUTRAL,34.68,-1.3247,14.98,377.87,379.33,412.02,9.59,-0.179,12.61,1.28,345.61,383.98,1.67,RSI oversold rebound candidate; MACD weak; Weak trend; Volume expansion,TELECOM,-5.78,-4.46,-10.45,0.0,2.66,0,-1,1,-2,0,MEDIUM,-3,0.0,-0.04,-2,-2,-1.65,1.25,E,"Trend 0, Momentum -1, Volume 1, Liquidity -2 (0.0cr), VolRisk MEDIUM, Sector TELECOM -3",-2,-2,-2,NEUTRAL,News 0; event caution 0; risk LOW; type ; confidence ; reason . ,-2,MEDIUM,CAUTIOUS,Nifty 20D return -3.9448571751706463; 60D return -4.281982537022666; Crude 20D change 11.414863871570024; India VIX latest; 20D change 9.84643344748708; USDINR 20D change 0.9026990410958335,-6.0,SELL/AVOID,-2,-7.65,SELL/AVOID,"Tech -2 | News 0 (, ) | Event caution 0 | Macro -2 | Sector -2 | Analytics -1.65 (E) | Risk LOW/MEDIUM | Analytics: Trend 0, Momentum -1, Volume 1, Liquidity -2 (0.0cr), VolRisk MEDIUM, Sector TELECOM -3",0,0,LOW,,,,,,,0,0,,,0,,0,79.0,HIGH,-4.75,SELL/AVOID,"AI overlay from completed recommendation outcomes; use as probability/risk input, not standalone advice."
CEATLTD,2026-09-03,3315.3,20462.0,-1,NEUTRAL,41.18,-38.0351,20.9,3670.7,3532.76,,183.91,0.056,0.77,0.55,3039.43,3775.08,1.67,RSI in swing zone; MACD weak,AUTO_ANC,-2.7,-5.56,-11.33,0.0,5.55,1,0,-1,-2,-1,HIGH,-3,14.3,-1.51,-3,-3,-1.7,0.75,E,"Trend 1, Momentum 0, Volume -1, Liquidity -2 (0.0cr), VolRisk HIGH, Sector AUTO_ANC -3",-1,-1,-1,NEUTRAL,News 0; event caution 0; risk LOW; type ; confidence ; reason . ,-2,MEDIUM,CAUTIOUS,Nifty 20D return -3.9448571751706463; 60D return -4.281982537022666; Crude 20D change 11.414863871570024; India VIX latest; 20D change 9.84643344748708; USDINR 20D change 0.9026990410958335,-6.0,SELL/AVOID,-1,-7.7,SELL/AVOID,"Tech -1 | News 0 (, ) | Event caution 0 | Macro -2 | Sector -3 | Analytics -1.7 (E) | Risk LOW/MEDIUM | Analytics: Trend 1, Momentum 0, Volume -1, Liquidity -2 (0.0cr), VolRisk HIGH, Sector AUTO_ANC -3",0,0,LOW,,,,,,,0,0,,,0,,-1,73.9,HIGH,-5.31,SELL/AVOID,"AI overlay from completed recommendation outcomes; use as probability/risk input, not standalone advice."
GENUSPOWER,2026-09-28,294.05,22393.0,-2,NEUTRAL,32.07,-3.9733,19.47,325.62,322.24,,13.78,0.004,5.23,0.35,273.38,328.5,1.67,RSI oversold rebound candidate; MACD weak,POWER,-4.06,-11.48,-10.75,0.0,4.69,1,-1,-1,-2,0,MEDIUM,-3,13.6,-0.99,-2,-2,-1.7,1.25,E,"Trend 1, Momentum -1, Volume -1, Liquidity -2 (0.0cr), VolRisk MEDIUM, Sector POWER -3",-2,-2,-2,NEUTRAL,News 0; event caution 0; risk LOW; type ; confidence ; reason . ,-2,MEDIUM,CAUTIOUS,Nifty 20D return -3.9448571751706463; 60D return -4.281982537022666; Crude 20D change 11.414863871570024; India VIX latest; 20D change 9.84643344748708; USDINR 20D change 0.9026990410958335,-6.0,SELL/AVOID,-2,-7.7,SELL/AVOID,"Tech -2 | News 0 (, ) | Event caution 0 | Macro -2 | Sector -2 | Analytics -1.7 (E) | Risk LOW/MEDIUM | Analytics: Trend 1, Momentum -1, Volume -1, Liquidity -2 (0.0cr), VolRisk MEDIUM, Sector POWER -3",0,0,LOW,,,,,,,0,0,,,0,,0,78.5,HIGH,-4.85,SELL/AVOID,"AI overlay from completed recommendation outcomes; use as probability/risk input, not standalone advice."
DALBHARAT,2026-09-27,1700.2,20652.0,-2,NEUTRAL,41.58,-18.2041,13.51,1808.84,1758.21,,84.07,0.047,11.22,0.64,1574.09,1910.38,1.67,RSI in swing zone; MACD weak; Weak trend,CEMENT,-8.4,-1.06,-10.81,0.0,4.94,1,0,0,-2,0,MEDIUM,-2,28.6,0.69,-3,-2,-0.75,1.25,E,"Trend 1, Momentum 0, Volume 0, Liquidity -2 (0.0cr), VolRisk MEDIUM, Sector CEMENT -2",-2,-2,-2,NEUTRAL,News 0; event caution 0; risk LOW; type ; confidence ; reason . ,-2,MEDIUM,CAUTIOUS,Nifty 20D return -3.9448571751706463; 60D return -4.281982537022666; Crude 20D change 11.414863871570024; India VIX latest; 20D change 9.84643344748708; USDINR 20D change 0.9026990410958335,-7.0,SELL/AVOID,-2,-7.75,SELL/AVOID,"Tech -2 | News 0 (, ) | Event caution 0 | Macro -2 | Sector -3 | Analytics -0.75 (E) | Risk LOW/MEDIUM | Analytics: Trend 1, Momentum 0, Volume 0, Liquidity -2 (0.0cr), VolRisk MEDIUM, Sector CEMENT -2",0,0,LOW,,,,,,,0,0,,,0,,-1,72.6,HIGH,-5.49,SELL/AVOID,"AI overlay from completed recommendation outcomes; use as probability/risk input, not standalone advice."
SBICARD,2026-09-28,591.0,29405.0,-2,NEUTRAL,30.06,-5.4459,21.71,640.8,645.3,672.93,18.09,-0.035,0.67,0.76,563.86,636.24,1.67,RSI oversold rebound candidate; MACD weak,NBFC,-6.92,-10.22,-8.32,0.0,3.06,0,-1,0,-2,0,MEDIUM,-3,12.5,-3.44,-2,-2,-1.9,1.25,E,"Trend 0, Momentum -1, Volume 0, Liquidity -2 (0.0cr), VolRisk MEDIUM, Sector NBFC -3",-2,-2,-2,NEUTRAL,News 0; event caution 0; risk LOW; type ; confidence ; reason . ,-2,MEDIUM,CAUTIOUS,Nifty 20D return -3.9448571751706463; 60D return -4.281982537022666; Crude 20D change 11.414863871570024; India VIX latest; 20D change 9.84643344748708; USDINR 20D change 0.9026990410958335,-6.0,SELL/AVOID,-2,-7.9,SELL/AVOID,"Tech -2 | News 0 (, ) | Event caution 0 | Macro -2 | Sector -2 | Analytics -1.9 (E) | Risk LOW/MEDIUM | Analytics: Trend 0, Momentum -1, Volume 0, Liquidity -2 (0.0cr), VolRisk MEDIUM, Sector NBFC -3",0,0,LOW,,,,,,,0,0,,,0,,0,76.2,HIGH,-5.28,SELL/AVOID,"AI overlay from completed recommendation outcomes; use as probability/risk input, not standalone advice."
DEEPAKNTR,2026-09-20,1586.3,26484.0,-2,NEUTRAL,33.24,-18.6108,21.36,1699.93,1717.92,,58.18,0.136,3.75,0.94,1499.04,1731.74,1.67,RSI oversold rebound candidate; MACD weak,CHEMICALS,-3.39,-11.7,7.66,0.0,3.67,0,-1,0,-2,0,MEDIUM,-3,12.5,-1.97,-2,-2,-1.9,1.25,E,"Trend 0, Momentum -1, Volume 0, Liquidity -2 (0.0cr), VolRisk MEDIUM, Sector CHEMICALS -3",-2,-2,-2,NEUTRAL,News 0; event caution 0; risk LOW; type ; confidence ; reason . ,-2,MEDIUM,CAUTIOUS,Nifty 20D return -3.9448571751706463; 60D return -4.281982537022666; Crude 20D change 11.414863871570024; India VIX latest; 20D change 9.84643344748708; USDINR 20D change 0.9026990410958335,-6.0,SELL/AVOID,-2,-7.9,SELL/AVOID,"Tech -2 | News 0 (, ) | Event caution 0 | Macro -2 | Sector -2 | Analytics -1.9 (E) | Risk LOW/MEDIUM | Analytics: Trend 0, Momentum -1, Volume 0, Liquidity -2 (0.0cr), VolRisk MEDIUM, Sector CHEMICALS -3",0,0,LOW,,,,,,,0,0,,,0,,0,74.5,HIGH,-5.45,SELL/AVOID,"AI overlay from completed recommendation outcomes; use as probability/risk input, not standalone advice."
SAMMAANCAP,2026-09-27,140.61,20830.0,-2,NEUTRAL,30.89,-0.6023,21.11,147.69,155.23,,4.73,0.19,7.74,0.69,133.52,152.43,1.67,RSI oversold rebound candidate; MACD weak,FINANCIALS,-0.95,-4.57,-17.2,0.0,3.36,0,-1,0,-2,0,MEDIUM,-3,22.7,-2.46,-2,-2,-1.9,1.25,E,"Trend 0, Momentum -1, Volume 0, Liquidity -2 (0.0cr), VolRisk MEDIUM, Sector FINANCIALS -3",-2,-2,-2,NEUTRAL,News 0; event caution 0; risk LOW; type ; confidence ; reason . ,-2,MEDIUM,CAUTIOUS,Nifty 20D return -3.9448571751706463; 60D return -4.281982537022666; Crude 20D change 11.414863871570024; India VIX latest; 20D change 9.84643344748708; USDINR 20D change 0.9026990410958335,-6.0,SELL/AVOID,-2,-7.9,SELL/AVOID,"Tech -2 | News 0 (, ) | Event caution 0 | Macro -2 | Sector -2 | Analytics -1.9 (E) | Risk LOW/MEDIUM | Analytics: Trend 0, Momentum -1, Volume 0, Liquidity -2 (0.0cr), VolRisk MEDIUM, Sector FINANCIALS -3",0,0,LOW,,,,,,,0,0,,,0,,0,73.0,HIGH,-5.6,SELL/AVOID,"AI overlay from completed recommendation outcomes; use as probability/risk input, not standalone advice."
UNOMINDA,2026-09-28,1173.0,27097.0,-2,NEUTRAL,37.91,-3.7228,21.82,1221.82,1239.34,1149.6,35.25,0.114,10.7,1.03,1120.12,1261.13,1.67,MACD weak; Long-term trend positive,AUTO_ANC,-4.32,-7.57,1.95,0.0,3.01,1,0,0,-2,0,MEDIUM,-3,14.3,-1.51,-3,-2,-1.1,1.25,E,"Trend 1, Momentum 0, Volume 0, Liquidity -2 (0.0cr), VolRisk MEDIUM, Sector AUTO_ANC -3",-2,-2,-2,NEUTRAL,News 0; event caution 0; risk LOW; type ; confidence ; reason . ,-2,MEDIUM,CAUTIOUS,Nifty 20D return -3.9448571751706463; 60D return -4.281982537022666; Crude 20D change 11.414863871570024; India VIX latest; 20D change 9.84643344748708; USDINR 20D change 0.9026990410958335,-7.0,SELL/AVOID,-2,-8.1,SELL/AVOID,"Tech -2 | News 0 (, ) | Event caution 0 | Macro -2 | Sector -3 | Analytics -1.1 (E) | Risk LOW/MEDIUM | Analytics: Trend 1, Momentum 0, Volume 0, Liquidity -2 (0.0cr), VolRisk MEDIUM, Sector AUTO_ANC -3",0,0,LOW,,,,,,,0,0,,,0,,-1,78.6,HIGH,-5.24,SELL/AVOID,"AI overlay from completed recommendation outcomes; use as probability/risk input, not standalone advice."
CANFINHOME,2026-08-31,795.3,27531.0,-3,SELL/AVOID,37.43,-7.9366,20.55,860.61,859.78,,34.11,0.153,4.62,0.95,744.13,880.58,1.67,MACD weak,FINANCIALS,-2.29,-10.0,,0.0,4.29,1,0,0,-2,0,MEDIUM,-3,22.7,-2.46,-2,-2,-1.1,1.25,E,"Trend 1, Momentum 0, Volume 0, Liquidity -2 (0.0cr), VolRisk MEDIUM, Sector FINANCIALS -3",-3,-3,-3,SELL/AVOID,News 0; event caution 0; risk LOW; type ; confidence ; reason . ,-2,MEDIUM,CAUTIOUS,Nifty 20D return -3.9448571751706463; 60D return -4.281982537022666; Crude 20D change 11.414863871570024; India VIX latest; 20D change 9.84643344748708; USDINR 20D change 0.9026990410958335,-7.0,SELL/AVOID,-3,-8.1,SELL/AVOID,"Tech -3 | News 0 (, ) | Event caution 0 | Macro -2 | Sector -2 | Analytics -1.1 (E) | Risk LOW/MEDIUM | Analytics: Trend 1, Momentum 0, Volume 0, Liquidity -2 (0.0cr), VolRisk MEDIUM, Sector FINANCIALS -3",0,0,LOW,,,,,,,0,0,,,0,,0,77.1,HIGH,-5.39,SELL/AVOID,"AI overlay from completed recommendation outcomes; use as probability/risk input, not standalone advice."
HINDALCO,2026-09-28,955.9,73534.0,-3,SELL/AVOID,37.2,-1.1411,16.65,987.31,1015.18,993.66,21.28,0.078,9.11,0.99,923.98,1009.1,1.67,MACD weak,METALS,-1.76,-5.45,0.85,0.0,2.23,0,0,0,-2,1,LOW,-3,30.0,-0.68,-2,-1,-1.2,1.25,E,"Trend 0, Momentum 0, Volume 0, Liquidity -2 (0.0cr), VolRisk LOW, Sector METALS -3",-3,-3,-3,SELL/AVOID,News 0; event caution 0; risk LOW; type ; confidence ; reason . ,-2,MEDIUM,CAUTIOUS,Nifty 20D return -3.9448571751706463; 60D return -4.281982537022666; Crude 20D change 11.414863871570024; India VIX latest; 20D change 9.84643344748708; USDINR 20D change 0.9026990410958335,-7.0,SELL/AVOID,-3,-8.2,SELL/AVOID,"Tech -3 | News 0 (, ) | Event caution 0 | Macro -2 | Sector -2 | Analytics -1.2 (E) | Risk LOW/MEDIUM | Analytics: Trend 0, Momentum 0, Volume 0, Liquidity -2 (0.0cr), VolRisk LOW, Sector METALS -3",0,0,LOW,,,,,,,0,0,,,0,,0,91.8,HIGH,-4.02,SELL/AVOID,"AI overlay from completed recommendation outcomes; use as probability/risk input, not standalone advice."
IGL,2026-09-28,143.44,33742.0,-3,SELL/AVOID,34.96,-0.5136,11.34,148.89,150.7,,3.47,0.143,2.67,0.99,138.23,152.12,1.67,RSI oversold rebound candidate; MACD weak; Weak trend,OIL_GAS,-2.21,-3.0,-15.49,0.0,2.42,0,-1,0,-2,1,LOW,-2,10.0,1.01,-2,-1,-1.2,1.25,E,"Trend 0, Momentum -1, Volume 0, Liquidity -2 (0.0cr), VolRisk LOW, Sector OIL_GAS -2",-3,-3,-3,SELL/AVOID,News 0; event caution 0; risk LOW; type ; confidence ; reason . ,-2,MEDIUM,CAUTIOUS,Nifty 20D return -3.9448571751706463; 60D return -4.281982537022666; Crude 20D change 11.414863871570024; India VIX latest; 20D change 9.84643344748708; USDINR 20D change 0.9026990410958335,-7.0,SELL/AVOID,-3,-8.2,SELL/AVOID,"Tech -3 | News 0 (, ) | Event caution 0 | Macro -2 | Sector -2 | Analytics -1.2 (E) | Risk LOW/MEDIUM | Analytics: Trend 0, Momentum -1, Volume 0, Liquidity -2 (0.0cr), VolRisk LOW, Sector OIL_GAS -2",0,0,LOW,,,,,,,0,0,,,0,,0,89.8,HIGH,-4.22,SELL/AVOID,"AI overlay from completed recommendation outcomes; use as probability/risk input, not standalone advice."
UPL,2026-09-28,549.5,20475.0,-3,SELL/AVOID,38.22,-1.651,16.55,565.35,573.2,621.86,11.93,0.184,17.9,0.62,531.61,579.32,1.67,MACD weak,CHEMICALS,-1.86,-6.12,-7.61,0.0,2.17,0,0,0,-2,1,LOW,-3,12.5,-1.97,-2,-1,-1.2,1.25,E,"Trend 0, Momentum 0, Volume 0, Liquidity -2 (0.0cr), VolRisk LOW, Sector CHEMICALS -3",-3,-3,-3,SELL/AVOID,News 0; event caution 0; risk LOW; type ; confidence ; reason . ,-2,MEDIUM,CAUTIOUS,Nifty 20D return -3.9448571751706463; 60D return -4.281982537022666; Crude 20D change 11.414863871570024; India VIX latest; 20D change 9.84643344748708; USDINR 20D change 0.9026990410958335,-7.0,SELL/AVOID,-3,-8.2,SELL/AVOID,"Tech -3 | News 0 (, ) | Event caution 0 | Macro -2 | Sector -2 | Analytics -1.2 (E) | Risk LOW/MEDIUM | Analytics: Trend 0, Momentum 0, Volume 0, Liquidity -2 (0.0cr), VolRisk LOW, Sector CHEMICALS -3",0,0,LOW,,,,,,,0,0,,,0,,0,91.8,HIGH,-4.02,SELL/AVOID,"AI overlay from completed recommendation outcomes; use as probability/risk input, not standalone advice."
RPOWER,2026-09-28,19.96,30213.0,-2,NEUTRAL,22.6,-0.0448,16.51,21.21,22.3,24.82,0.58,-0.05,7.92,0.95,19.08,21.42,1.66,RSI oversold rebound candidate; MACD weak,POWER,-4.45,-9.6,-17.93,0.0,2.93,0,-2,0,-2,0,MEDIUM,-3,13.6,-0.99,-2,-2,-2.25,1.25,E,"Trend 0, Momentum -2, Volume 0, Liquidity -2 (0.0cr), VolRisk MEDIUM, Sector POWER -3",-2,-2,-2,NEUTRAL,News 0; event caution 0; risk LOW; type ; confidence ; reason . ,-2,MEDIUM,CAUTIOUS,Nifty 20D return -3.9448571751706463; 60D return -4.281982537022666; Crude 20D change 11.414863871570024; India VIX latest; 20D change 9.84643344748708; USDINR 20D change 0.9026990410958335,-6.0,SELL/AVOID,-2,-8.25,SELL/AVOID,"Tech -2 | News 0 (, ) | Event caution 0 | Macro -2 | Sector -2 | Analytics -2.25 (E) | Risk LOW/MEDIUM | Analytics: Trend 0, Momentum -2, Volume 0, Liquidity -2 (0.0cr), VolRisk MEDIUM, Sector POWER -3",0,0,LOW,,,,,,,0,0,,,0,,0,70.9,HIGH,-6.16,SELL/AVOID,"AI overlay from completed recommendation outcomes; use as probability/risk input, not standalone advice."
BSE,2026-09-28,3097.5,171912.0,-3,SELL/AVOID,35.23,-11.5253,19.74,3283.53,3355.42,3441.93,104.56,0.006,5.93,1.01,2940.66,3358.9,1.67,MACD weak,FINANCIALS,-4.25,-9.16,-15.09,0.01,3.38,0,0,0,-2,0,MEDIUM,-3,22.7,-2.46,-2,-2,-1.55,1.25,E,"Trend 0, Momentum 0, Volume 0, Liquidity -2 (0.01cr), VolRisk MEDIUM, Sector FINANCIALS -3",-3,-3,-3,SELL/AVOID,News 0; event caution 0; risk LOW; type ; confidence ; reason . ,-2,MEDIUM,CAUTIOUS,Nifty 20D return -3.9448571751706463; 60D return -4.281982537022666; Crude 20D change 11.414863871570024; India VIX latest; 20D change 9.84643344748708; USDINR 20D change 0.9026990410958335,-7.0,SELL/AVOID,-3,-8.55,SELL/AVOID,"Tech -3 | News 0 (, ) | Event caution 0 | Macro -2 | Sector -2 | Analytics -1.55 (E) | Risk LOW/MEDIUM | Analytics: Trend 0, Momentum 0, Volume 0, Liquidity -2 (0.01cr), VolRisk MEDIUM, Sector FINANCIALS -3",0,0,LOW,,,,,,,0,0,,,0,,0,74.9,HIGH,-6.06,SELL/AVOID,"AI overlay from completed recommendation outcomes; use as probability/risk input, not standalone advice."
CDSL,2026-09-28,1289.0,51573.0,-3,SELL/AVOID,35.78,-7.0527,16.36,1355.05,1359.14,1300.24,35.34,0.044,4.53,1.19,1235.99,1377.35,1.67,MACD weak,FINANCIALS,-5.29,-7.53,-9.11,0.0,2.74,0,0,0,-2,0,MEDIUM,-3,22.7,-2.46,-2,-2,-1.55,1.25,E,"Trend 0, Momentum 0, Volume 0, Liquidity -2 (0.0cr), VolRisk MEDIUM, Sector FINANCIALS -3",-3,-3,-3,SELL/AVOID,News 0; event caution 0; risk LOW; type ; confidence ; reason . ,-2,MEDIUM,CAUTIOUS,Nifty 20D return -3.9448571751706463; 60D return -4.281982537022666; Crude 20D change 11.414863871570024; India VIX latest; 20D change 9.84643344748708; USDINR 20D change 0.9026990410958335,-7.0,SELL/AVOID,-3,-8.55,SELL/AVOID,"Tech -3 | News 0 (, ) | Event caution 0 | Macro -2 | Sector -2 | Analytics -1.55 (E) | Risk LOW/MEDIUM | Analytics: Trend 0, Momentum 0, Volume 0, Liquidity -2 (0.0cr), VolRisk MEDIUM, Sector FINANCIALS -3",0,0,LOW,,,,,,,0,0,,,0,,0,76.5,HIGH,-5.9,SELL/AVOID,"AI overlay from completed recommendation outcomes; use as probability/risk input, not standalone advice."
AUBANK,2026-09-28,995.3,46350.0,-3,SELL/AVOID,35.33,-4.9595,18.74,1044.43,1065.32,1006.88,25.35,-0.05,0.42,0.96,957.28,1058.67,1.67,MACD weak,BANK,-4.11,-7.15,-3.39,0.0,2.55,0,0,0,-2,0,MEDIUM,-3,15.4,-0.84,-2,-2,-1.55,1.25,E,"Trend 0, Momentum 0, Volume 0, Liquidity -2 (0.0cr), VolRisk MEDIUM, Sector BANK -3",-3,-3,-3,SELL/AVOID,News 0; event caution 0; risk LOW; type ; confidence ; reason . ,-2,MEDIUM,CAUTIOUS,Nifty 20D return -3.9448571751706463; 60D return -4.281982537022666; Crude 20D change 11.414863871570024; India VIX latest; 20D change 9.84643344748708; USDINR 20D change 0.9026990410958335,-7.0,SELL/AVOID,-3,-8.55,SELL/AVOID,"Tech -3 | News 0 (, ) | Event caution 0 | Macro -2 | Sector -2 | Analytics -1.55 (E) | Risk LOW/MEDIUM | Analytics: Trend 0, Momentum 0, Volume 0, Liquidity -2 (0.0cr), VolRisk MEDIUM, Sector BANK -3",0,0,LOW,,,,,,,0,0,,,0,,0,81.6,HIGH,-5.39,SELL/AVOID,"AI overlay from completed recommendation outcomes; use as probability/risk input, not standalone advice."
EQUITASBNK,2026-09-28,66.02,21681.0,-2,NEUTRAL,29.38,-1.1529,19.17,74.98,76.48,,3.33,-0.035,9.29,0.71,61.03,74.34,1.67,RSI oversold rebound candidate; MACD weak,BANK,-13.27,-16.73,-1.08,0.0,5.04,0,-2,0,-2,-1,HIGH,-3,15.4,-0.84,-2,-3,-2.6,0.75,E,"Trend 0, Momentum -2, Volume 0, Liquidity -2 (0.0cr), VolRisk HIGH, Sector BANK -3",-2,-2,-2,NEUTRAL,News 0; event caution 0; risk LOW; type ; confidence ; reason . ,-2,MEDIUM,CAUTIOUS,Nifty 20D return -3.9448571751706463; 60D return -4.281982537022666; Crude 20D change 11.414863871570024; India VIX latest; 20D change 9.84643344748708; USDINR 20D change 0.9026990410958335,-6.0,SELL/AVOID,-2,-8.6,SELL/AVOID,"Tech -2 | News 0 (, ) | Event caution 0 | Macro -2 | Sector -2 | Analytics -2.6 (E) | Risk LOW/MEDIUM | Analytics: Trend 0, Momentum -2, Volume 0, Liquidity -2 (0.0cr), VolRisk HIGH, Sector BANK -3",0,0,LOW,,,,,,,0,0,,,0,,0,73.0,HIGH,-6.3,SELL/AVOID,"AI overlay from completed recommendation outcomes; use as probability/risk input, not standalone advice."
MPHASIS,2026-09-27,2234.0,19367.0,-3,SELL/AVOID,33.37,-23.6153,13.84,2379.88,2394.64,,75.16,0.073,9.52,0.64,2121.26,2421.89,1.67,RSI oversold rebound candidate; MACD weak; Weak trend,IT,-2.89,-11.0,1.19,0.0,3.36,0,-1,0,-2,0,MEDIUM,-3,16.7,-6.08,-2,-2,-1.9,1.25,E,"Trend 0, Momentum -1, Volume 0, Liquidity -2 (0.0cr), VolRisk MEDIUM, Sector IT -3",-3,-3,-3,SELL/AVOID,News 0; event caution 0; risk LOW; type ; confidence ; reason . ,-2,MEDIUM,CAUTIOUS,Nifty 20D return -3.9448571751706463; 60D return -4.281982537022666; Crude 20D change 11.414863871570024; India VIX latest; 20D change 9.84643344748708; USDINR 20D change 0.9026990410958335,-7.0,SELL/AVOID,-3,-8.9,SELL/AVOID,"Tech -3 | News 0 (, ) | Event caution 0 | Macro -2 | Sector -2 | Analytics -1.9 (E) | Risk LOW/MEDIUM | Analytics: Trend 0, Momentum -1, Volume 0, Liquidity -2 (0.0cr), VolRisk MEDIUM, Sector IT -3",0,0,LOW,,,,,,,0,0,,,0,,0,75.5,HIGH,-6.35,SELL/AVOID,"AI overlay from completed recommendation outcomes; use as probability/risk input, not standalone advice."
NHPC,2026-09-28,74.5,30186.0,-4,SELL/AVOID,37.36,-0.0604,13.7,76.11,76.69,77.53,1.32,-0.184,6.45,0.85,72.52,77.8,1.67,MACD weak; Weak trend,POWER,-1.99,-2.3,-5.8,0.0,1.77,0,0,0,-2,1,LOW,-3,13.6,-0.99,-2,-1,-1.2,1.25,E,"Trend 0, Momentum 0, Volume 0, Liquidity -2 (0.0cr), VolRisk LOW, Sector POWER -3",-4,-4,-4,SELL/AVOID,News 0; event caution 0; risk LOW; type ; confidence ; reason . ,-2,MEDIUM,CAUTIOUS,Nifty 20D return -3.9448571751706463; 60D return -4.281982537022666; Crude 20D change 11.414863871570024; India VIX latest; 20D change 9.84643344748708; USDINR 20D change 0.9026990410958335,-8.0,SELL/AVOID,-4,-9.2,SELL/AVOID,"Tech -4 | News 0 (, ) | Event caution 0 | Macro -2 | Sector -2 | Analytics -1.2 (E) | Risk LOW/MEDIUM | Analytics: Trend 0, Momentum 0, Volume 0, Liquidity -2 (0.0cr), VolRisk LOW, Sector POWER -3",0,0,LOW,,,,,,,0,0,,,0,,0,92.0,HIGH,-5.0,SELL/AVOID,"AI overlay from completed recommendation outcomes; use as probability/risk input, not standalone advice."
APOLLOTYRE,2026-09-28,389.6,20425.0,-3,SELL/AVOID,28.15,-4.0554,14.29,423.55,429.41,,13.01,0.072,1.64,0.62,370.08,422.14,1.67,RSI oversold rebound candidate; MACD weak; Weak trend,AUTO_ANC,-4.81,-13.36,0.32,0.0,3.34,0,-2,0,-2,0,MEDIUM,-3,14.3,-1.51,-3,-2,-2.25,1.25,E,"Trend 0, Momentum -2, Volume 0, Liquidity -2 (0.0cr), VolRisk MEDIUM, Sector AUTO_ANC -3",-3,-3,-3,SELL/AVOID,News 0; event caution 0; risk LOW; type ; confidence ; reason . ,-2,MEDIUM,CAUTIOUS,Nifty 20D return -3.9448571751706463; 60D return -4.281982537022666; Crude 20D change 11.414863871570024; India VIX latest; 20D change 9.84643344748708; USDINR 20D change 0.9026990410958335,-8.0,SELL/AVOID,-3,-10.25,SELL/AVOID,"Tech -3 | News 0 (, ) | Event caution 0 | Macro -2 | Sector -3 | Analytics -2.25 (E) | Risk LOW/MEDIUM | Analytics: Trend 0, Momentum -2, Volume 0, Liquidity -2 (0.0cr), VolRisk MEDIUM, Sector AUTO_ANC -3",0,0,LOW,,,,,,,0,0,,,0,,-1,75.4,HIGH,-7.71,SELL/AVOID,"AI overlay from completed recommendation outcomes; use as probability/risk input, not standalone advice."
