symbol,date,close,volume,score,action,rsi14,macd_hist,adx14,sma20,sma50,sma200,atr14,bb_pos,stoch14,vol_ratio,stop_loss,target,rr,reason,sector,ret_5d,ret_20d,ret_60d,avg_traded_value_20_cr,atr_pct,trend_score,momentum_score,volume_score,liquidity_score,volatility_score,volatility_risk,sector_score,breadth_above_sma20_pct,relative_strength_vs_market_20d,sector_macro_adj,risk_quality_score,analytics_score,suggested_risk_pct,setup_grade,analytics_reason,news_adjusted_score,event_adjusted_score,final_score,news_adjusted_action,news_reason,macro_score,macro_risk,macro_regime,macro_reason,macro_adjusted_score,macro_adjusted_action,technical_score,combined_signal_score,final_recommendation,final_signal_reason,news_score,event_caution_score,event_risk,news_summary,upcoming_event,latest_event,event_summary,event_source,event_url,news_event_count,upcoming_event_count,top_news_type,top_news_confidence,top_news_materiality,news_audit_reason,macro_sector_adj,ai_success_probability,ai_confidence,ai_adjusted_score,ai_recommendation,ai_reason
AUROPHARMA,2026-09-29,1697.7,40560.0,7,BUY,53.59,-2.4058,23.18,1694.49,1658.9,1464.58,35.44,0.532,63.85,1.15,1644.54,1786.31,1.67,RSI in swing zone; MACD weak; Trend strength acceptable; Above SMA20; Above SMA50,PHARMA,-1.38,2.7,7.47,0.0,2.09,6,1,0,-2,1,LOW,2,55.6,4.96,1,-1,3.6,1.5,B,"Trend 6, Momentum 1, Volume 0, Liquidity -2 (0.0cr), VolRisk LOW, Sector PHARMA 2",9,9,9,BUY,News 2; event caution 0; risk LOW; type BUSINESS_POSITIVE; confidence MEDIUM; reason Positive business development.. Positive catalyst: Acquisition,-3,HIGH,RISK_OFF,Nifty 20D return -5.771924924783489; 60D return -6.141522169043611; India VIX latest; 20D change 27.715355370472096; USDINR 20D change 0.8995466772440563; Crude 20D change 4.302699067276294,7.0,WATCH_MACRO_RISK,7,10.6,WATCH_MACRO_RISK,"Tech 7 | News 2 (BUSINESS_POSITIVE, MEDIUM) | Event caution 0 | Macro -3 | Sector 1 | Analytics 3.6 (B) | Risk LOW/HIGH | Positive catalyst: Acquisition | Analytics: Trend 6, Momentum 1, Volume 0, Liquidity -2 (0.0cr), VolRisk LOW, Sector PHARMA 2 | News logic: Positive business development.",2,0,LOW,Positive catalyst: Acquisition,,Acquisition,Positive catalyst: Acquisition,NSE Corporate Announcements,https://nsearchives.nseindia.com/corporate/AUROPHARMA_12092026124039_LtrToSEsA1Biochem12092026.pdf,1,0,BUSINESS_POSITIVE,MEDIUM,2,Positive business development.,-1,44.8,NEGATIVE,10.08,WATCH_MACRO_RISK,"AI overlay from completed recommendation outcomes; use as probability/risk input, not standalone advice."
LAURUSLABS,2026-09-29,1979.0,65417.0,8,BUY,56.31,-2.8033,26.66,1969.45,1895.93,1415.04,48.33,0.557,60.22,1.35,1906.5,2099.83,1.67,RSI in swing zone; MACD weak; Trend strength acceptable; Above SMA20; Above SMA50,PHARMA,-2.7,7.55,24.22,0.0,2.44,6,2,1,-2,1,LOW,2,55.6,4.96,1,-1,4.2,1.5,B,"Trend 6, Momentum 2, Volume 1, Liquidity -2 (0.0cr), VolRisk LOW, Sector PHARMA 2",8,8,8,BUY,News 0; event caution 0; risk LOW; type GENERIC_NEWS; confidence LOW; reason No material catalyst/event taxonomy match.. ,-3,HIGH,RISK_OFF,Nifty 20D return -5.771924924783489; 60D return -6.141522169043611; India VIX latest; 20D change 27.715355370472096; USDINR 20D change 0.8995466772440563; Crude 20D change 4.302699067276294,6.0,WATCH_MACRO_RISK,8,10.2,WATCH_MACRO_RISK,"Tech 8 | News 0 (GENERIC_NEWS, LOW) | Event caution 0 | Macro -3 | Sector 1 | Analytics 4.2 (B) | Risk LOW/HIGH | Analytics: Trend 6, Momentum 2, Volume 1, Liquidity -2 (0.0cr), VolRisk LOW, Sector PHARMA 2 | News logic: No material catalyst/event taxonomy match.",0,0,LOW,,,Trading Window,Neutral news: Trading Window,NSE Corporate Announcements,https://nsearchives.nseindia.com/corporate/LAURUSLABS_25092026161435_Q2FY27TradingWindowClosure.pdf,0,0,GENERIC_NEWS,LOW,0,No material catalyst/event taxonomy match.,-1,43.8,NEGATIVE,9.58,WATCH_MACRO_RISK,"AI overlay from completed recommendation outcomes; use as probability/risk input, not standalone advice."
JSWINFRA,2026-09-29,350.0,66550.0,9,BUY,53.28,0.5852,21.69,345.75,339.69,295.44,11.96,0.581,55.73,0.86,332.05,379.91,1.67,RSI in swing zone; MACD bullish; Above SMA20; Above SMA50; Long-term trend positive,UNKNOWN,-3.74,5.11,0.44,0.0,3.42,5,4,0,-2,0,MEDIUM,0,,,-1,-2,3.15,1.5,B,"Trend 5, Momentum 4, Volume 0, Liquidity -2 (0.0cr), VolRisk MEDIUM, Sector UNKNOWN 0",11,11,11,BUY,News 2; event caution 0; risk LOW; type BUSINESS_POSITIVE; confidence MEDIUM; reason Positive business development.. Positive catalyst: Acquisition,-3,HIGH,RISK_OFF,Nifty 20D return -5.771924924783489; 60D return -6.141522169043611; India VIX latest; 20D change 27.715355370472096; USDINR 20D change 0.8995466772440563; Crude 20D change 4.302699067276294,7.0,WATCH_MACRO_RISK,9,10.15,WATCH_MACRO_RISK,"Tech 9 | News 2 (BUSINESS_POSITIVE, MEDIUM) | Event caution 0 | Macro -3 | Sector -1 | Analytics 3.15 (B) | Risk LOW/HIGH | Positive catalyst: Acquisition | Analytics: Trend 5, Momentum 4, Volume 0, Liquidity -2 (0.0cr), VolRisk MEDIUM, Sector UNKNOWN 0 | News logic: Positive business development.",2,0,LOW,Positive catalyst: Acquisition,,Acquisition,Positive catalyst: Acquisition,NSE Corporate Announcements,https://nsearchives.nseindia.com/corporate/JSWINFRA_10092026190128_Covering_Letter.pdf,1,0,BUSINESS_POSITIVE,MEDIUM,2,Positive business development.,-1,54.9,LOW,10.64,WATCH_MACRO_RISK,"AI overlay from completed recommendation outcomes; use as probability/risk input, not standalone advice."
ZYDUSLIFE,2026-09-29,1200.5,54249.0,7,BUY,63.37,7.1885,21.27,1154.43,1145.01,1029.12,28.21,0.838,78.37,1.43,1158.19,1271.02,1.67,MACD bullish; Above SMA20; Above SMA50; Long-term trend positive; Volume expansion,PHARMA,2.6,4.01,4.97,0.0,2.35,5,4,1,-2,1,LOW,2,55.6,4.96,1,-1,4.45,1.5,B,"Trend 5, Momentum 4, Volume 1, Liquidity -2 (0.0cr), VolRisk LOW, Sector PHARMA 2",7,7,7,BUY,"News 0; event caution 0; risk MEDIUM; type RESULTS_NEGATIVE; confidence HIGH; reason Weak reported result or guidance cut.. Negative catalyst: Zydus Lifesciences Q1 results: Net profit falls 36% YoY to ₹940 crore, revenue surges 22%; shares jump 5% - Upstox",-3,HIGH,RISK_OFF,Nifty 20D return -5.771924924783489; 60D return -6.141522169043611; India VIX latest; 20D change 27.715355370472096; USDINR 20D change 0.8995466772440563; Crude 20D change 4.302699067276294,5.0,WATCH_MACRO_RISK,7,9.45,WATCH_MACRO_RISK,"Tech 7 | News 0 (RESULTS_NEGATIVE, HIGH) | Event caution 0 | Macro -3 | Sector 1 | Analytics 4.45 (B) | Risk MEDIUM/HIGH | Negative catalyst: Zydus Lifesciences Q1 results: Net profit falls 36% YoY to ₹940 crore, revenue surges 22%; shares jump 5% - Upstox | Analytics: Trend 5, Momentum 4, Volume 1, Liquidity -2 (0.0cr), VolRisk LOW, Sector PHARMA 2 | News logic: Weak reported result or guidance cut.",0,0,MEDIUM,"Negative catalyst: Zydus Lifesciences Q1 results: Net profit falls 36% YoY to ₹940 crore, revenue surges 22%; shares jump 5% - Upstox",,"Zydus Lifesciences Q1 results: Net profit falls 36% YoY to ₹940 crore, revenue surges 22%; shares jump 5% - Upstox","Negative catalyst: Zydus Lifesciences Q1 results: Net profit falls 36% YoY to ₹940 crore, revenue surges 22%; shares jump 5% - Upstox",Upstox,https://news.google.com/rss/articles/CBMi8gFBVV95cUxNOGVGUjdpbUpOVzR3TG5NNWpHeURaTzFjTS1RT1dmXzhmTkpEWlNPTi1RNkRPcHVVT0owZm5wcDR2MS12d0NrdkM3WWFJYzliUHFYSWROWUo0UkFfWGtsYjNOblE4RkZCVGduYVlQZUVkTVJ6cE1kQ2lsWklJU0t3Um9nVkJySHprZlQ3MnNzYXRWQlRHdmVKUGx1VjQwVjc2SjVlY0lNWjNucGRWcFJUVFNXRDRkSmdiRG5udkFzSldMdk1uazc2ajRGVk9mU05pSTJXWE0wYkdOMHNBNGM4V2xzcVYwVkdubmljZURhZk16Zw?oc=5,2,0,RESULTS_NEGATIVE,HIGH,3,Weak reported result or guidance cut.,-1,46.3,LOW,9.08,WATCH_MACRO_RISK,"AI overlay from completed recommendation outcomes; use as probability/risk input, not standalone advice."
TMB,2026-09-15,868.35,23429.0,9,BUY,60.8,2.8525,49.76,812.87,722.84,,46.56,0.704,61.77,0.59,798.51,984.75,1.67,RSI in swing zone; MACD bullish; Trend strength acceptable; Above SMA20; Above SMA50,UNKNOWN,1.95,17.4,,0.0,5.36,5,3,-1,-2,-1,HIGH,0,,,-1,-3,2.2,1.0,B,"Trend 5, Momentum 3, Volume -1, Liquidity -2 (0.0cr), VolRisk HIGH, Sector UNKNOWN 0",11,11,11,BUY,News 2; event caution 0; risk LOW; type RESULTS_POSITIVE; confidence HIGH; reason Strong reported result or positive guidance.. Positive catalyst: Tamilnad Mercantile Bank's Q1 net profit surges 35% to ₹412 crore - Business Standard,-3,HIGH,RISK_OFF,Nifty 20D return -5.771924924783489; 60D return -6.141522169043611; India VIX latest; 20D change 27.715355370472096; USDINR 20D change 0.8995466772440563; Crude 20D change 4.302699067276294,7.0,WATCH_MACRO_RISK,9,9.2,WATCH_MACRO_RISK,"Tech 9 | News 2 (RESULTS_POSITIVE, HIGH) | Event caution 0 | Macro -3 | Sector -1 | Analytics 2.2 (B) | Risk LOW/HIGH | Positive catalyst: Tamilnad Mercantile Bank's Q1 net profit surges 35% to ₹412 crore - Business Standard | Analytics: Trend 5, Momentum 3, Volume -1, Liquidity -2 (0.0cr), VolRisk HIGH, Sector UNKNOWN 0 | News logic: Strong reported result or positive guidance.",2,0,LOW,Positive catalyst: Tamilnad Mercantile Bank's Q1 net profit surges 35% to ₹412 crore - Business Standard,,Tamilnad Mercantile Bank's Q1 net profit surges 35% to ₹412 crore - Business Standard,Positive catalyst: Tamilnad Mercantile Bank's Q1 net profit surges 35% to ₹412 crore - Business Standard,Business Standard,https://news.google.com/rss/articles/CBMizwFBVV95cUxNWW53MU52Zlk1cDZkeU9KdjRhdFFYQW1pUU9yNzNNV0Vybkc0dTByeWJOdFpWMTR4b3hVVnh5QjZEVDZoWThKM056MGVvZ0hxeG45Z2Fxb1p2VHIySmpibjBYMWdUU1dGX2g2Ql9oMW5rRzU4WEdXT1RVeGZpTHI5WEdpUEhUZDhwVmZZWlBUMFVIbTRTRDNrZUlhMzkzNktsbTQzQW45MzhRSDJPVFRWTi04ZTg3OU9ZVjlxaERHS3lBMUNER0FjTWRCZGtOUEnSAdQBQVVfeXFMTVE5Vk9tMTU0MTV5VnpYMHhnc21tTklreHJSdkZCNFNnaDhEWE1GSmJPbUFES3pVcGVZNExCQ29tTjNhMTB2bk4yTXZmX3QxNjUyT2NITVZnQ1lWNURCRW5fNUVwbENvOGtBV2pJVks2dEZXaXZxOXpNZVNFT005ZWhrdThIMkswLTZUUE5UMzdwcTZXajFxUEtxOXBnSVFsNW9VU0RHWjNFRjdBTjBaN3hDS1FlZHlfNy1QQkQ5bWJDeTdXRk9sU0Y2bHFaWkV1dnFnVDE?oc=5,1,0,RESULTS_POSITIVE,HIGH,3,Strong reported result or positive guidance.,-1,57.8,MEDIUM,9.98,WATCH_MACRO_RISK,"AI overlay from completed recommendation outcomes; use as probability/risk input, not standalone advice."
GREAVESCOT,2026-09-29,234.99,46963.0,9,BUY,56.0,0.5592,30.85,228.92,220.16,,13.54,0.573,71.76,0.95,214.68,268.83,1.67,RSI in swing zone; MACD bullish; Trend strength acceptable; Above SMA20; Above SMA50,UNKNOWN,14.07,-8.81,,0.0,5.76,4,3,0,-2,-1,HIGH,0,,,-1,-3,2.0,1.0,B,"Trend 4, Momentum 3, Volume 0, Liquidity -2 (0.0cr), VolRisk HIGH, Sector UNKNOWN 0",11,11,11,BUY,News 2; event caution 0; risk LOW; type BUSINESS_POSITIVE; confidence MEDIUM; reason Positive business development.. Positive catalyst: Acquisition,-3,HIGH,RISK_OFF,Nifty 20D return -5.771924924783489; 60D return -6.141522169043611; India VIX latest; 20D change 27.715355370472096; USDINR 20D change 0.8995466772440563; Crude 20D change 4.302699067276294,7.0,WATCH_MACRO_RISK,9,9.0,WATCH_MACRO_RISK,"Tech 9 | News 2 (BUSINESS_POSITIVE, MEDIUM) | Event caution 0 | Macro -3 | Sector -1 | Analytics 2 (B) | Risk LOW/HIGH | Positive catalyst: Acquisition | Analytics: Trend 4, Momentum 3, Volume 0, Liquidity -2 (0.0cr), VolRisk HIGH, Sector UNKNOWN 0 | News logic: Positive business development.",2,0,LOW,Positive catalyst: Acquisition,,Acquisition,Positive catalyst: Acquisition,NSE Corporate Announcements,https://nsearchives.nseindia.com/corporate/GREAVESCOT_14082026143836_GCL_Excel_SEintimationsd.pdf,1,0,BUSINESS_POSITIVE,MEDIUM,2,Positive business development.,-1,56.5,MEDIUM,9.65,WATCH_MACRO_RISK,"AI overlay from completed recommendation outcomes; use as probability/risk input, not standalone advice."
SYRMA,2026-09-29,1692.6,61153.0,10,BUY,58.95,1.3023,26.29,1656.74,1536.13,1175.17,68.93,0.617,71.16,0.52,1589.21,1864.92,1.67,RSI in swing zone; MACD bullish; Trend strength acceptable; Above SMA20; Above SMA50,UNKNOWN,-1.56,16.15,23.15,0.01,4.07,6,3,-1,-2,0,MEDIUM,0,,,-1,-2,3.0,1.5,B,"Trend 6, Momentum 3, Volume -1, Liquidity -2 (0.01cr), VolRisk MEDIUM, Sector UNKNOWN 0",10,10,10,BUY,News 0; event caution 0; risk LOW; type GENERIC_NEWS; confidence LOW; reason No material catalyst/event taxonomy match.. ,-3,HIGH,RISK_OFF,Nifty 20D return -5.771924924783489; 60D return -6.141522169043611; India VIX latest; 20D change 27.715355370472096; USDINR 20D change 0.8995466772440563; Crude 20D change 4.302699067276294,6.0,WATCH_MACRO_RISK,10,9.0,WATCH_MACRO_RISK,"Tech 10 | News 0 (GENERIC_NEWS, LOW) | Event caution 0 | Macro -3 | Sector -1 | Analytics 3 (B) | Risk LOW/HIGH | Analytics: Trend 6, Momentum 3, Volume -1, Liquidity -2 (0.01cr), VolRisk MEDIUM, Sector UNKNOWN 0 | News logic: No material catalyst/event taxonomy match.",0,0,LOW,,,Trading Window,Neutral news: Trading Window,NSE Corporate Announcements,https://nsearchives.nseindia.com/corporate/SYRMASGS_28092026170627_ClosureoftradingWindowforQ2FY2027SyrmaSGSSigned.pdf,0,0,GENERIC_NEWS,LOW,0,No material catalyst/event taxonomy match.,-1,53.8,LOW,9.38,WATCH_MACRO_RISK,"AI overlay from completed recommendation outcomes; use as probability/risk input, not standalone advice."
SUNPHARMA,2026-09-29,1865.0,92484.0,8,BUY,48.95,2.8614,19.26,1854.74,1896.72,1829.55,29.19,0.653,58.27,1.28,1821.21,1937.98,1.67,RSI in swing zone; MACD bullish; Above SMA20; Long-term trend positive; Bollinger position healthy,PHARMA,0.0,-1.79,-4.94,0.0,1.57,2,3,1,-2,1,LOW,2,55.6,4.96,1,-1,2.75,1.5,B,"Trend 2, Momentum 3, Volume 1, Liquidity -2 (0.0cr), VolRisk LOW, Sector PHARMA 2",8,8,8,BUY,News 0; event caution 0; risk LOW; type GENERIC_NEWS; confidence LOW; reason No material catalyst/event taxonomy match.. ,-3,HIGH,RISK_OFF,Nifty 20D return -5.771924924783489; 60D return -6.141522169043611; India VIX latest; 20D change 27.715355370472096; USDINR 20D change 0.8995466772440563; Crude 20D change 4.302699067276294,6.0,WATCH_MACRO_RISK,8,8.75,WATCH_MACRO_RISK,"Tech 8 | News 0 (GENERIC_NEWS, LOW) | Event caution 0 | Macro -3 | Sector 1 | Analytics 2.75 (B) | Risk LOW/HIGH | Analytics: Trend 2, Momentum 3, Volume 1, Liquidity -2 (0.0cr), VolRisk LOW, Sector PHARMA 2 | News logic: No material catalyst/event taxonomy match.",0,0,LOW,,,Updates,Neutral news: Updates,NSE Corporate Announcements,https://nsearchives.nseindia.com/corporate/SUNSEC_29092026192130_ESGOVerview2025-26.pdf,0,0,GENERIC_NEWS,LOW,0,No material catalyst/event taxonomy match.,-1,43.0,NEGATIVE,8.05,WATCH_MACRO_RISK,"AI overlay from completed recommendation outcomes; use as probability/risk input, not standalone advice."
CUPID,2026-09-29,288.0,201770.0,8,BUY,59.43,0.3084,30.21,273.43,275.04,206.77,14.8,0.889,90.81,1.54,265.81,324.99,1.67,RSI in swing zone; MACD bullish; Trend strength acceptable; Above SMA20; Above SMA50,UNKNOWN,5.17,1.71,36.33,0.01,5.14,5,3,1,-2,-1,HIGH,0,,,-1,-3,2.7,1.0,B,"Trend 5, Momentum 3, Volume 1, Liquidity -2 (0.01cr), VolRisk HIGH, Sector UNKNOWN 0",10,10,10,BUY,News 2; event caution 0; risk LOW; type BUSINESS_POSITIVE; confidence MEDIUM; reason Positive business development.. Positive catalyst: Acquisition,-3,HIGH,RISK_OFF,Nifty 20D return -5.771924924783489; 60D return -6.141522169043611; India VIX latest; 20D change 27.715355370472096; USDINR 20D change 0.8995466772440563; Crude 20D change 4.302699067276294,6.0,WATCH_MACRO_RISK,8,8.7,WATCH_MACRO_RISK,"Tech 8 | News 2 (BUSINESS_POSITIVE, MEDIUM) | Event caution 0 | Macro -3 | Sector -1 | Analytics 2.7 (B) | Risk LOW/HIGH | Positive catalyst: Acquisition | Analytics: Trend 5, Momentum 3, Volume 1, Liquidity -2 (0.01cr), VolRisk HIGH, Sector UNKNOWN 0 | News logic: Positive business development.",2,0,LOW,Positive catalyst: Acquisition,,Acquisition,Positive catalyst: Acquisition,NSE Corporate Announcements,https://nsearchives.nseindia.com/corporate/CUPID_26092026170609_SE_Intimation_Conversion_of_Warrants.pdf,1,0,BUSINESS_POSITIVE,MEDIUM,2,Positive business development.,-1,53.4,LOW,9.04,WATCH_MACRO_RISK,"AI overlay from completed recommendation outcomes; use as probability/risk input, not standalone advice."
CENTRALBK,2026-09-20,31.73,47655.0,10,BUY,52.63,0.0721,23.69,31.34,31.47,,0.98,0.63,73.31,1.69,30.26,34.18,1.67,RSI in swing zone; MACD bullish; Trend strength acceptable; Above SMA20; Above SMA50,UNKNOWN,3.9,-2.67,0.95,0.0,3.08,3,3,1,-2,0,MEDIUM,0,,,-1,-2,2.15,1.5,B,"Trend 3, Momentum 3, Volume 1, Liquidity -2 (0.0cr), VolRisk MEDIUM, Sector UNKNOWN 0",10,10,10,BUY,News 0; event caution 0; risk LOW; type GENERIC_NEWS; confidence LOW; reason No material catalyst/event taxonomy match.. ,-3,HIGH,RISK_OFF,Nifty 20D return -5.771924924783489; 60D return -6.141522169043611; India VIX latest; 20D change 27.715355370472096; USDINR 20D change 0.8995466772440563; Crude 20D change 4.302699067276294,6.0,WATCH_MACRO_RISK,10,8.15,WATCH_MACRO_RISK,"Tech 10 | News 0 (GENERIC_NEWS, LOW) | Event caution 0 | Macro -3 | Sector -1 | Analytics 2.15 (B) | Risk LOW/HIGH | Analytics: Trend 3, Momentum 3, Volume 1, Liquidity -2 (0.0cr), VolRisk MEDIUM, Sector UNKNOWN 0 | News logic: No material catalyst/event taxonomy match.",0,0,LOW,,,General Updates,Neutral news: General Updates,NSE Corporate Announcements,https://nsearchives.nseindia.com/corporate/CENTRALBK_28092026182342_Final_SE_outcome.pdf,0,0,GENERIC_NEWS,LOW,0,No material catalyst/event taxonomy match.,-1,53.8,LOW,8.53,WATCH_MACRO_RISK,"AI overlay from completed recommendation outcomes; use as probability/risk input, not standalone advice."
CIPLA,2026-09-29,1379.3,44697.0,6,WATCH,43.53,3.0599,24.98,1380.12,1414.86,1364.58,26.0,0.486,45.63,1.04,1340.3,1444.31,1.67,RSI in swing zone; MACD bullish; Trend strength acceptable; Long-term trend positive; Bollinger position healthy,PHARMA,-0.27,-0.41,-4.32,0.0,1.89,2,2,0,-2,1,LOW,2,55.6,4.96,2,-1,2.15,1.5,B,"Trend 2, Momentum 2, Volume 0, Liquidity -2 (0.0cr), VolRisk LOW, Sector PHARMA 2",8,7,7,BUY,News 2; event caution -1; risk MEDIUM; type RESULTS_POSITIVE; confidence HIGH; reason Strong reported result or positive guidance.. Positive catalyst: Cipla stocks gain 2.5% as Q1 profit jumps 42% QoQ; here's what Motilal Oswal says - Moneycontrol.com,-3,HIGH,RISK_OFF,Nifty 20D return -5.771924924783489; 60D return -6.141522169043611; India VIX latest; 20D change 27.715355370472096; USDINR 20D change 0.8995466772440563; Crude 20D change 4.302699067276294,6.0,WATCH,6,8.15,STRONG_BUY,"Tech 6 | News 2 (RESULTS_POSITIVE, HIGH) | Event caution -1 | Macro -3 | Sector 2 | Analytics 2.15 (B) | Risk MEDIUM/HIGH | Positive catalyst: Cipla stocks gain 2.5% as Q1 profit jumps 42% QoQ; here's what Motilal Oswal says - Moneycontrol.com | Analytics: Trend 2, Momentum 2, Volume 0, Liquidity -2 (0.0cr), VolRisk LOW, Sector PHARMA 2 | News logic: Strong reported result or positive guidance. | Upcoming event caution: Amalgamation/Merger",2,-1,MEDIUM,Positive catalyst: Cipla stocks gain 2.5% as Q1 profit jumps 42% QoQ; here's what Motilal Oswal says - Moneycontrol.com,Upcoming event caution: Amalgamation/Merger,Cipla stocks gain 2.5% as Q1 profit jumps 42% QoQ; here's what Motilal Oswal says - Moneycontrol.com,Positive catalyst: Cipla stocks gain 2.5% as Q1 profit jumps 42% QoQ; here's what Motilal Oswal says - Moneycontrol.com,Moneycontrol.com,https://news.google.com/rss/articles/CBMi2gFBVV95cUxQemdKdE1pdjB3eFFNSDllSUNtVnhfNkJONFRQSXZQQlNibGZ2cFJIbDVMMlFidVNPd24wcncwanRQXzZZWVFaUjZpZzliaXdoMUxpOTIwajF5cGE4cVpTWFN2bDZmUXZIaS16YWpKSDNWWmV1ZjlIMkduS2hNZzRpZWEzMF9lYWhpN3pWZFo5TFVNeW42cEVZNnZ6bS1FcEJiMG1GT19BRC1FQi02cVJPTmZ0WWdzdm01akpLRklYT1Rral9oQjJMdUpVeThxMWt6UEJFSjNocTRaZ9IB3wFBVV95cUxQM2pEbWk2aTZ6Z0NqRGpuejUzSzBMRUNOTGNncTN6Y2EtSlFINWlwZ3RGZjBHaDJoWmE1cVdaU0Z0UlZRcWxPaEcwbzRBd0hnUGZuTWV5cUNWZlc1SmVQOUppeEFMTVQ0SklNLXFSZU9hVFZHem1uZ2tZellNSm1sOHhfa3JoaTdyOVJNWjdtTUhXdDRDczN1VV9lTkcxeFBYY2JYeWlYMEgzT1B1cUlHNGl4VVhXcXFxWHFRbTVOXzJhbFZfc0RRb0xqU29ua0ctVVN0LTRTU0xFT3plenA0?oc=5,1,1,RESULTS_POSITIVE,HIGH,3,Strong reported result or positive guidance.,0,44.6,NEGATIVE,7.61,WATCH_AI_WEAK,"AI overlay from completed recommendation outcomes; use as probability/risk input, not standalone advice."
GLENMARK,2026-09-29,2441.5,56808.0,7,BUY,54.14,-9.3061,19.3,2423.53,2379.73,2238.97,64.7,0.621,78.44,1.5,2344.45,2603.25,1.67,RSI in swing zone; MACD weak; Above SMA20; Above SMA50; Long-term trend positive,PHARMA,-1.35,0.18,5.92,0.0,2.65,5,1,1,-2,0,MEDIUM,2,55.6,4.96,1,-2,3.05,1.5,B,"Trend 5, Momentum 1, Volume 1, Liquidity -2 (0.0cr), VolRisk MEDIUM, Sector PHARMA 2",7,7,7,BUY,News 0; event caution 0; risk LOW; type GENERIC_NEWS; confidence LOW; reason No material catalyst/event taxonomy match.. ,-3,HIGH,RISK_OFF,Nifty 20D return -5.771924924783489; 60D return -6.141522169043611; India VIX latest; 20D change 27.715355370472096; USDINR 20D change 0.8995466772440563; Crude 20D change 4.302699067276294,5.0,WATCH_MACRO_RISK,7,8.05,WATCH_MACRO_RISK,"Tech 7 | News 0 (GENERIC_NEWS, LOW) | Event caution 0 | Macro -3 | Sector 1 | Analytics 3.05 (B) | Risk LOW/HIGH | Analytics: Trend 5, Momentum 1, Volume 1, Liquidity -2 (0.0cr), VolRisk MEDIUM, Sector PHARMA 2 | News logic: No material catalyst/event taxonomy match.",0,0,LOW,,,Trading Window,Neutral news: Trading Window,NSE Corporate Announcements,https://nsearchives.nseindia.com/corporate/GLENMARK_28092026181622_TWC_CoveringLetter_signed.pdf,0,0,GENERIC_NEWS,LOW,0,No material catalyst/event taxonomy match.,-1,50.9,LOW,8.14,WATCH_MACRO_RISK,"AI overlay from completed recommendation outcomes; use as probability/risk input, not standalone advice."
WOCKPHARMA,2026-09-29,2194.2,80496.0,6,WATCH,55.48,-1.2863,21.75,2183.64,2039.53,,91.85,0.532,57.78,1.23,2056.43,2423.82,1.67,RSI in swing zone; MACD weak; Above SMA20; Above SMA50; Bollinger position healthy,PHARMA,-5.82,5.05,18.56,0.0,4.19,4,2,1,-2,0,MEDIUM,2,55.6,4.96,2,-2,2.95,1.5,B,"Trend 4, Momentum 2, Volume 1, Liquidity -2 (0.0cr), VolRisk MEDIUM, Sector PHARMA 2",7,6,6,WATCH,"News 1; event caution -1; risk MEDIUM; type RESULTS_POSITIVE; confidence MEDIUM; reason Pattern matched positive quarterly result.. Positive catalyst: Wockhardt shares soar over 12% as loss turns to profit in Q4, EBITDA surges 147% YoY; key details to know - Upstox",-3,HIGH,RISK_OFF,Nifty 20D return -5.771924924783489; 60D return -6.141522169043611; India VIX latest; 20D change 27.715355370472096; USDINR 20D change 0.8995466772440563; Crude 20D change 4.302699067276294,5.0,WATCH,6,7.95,BUY,"Tech 6 | News 1 (RESULTS_POSITIVE, MEDIUM) | Event caution -1 | Macro -3 | Sector 2 | Analytics 2.95 (B) | Risk MEDIUM/HIGH | Positive catalyst: Wockhardt shares soar over 12% as loss turns to profit in Q4, EBITDA surges 147% YoY; key details to know - Upstox | Analytics: Trend 4, Momentum 2, Volume 1, Liquidity -2 (0.0cr), VolRisk MEDIUM, Sector PHARMA 2 | News logic: Pattern matched positive quarterly result. | Upcoming event caution: Outcome of Board Meeting",1,-1,MEDIUM,"Positive catalyst: Wockhardt shares soar over 12% as loss turns to profit in Q4, EBITDA surges 147% YoY; key details to know - Upstox",Upcoming event caution: Outcome of Board Meeting,"Wockhardt shares soar over 12% as loss turns to profit in Q4, EBITDA surges 147% YoY; key details to know - Upstox","Positive catalyst: Wockhardt shares soar over 12% as loss turns to profit in Q4, EBITDA surges 147% YoY; key details to know - Upstox",Upstox,https://news.google.com/rss/articles/CBMi8wFBVV95cUxNdVpRRlFkdVlHQ3ZRNGxsdTNGT1JwS2t1djc5eTBEUGVZU0R4Q2xDcTlIdVBiY241U1p0Q1ZMZVp6cUo3R1pvQWVELTJhVjFrLW40SHNwek0yV010ZjdqNWNoWkpFMEVtVm1XSVZpX21JeHZobWdsOEtnVm5leUluWkd1NFZFYTdjanlETVBjS2FUUVBtNzQxOHBFYld0d2VKTW9FUGJWNUlpLWIyQ3JJejBGcU5fZ2dTZEVFUXkwajdIM3JXNU1odlpfc3dleWx6cVJ2NkhjWS1XWEFiRzI1QV81aUZlRW1qazJNakJGQnE2UFU?oc=5,1,1,RESULTS_POSITIVE,MEDIUM,3,Pattern matched positive quarterly result.,0,56.2,MEDIUM,8.57,BUY,"AI overlay from completed recommendation outcomes; use as probability/risk input, not standalone advice."
MTARTECH,2026-06-24,7777.0,158376.0,9,BUY,52.66,21.7988,28.37,7618.07,7249.58,,520.31,0.571,63.02,0.69,6996.54,9077.77,1.67,RSI in swing zone; MACD bullish; Trend strength acceptable; Above SMA20; Above SMA50,UNKNOWN,-6.36,10.01,57.39,0.02,6.69,5,4,0,-2,-1,HIGH,0,,,-1,-3,2.8,1.0,B,"Trend 5, Momentum 4, Volume 0, Liquidity -2 (0.02cr), VolRisk HIGH, Sector UNKNOWN 0",9,9,9,BUY,News 0; event caution 0; risk LOW; type GENERIC_NEWS; confidence LOW; reason No material catalyst/event taxonomy match.. ,-3,HIGH,RISK_OFF,Nifty 20D return -5.771924924783489; 60D return -6.141522169043611; India VIX latest; 20D change 27.715355370472096; USDINR 20D change 0.8995466772440563; Crude 20D change 4.302699067276294,5.0,WATCH_MACRO_RISK,9,7.8,WATCH_MACRO_RISK,"Tech 9 | News 0 (GENERIC_NEWS, LOW) | Event caution 0 | Macro -3 | Sector -1 | Analytics 2.8 (B) | Risk LOW/HIGH | Analytics: Trend 5, Momentum 4, Volume 0, Liquidity -2 (0.02cr), VolRisk HIGH, Sector UNKNOWN 0 | News logic: No material catalyst/event taxonomy match.",0,0,LOW,,,Shareholders meeting,Neutral news: Shareholders meeting,NSE Corporate Announcements,https://nsearchives.nseindia.com/corporate/MTARTECH_28092026190024_FINAL_sw.pdf,0,0,GENERIC_NEWS,LOW,0,No material catalyst/event taxonomy match.,-1,55.9,MEDIUM,8.39,WATCH_MACRO_RISK,"AI overlay from completed recommendation outcomes; use as probability/risk input, not standalone advice."
CLEAN,2026-09-20,851.9,30830.0,9,BUY,60.26,2.4477,25.24,822.04,803.85,,34.89,0.747,70.18,0.78,799.56,939.13,1.67,RSI in swing zone; MACD bullish; Trend strength acceptable; Above SMA20; Above SMA50,UNKNOWN,1.88,15.54,19.81,0.0,4.1,5,3,0,-2,0,MEDIUM,0,,,-1,-2,2.8,1.5,B,"Trend 5, Momentum 3, Volume 0, Liquidity -2 (0.0cr), VolRisk MEDIUM, Sector UNKNOWN 0",9,9,9,BUY,News 0; event caution 0; risk LOW; type GENERIC_NEWS; confidence LOW; reason No material catalyst/event taxonomy match.. ,-3,HIGH,RISK_OFF,Nifty 20D return -5.771924924783489; 60D return -6.141522169043611; India VIX latest; 20D change 27.715355370472096; USDINR 20D change 0.8995466772440563; Crude 20D change 4.302699067276294,5.0,WATCH_MACRO_RISK,9,7.8,WATCH_MACRO_RISK,"Tech 9 | News 0 (GENERIC_NEWS, LOW) | Event caution 0 | Macro -3 | Sector -1 | Analytics 2.8 (B) | Risk LOW/HIGH | Analytics: Trend 5, Momentum 3, Volume 0, Liquidity -2 (0.0cr), VolRisk MEDIUM, Sector UNKNOWN 0 | News logic: No material catalyst/event taxonomy match.",0,0,LOW,,,Credit Rating,Neutral news: Credit Rating,NSE Corporate Announcements,https://nsearchives.nseindia.com/corporate/CLEAN_24092026130037_Intimation_of_Credit_Ratings.pdf,0,0,GENERIC_NEWS,LOW,0,No material catalyst/event taxonomy match.,-1,55.9,MEDIUM,8.39,WATCH_MACRO_RISK,"AI overlay from completed recommendation outcomes; use as probability/risk input, not standalone advice."
CONCORDBIO,2026-09-24,1478.8,38984.0,6,WATCH,56.59,-4.0964,31.15,1453.62,1275.97,,77.71,0.592,47.23,1.19,1362.23,1673.08,1.67,RSI in swing zone; MACD weak; Trend strength acceptable; Above SMA20; Above SMA50,PHARMA,0.98,10.36,24.23,0.0,5.26,5,2,0,-2,-1,HIGH,2,55.6,4.96,2,-3,2.8,1.0,B,"Trend 5, Momentum 2, Volume 0, Liquidity -2 (0.0cr), VolRisk HIGH, Sector PHARMA 2",6,6,6,WATCH,News 0; event caution 0; risk LOW; type ; confidence ; reason . ,-3,HIGH,RISK_OFF,Nifty 20D return -5.771924924783489; 60D return -6.141522169043611; India VIX latest; 20D change 27.715355370472096; USDINR 20D change 0.8995466772440563; Crude 20D change 4.302699067276294,5.0,WATCH,6,7.8,BUY,"Tech 6 | News 0 (, ) | Event caution 0 | Macro -3 | Sector 2 | Analytics 2.8 (B) | Risk LOW/HIGH | Analytics: Trend 5, Momentum 2, Volume 0, Liquidity -2 (0.0cr), VolRisk HIGH, Sector PHARMA 2",0,0,LOW,,,,,,,0,0,,,0,,0,55.9,MEDIUM,8.39,BUY,"AI overlay from completed recommendation outcomes; use as probability/risk input, not standalone advice."
SANSERA,2026-09-29,4362.2,122534.0,10,BUY,57.34,0.7692,37.32,4255.63,3856.66,,207.15,0.599,59.59,2.56,4051.48,4880.07,1.67,RSI in swing zone; MACD bullish; Trend strength acceptable; Above SMA20; Above SMA50,UNKNOWN,-5.61,11.77,38.65,0.0,4.75,5,4,2,-2,0,MEDIUM,0,,,-1,-2,3.65,1.5,B,"Trend 5, Momentum 4, Volume 2, Liquidity -2 (0.0cr), VolRisk MEDIUM, Sector UNKNOWN 0",10,8,8,WATCH_EVENT_CAUTION,News 0; event caution -2; risk MEDIUM; type GENERIC_NEWS; confidence LOW; reason No material catalyst/event taxonomy match.. Upcoming event caution: Record Date,-3,HIGH,RISK_OFF,Nifty 20D return -5.771924924783489; 60D return -6.141522169043611; India VIX latest; 20D change 27.715355370472096; USDINR 20D change 0.8995466772440563; Crude 20D change 4.302699067276294,4.0,WATCH_MACRO_RISK,10,7.65,WATCH_EVENT_CAUTION,"Tech 10 | News 0 (GENERIC_NEWS, LOW) | Event caution -2 | Macro -3 | Sector -1 | Analytics 3.65 (B) | Risk MEDIUM/HIGH | Analytics: Trend 5, Momentum 4, Volume 2, Liquidity -2 (0.0cr), VolRisk MEDIUM, Sector UNKNOWN 0 | News logic: No material catalyst/event taxonomy match. | Upcoming event caution: Record Date",0,-2,MEDIUM,,Upcoming event caution: Record Date,Shareholders meeting,Upcoming event caution: Record Date,NSE Corporate Announcements,https://nsearchives.nseindia.com/corporate/SANSERA_24092026185450_ScrutinizerReport.pdf,0,2,GENERIC_NEWS,LOW,0,No material catalyst/event taxonomy match.,-1,57.0,MEDIUM,8.35,WATCH_EVENT_CAUTION,"AI overlay from completed recommendation outcomes; use as probability/risk input, not standalone advice."
CLEANMAX,2026-09-29,1382.4,88702.0,9,BUY,54.3,3.8506,19.17,1330.59,1318.08,,97.74,0.688,53.42,1.68,1235.79,1626.75,1.67,RSI in swing zone; MACD bullish; Above SMA20; Above SMA50; Bollinger position healthy,UNKNOWN,-5.15,0.12,12.47,0.0,7.07,4,3,1,-2,-1,HIGH,0,,,-1,-3,2.25,1.0,B,"Trend 4, Momentum 3, Volume 1, Liquidity -2 (0.0cr), VolRisk HIGH, Sector UNKNOWN 0",9,9,9,BUY,News 0; event caution 0; risk LOW; type GENERIC_NEWS; confidence LOW; reason No material catalyst/event taxonomy match.. ,-3,HIGH,RISK_OFF,Nifty 20D return -5.771924924783489; 60D return -6.141522169043611; India VIX latest; 20D change 27.715355370472096; USDINR 20D change 0.8995466772440563; Crude 20D change 4.302699067276294,5.0,WATCH_MACRO_RISK,9,7.25,WATCH_MACRO_RISK,"Tech 9 | News 0 (GENERIC_NEWS, LOW) | Event caution 0 | Macro -3 | Sector -1 | Analytics 2.25 (B) | Risk LOW/HIGH | Analytics: Trend 4, Momentum 3, Volume 1, Liquidity -2 (0.0cr), VolRisk HIGH, Sector UNKNOWN 0 | News logic: No material catalyst/event taxonomy match.",0,0,LOW,,,Trading Window,Neutral news: Trading Window,NSE Corporate Announcements,https://nsearchives.nseindia.com/corporate/CLEANMAX_29092026153542_Trading_Window_Closure_CMES.pdf,0,0,GENERIC_NEWS,LOW,0,No material catalyst/event taxonomy match.,-1,60.1,MEDIUM,8.26,WATCH_MACRO_RISK,"AI overlay from completed recommendation outcomes; use as probability/risk input, not standalone advice."
RAYMONDREL,2026-09-29,672.55,29986.0,9,BUY,56.79,7.4053,23.59,637.01,600.87,,48.52,0.631,69.9,0.44,599.78,793.84,1.67,RSI in swing zone; MACD bullish; Trend strength acceptable; Above SMA20; Above SMA50,UNKNOWN,0.16,0.09,,0.0,7.21,5,3,-1,-2,-1,HIGH,0,,,-1,-3,2.2,1.0,B,"Trend 5, Momentum 3, Volume -1, Liquidity -2 (0.0cr), VolRisk HIGH, Sector UNKNOWN 0",10,9,9,BUY,News 1; event caution -1; risk MEDIUM; type RESULTS_POSITIVE; confidence HIGH; reason Strong reported result or positive guidance.. Positive catalyst: Raymond Realty Q1 Profit Rises; Launch Pipeline Strong - HDFC Sky,-3,HIGH,RISK_OFF,Nifty 20D return -5.771924924783489; 60D return -6.141522169043611; India VIX latest; 20D change 27.715355370472096; USDINR 20D change 0.8995466772440563; Crude 20D change 4.302699067276294,5.0,WATCH_MACRO_RISK,9,7.2,WATCH_MACRO_RISK,"Tech 9 | News 1 (RESULTS_POSITIVE, HIGH) | Event caution -1 | Macro -3 | Sector -1 | Analytics 2.2 (B) | Risk MEDIUM/HIGH | Positive catalyst: Raymond Realty Q1 Profit Rises; Launch Pipeline Strong - HDFC Sky | Analytics: Trend 5, Momentum 3, Volume -1, Liquidity -2 (0.0cr), VolRisk HIGH, Sector UNKNOWN 0 | News logic: Strong reported result or positive guidance. | Upcoming event caution: Outcome of Board Meeting",1,-1,MEDIUM,Positive catalyst: Raymond Realty Q1 Profit Rises; Launch Pipeline Strong - HDFC Sky,Upcoming event caution: Outcome of Board Meeting,Raymond Realty Q1 Profit Rises; Launch Pipeline Strong - HDFC Sky,Positive catalyst: Raymond Realty Q1 Profit Rises; Launch Pipeline Strong - HDFC Sky,HDFC Sky,https://news.google.com/rss/articles/CBMidkFVX3lxTE9lc0lGWHZ2YVptdzV2VllOb1BudHpFQXY1bGlLTDgzRmNpZ2lzSkJZSlNKUW9FLXY5SUFQZzBYZlAxZDFRb2lTRl9kY1h6TmJGQnMxRmVSYjJHRUI4c1dYUzIwQnAyR2lBbE1pNVhjMXRvc0xzblE?oc=5,1,1,RESULTS_POSITIVE,HIGH,3,Strong reported result or positive guidance.,-1,59.0,MEDIUM,8.1,WATCH_MACRO_RISK,"AI overlay from completed recommendation outcomes; use as probability/risk input, not standalone advice."
COALINDIA,2026-09-29,425.0,88911.0,9,BUY,55.64,0.2322,23.63,422.48,414.38,437.65,7.75,0.604,62.27,1.05,413.37,444.39,1.67,RSI in swing zone; MACD bullish; Trend strength acceptable; Above SMA20; Above SMA50,MINING,0.11,2.32,-1.45,0.0,1.82,5,3,0,-2,1,LOW,0,,,-1,-1,3.15,1.5,B,"Trend 5, Momentum 3, Volume 0, Liquidity -2 (0.0cr), VolRisk LOW, Sector MINING 0",9,8,8,BUY,"News 0; event caution -1; risk MEDIUM; type GENERIC_NEWS; confidence LOW; reason No material catalyst/event taxonomy match.. Upcoming event caution: Coal India declares ₹5.50 interim dividend, ex-date tomorrow; shares close flat in previous session - TradingView",-3,HIGH,RISK_OFF,Nifty 20D return -5.771924924783489; 60D return -6.141522169043611; India VIX latest; 20D change 27.715355370472096; USDINR 20D change 0.8995466772440563; Crude 20D change 4.302699067276294,4.0,WATCH_MACRO_RISK,9,7.15,WATCH_MACRO_RISK,"Tech 9 | News 0 (GENERIC_NEWS, LOW) | Event caution -1 | Macro -3 | Sector -1 | Analytics 3.15 (B) | Risk MEDIUM/HIGH | Analytics: Trend 5, Momentum 3, Volume 0, Liquidity -2 (0.0cr), VolRisk LOW, Sector MINING 0 | News logic: No material catalyst/event taxonomy match. | Upcoming event caution: Coal India declares ₹5.50 interim dividend, ex-date tomorrow; shares close flat in previous session - TradingView",0,-1,MEDIUM,,"Upcoming event caution: Coal India declares ₹5.50 interim dividend, ex-date tomorrow; shares close flat in previous session - TradingView",General Updates,"Upcoming event caution: Coal India declares ₹5.50 interim dividend, ex-date tomorrow; shares close flat in previous session - TradingView",NSE Corporate Announcements,https://nsearchives.nseindia.com/corporate/COALINDIA_29092026143252_HURL_MOU.pdf,0,1,GENERIC_NEWS,LOW,0,No material catalyst/event taxonomy match.,-1,42.3,NEGATIVE,6.38,WATCH_MACRO_RISK,"AI overlay from completed recommendation outcomes; use as probability/risk input, not standalone advice."
PATANJALI,2026-09-29,371.4,53353.0,9,BUY,48.44,1.8164,37.41,370.61,358.09,,12.53,0.508,45.93,0.75,352.6,402.73,1.67,RSI in swing zone; MACD bullish; Trend strength acceptable; Above SMA20; Above SMA50,UNKNOWN,-9.29,6.72,-9.97,0.0,3.37,5,4,0,-2,0,MEDIUM,0,,,-1,-2,3.15,1.5,B,"Trend 5, Momentum 4, Volume 0, Liquidity -2 (0.0cr), VolRisk MEDIUM, Sector UNKNOWN 0",9,8,8,BUY,News 0; event caution -1; risk MEDIUM; type GENERIC_NEWS; confidence LOW; reason No material catalyst/event taxonomy match.. Upcoming event caution: Record Date,-3,HIGH,RISK_OFF,Nifty 20D return -5.771924924783489; 60D return -6.141522169043611; India VIX latest; 20D change 27.715355370472096; USDINR 20D change 0.8995466772440563; Crude 20D change 4.302699067276294,4.0,WATCH_MACRO_RISK,9,7.15,WATCH_MACRO_RISK,"Tech 9 | News 0 (GENERIC_NEWS, LOW) | Event caution -1 | Macro -3 | Sector -1 | Analytics 3.15 (B) | Risk MEDIUM/HIGH | Analytics: Trend 5, Momentum 4, Volume 0, Liquidity -2 (0.0cr), VolRisk MEDIUM, Sector UNKNOWN 0 | News logic: No material catalyst/event taxonomy match. | Upcoming event caution: Record Date",0,-1,MEDIUM,,Upcoming event caution: Record Date,Shareholders meeting,Upcoming event caution: Record Date,NSE Corporate Announcements,https://nsearchives.nseindia.com/corporate/RUCHI_29092026183016_Letter.pdf,0,1,GENERIC_NEWS,LOW,0,No material catalyst/event taxonomy match.,-1,54.6,LOW,7.61,WATCH_MACRO_RISK,"AI overlay from completed recommendation outcomes; use as probability/risk input, not standalone advice."
ETERNAL,2026-09-29,327.85,208146.0,8,BUY,50.51,-0.1632,22.34,327.44,323.73,273.45,7.77,0.513,50.74,1.52,316.2,347.27,1.67,RSI in swing zone; MACD weak; Trend strength acceptable; Above SMA20; Above SMA50,UNKNOWN,-4.32,1.58,14.39,0.01,2.37,6,1,1,-2,1,LOW,0,,,-1,-1,3.15,1.5,B,"Trend 6, Momentum 1, Volume 1, Liquidity -2 (0.01cr), VolRisk LOW, Sector UNKNOWN 0",8,8,8,BUY,News 0; event caution 0; risk LOW; type GENERIC_NEWS; confidence LOW; reason No material catalyst/event taxonomy match.. ,-3,HIGH,RISK_OFF,Nifty 20D return -5.771924924783489; 60D return -6.141522169043611; India VIX latest; 20D change 27.715355370472096; USDINR 20D change 0.8995466772440563; Crude 20D change 4.302699067276294,4.0,WATCH_MACRO_RISK,8,7.15,WATCH_MACRO_RISK,"Tech 8 | News 0 (GENERIC_NEWS, LOW) | Event caution 0 | Macro -3 | Sector -1 | Analytics 3.15 (B) | Risk LOW/HIGH | Analytics: Trend 6, Momentum 1, Volume 1, Liquidity -2 (0.01cr), VolRisk LOW, Sector UNKNOWN 0 | News logic: No material catalyst/event taxonomy match.",0,0,LOW,,,Trading Window,Neutral news: Trading Window,NSE Corporate Announcements,https://nsearchives.nseindia.com/corporate/ZOMATO_18092026211627_TWCSept2026signed.pdf,0,0,GENERIC_NEWS,LOW,0,No material catalyst/event taxonomy match.,-1,43.5,NEGATIVE,6.5,WATCH_MACRO_RISK,"AI overlay from completed recommendation outcomes; use as probability/risk input, not standalone advice."
GABRIEL,2026-09-23,1428.1,73855.0,8,BUY,55.23,3.2193,20.48,1366.32,1365.23,,75.99,0.78,70.5,1.73,1314.12,1618.07,1.67,RSI in swing zone; MACD bullish; Above SMA20; Above SMA50; Volume expansion,UNKNOWN,11.25,-4.78,35.45,0.0,5.32,3,3,1,-2,-1,HIGH,0,,,-1,-3,1.8,1.0,B,"Trend 3, Momentum 3, Volume 1, Liquidity -2 (0.0cr), VolRisk HIGH, Sector UNKNOWN 0",10,9,9,BUY,News 2; event caution -1; risk MEDIUM; type BUSINESS_POSITIVE; confidence MEDIUM; reason Positive business development.. Positive catalyst: Acquisition,-3,HIGH,RISK_OFF,Nifty 20D return -5.771924924783489; 60D return -6.141522169043611; India VIX latest; 20D change 27.715355370472096; USDINR 20D change 0.8995466772440563; Crude 20D change 4.302699067276294,5.0,WATCH_MACRO_RISK,8,6.8,WATCH_MACRO_RISK,"Tech 8 | News 2 (BUSINESS_POSITIVE, MEDIUM) | Event caution -1 | Macro -3 | Sector -1 | Analytics 1.8 (B) | Risk MEDIUM/HIGH | Positive catalyst: Acquisition | Analytics: Trend 3, Momentum 3, Volume 1, Liquidity -2 (0.0cr), VolRisk HIGH, Sector UNKNOWN 0 | News logic: Positive business development. | Upcoming event caution: Outcome of Board Meeting",2,-1,MEDIUM,Positive catalyst: Acquisition,Upcoming event caution: Outcome of Board Meeting,Acquisition,Positive catalyst: Acquisition,NSE Corporate Announcements,https://nsearchives.nseindia.com/corporate/GABRIEL_21082026151524_SE_Disclosure_signed.pdf,1,1,BUSINESS_POSITIVE,MEDIUM,2,Positive business development.,-1,57.2,MEDIUM,7.52,WATCH_MACRO_RISK,"AI overlay from completed recommendation outcomes; use as probability/risk input, not standalone advice."
TORNTPHARM,2026-09-29,4894.0,38942.0,5,WATCH,47.53,0.4735,10.19,4916.68,4938.39,4533.24,107.07,0.401,54.42,1.3,4733.4,5161.67,1.67,RSI in swing zone; MACD bullish; Weak trend; Long-term trend positive; Bollinger position healthy,PHARMA,-1.83,0.76,-2.23,0.0,2.19,2,3,1,-2,1,LOW,2,55.6,4.96,2,-1,2.75,1.5,B,"Trend 2, Momentum 3, Volume 1, Liquidity -2 (0.0cr), VolRisk LOW, Sector PHARMA 2",5,5,5,WATCH,News 0; event caution 0; risk LOW; type ; confidence ; reason . ,-3,HIGH,RISK_OFF,Nifty 20D return -5.771924924783489; 60D return -6.141522169043611; India VIX latest; 20D change 27.715355370472096; USDINR 20D change 0.8995466772440563; Crude 20D change 4.302699067276294,4.0,WATCH,5,6.75,BUY,"Tech 5 | News 0 (, ) | Event caution 0 | Macro -3 | Sector 2 | Analytics 2.75 (B) | Risk LOW/HIGH | Analytics: Trend 2, Momentum 3, Volume 1, Liquidity -2 (0.0cr), VolRisk LOW, Sector PHARMA 2",0,0,LOW,,,,,,,0,0,,,0,,0,46.6,LOW,6.41,BUY,"AI overlay from completed recommendation outcomes; use as probability/risk input, not standalone advice."
BBOX,2026-09-29,812.8,65732.0,7,BUY,51.9,6.1629,21.37,787.16,844.97,,48.4,0.746,72.14,1.48,740.19,933.81,1.67,RSI in swing zone; MACD bullish; Above SMA20; Bollinger position healthy; Volume expansion,UNKNOWN,0.34,5.0,-21.63,0.0,5.96,2,4,1,-2,-1,HIGH,0,,,-1,-3,1.7,1.0,B,"Trend 2, Momentum 4, Volume 1, Liquidity -2 (0.0cr), VolRisk HIGH, Sector UNKNOWN 0",9,9,9,BUY,News 2; event caution 0; risk LOW; type RESULTS_POSITIVE; confidence HIGH; reason Strong reported result or positive guidance.. Positive catalyst: Black Box Reports Mixed Q1 FY26 Results: Profit Rises 28% Despite Revenue Dip - scanx.trade,-3,HIGH,RISK_OFF,Nifty 20D return -5.771924924783489; 60D return -6.141522169043611; India VIX latest; 20D change 27.715355370472096; USDINR 20D change 0.8995466772440563; Crude 20D change 4.302699067276294,5.0,WATCH_MACRO_RISK,7,6.7,WATCH_MACRO_RISK,"Tech 7 | News 2 (RESULTS_POSITIVE, HIGH) | Event caution 0 | Macro -3 | Sector -1 | Analytics 1.7 (B) | Risk LOW/HIGH | Positive catalyst: Black Box Reports Mixed Q1 FY26 Results: Profit Rises 28% Despite Revenue Dip - scanx.trade | Analytics: Trend 2, Momentum 4, Volume 1, Liquidity -2 (0.0cr), VolRisk HIGH, Sector UNKNOWN 0 | News logic: Strong reported result or positive guidance.",2,0,LOW,Positive catalyst: Black Box Reports Mixed Q1 FY26 Results: Profit Rises 28% Despite Revenue Dip - scanx.trade,,Black Box Reports Mixed Q1 FY26 Results: Profit Rises 28% Despite Revenue Dip - scanx.trade,Positive catalyst: Black Box Reports Mixed Q1 FY26 Results: Profit Rises 28% Despite Revenue Dip - scanx.trade,scanx.trade,https://news.google.com/rss/articles/CBMiywFBVV95cUxNcURHcVh2T1lDbkx4Ym9SYnY0Szc4VFhzb3hra0Z0MTR2ZXY0MkYtdGtSWUJFZTNMT0VQUzNyVjJyZEFYUzBOTkllYlpUOU9HSFdNbmxzRGdER1lwdnZQb192M1pnNzl0TVZtTWxPYzlrTFROaU41T2VFdDc0SDRROWdmZlh4STRCdlRBczlMdmY1ajdoZm1rM0FydmtpcWMxTWZCT0N0cXNnMzY4LWRMUUZTamZfNVI0azB5Uk83YVRwaGlENjRKSEJONA?oc=5,2,0,RESULTS_POSITIVE,HIGH,3,Strong reported result or positive guidance.,-1,57.7,MEDIUM,7.47,WATCH_MACRO_RISK,"AI overlay from completed recommendation outcomes; use as probability/risk input, not standalone advice."
CPPLUS,2026-09-29,3817.6,35058.0,8,BUY,58.56,15.9992,17.18,3674.28,3594.22,,183.65,0.718,79.84,1.02,3542.12,4276.74,1.67,RSI in swing zone; MACD bullish; Above SMA20; Above SMA50; Bollinger position healthy,UNKNOWN,4.61,3.05,4.68,0.0,4.81,4,4,0,-2,0,MEDIUM,0,,,-1,-2,2.7,1.5,B,"Trend 4, Momentum 4, Volume 0, Liquidity -2 (0.0cr), VolRisk MEDIUM, Sector UNKNOWN 0",9,8,8,BUY,News 1; event caution -1; risk MEDIUM; type RESULTS_POSITIVE; confidence MEDIUM; reason Pattern matched positive quarterly result.. Positive catalyst: Aditya Infotech Stock Prcie Jumps 8.7% on 239% Q2 Profit Surge - HDFC Sky,-3,HIGH,RISK_OFF,Nifty 20D return -5.771924924783489; 60D return -6.141522169043611; India VIX latest; 20D change 27.715355370472096; USDINR 20D change 0.8995466772440563; Crude 20D change 4.302699067276294,4.0,WATCH_MACRO_RISK,8,6.7,WATCH_MACRO_RISK,"Tech 8 | News 1 (RESULTS_POSITIVE, MEDIUM) | Event caution -1 | Macro -3 | Sector -1 | Analytics 2.7 (B) | Risk MEDIUM/HIGH | Positive catalyst: Aditya Infotech Stock Prcie Jumps 8.7% on 239% Q2 Profit Surge - HDFC Sky | Analytics: Trend 4, Momentum 4, Volume 0, Liquidity -2 (0.0cr), VolRisk MEDIUM, Sector UNKNOWN 0 | News logic: Pattern matched positive quarterly result. | Upcoming event caution: Outcome of Board Meeting",1,-1,MEDIUM,Positive catalyst: Aditya Infotech Stock Prcie Jumps 8.7% on 239% Q2 Profit Surge - HDFC Sky,Upcoming event caution: Outcome of Board Meeting,Aditya Infotech Stock Prcie Jumps 8.7% on 239% Q2 Profit Surge - HDFC Sky,Positive catalyst: Aditya Infotech Stock Prcie Jumps 8.7% on 239% Q2 Profit Surge - HDFC Sky,HDFC Sky,https://news.google.com/rss/articles/CBMijgFBVV95cUxNektnMmh5NF9UaHhYNnZ2TWlsdFZBd3VKN1hpOXYtV2ZYRXo3aXVDRk1DcVVMdkJUalBjSTFfajl4dFoyM2U1NXlJYWx3Mjg5NzJvN2hueWZ0Tldpdko4RWZqdjdUdVJNYnR3aG4tWlkzRWFtY1h2ZFhyZXpES3RZcGtTYWh5VlBDWVZRZ3dR?oc=5,1,1,RESULTS_POSITIVE,MEDIUM,3,Pattern matched positive quarterly result.,-1,57.0,MEDIUM,7.4,WATCH_MACRO_RISK,"AI overlay from completed recommendation outcomes; use as probability/risk input, not standalone advice."
IONEXCHANG,2026-09-14,445.7,38821.0,8,BUY,60.21,2.4252,22.66,424.01,403.34,,26.57,0.735,83.46,1.19,405.85,512.11,1.67,RSI in swing zone; MACD bullish; Trend strength acceptable; Above SMA20; Above SMA50,UNKNOWN,3.23,1.17,,0.0,5.96,5,3,0,-2,-1,HIGH,0,,,-1,-3,2.45,1.0,B,"Trend 5, Momentum 3, Volume 0, Liquidity -2 (0.0cr), VolRisk HIGH, Sector UNKNOWN 0",9,8,8,BUY,News 1; event caution -1; risk MEDIUM; type ORDER_WIN; confidence MEDIUM; reason Order/contract win can be a positive catalyst.. Positive catalyst: Ion Exchange Bags ₹205 Cr Solar Water Projects Order Wins - HDFC Sky,-3,HIGH,RISK_OFF,Nifty 20D return -5.771924924783489; 60D return -6.141522169043611; India VIX latest; 20D change 27.715355370472096; USDINR 20D change 0.8995466772440563; Crude 20D change 4.302699067276294,4.0,WATCH_MACRO_RISK,8,6.45,WATCH_MACRO_RISK,"Tech 8 | News 1 (ORDER_WIN, MEDIUM) | Event caution -1 | Macro -3 | Sector -1 | Analytics 2.45 (B) | Risk MEDIUM/HIGH | Positive catalyst: Ion Exchange Bags ₹205 Cr Solar Water Projects Order Wins - HDFC Sky | Analytics: Trend 5, Momentum 3, Volume 0, Liquidity -2 (0.0cr), VolRisk HIGH, Sector UNKNOWN 0 | News logic: Order/contract win can be a positive catalyst. | Upcoming event caution: Outcome of Board Meeting",1,-1,MEDIUM,Positive catalyst: Ion Exchange Bags ₹205 Cr Solar Water Projects Order Wins - HDFC Sky,Upcoming event caution: Outcome of Board Meeting,Ion Exchange Bags ₹205 Cr Solar Water Projects Order Wins - HDFC Sky,Positive catalyst: Ion Exchange Bags ₹205 Cr Solar Water Projects Order Wins - HDFC Sky,HDFC Sky,https://news.google.com/rss/articles/CBMitAFBVV95cUxQNjltYjZRMWJ6RHFTS2daVHJUT21LN1pMSnk2T0h6UkUyQktVTXA1Umc3RlFnVnZTb2QtbjdNTzJnNHFCOFZmZGZmWGtvUmxiS1I5NGNYSXI0OVB2VkVBdk1vend1NHlubTFPZ2ZTdG1IZDFPX1dNY241OVlqYjdoTVpaSGdKMWpyOXdyV0d1RUQ2VHlDUl9HR3lJOGtyT1RhSExYTWs0VGdEdUN4M21HRGg1bUg?oc=5,1,1,ORDER_WIN,MEDIUM,2,Order/contract win can be a positive catalyst.,-1,57.4,MEDIUM,7.19,WATCH_MACRO_RISK,"AI overlay from completed recommendation outcomes; use as probability/risk input, not standalone advice."
STAR,2026-09-29,1172.6,28294.0,8,BUY,57.36,12.6226,20.66,1095.19,1075.07,,71.17,0.703,73.21,0.66,1065.84,1350.53,1.67,RSI in swing zone; MACD bullish; Above SMA20; Above SMA50; Bollinger position healthy,UNKNOWN,-3.65,9.09,40.79,0.0,6.07,4,4,0,-2,-1,HIGH,0,,,-1,-3,2.35,1.0,B,"Trend 4, Momentum 4, Volume 0, Liquidity -2 (0.0cr), VolRisk HIGH, Sector UNKNOWN 0",9,8,8,BUY,News 1; event caution -1; risk MEDIUM; type BROKERAGE_POSITIVE; confidence MEDIUM; reason Positive brokerage/research view.. Positive catalyst: JM Fin on insurance: Retail health to drive growth; Star Health top pick - Business Standard,-3,HIGH,RISK_OFF,Nifty 20D return -5.771924924783489; 60D return -6.141522169043611; India VIX latest; 20D change 27.715355370472096; USDINR 20D change 0.8995466772440563; Crude 20D change 4.302699067276294,4.0,WATCH_MACRO_RISK,8,6.35,WATCH_MACRO_RISK,"Tech 8 | News 1 (BROKERAGE_POSITIVE, MEDIUM) | Event caution -1 | Macro -3 | Sector -1 | Analytics 2.35 (B) | Risk MEDIUM/HIGH | Positive catalyst: JM Fin on insurance: Retail health to drive growth; Star Health top pick - Business Standard | Analytics: Trend 4, Momentum 4, Volume 0, Liquidity -2 (0.0cr), VolRisk HIGH, Sector UNKNOWN 0 | News logic: Positive brokerage/research view. | Upcoming event caution: Outcome of Board Meeting",1,-1,MEDIUM,Positive catalyst: JM Fin on insurance: Retail health to drive growth; Star Health top pick - Business Standard,Upcoming event caution: Outcome of Board Meeting,JM Fin on insurance: Retail health to drive growth; Star Health top pick - Business Standard,Positive catalyst: JM Fin on insurance: Retail health to drive growth; Star Health top pick - Business Standard,Business Standard,https://news.google.com/rss/articles/CBMi0wFBVV95cUxQNzVTM1ZRVDVfeHBHVDQydUYyQ0NyR1h1eW1ISFFseExVT0habHVYdTFwZ2I4dnVWWlZjY3hYTkQyZkFZZmxlRlZhdkhWbDFYQXNmM0hqcnRpVkJqZ05KbF9sQnZYWHhxbkwwSmtDNFYxZ0NQQVhWQnJJd0lxZE1fUFlrTURDd2I4NW44Z2tzM2ZZcE12VUhGSDlCOWcwR3ZvZVpVMDU5ZGNwdEpJajdFZ0Z1QWYwUmlna014eFFWUlVod3BvTDh6Vk9ndUYtN1dwRmlj?oc=5,3,1,BROKERAGE_POSITIVE,MEDIUM,1,Positive brokerage/research view.,-1,58.8,MEDIUM,7.23,WATCH_MACRO_RISK,"AI overlay from completed recommendation outcomes; use as probability/risk input, not standalone advice."
ENGINERSIN,2026-09-29,310.2,63935.0,6,WATCH,69.27,3.266,40.44,283.69,262.96,230.79,12.65,0.831,83.48,0.87,291.23,341.82,1.67,MACD bullish; Trend strength acceptable; Above SMA20; Above SMA50; Long-term trend positive,UNKNOWN,1.31,11.0,27.18,0.0,4.08,6,3,0,-2,0,MEDIUM,0,,,0,-2,3.25,1.5,B,"Trend 6, Momentum 3, Volume 0, Liquidity -2 (0.0cr), VolRisk MEDIUM, Sector UNKNOWN 0",7,6,6,WATCH,News 1; event caution -1; risk MEDIUM; type RESULTS_POSITIVE; confidence HIGH; reason Strong reported result or positive guidance.. Positive catalyst: Engineers India shares zoom 16% as Q3 profit surges 219% YoY to ₹347 crore; check earnings numbers - Upstox,-3,HIGH,RISK_OFF,Nifty 20D return -5.771924924783489; 60D return -6.141522169043611; India VIX latest; 20D change 27.715355370472096; USDINR 20D change 0.8995466772440563; Crude 20D change 4.302699067276294,3.0,NEUTRAL,6,6.25,BUY,"Tech 6 | News 1 (RESULTS_POSITIVE, HIGH) | Event caution -1 | Macro -3 | Sector 0 | Analytics 3.25 (B) | Risk MEDIUM/HIGH | Positive catalyst: Engineers India shares zoom 16% as Q3 profit surges 219% YoY to ₹347 crore; check earnings numbers - Upstox | Analytics: Trend 6, Momentum 3, Volume 0, Liquidity -2 (0.0cr), VolRisk MEDIUM, Sector UNKNOWN 0 | News logic: Strong reported result or positive guidance. | Upcoming event caution: Record Date",1,-1,MEDIUM,Positive catalyst: Engineers India shares zoom 16% as Q3 profit surges 219% YoY to ₹347 crore; check earnings numbers - Upstox,Upcoming event caution: Record Date,Engineers India shares zoom 16% as Q3 profit surges 219% YoY to ₹347 crore; check earnings numbers - Upstox,Positive catalyst: Engineers India shares zoom 16% as Q3 profit surges 219% YoY to ₹347 crore; check earnings numbers - Upstox,Upstox,https://news.google.com/rss/articles/CBMi6gFBVV95cUxQSWE2TFJGWUpmeHJ3OE92WjhRWkowQVEyMlpZLWFTNDBacmRqQzJrRC0tOFpibTBmdUI2Rlo3RUVxanJZUTJfNUQyQmdFdE1heDlXM1htelI2WF85ajMwZ0dnRWxyWGVFZU92Mlk5RUFsWUlVMmxlUEc5TzZsd0tuVmlIaUZEbEtZb1FIMjh0VGV1b2hIWE9hRFhrQTR6Uk9uaS1HZFZhMkM2WjF1X1hHa2tEQ2x2OVhzV3FIU1QwNWxfZW9la2JhS3dTRXBYRXZIM1RvbHRUNi1BdVRwUTV3UGY0RGRyTDVSelE?oc=5,1,1,RESULTS_POSITIVE,HIGH,3,Strong reported result or positive guidance.,0,55.9,MEDIUM,6.84,BUY,"AI overlay from completed recommendation outcomes; use as probability/risk input, not standalone advice."
DRREDDY,2026-09-29,1251.9,116376.0,3,NEUTRAL,73.48,7.6544,32.67,1180.28,1178.53,1251.54,24.32,1.071,99.27,1.67,1215.42,1312.7,1.67,RSI overbought; MACD bullish; Trend strength acceptable; Above SMA20; Above SMA50,PHARMA,3.36,8.77,3.81,0.0,1.94,6,2,1,-2,1,LOW,2,55.6,4.96,2,-1,4.2,1.5,B,"Trend 6, Momentum 2, Volume 1, Liquidity -2 (0.0cr), VolRisk LOW, Sector PHARMA 2",3,3,3,NEUTRAL,News 0; event caution 0; risk LOW; type ; confidence ; reason . ,-3,HIGH,RISK_OFF,Nifty 20D return -5.771924924783489; 60D return -6.141522169043611; India VIX latest; 20D change 27.715355370472096; USDINR 20D change 0.8995466772440563; Crude 20D change 4.302699067276294,2.0,NEUTRAL,3,6.2,BUY,"Tech 3 | News 0 (, ) | Event caution 0 | Macro -3 | Sector 2 | Analytics 4.2 (B) | Risk LOW/HIGH | Analytics: Trend 6, Momentum 2, Volume 1, Liquidity -2 (0.0cr), VolRisk LOW, Sector PHARMA 2",0,0,LOW,,,,,,,0,0,,,0,,0,43.6,NEGATIVE,5.56,WATCH_AI_WEAK,"AI overlay from completed recommendation outcomes; use as probability/risk input, not standalone advice."
APOLLO,2026-09-29,402.6,63042.0,8,BUY,53.5,1.1024,14.85,399.94,393.79,333.06,16.1,0.537,65.19,0.75,378.46,442.84,1.67,RSI in swing zone; MACD bullish; Weak trend; Above SMA20; Above SMA50,UNKNOWN,-0.49,3.52,3.09,0.0,4.0,5,4,0,-2,0,MEDIUM,0,,,-1,-2,3.15,1.5,B,"Trend 5, Momentum 4, Volume 0, Liquidity -2 (0.0cr), VolRisk MEDIUM, Sector UNKNOWN 0",7,7,7,BUY,"News -1; event caution 0; risk LOW; type BROKERAGE_NEGATIVE; confidence MEDIUM; reason Negative brokerage/research view.. Negative catalyst: Here's why Ajit Mishra is bullish on MCX, Apollo Hospitals; bearish on TCS - Business Standard",-3,HIGH,RISK_OFF,Nifty 20D return -5.771924924783489; 60D return -6.141522169043611; India VIX latest; 20D change 27.715355370472096; USDINR 20D change 0.8995466772440563; Crude 20D change 4.302699067276294,3.0,WATCH_MACRO_RISK,8,6.15,WATCH_MACRO_RISK,"Tech 8 | News -1 (BROKERAGE_NEGATIVE, MEDIUM) | Event caution 0 | Macro -3 | Sector -1 | Analytics 3.15 (B) | Risk LOW/HIGH | Negative catalyst: Here's why Ajit Mishra is bullish on MCX, Apollo Hospitals; bearish on TCS - Business Standard | Analytics: Trend 5, Momentum 4, Volume 0, Liquidity -2 (0.0cr), VolRisk MEDIUM, Sector UNKNOWN 0 | News logic: Negative brokerage/research view.",-1,0,LOW,"Negative catalyst: Here's why Ajit Mishra is bullish on MCX, Apollo Hospitals; bearish on TCS - Business Standard",,"Here's why Ajit Mishra is bullish on MCX, Apollo Hospitals; bearish on TCS - Business Standard","Negative catalyst: Here's why Ajit Mishra is bullish on MCX, Apollo Hospitals; bearish on TCS - Business Standard",Business Standard,https://news.google.com/rss/articles/CBMi1gFBVV95cUxNb2E0OUpncnBVdnNuYzY5SUdDYkRYeG9Obm9xcUF5elFqUGNSaVdsNzVPYXFBdlVtNWNTZW0wU1Z0U1duR3pWbEthV0xRVUR0MnlIbEhXTVJWcy1NMlZOT3hsak0tZmp2N2o3ejVpbjJxTTZTY3poUTI0Ulh5VW5MWlpwVU9QUFhzSXhGWGZuTjZWdEY1Wk1tT3J6RHk1UFg1T0dFRXUwd2RSVXktMlRVX2hFMFhNS0toNm1fMkhzRUFLVGx4UHUzYXpjMDZFZGJRb2twRkV30gHbAUFVX3lxTFBiajAtY3Q4V2RHOUhWSUdPUWlvMUxnV1RxVGdma2ZRNmhTcXhwYWQ3Y0t6S2pGZ0FoQTRjbXZyVjBUTVI5cFBmeC1keFFLYkVmX2o0UUsxem03Wkl6LW9Mb3RCZGhlV2oxaW1VZ25NNVN4ZWJVVjl3LXBBUVFIQ0V5X2ttYTdLLTFHbC1CYnEwbHZkNm00bTl6TEtTcXpTZXdsRDJFak5vZkM3VWlSODdjMnRTZE84NVlSUW5CNmtndGJ3RUVLYUtBR3JfMzQyVzd3SDhFR2ZBVjd2QQ?oc=5,1,0,BROKERAGE_NEGATIVE,MEDIUM,1,Negative brokerage/research view.,-1,57.3,MEDIUM,6.88,WATCH_MACRO_RISK,"AI overlay from completed recommendation outcomes; use as probability/risk input, not standalone advice."
DIXON,2026-09-29,13250.0,45423.0,6,WATCH,41.94,42.0003,32.93,13408.2,13990.12,12137.59,380.93,0.377,43.67,0.85,12678.61,14202.32,1.67,RSI in swing zone; MACD bullish; Trend strength acceptable; Long-term trend positive; Bollinger position healthy,ELECTRONICS,0.38,-6.95,-6.15,0.0,2.87,2,2,0,-2,0,MEDIUM,0,,,0,-2,1.1,1.5,B,"Trend 2, Momentum 2, Volume 0, Liquidity -2 (0.0cr), VolRisk MEDIUM, Sector ELECTRONICS 0",8,8,8,BUY,News 2; event caution 0; risk LOW; type BUSINESS_POSITIVE; confidence MEDIUM; reason Positive business development.. Positive catalyst: Acquisition,-3,HIGH,RISK_OFF,Nifty 20D return -5.771924924783489; 60D return -6.141522169043611; India VIX latest; 20D change 27.715355370472096; USDINR 20D change 0.8995466772440563; Crude 20D change 4.302699067276294,5.0,WATCH,6,6.1,BUY,"Tech 6 | News 2 (BUSINESS_POSITIVE, MEDIUM) | Event caution 0 | Macro -3 | Sector 0 | Analytics 1.1 (B) | Risk LOW/HIGH | Positive catalyst: Acquisition | Analytics: Trend 2, Momentum 2, Volume 0, Liquidity -2 (0.0cr), VolRisk MEDIUM, Sector ELECTRONICS 0 | News logic: Positive business development.",2,0,LOW,Positive catalyst: Acquisition,,Acquisition,Positive catalyst: Acquisition,NSE Corporate Announcements,https://nsearchives.nseindia.com/corporate/DIXON_21092026184010_AcquisitionAdivistarFinal21092026.pdf,1,0,BUSINESS_POSITIVE,MEDIUM,2,Positive business development.,0,50.1,LOW,6.11,BUY,"AI overlay from completed recommendation outcomes; use as probability/risk input, not standalone advice."
MOREPENLAB,2026-09-29,118.8,50923.0,6,WATCH,58.05,-1.1631,31.84,117.96,101.97,,6.67,0.557,73.12,0.79,108.79,135.48,1.67,RSI in swing zone; MACD weak; Trend strength acceptable; Above SMA20; Above SMA50,UNKNOWN,-2.9,4.45,94.05,0.0,5.61,5,2,0,-2,-1,HIGH,0,,,0,-3,2.1,1.0,B,"Trend 5, Momentum 2, Volume 0, Liquidity -2 (0.0cr), VolRisk HIGH, Sector UNKNOWN 0",7,7,7,BUY,News 1; event caution 0; risk LOW; type RESULTS_POSITIVE; confidence MEDIUM; reason Pattern matched positive quarterly result.. Positive catalyst: Morepen Clocks Highest-Ever Quarterly Revenue and Earnings in Q1'FY27; EBITDA Grows by 207% and PAT by 394%; CDMO Enters Full Scale Commercialization,-3,HIGH,RISK_OFF,Nifty 20D return -5.771924924783489; 60D return -6.141522169043611; India VIX latest; 20D change 27.715355370472096; USDINR 20D change 0.8995466772440563; Crude 20D change 4.302699067276294,4.0,WATCH,6,6.1,BUY,"Tech 6 | News 1 (RESULTS_POSITIVE, MEDIUM) | Event caution 0 | Macro -3 | Sector 0 | Analytics 2.1 (B) | Risk LOW/HIGH | Positive catalyst: Morepen Clocks Highest-Ever Quarterly Revenue and Earnings in Q1'FY27; EBITDA Grows by 207% and PAT by 394%; CDMO Enters Full Scale Commercia | Analytics: Trend 5, Momentum 2, Volume 0, Liquidity -2 (0.0cr), VolRisk HIGH, Sector UNKNOWN 0 | News logic: Pattern matched positive quarterly result.",1,0,LOW,Positive catalyst: Morepen Clocks Highest-Ever Quarterly Revenue and Earnings in Q1'FY27; EBITDA Grows by 207% and PAT by 394%; CDMO Enters Full Scale Commercialization,,Morepen Clocks Highest-Ever Quarterly Revenue and Earnings in Q1'FY27; EBITDA Grows by 207% and PAT by 394%; CDMO Enters Full Scale Commercialization - ANI News,Positive catalyst: Morepen Clocks Highest-Ever Quarterly Revenue and Earnings in Q1'FY27; EBITDA Grows by 207% and PAT by 394%; CDMO Enters Full Scale Commercialization,ANI News,https://news.google.com/rss/articles/CBMioAJBVV95cUxQT2hfRzJNV3VqM08ySnI3YWpGODI0M0gxRHpmNHVWdkpESFZVdXN2THFqWUswc0JSTkVIR3duN2VKaTVWU25LcTZRTE5PU3AtWEhCOXI5VVpkdkx2T0twRGJMdkhHVTJKNkE2RHNMUjNBck9sZ0ZPdFhOMUU0WmZpWWFpbG1SLWFnaDJNVVFfdWd2WERfdHROT05XMUE4b0RvbHh0YWt1ZGlSZ1A3VXBVRUlpbURmZGxieVQ2VmlaY0JyRWl0aHNmQ05JVEY3bC14T3hjcGdkSDl5dS1oTVZyX2E3NnMzOGlNWUVLenE5U180WDV5NWhCeldOLXREZGZPN0ZXWkxCSHRpYWhyeGlmdTNCOFp0TS1STWo0ekNqTFA?oc=5,1,0,RESULTS_POSITIVE,MEDIUM,3,Pattern matched positive quarterly result.,0,55.7,MEDIUM,6.67,BUY,"AI overlay from completed recommendation outcomes; use as probability/risk input, not standalone advice."
SHADOWFAX,2026-09-29,280.85,99161.0,6,WATCH,63.67,1.8696,21.73,262.66,255.21,,11.65,0.786,79.8,1.69,263.37,309.98,1.67,MACD bullish; Above SMA20; Above SMA50; Volume expansion,UNKNOWN,-1.71,8.06,25.8,0.0,4.15,4,4,1,-2,0,MEDIUM,0,,,0,-2,2.95,1.5,B,"Trend 4, Momentum 4, Volume 1, Liquidity -2 (0.0cr), VolRisk MEDIUM, Sector UNKNOWN 0",6,6,6,WATCH,News 0; event caution 0; risk LOW; type GENERIC_NEWS; confidence LOW; reason No material catalyst/event taxonomy match.. ,-3,HIGH,RISK_OFF,Nifty 20D return -5.771924924783489; 60D return -6.141522169043611; India VIX latest; 20D change 27.715355370472096; USDINR 20D change 0.8995466772440563; Crude 20D change 4.302699067276294,3.0,NEUTRAL,6,5.95,BUY,"Tech 6 | News 0 (GENERIC_NEWS, LOW) | Event caution 0 | Macro -3 | Sector 0 | Analytics 2.95 (B) | Risk LOW/HIGH | Analytics: Trend 4, Momentum 4, Volume 1, Liquidity -2 (0.0cr), VolRisk MEDIUM, Sector UNKNOWN 0 | News logic: No material catalyst/event taxonomy match.",0,0,LOW,,,Trading Window,Neutral news: Trading Window,NSE Corporate Announcements,https://nsearchives.nseindia.com/corporate/9900590024_28092026125448_Intimation_for_closure_of_trading_window.pdf,0,0,GENERIC_NEWS,LOW,0,No material catalyst/event taxonomy match.,0,56.4,MEDIUM,6.59,BUY,"AI overlay from completed recommendation outcomes; use as probability/risk input, not standalone advice."
DIVISLAB,2026-09-29,9431.0,70973.0,7,BUY,56.64,-22.1649,42.27,9421.0,9002.03,7152.66,180.63,0.518,62.18,1.18,9160.06,9882.57,1.67,RSI in swing zone; MACD weak; Trend strength acceptable; Above SMA20; Above SMA50,PHARMA,-2.01,3.64,28.66,0.0,1.92,6,2,0,-2,1,LOW,2,55.6,4.96,1,-1,3.95,1.5,B,"Trend 6, Momentum 2, Volume 0, Liquidity -2 (0.0cr), VolRisk LOW, Sector PHARMA 2",7,4,4,WATCH_EVENT_CAUTION,"News 0; event caution -3; risk MEDIUM; type GENERIC_NEWS; confidence LOW; reason No material catalyst/event taxonomy match.. Upcoming event caution: Q2 results: Bajaj Auto, Divis Lab, Hindalco, Trent, Nykaa, Kalyan Jewellers, NALCO, others to declare earnings on Nov 7; check list",-3,HIGH,RISK_OFF,Nifty 20D return -5.771924924783489; 60D return -6.141522169043611; India VIX latest; 20D change 27.715355370472096; USDINR 20D change 0.8995466772440563; Crude 20D change 4.302699067276294,2.0,WATCH_MACRO_RISK,7,5.95,WATCH_EVENT_CAUTION,"Tech 7 | News 0 (GENERIC_NEWS, LOW) | Event caution -3 | Macro -3 | Sector 1 | Analytics 3.95 (B) | Risk MEDIUM/HIGH | Analytics: Trend 6, Momentum 2, Volume 0, Liquidity -2 (0.0cr), VolRisk LOW, Sector PHARMA 2 | News logic: No material catalyst/event taxonomy match. | Upcoming event caution: Q2 results: Bajaj Auto, Divis Lab, Hindalco, Trent, Nykaa, Kalyan Jewellers, NALCO, others to declare earnings on Nov 7; check list",0,-3,MEDIUM,,"Upcoming event caution: Q2 results: Bajaj Auto, Divis Lab, Hindalco, Trent, Nykaa, Kalyan Jewellers, NALCO, others to declare earnings on Nov 7; check list",Copy of Newspaper Publication,"Upcoming event caution: Q2 results: Bajaj Auto, Divis Lab, Hindalco, Trent, Nykaa, Kalyan Jewellers, NALCO, others to declare earnings on Nov 7; check list",NSE Corporate Announcements,https://nsearchives.nseindia.com/corporate/DIVISLAB_12092026115855_Special_Window_PaperAdv.pdf,0,2,GENERIC_NEWS,LOW,0,No material catalyst/event taxonomy match.,-1,46.2,LOW,5.57,WATCH_EVENT_CAUTION,"AI overlay from completed recommendation outcomes; use as probability/risk input, not standalone advice."
LTTS,2026-08-31,3608.4,49688.0,8,BUY,59.17,19.5594,19.08,3419.69,3419.05,,154.0,0.784,77.67,1.41,3377.4,3993.39,1.67,RSI in swing zone; MACD bullish; Above SMA20; Above SMA50; Volume expansion,IT,3.79,13.94,8.9,0.0,4.27,4,4,1,-2,0,MEDIUM,-3,8.3,-6.57,-3,-2,1.9,1.25,B,"Trend 4, Momentum 4, Volume 1, Liquidity -2 (0.0cr), VolRisk MEDIUM, Sector IT -3",12,10,10,WATCH_EVENT_CAUTION,"News 4; event caution -2; risk MEDIUM; type RESULTS_POSITIVE; confidence HIGH; reason Strong reported result or positive guidance.. Positive catalyst: LTTS Q1 profit rises 17.4% as mobility, sustainability biz drive growth - Business Standard",-3,HIGH,RISK_OFF,Nifty 20D return -5.771924924783489; 60D return -6.141522169043611; India VIX latest; 20D change 27.715355370472096; USDINR 20D change 0.8995466772440563; Crude 20D change 4.302699067276294,4.0,WATCH_MACRO_RISK,8,5.9,WATCH_EVENT_CAUTION,"Tech 8 | News 4 (RESULTS_POSITIVE, HIGH) | Event caution -2 | Macro -3 | Sector -3 | Analytics 1.9 (B) | Risk MEDIUM/HIGH | Positive catalyst: LTTS Q1 profit rises 17.4% as mobility, sustainability biz drive growth - Business Standard | Analytics: Trend 4, Momentum 4, Volume 1, Liquidity -2 (0.0cr), VolRisk MEDIUM, Sector IT -3 | News logic: Strong reported result or positive guidance. | Upcoming event caution: Q1 Results: Tata Elxsi, LTTS, Jindal Saw, Anand Rathi Share, Den Networks, Benares Hotels, others to post earnings on July 14",4,-2,MEDIUM,"Positive catalyst: LTTS Q1 profit rises 17.4% as mobility, sustainability biz drive growth - Business Standard","Upcoming event caution: Q1 Results: Tata Elxsi, LTTS, Jindal Saw, Anand Rathi Share, Den Networks, Benares Hotels, others to post earnings on July 14","LTTS Q1 profit rises 17.4% as mobility, sustainability biz drive growth - Business Standard","Positive catalyst: LTTS Q1 profit rises 17.4% as mobility, sustainability biz drive growth - Business Standard",Business Standard,https://news.google.com/rss/articles/CBMi5gFBVV95cUxOUnhhNWJSc0d1VU80aTNMcUhtWlVTanpfeGFBZmEzU3Vqb0gwbW5ONF9CMW1DMXFRYVVDX2tQSlMxMjFSczFMOVFhWVE5TDJoNG9oZlVRNzE2YWlvOWpKWVYtUWV5a3RVZ2FrX2J6QmcxNE9ESnF1SENHcXVKcklQSzQ3VHNNVU4teERSTHV2dDI0TktWSVduX1VEZHlleXpyc0FmTG5GcGpKeG1wUmNySVpCU2FwajBlbmFyYmtpVWNEdmpuMFR1T0JValZJWk8wcDRkM295ZWU1MUdCalozM3BtLTZOQdIB6wFBVV95cUxNZW92eDJ2ZkhRSmE3dDVyckotOE90YUphNmZRRDlpWHFVY2lRMmYxemw3MGpMejNGMTh4R2dGMFQ5TzlRVWphNHlhSVFUTWRaNk9mZDZYeHQ3cU9Jc0dBaE5EVWo1cUpZWkRZa2lReDlZZGVBR0hpc2cyWU9JYVJ4cTZBQU1OQlkzU29iRFhMNW1mM3BDbVFCRmk5bHU5WWZid3ZmMWR6QnlFQXpYTVk1YVBGVDEzeG5QU0RLd1Q5d2poc0dmM1V5VGhISlhmZ21nM0c3TUo3ZlAwMGF2ZjQ0Z2pzNnE1UkQya0tn?oc=5,2,1,RESULTS_POSITIVE,HIGH,3,Strong reported result or positive guidance.,-1,55.4,MEDIUM,6.44,WATCH_EVENT_CAUTION,"AI overlay from completed recommendation outcomes; use as probability/risk input, not standalone advice."
LALPATHLAB,2026-09-29,1950.4,50264.0,9,BUY,60.15,3.347,35.22,1915.58,1911.49,1601.74,57.27,0.868,47.69,1.05,1864.49,2093.58,1.67,RSI in swing zone; MACD bullish; Trend strength acceptable; Above SMA20; Above SMA50,HEALTHCARE,2.13,1.31,13.18,0.0,2.94,6,3,0,-2,0,MEDIUM,-1,25.0,4.4,-2,-2,2.9,1.25,B,"Trend 6, Momentum 3, Volume 0, Liquidity -2 (0.0cr), VolRisk MEDIUM, Sector HEALTHCARE -1",9,8,8,BUY,News 0; event caution -1; risk MEDIUM; type GENERIC_NEWS; confidence LOW; reason No material catalyst/event taxonomy match.. Upcoming event caution: Outcome of Board Meeting,-3,HIGH,RISK_OFF,Nifty 20D return -5.771924924783489; 60D return -6.141522169043611; India VIX latest; 20D change 27.715355370472096; USDINR 20D change 0.8995466772440563; Crude 20D change 4.302699067276294,3.0,WATCH_MACRO_RISK,9,5.9,WATCH_MACRO_RISK,"Tech 9 | News 0 (GENERIC_NEWS, LOW) | Event caution -1 | Macro -3 | Sector -2 | Analytics 2.9 (B) | Risk MEDIUM/HIGH | Analytics: Trend 6, Momentum 3, Volume 0, Liquidity -2 (0.0cr), VolRisk MEDIUM, Sector HEALTHCARE -1 | News logic: No material catalyst/event taxonomy match. | Upcoming event caution: Outcome of Board Meeting",0,-1,MEDIUM,,Upcoming event caution: Outcome of Board Meeting,General Updates,Upcoming event caution: Outcome of Board Meeting,NSE Corporate Announcements,https://nsearchives.nseindia.com/corporate/LALPATHLAB_26092026165355_Update_on_Acquisition_Ghana.pdf,0,1,GENERIC_NEWS,LOW,0,No material catalyst/event taxonomy match.,-1,53.4,LOW,6.24,WATCH_MACRO_RISK,"AI overlay from completed recommendation outcomes; use as probability/risk input, not standalone advice."
MEESHO,2026-09-29,223.21,205592.0,7,BUY,56.62,-0.653,32.17,218.59,207.26,180.27,10.4,0.636,43.33,1.14,207.61,249.21,1.67,RSI in swing zone; MACD weak; Trend strength acceptable; Above SMA20; Above SMA50,UNKNOWN,-5.57,6.8,16.51,0.01,4.66,6,2,0,-2,0,MEDIUM,0,,,-1,-2,2.9,1.5,B,"Trend 6, Momentum 2, Volume 0, Liquidity -2 (0.01cr), VolRisk MEDIUM, Sector UNKNOWN 0",7,7,7,BUY,News 0; event caution 0; risk LOW; type GENERIC_NEWS; confidence LOW; reason No material catalyst/event taxonomy match.. ,-3,HIGH,RISK_OFF,Nifty 20D return -5.771924924783489; 60D return -6.141522169043611; India VIX latest; 20D change 27.715355370472096; USDINR 20D change 0.8995466772440563; Crude 20D change 4.302699067276294,3.0,WATCH_MACRO_RISK,7,5.9,WATCH_MACRO_RISK,"Tech 7 | News 0 (GENERIC_NEWS, LOW) | Event caution 0 | Macro -3 | Sector -1 | Analytics 2.9 (B) | Risk LOW/HIGH | Analytics: Trend 6, Momentum 2, Volume 0, Liquidity -2 (0.01cr), VolRisk MEDIUM, Sector UNKNOWN 0 | News logic: No material catalyst/event taxonomy match.",0,0,LOW,,,ESOP/ESOS/ESPS,Neutral news: ESOP/ESOS/ESPS,NSE Corporate Announcements,https://nsearchives.nseindia.com/corporate/MEESHO_29092026121749_MLIntimationGrantofESOP29Sep2026.pdf,0,0,GENERIC_NEWS,LOW,0,No material catalyst/event taxonomy match.,-1,54.9,LOW,6.39,WATCH_MACRO_RISK,"AI overlay from completed recommendation outcomes; use as probability/risk input, not standalone advice."
ACE,2026-09-28,1212.9,22380.0,7,BUY,62.78,2.5672,30.83,1173.1,1082.77,,47.43,0.716,69.71,0.74,1141.75,1331.48,1.67,MACD bullish; Trend strength acceptable; Above SMA20; Above SMA50; Bollinger position healthy,UNKNOWN,-1.33,2.68,33.38,0.0,3.91,5,3,0,-2,0,MEDIUM,0,,,-1,-2,2.8,1.5,B,"Trend 5, Momentum 3, Volume 0, Liquidity -2 (0.0cr), VolRisk MEDIUM, Sector UNKNOWN 0",7,7,7,BUY,News 0; event caution 0; risk LOW; type INVESTOR_COMMUNICATION; confidence HIGH; reason Investor/analyst communication is informational unless paired with adverse content.. ,-3,HIGH,RISK_OFF,Nifty 20D return -5.771924924783489; 60D return -6.141522169043611; India VIX latest; 20D change 27.715355370472096; USDINR 20D change 0.8995466772440563; Crude 20D change 4.302699067276294,3.0,WATCH_MACRO_RISK,7,5.8,WATCH_MACRO_RISK,"Tech 7 | News 0 (INVESTOR_COMMUNICATION, HIGH) | Event caution 0 | Macro -3 | Sector -1 | Analytics 2.8 (B) | Risk LOW/HIGH | Analytics: Trend 5, Momentum 3, Volume 0, Liquidity -2 (0.0cr), VolRisk MEDIUM, Sector UNKNOWN 0 | News logic: Investor/analyst communication is informational unless paired with adverse content.",0,0,LOW,,,Analysts/Institutional Investor Meet/Con. Call Updates,Informational event: Analysts/Institutional Investor Meet/Con. Call Updates,NSE Corporate Announcements,https://nsearchives.nseindia.com/corporate/ACE_26092026211924_Investor_Meet_revised_signed.pdf,0,0,INVESTOR_COMMUNICATION,HIGH,0,Investor/analyst communication is informational unless paired with adverse content.,-1,55.6,MEDIUM,6.36,WATCH_MACRO_RISK,"AI overlay from completed recommendation outcomes; use as probability/risk input, not standalone advice."
ROLEXRINGS,2026-09-29,190.58,33842.0,6,WATCH,63.3,0.6238,34.5,182.22,164.77,,9.64,0.782,75.37,1.02,176.12,214.69,1.67,MACD bullish; Trend strength acceptable; Above SMA20; Above SMA50,UNKNOWN,3.81,8.1,,0.0,5.06,5,4,0,-2,-1,HIGH,0,,,0,-3,2.8,1.0,B,"Trend 5, Momentum 4, Volume 0, Liquidity -2 (0.0cr), VolRisk HIGH, Sector UNKNOWN 0",6,6,6,WATCH,News 0; event caution 0; risk LOW; type ; confidence ; reason . ,-3,HIGH,RISK_OFF,Nifty 20D return -5.771924924783489; 60D return -6.141522169043611; India VIX latest; 20D change 27.715355370472096; USDINR 20D change 0.8995466772440563; Crude 20D change 4.302699067276294,3.0,NEUTRAL,6,5.8,BUY,"Tech 6 | News 0 (, ) | Event caution 0 | Macro -3 | Sector 0 | Analytics 2.8 (B) | Risk LOW/HIGH | Analytics: Trend 5, Momentum 4, Volume 0, Liquidity -2 (0.0cr), VolRisk HIGH, Sector UNKNOWN 0",0,0,LOW,,,,,,,0,0,,,0,,0,57.6,MEDIUM,6.56,BUY,"AI overlay from completed recommendation outcomes; use as probability/risk input, not standalone advice."
CANHLIFE,2026-09-24,151.51,65833.0,10,BUY,53.4,0.4822,26.47,149.31,145.74,,8.63,0.593,51.05,1.41,138.57,173.08,1.67,RSI in swing zone; MACD bullish; Trend strength acceptable; Above SMA20; Above SMA50,PHARMA,1.45,8.92,4.57,0.0,5.7,5,4,1,-2,-1,HIGH,2,55.6,4.96,1,-3,3.75,1.0,B,"Trend 5, Momentum 4, Volume 1, Liquidity -2 (0.0cr), VolRisk HIGH, Sector PHARMA 2",5,4,4,WATCH_EVENT_RISK,News -5; event caution -1; risk HIGH; type GOVERNANCE_RISK; confidence HIGH; reason Material management/auditor/governance risk.. Negative catalyst: Resignation of Director/KMP/SMP,-3,HIGH,RISK_OFF,Nifty 20D return -5.771924924783489; 60D return -6.141522169043611; India VIX latest; 20D change 27.715355370472096; USDINR 20D change 0.8995466772440563; Crude 20D change 4.302699067276294,2.0,WATCH_MACRO_RISK,10,5.75,WATCH_EVENT_RISK,"Tech 10 | News -5 (GOVERNANCE_RISK, HIGH) | Event caution -1 | Macro -3 | Sector 1 | Analytics 3.75 (B) | Risk HIGH/HIGH | Negative catalyst: Resignation of Director/KMP/SMP | Analytics: Trend 5, Momentum 4, Volume 1, Liquidity -2 (0.0cr), VolRisk HIGH, Sector PHARMA 2 | News logic: Material management/auditor/governance risk. | Upcoming event caution: Record Date",-5,-1,HIGH,Negative catalyst: Resignation of Director/KMP/SMP,Upcoming event caution: Record Date,Resignation of Director/KMP/SMP,Negative catalyst: Resignation of Director/KMP/SMP,NSE Corporate Announcements,https://nsearchives.nseindia.com/corporate/CANHLIFE_ROID_96870_KMP_Doc.zip,2,1,GOVERNANCE_RISK,HIGH,3,Material management/auditor/governance risk.,-1,57.9,MEDIUM,6.54,WATCH_EVENT_RISK,"AI overlay from completed recommendation outcomes; use as probability/risk input, not standalone advice."
MRPL,2026-09-29,171.65,102050.0,9,BUY,53.75,0.1764,17.39,170.08,171.6,172.14,6.93,0.564,37.86,1.51,161.25,188.98,1.67,RSI in swing zone; MACD bullish; Above SMA20; Above SMA50; Bollinger position healthy,UNKNOWN,3.2,-1.82,-0.97,0.0,4.04,2,3,1,-2,0,MEDIUM,0,,,-1,-2,1.7,1.5,B,"Trend 2, Momentum 3, Volume 1, Liquidity -2 (0.0cr), VolRisk MEDIUM, Sector UNKNOWN 0",9,8,8,BUY,News 0; event caution -1; risk MEDIUM; type GENERIC_NEWS; confidence LOW; reason No material catalyst/event taxonomy match.. Upcoming event caution: Outcome of Board Meeting,-3,HIGH,RISK_OFF,Nifty 20D return -5.771924924783489; 60D return -6.141522169043611; India VIX latest; 20D change 27.715355370472096; USDINR 20D change 0.8995466772440563; Crude 20D change 4.302699067276294,4.0,WATCH_MACRO_RISK,9,5.7,WATCH_MACRO_RISK,"Tech 9 | News 0 (GENERIC_NEWS, LOW) | Event caution -1 | Macro -3 | Sector -1 | Analytics 1.7 (B) | Risk MEDIUM/HIGH | Analytics: Trend 2, Momentum 3, Volume 1, Liquidity -2 (0.0cr), VolRisk MEDIUM, Sector UNKNOWN 0 | News logic: No material catalyst/event taxonomy match. | Upcoming event caution: Outcome of Board Meeting",0,-1,MEDIUM,,Upcoming event caution: Outcome of Board Meeting,Credit Rating- New,Upcoming event caution: Outcome of Board Meeting,NSE Corporate Announcements,https://nsearchives.nseindia.com/corporate/MRPL_29092026170151_IntimationcreditratingSD.pdf,0,1,GENERIC_NEWS,LOW,0,No material catalyst/event taxonomy match.,-1,57.2,MEDIUM,6.42,WATCH_MACRO_RISK,"AI overlay from completed recommendation outcomes; use as probability/risk input, not standalone advice."
EMCURE,2026-09-29,1959.1,34958.0,7,BUY,55.98,-0.5501,30.87,1937.33,1828.65,,88.17,0.608,43.97,1.26,1826.85,2179.51,1.67,RSI in swing zone; MACD weak; Trend strength acceptable; Above SMA20; Above SMA50,UNKNOWN,-0.19,3.54,26.21,0.0,4.5,5,2,1,-2,0,MEDIUM,0,,,-1,-2,2.7,1.5,B,"Trend 5, Momentum 2, Volume 1, Liquidity -2 (0.0cr), VolRisk MEDIUM, Sector UNKNOWN 0",7,7,7,BUY,News 0; event caution 0; risk LOW; type GENERIC_NEWS; confidence LOW; reason No material catalyst/event taxonomy match.. ,-3,HIGH,RISK_OFF,Nifty 20D return -5.771924924783489; 60D return -6.141522169043611; India VIX latest; 20D change 27.715355370472096; USDINR 20D change 0.8995466772440563; Crude 20D change 4.302699067276294,3.0,WATCH_MACRO_RISK,7,5.7,WATCH_MACRO_RISK,"Tech 7 | News 0 (GENERIC_NEWS, LOW) | Event caution 0 | Macro -3 | Sector -1 | Analytics 2.7 (B) | Risk LOW/HIGH | Analytics: Trend 5, Momentum 2, Volume 1, Liquidity -2 (0.0cr), VolRisk MEDIUM, Sector UNKNOWN 0 | News logic: No material catalyst/event taxonomy match.",0,0,LOW,,,Trading Window,Neutral news: Trading Window,NSE Corporate Announcements,https://nsearchives.nseindia.com/corporate/EMCURE_29092026175257_IntimationofClosureofTradingWindowQ2FY27.pdf,0,0,GENERIC_NEWS,LOW,0,No material catalyst/event taxonomy match.,-1,56.2,MEDIUM,6.32,WATCH_MACRO_RISK,"AI overlay from completed recommendation outcomes; use as probability/risk input, not standalone advice."
BANDHANBNK,2026-09-29,185.31,66075.0,9,BUY,58.49,1.0722,26.28,177.56,173.8,182.09,6.0,0.764,67.51,1.05,176.31,200.31,1.67,RSI in swing zone; MACD bullish; Trend strength acceptable; Above SMA20; Above SMA50,BANK,-3.17,12.34,-14.41,0.0,3.24,6,4,0,-2,0,MEDIUM,-3,19.2,-0.29,-3,-2,2.55,1.25,B,"Trend 6, Momentum 4, Volume 0, Liquidity -2 (0.0cr), VolRisk MEDIUM, Sector BANK -3",9,9,9,BUY,News 0; event caution 0; risk LOW; type GENERIC_NEWS; confidence LOW; reason No material catalyst/event taxonomy match.. ,-3,HIGH,RISK_OFF,Nifty 20D return -5.771924924783489; 60D return -6.141522169043611; India VIX latest; 20D change 27.715355370472096; USDINR 20D change 0.8995466772440563; Crude 20D change 4.302699067276294,3.0,WATCH_MACRO_RISK,9,5.55,WATCH_MACRO_RISK,"Tech 9 | News 0 (GENERIC_NEWS, LOW) | Event caution 0 | Macro -3 | Sector -3 | Analytics 2.55 (B) | Risk LOW/HIGH | Analytics: Trend 6, Momentum 4, Volume 0, Liquidity -2 (0.0cr), VolRisk MEDIUM, Sector BANK -3 | News logic: No material catalyst/event taxonomy match.",0,0,LOW,,,Credit Rating,Neutral news: Credit Rating,NSE Corporate Announcements,https://nsearchives.nseindia.com/corporate/BANDHANBNK_28092026184155_SE_Disclosure_Credit_Rating_28092026_sd.pdf,0,0,GENERIC_NEWS,LOW,0,No material catalyst/event taxonomy match.,-1,52.3,LOW,5.78,WATCH_MACRO_RISK,"AI overlay from completed recommendation outcomes; use as probability/risk input, not standalone advice."
ACMESOLAR,2026-09-29,437.95,43580.0,6,WATCH,59.65,-0.3417,36.18,426.45,401.58,,20.02,0.64,55.38,0.69,407.91,488.01,1.67,RSI in swing zone; MACD weak; Trend strength acceptable; Above SMA20; Above SMA50,UNKNOWN,-3.17,4.77,15.62,0.0,4.57,5,2,0,-2,0,MEDIUM,0,,,0,-2,2.45,1.5,B,"Trend 5, Momentum 2, Volume 0, Liquidity -2 (0.0cr), VolRisk MEDIUM, Sector UNKNOWN 0",7,6,6,WATCH,News 1; event caution -1; risk MEDIUM; type BUSINESS_POSITIVE; confidence MEDIUM; reason Positive business development.. Positive catalyst: Acquisition,-3,HIGH,RISK_OFF,Nifty 20D return -5.771924924783489; 60D return -6.141522169043611; India VIX latest; 20D change 27.715355370472096; USDINR 20D change 0.8995466772440563; Crude 20D change 4.302699067276294,3.0,NEUTRAL,6,5.45,BUY,"Tech 6 | News 1 (BUSINESS_POSITIVE, MEDIUM) | Event caution -1 | Macro -3 | Sector 0 | Analytics 2.45 (B) | Risk MEDIUM/HIGH | Positive catalyst: Acquisition | Analytics: Trend 5, Momentum 2, Volume 0, Liquidity -2 (0.0cr), VolRisk MEDIUM, Sector UNKNOWN 0 | News logic: Positive business development. | Upcoming event caution: Amalgamation/Merger",1,-1,MEDIUM,Positive catalyst: Acquisition,Upcoming event caution: Amalgamation/Merger,Acquisition,Positive catalyst: Acquisition,NSE Corporate Announcements,https://nsearchives.nseindia.com/corporate/ACMECS_19092026215120_Intimation19092026.pdf,2,1,BUSINESS_POSITIVE,MEDIUM,2,Positive business development.,0,56.6,MEDIUM,6.11,BUY,"AI overlay from completed recommendation outcomes; use as probability/risk input, not standalone advice."
COHANCE,2026-09-29,457.9,42908.0,6,WATCH,53.22,-0.0197,33.28,455.45,447.56,,20.09,0.572,55.07,0.89,427.77,508.11,1.67,RSI in swing zone; MACD weak; Trend strength acceptable; Above SMA20; Above SMA50,UNKNOWN,2.83,3.91,6.64,0.0,4.39,5,2,0,-2,0,MEDIUM,0,,,0,-2,2.45,1.5,B,"Trend 5, Momentum 2, Volume 0, Liquidity -2 (0.0cr), VolRisk MEDIUM, Sector UNKNOWN 0",6,6,6,WATCH,News 0; event caution 0; risk LOW; type GENERIC_NEWS; confidence LOW; reason No material catalyst/event taxonomy match.. ,-3,HIGH,RISK_OFF,Nifty 20D return -5.771924924783489; 60D return -6.141522169043611; India VIX latest; 20D change 27.715355370472096; USDINR 20D change 0.8995466772440563; Crude 20D change 4.302699067276294,3.0,NEUTRAL,6,5.45,BUY,"Tech 6 | News 0 (GENERIC_NEWS, LOW) | Event caution 0 | Macro -3 | Sector 0 | Analytics 2.45 (B) | Risk LOW/HIGH | Analytics: Trend 5, Momentum 2, Volume 0, Liquidity -2 (0.0cr), VolRisk MEDIUM, Sector UNKNOWN 0 | News logic: No material catalyst/event taxonomy match.",0,0,LOW,,,Trading Window,Neutral news: Trading Window,NSE Corporate Announcements,https://nsearchives.nseindia.com/corporate/SUVENPHARMROHIT_28092026142039_Closure_of_Trading_Window_28Sept26.pdf,0,0,GENERIC_NEWS,LOW,0,No material catalyst/event taxonomy match.,0,57.0,MEDIUM,6.15,BUY,"AI overlay from completed recommendation outcomes; use as probability/risk input, not standalone advice."
BELRISE,2026-09-29,240.52,35720.0,9,BUY,52.39,1.1839,20.45,236.46,238.4,217.58,7.31,0.616,56.36,0.8,229.56,258.78,1.67,RSI in swing zone; MACD bullish; Above SMA20; Above SMA50; Long-term trend positive,UNKNOWN,-3.71,1.55,2.82,0.0,3.04,4,3,0,-2,0,MEDIUM,0,,,-1,-2,2.35,1.5,B,"Trend 4, Momentum 3, Volume 0, Liquidity -2 (0.0cr), VolRisk MEDIUM, Sector UNKNOWN 0",9,7,7,WATCH_EVENT_CAUTION,News 0; event caution -2; risk MEDIUM; type GENERIC_NEWS; confidence LOW; reason No material catalyst/event taxonomy match.. Upcoming event caution: Record Date,-3,HIGH,RISK_OFF,Nifty 20D return -5.771924924783489; 60D return -6.141522169043611; India VIX latest; 20D change 27.715355370472096; USDINR 20D change 0.8995466772440563; Crude 20D change 4.302699067276294,3.0,WATCH_MACRO_RISK,9,5.35,WATCH_EVENT_CAUTION,"Tech 9 | News 0 (GENERIC_NEWS, LOW) | Event caution -2 | Macro -3 | Sector -1 | Analytics 2.35 (B) | Risk MEDIUM/HIGH | Analytics: Trend 4, Momentum 3, Volume 0, Liquidity -2 (0.0cr), VolRisk MEDIUM, Sector UNKNOWN 0 | News logic: No material catalyst/event taxonomy match. | Upcoming event caution: Record Date",0,-2,MEDIUM,,Upcoming event caution: Record Date,Trading Window,Upcoming event caution: Record Date,NSE Corporate Announcements,https://nsearchives.nseindia.com/corporate/BELRISE_28092026132121_BELRISE_Intimation_of_Trading_Window_Closure_28092026.pdf,0,2,GENERIC_NEWS,LOW,0,No material catalyst/event taxonomy match.,-1,55.3,MEDIUM,5.88,WATCH_EVENT_CAUTION,"AI overlay from completed recommendation outcomes; use as probability/risk input, not standalone advice."
APARINDS,2026-09-29,17803.0,64490.0,7,BUY,52.59,-102.7564,22.46,17763.55,17123.62,,811.57,0.517,55.02,1.53,16585.65,19831.91,1.67,RSI in swing zone; MACD weak; Trend strength acceptable; Above SMA20; Above SMA50,UNKNOWN,-0.41,2.19,30.95,0.0,4.56,5,1,1,-2,0,MEDIUM,0,,,-1,-2,2.35,1.5,B,"Trend 5, Momentum 1, Volume 1, Liquidity -2 (0.0cr), VolRisk MEDIUM, Sector UNKNOWN 0",8,7,7,BUY,News 1; event caution -1; risk MEDIUM; type RESULTS_POSITIVE; confidence HIGH; reason Strong reported result or positive guidance.. Positive catalyst: Apar Industries shares rally over 9% after Q1 net profit rises 78% YoY on healthy revenue growth - Upstox,-3,HIGH,RISK_OFF,Nifty 20D return -5.771924924783489; 60D return -6.141522169043611; India VIX latest; 20D change 27.715355370472096; USDINR 20D change 0.8995466772440563; Crude 20D change 4.302699067276294,3.0,WATCH_MACRO_RISK,7,5.35,WATCH_MACRO_RISK,"Tech 7 | News 1 (RESULTS_POSITIVE, HIGH) | Event caution -1 | Macro -3 | Sector -1 | Analytics 2.35 (B) | Risk MEDIUM/HIGH | Positive catalyst: Apar Industries shares rally over 9% after Q1 net profit rises 78% YoY on healthy revenue growth - Upstox | Analytics: Trend 5, Momentum 1, Volume 1, Liquidity -2 (0.0cr), VolRisk MEDIUM, Sector UNKNOWN 0 | News logic: Strong reported result or positive guidance. | Upcoming event caution: Record Date",1,-1,MEDIUM,Positive catalyst: Apar Industries shares rally over 9% after Q1 net profit rises 78% YoY on healthy revenue growth - Upstox,Upcoming event caution: Record Date,Apar Industries shares rally over 9% after Q1 net profit rises 78% YoY on healthy revenue growth - Upstox,Positive catalyst: Apar Industries shares rally over 9% after Q1 net profit rises 78% YoY on healthy revenue growth - Upstox,Upstox,https://news.google.com/rss/articles/CBMi5gFBVV95cUxPX0VnQWsycDJhYzVsSzFqYkVvRDJZLW8tdlBtWEN0dzNJZEt0OGZabmRqR2lCN1RhUEYyS1E5Wk82TE9tZWxyODBMVWVOQUNuZEVEajAxNHRCc2pVakQ5TGxCTmdLVVhMRGl5RFdLb2NybWlkZUZiM2x3THk5ZlJYREVDa1hzSWVLYUlLU2FEUHlMUDZsRnhIMTB2RUV5X0VBT2pZa0wtVE02LVA0X0dzUE1SWGVDakNRYWFpY0xNOHVXa29BaDRUNDB4TTduVDBKMFNwb3dtbkZxRk5VbVVMOW9pdC1fQQ?oc=5,1,1,RESULTS_POSITIVE,HIGH,3,Strong reported result or positive guidance.,-1,55.7,MEDIUM,5.92,WATCH_MACRO_RISK,"AI overlay from completed recommendation outcomes; use as probability/risk input, not standalone advice."
JYOTICNC,2026-09-29,1059.3,30044.0,6,WATCH,57.71,-2.5056,30.76,1031.86,960.71,,46.85,0.65,63.45,0.55,989.03,1176.42,1.67,RSI in swing zone; MACD weak; Trend strength acceptable; Above SMA20; Above SMA50,UNKNOWN,-3.77,5.52,35.32,0.0,4.42,5,2,-1,-2,0,MEDIUM,0,,,0,-2,2.2,1.5,B,"Trend 5, Momentum 2, Volume -1, Liquidity -2 (0.0cr), VolRisk MEDIUM, Sector UNKNOWN 0",6,6,6,WATCH,News 0; event caution 0; risk LOW; type ; confidence ; reason . ,-3,HIGH,RISK_OFF,Nifty 20D return -5.771924924783489; 60D return -6.141522169043611; India VIX latest; 20D change 27.715355370472096; USDINR 20D change 0.8995466772440563; Crude 20D change 4.302699067276294,3.0,NEUTRAL,6,5.2,BUY,"Tech 6 | News 0 (, ) | Event caution 0 | Macro -3 | Sector 0 | Analytics 2.2 (B) | Risk LOW/HIGH | Analytics: Trend 5, Momentum 2, Volume -1, Liquidity -2 (0.0cr), VolRisk MEDIUM, Sector UNKNOWN 0",0,0,LOW,,,,,,,0,0,,,0,,0,56.3,MEDIUM,5.83,BUY,"AI overlay from completed recommendation outcomes; use as probability/risk input, not standalone advice."
MEDANTA,2026-09-27,1495.4,20988.0,6,WATCH,56.93,-0.2875,24.43,1467.67,1406.67,,56.52,0.723,78.49,0.54,1410.62,1636.7,1.67,RSI in swing zone; MACD weak; Trend strength acceptable; Above SMA20; Above SMA50,UNKNOWN,-0.27,7.31,20.67,0.0,3.78,5,2,-1,-2,0,MEDIUM,0,,,0,-2,2.2,1.5,B,"Trend 5, Momentum 2, Volume -1, Liquidity -2 (0.0cr), VolRisk MEDIUM, Sector UNKNOWN 0",6,6,6,WATCH,News 0; event caution 0; risk LOW; type ; confidence ; reason . ,-3,HIGH,RISK_OFF,Nifty 20D return -5.771924924783489; 60D return -6.141522169043611; India VIX latest; 20D change 27.715355370472096; USDINR 20D change 0.8995466772440563; Crude 20D change 4.302699067276294,3.0,NEUTRAL,6,5.2,BUY,"Tech 6 | News 0 (, ) | Event caution 0 | Macro -3 | Sector 0 | Analytics 2.2 (B) | Risk LOW/HIGH | Analytics: Trend 5, Momentum 2, Volume -1, Liquidity -2 (0.0cr), VolRisk MEDIUM, Sector UNKNOWN 0",0,0,LOW,,,,,,,0,0,,,0,,0,55.4,MEDIUM,5.74,BUY,"AI overlay from completed recommendation outcomes; use as probability/risk input, not standalone advice."
AETHER,2026-09-29,1749.9,44093.0,6,WATCH,62.79,2.9028,46.49,1674.72,1566.11,,86.16,0.867,79.11,1.01,1620.66,1965.3,1.67,MACD bullish; Trend strength acceptable; Above SMA20; Above SMA50,UNKNOWN,4.49,7.58,51.57,0.0,4.92,5,4,0,-2,0,MEDIUM,0,,,0,-2,3.15,1.5,B,"Trend 5, Momentum 4, Volume 0, Liquidity -2 (0.0cr), VolRisk MEDIUM, Sector UNKNOWN 0",6,5,5,WATCH,News 0; event caution -1; risk MEDIUM; type GENERIC_NEWS; confidence LOW; reason No material catalyst/event taxonomy match.. Upcoming event caution: Outcome of Board Meeting,-3,HIGH,RISK_OFF,Nifty 20D return -5.771924924783489; 60D return -6.141522169043611; India VIX latest; 20D change 27.715355370472096; USDINR 20D change 0.8995466772440563; Crude 20D change 4.302699067276294,2.0,NEUTRAL,6,5.15,BUY,"Tech 6 | News 0 (GENERIC_NEWS, LOW) | Event caution -1 | Macro -3 | Sector 0 | Analytics 3.15 (B) | Risk MEDIUM/HIGH | Analytics: Trend 5, Momentum 4, Volume 0, Liquidity -2 (0.0cr), VolRisk MEDIUM, Sector UNKNOWN 0 | News logic: No material catalyst/event taxonomy match. | Upcoming event caution: Outcome of Board Meeting",0,-1,MEDIUM,,Upcoming event caution: Outcome of Board Meeting,General Updates,Upcoming event caution: Outcome of Board Meeting,NSE Corporate Announcements,https://nsearchives.nseindia.com/corporate/AETHER_29092026102810_36.pdf,0,1,GENERIC_NEWS,LOW,0,No material catalyst/event taxonomy match.,0,56.0,MEDIUM,5.75,BUY,"AI overlay from completed recommendation outcomes; use as probability/risk input, not standalone advice."
SAIL,2026-09-29,181.82,86545.0,10,BUY,49.92,0.405,21.23,180.71,181.02,173.8,5.7,0.558,54.27,1.42,173.27,196.07,1.67,RSI in swing zone; MACD bullish; Above SMA20; Above SMA50; Long-term trend positive,METALS,-1.95,-7.61,10.82,0.0,3.14,3,3,1,-2,0,MEDIUM,-3,30.0,-0.49,-3,-2,1.1,1.25,B,"Trend 3, Momentum 3, Volume 1, Liquidity -2 (0.0cr), VolRisk MEDIUM, Sector METALS -3",12,10,10,WATCH_EVENT_CAUTION,News 2; event caution -2; risk MEDIUM; type RESULTS_POSITIVE; confidence HIGH; reason Strong reported result or positive guidance.. Positive catalyst: SAIL rises 3% after Q1 PAT jumps two-fold; Emkay retains Buy for 18% upside - Business Standard,-3,HIGH,RISK_OFF,Nifty 20D return -5.771924924783489; 60D return -6.141522169043611; India VIX latest; 20D change 27.715355370472096; USDINR 20D change 0.8995466772440563; Crude 20D change 4.302699067276294,4.0,WATCH_MACRO_RISK,10,5.1,WATCH_EVENT_CAUTION,"Tech 10 | News 2 (RESULTS_POSITIVE, HIGH) | Event caution -2 | Macro -3 | Sector -3 | Analytics 1.1 (B) | Risk MEDIUM/HIGH | Positive catalyst: SAIL rises 3% after Q1 PAT jumps two-fold; Emkay retains Buy for 18% upside - Business Standard | Analytics: Trend 3, Momentum 3, Volume 1, Liquidity -2 (0.0cr), VolRisk MEDIUM, Sector METALS -3 | News logic: Strong reported result or positive guidance. | Upcoming event caution: Record Date",2,-2,MEDIUM,Positive catalyst: SAIL rises 3% after Q1 PAT jumps two-fold; Emkay retains Buy for 18% upside - Business Standard,Upcoming event caution: Record Date,SAIL rises 3% after Q1 PAT jumps two-fold; Emkay retains Buy for 18% upside - Business Standard,Positive catalyst: SAIL rises 3% after Q1 PAT jumps two-fold; Emkay retains Buy for 18% upside - Business Standard,Business Standard,https://news.google.com/rss/articles/CBMi1gFBVV95cUxQTkFsTUp0TUxMaHF1eVR5TkRKbGVESExMS0RaUFZXb3Y5NV9sVWk2alBfYVo2N0NvTVo1MkhIcWM1Z2JPeVJlQWJGX1p4dXdsbUZ6MUNOVExNVk5kTDUwZjFjXzZ1d05OVzU1dVRZYkUtWTlSS1pQRG9Xb1I2LS1GNXVoRWtsZDF2WjVhajNsbGNYRmNMWnE1MG1RVDF6eEZMcjlNTGNwNVVQbFpVdFRXYjNFcTZpNUlxZzc0dGVweFBXWjlyV3FuQTk5a0dqRmJuRGljdnd30gHbAUFVX3lxTE5FcXR2WGRSRFl3VHAtTWo3VWcybVN0UTVjeUFuZDAxcUU4UHdDZFVXV2hqYVhzenkwMHNnMm1LVjkxbXdjWmJrZ2VMeTR0MVRHR3kzQWJ5ZlV6WGtzNUpnRklSaVg4NEVYYnBkejFxUzZxVlVtbUhnNXdoZFBMOExSVnUxejNEOExLSEI3dnM4b1ZlZ2ZpY29NbEMzZ3E2OVFrMGFOY2JVNENIaDFDZWpkLUN2dTBKR3FlMEJabjQyX0dwdGkwR0JSM21Ka3BxWU5GbzNJWTV5Y216SQ?oc=5,1,2,RESULTS_POSITIVE,HIGH,3,Strong reported result or positive guidance.,-1,52.4,LOW,5.34,WATCH_EVENT_CAUTION,"AI overlay from completed recommendation outcomes; use as probability/risk input, not standalone advice."
EDELWEISS,2026-09-29,137.77,39618.0,6,WATCH,56.92,-0.1874,22.63,135.14,128.24,,5.71,0.652,62.81,0.61,129.2,152.05,1.67,RSI in swing zone; MACD weak; Trend strength acceptable; Above SMA20; Above SMA50,UNKNOWN,-3.0,1.24,9.83,0.0,4.15,5,1,0,-2,0,MEDIUM,0,,,0,-2,2.1,1.5,B,"Trend 5, Momentum 1, Volume 0, Liquidity -2 (0.0cr), VolRisk MEDIUM, Sector UNKNOWN 0",6,6,6,WATCH,News 0; event caution 0; risk LOW; type ; confidence ; reason . ,-3,HIGH,RISK_OFF,Nifty 20D return -5.771924924783489; 60D return -6.141522169043611; India VIX latest; 20D change 27.715355370472096; USDINR 20D change 0.8995466772440563; Crude 20D change 4.302699067276294,3.0,NEUTRAL,6,5.1,BUY,"Tech 6 | News 0 (, ) | Event caution 0 | Macro -3 | Sector 0 | Analytics 2.1 (B) | Risk LOW/HIGH | Analytics: Trend 5, Momentum 1, Volume 0, Liquidity -2 (0.0cr), VolRisk MEDIUM, Sector UNKNOWN 0",0,0,LOW,,,,,,,0,0,,,0,,0,56.1,MEDIUM,5.71,BUY,"AI overlay from completed recommendation outcomes; use as probability/risk input, not standalone advice."
BLACKBUCK,2026-09-29,622.4,35818.0,6,WATCH,56.72,-2.9477,28.21,610.0,586.13,,27.55,0.665,55.96,0.74,581.08,691.27,1.67,RSI in swing zone; MACD weak; Trend strength acceptable; Above SMA20; Above SMA50,UNKNOWN,1.03,2.83,17.28,0.0,4.43,5,1,0,-2,0,MEDIUM,0,,,0,-2,2.1,1.5,B,"Trend 5, Momentum 1, Volume 0, Liquidity -2 (0.0cr), VolRisk MEDIUM, Sector UNKNOWN 0",6,6,6,WATCH,News 0; event caution 0; risk LOW; type ; confidence ; reason . ,-3,HIGH,RISK_OFF,Nifty 20D return -5.771924924783489; 60D return -6.141522169043611; India VIX latest; 20D change 27.715355370472096; USDINR 20D change 0.8995466772440563; Crude 20D change 4.302699067276294,3.0,NEUTRAL,6,5.1,BUY,"Tech 6 | News 0 (, ) | Event caution 0 | Macro -3 | Sector 0 | Analytics 2.1 (B) | Risk LOW/HIGH | Analytics: Trend 5, Momentum 1, Volume 0, Liquidity -2 (0.0cr), VolRisk MEDIUM, Sector UNKNOWN 0",0,0,LOW,,,,,,,0,0,,,0,,0,56.3,MEDIUM,5.73,BUY,"AI overlay from completed recommendation outcomes; use as probability/risk input, not standalone advice."
CYIENTDLM,2026-09-29,921.15,34165.0,6,WATCH,59.18,-7.86,50.21,905.81,793.43,,50.18,0.601,69.67,0.9,845.88,1046.6,1.67,RSI in swing zone; MACD weak; Trend strength acceptable; Above SMA20; Above SMA50,UNKNOWN,-2.08,7.46,145.48,0.0,5.45,5,2,0,-2,-1,HIGH,0,,,0,-3,2.1,1.0,B,"Trend 5, Momentum 2, Volume 0, Liquidity -2 (0.0cr), VolRisk HIGH, Sector UNKNOWN 0",6,6,6,WATCH,News 0; event caution 0; risk LOW; type ; confidence ; reason . ,-3,HIGH,RISK_OFF,Nifty 20D return -5.771924924783489; 60D return -6.141522169043611; India VIX latest; 20D change 27.715355370472096; USDINR 20D change 0.8995466772440563; Crude 20D change 4.302699067276294,3.0,NEUTRAL,6,5.1,BUY,"Tech 6 | News 0 (, ) | Event caution 0 | Macro -3 | Sector 0 | Analytics 2.1 (B) | Risk LOW/HIGH | Analytics: Trend 5, Momentum 2, Volume 0, Liquidity -2 (0.0cr), VolRisk HIGH, Sector UNKNOWN 0",0,0,LOW,,,,,,,0,0,,,0,,0,55.0,MEDIUM,5.6,BUY,"AI overlay from completed recommendation outcomes; use as probability/risk input, not standalone advice."
KRN,2026-09-29,1443.1,28391.0,6,WATCH,56.26,-7.7287,32.54,1366.1,1239.39,,102.63,0.615,61.46,1.01,1289.15,1699.68,1.67,RSI in swing zone; MACD weak; Trend strength acceptable; Above SMA20; Above SMA50,UNKNOWN,-10.35,8.57,67.15,0.0,7.11,5,2,0,-2,-1,HIGH,0,,,0,-3,2.1,1.0,B,"Trend 5, Momentum 2, Volume 0, Liquidity -2 (0.0cr), VolRisk HIGH, Sector UNKNOWN 0",6,6,6,WATCH,News 0; event caution 0; risk LOW; type ; confidence ; reason . ,-3,HIGH,RISK_OFF,Nifty 20D return -5.771924924783489; 60D return -6.141522169043611; India VIX latest; 20D change 27.715355370472096; USDINR 20D change 0.8995466772440563; Crude 20D change 4.302699067276294,3.0,NEUTRAL,6,5.1,BUY,"Tech 6 | News 0 (, ) | Event caution 0 | Macro -3 | Sector 0 | Analytics 2.1 (B) | Risk LOW/HIGH | Analytics: Trend 5, Momentum 2, Volume 0, Liquidity -2 (0.0cr), VolRisk HIGH, Sector UNKNOWN 0",0,0,LOW,,,,,,,0,0,,,0,,0,58.3,MEDIUM,5.93,BUY,"AI overlay from completed recommendation outcomes; use as probability/risk input, not standalone advice."
NEOGEN,2026-09-27,2385.2,25117.0,6,WATCH,57.17,-8.108,34.82,2324.95,2219.52,,120.0,0.647,61.42,0.78,2205.2,2685.2,1.67,RSI in swing zone; MACD weak; Trend strength acceptable; Above SMA20; Above SMA50,UNKNOWN,-4.15,9.25,64.36,0.0,5.03,5,2,0,-2,-1,HIGH,0,,,0,-3,2.1,1.0,B,"Trend 5, Momentum 2, Volume 0, Liquidity -2 (0.0cr), VolRisk HIGH, Sector UNKNOWN 0",6,6,6,WATCH,News 0; event caution 0; risk LOW; type ; confidence ; reason . ,-3,HIGH,RISK_OFF,Nifty 20D return -5.771924924783489; 60D return -6.141522169043611; India VIX latest; 20D change 27.715355370472096; USDINR 20D change 0.8995466772440563; Crude 20D change 4.302699067276294,3.0,NEUTRAL,6,5.1,BUY,"Tech 6 | News 0 (, ) | Event caution 0 | Macro -3 | Sector 0 | Analytics 2.1 (B) | Risk LOW/HIGH | Analytics: Trend 5, Momentum 2, Volume 0, Liquidity -2 (0.0cr), VolRisk HIGH, Sector UNKNOWN 0",0,0,LOW,,,,,,,0,0,,,0,,0,57.0,MEDIUM,5.8,BUY,"AI overlay from completed recommendation outcomes; use as probability/risk input, not standalone advice."
SEDEMAC,2026-09-29,3485.6,56809.0,6,WATCH,68.97,11.5651,43.03,3176.97,2670.45,,204.03,0.876,85.29,1.31,3179.55,3995.69,1.67,MACD bullish; Trend strength acceptable; Above SMA20; Above SMA50; Volume expansion,UNKNOWN,12.06,26.65,140.2,0.0,5.85,5,1,1,-2,-1,HIGH,0,,,0,-3,2.0,1.0,B,"Trend 5, Momentum 1, Volume 1, Liquidity -2 (0.0cr), VolRisk HIGH, Sector UNKNOWN 0",6,6,6,WATCH,News 0; event caution 0; risk LOW; type GENERIC_NEWS; confidence LOW; reason No material catalyst/event taxonomy match.. ,-3,HIGH,RISK_OFF,Nifty 20D return -5.771924924783489; 60D return -6.141522169043611; India VIX latest; 20D change 27.715355370472096; USDINR 20D change 0.8995466772440563; Crude 20D change 4.302699067276294,3.0,NEUTRAL,6,5.0,BUY,"Tech 6 | News 0 (GENERIC_NEWS, LOW) | Event caution 0 | Macro -3 | Sector 0 | Analytics 2 (B) | Risk LOW/HIGH | Analytics: Trend 5, Momentum 1, Volume 1, Liquidity -2 (0.0cr), VolRisk HIGH, Sector UNKNOWN 0 | News logic: No material catalyst/event taxonomy match.",0,0,LOW,,,Trading Window,Neutral news: Trading Window,NSE Corporate Announcements,https://nsearchives.nseindia.com/corporate/SEDEMAC2007_28092026131140_20260928-IntimationforCOTW.pdf,0,0,GENERIC_NEWS,LOW,0,No material catalyst/event taxonomy match.,0,54.6,LOW,5.46,BUY,"AI overlay from completed recommendation outcomes; use as probability/risk input, not standalone advice."
SONACOMS,2026-09-29,815.65,59351.0,10,BUY,54.54,1.582,21.96,801.85,804.24,638.24,22.8,0.708,72.61,1.21,781.45,872.65,1.67,RSI in swing zone; MACD bullish; Above SMA20; Above SMA50; Long-term trend positive,AUTO_ANC,-2.08,3.38,11.31,0.0,2.8,4,4,1,-2,0,MEDIUM,-3,14.3,-1.07,-3,-2,1.9,1.25,B,"Trend 4, Momentum 4, Volume 1, Liquidity -2 (0.0cr), VolRisk MEDIUM, Sector AUTO_ANC -3",10,9,9,BUY,News 0; event caution -1; risk MEDIUM; type INVESTOR_COMMUNICATION; confidence HIGH; reason Investor/analyst communication is informational unless paired with adverse content.. Upcoming event caution: Outcome of Board Meeting,-3,HIGH,RISK_OFF,Nifty 20D return -5.771924924783489; 60D return -6.141522169043611; India VIX latest; 20D change 27.715355370472096; USDINR 20D change 0.8995466772440563; Crude 20D change 4.302699067276294,3.0,WATCH_MACRO_RISK,10,4.9,WATCH_MACRO_RISK,"Tech 10 | News 0 (INVESTOR_COMMUNICATION, HIGH) | Event caution -1 | Macro -3 | Sector -3 | Analytics 1.9 (B) | Risk MEDIUM/HIGH | Analytics: Trend 4, Momentum 4, Volume 1, Liquidity -2 (0.0cr), VolRisk MEDIUM, Sector AUTO_ANC -3 | News logic: Investor/analyst communication is informational unless paired with adverse content. | Upcoming event caution: Outcome of Board Meeting",0,-1,MEDIUM,,Upcoming event caution: Outcome of Board Meeting,Investor Presentation,Upcoming event caution: Outcome of Board Meeting,NSE Corporate Announcements,https://nsearchives.nseindia.com/corporate/SONACOMS_17092026092907_IP.pdf,0,1,INVESTOR_COMMUNICATION,HIGH,0,Investor/analyst communication is informational unless paired with adverse content.,-1,51.4,LOW,5.04,WATCH_MACRO_RISK,"AI overlay from completed recommendation outcomes; use as probability/risk input, not standalone advice."
SAILIFE,2026-09-29,1559.9,41501.0,4,WATCH,50.39,-9.7524,28.25,1590.78,1495.68,,49.59,0.26,42.15,0.91,1485.52,1683.87,1.67,RSI in swing zone; MACD weak; Trend strength acceptable; Above SMA50; Bollinger position healthy,PHARMA,-3.09,-1.54,23.31,0.0,3.18,3,1,0,-2,0,MEDIUM,2,55.6,4.96,2,-2,1.9,1.5,C,"Trend 3, Momentum 1, Volume 0, Liquidity -2 (0.0cr), VolRisk MEDIUM, Sector PHARMA 2",4,4,4,WATCH,News 0; event caution 0; risk LOW; type ; confidence ; reason . ,-3,HIGH,RISK_OFF,Nifty 20D return -5.771924924783489; 60D return -6.141522169043611; India VIX latest; 20D change 27.715355370472096; USDINR 20D change 0.8995466772440563; Crude 20D change 4.302699067276294,3.0,NEUTRAL,4,4.9,WATCH,"Tech 4 | News 0 (, ) | Event caution 0 | Macro -3 | Sector 2 | Analytics 1.9 (C) | Risk LOW/HIGH | Analytics: Trend 3, Momentum 1, Volume 0, Liquidity -2 (0.0cr), VolRisk MEDIUM, Sector PHARMA 2",0,0,LOW,,,,,,,0,0,,,0,,0,55.4,MEDIUM,5.44,WATCH,"AI overlay from completed recommendation outcomes; use as probability/risk input, not standalone advice."
REDINGTON,2026-09-29,405.45,62582.0,5,WATCH,63.0,-0.9139,46.9,395.21,369.25,274.78,14.39,0.731,70.91,0.7,383.86,441.43,1.67,MACD weak; Trend strength acceptable; Above SMA20; Above SMA50; Long-term trend positive,UNKNOWN,1.17,9.2,50.19,0.0,3.55,6,2,0,-2,0,MEDIUM,0,,,0,-2,2.9,1.5,B,"Trend 6, Momentum 2, Volume 0, Liquidity -2 (0.0cr), VolRisk MEDIUM, Sector UNKNOWN 0",5,5,5,WATCH,News 0; event caution 0; risk LOW; type ; confidence ; reason . ,-3,HIGH,RISK_OFF,Nifty 20D return -5.771924924783489; 60D return -6.141522169043611; India VIX latest; 20D change 27.715355370472096; USDINR 20D change 0.8995466772440563; Crude 20D change 4.302699067276294,2.0,NEUTRAL,5,4.9,WATCH,"Tech 5 | News 0 (, ) | Event caution 0 | Macro -3 | Sector 0 | Analytics 2.9 (B) | Risk LOW/HIGH | Analytics: Trend 6, Momentum 2, Volume 0, Liquidity -2 (0.0cr), VolRisk MEDIUM, Sector UNKNOWN 0",0,0,LOW,,,,,,,0,0,,,0,,0,56.0,MEDIUM,5.5,WATCH,"AI overlay from completed recommendation outcomes; use as probability/risk input, not standalone advice."
HBLENGINE,2026-09-29,808.3,60936.0,5,WATCH,69.08,6.1908,36.23,750.85,717.77,741.96,30.55,0.929,84.34,0.96,762.47,884.68,1.67,MACD bullish; Trend strength acceptable; Above SMA20; Above SMA50; Long-term trend positive,UNKNOWN,5.75,16.18,8.95,0.0,3.78,6,2,0,-2,0,MEDIUM,0,,,0,-2,2.9,1.5,B,"Trend 6, Momentum 2, Volume 0, Liquidity -2 (0.0cr), VolRisk MEDIUM, Sector UNKNOWN 0",5,5,5,WATCH,News 0; event caution 0; risk LOW; type ; confidence ; reason . ,-3,HIGH,RISK_OFF,Nifty 20D return -5.771924924783489; 60D return -6.141522169043611; India VIX latest; 20D change 27.715355370472096; USDINR 20D change 0.8995466772440563; Crude 20D change 4.302699067276294,2.0,NEUTRAL,5,4.9,WATCH,"Tech 5 | News 0 (, ) | Event caution 0 | Macro -3 | Sector 0 | Analytics 2.9 (B) | Risk LOW/HIGH | Analytics: Trend 6, Momentum 2, Volume 0, Liquidity -2 (0.0cr), VolRisk MEDIUM, Sector UNKNOWN 0",0,0,LOW,,,,,,,0,0,,,0,,0,55.6,MEDIUM,5.46,WATCH,"AI overlay from completed recommendation outcomes; use as probability/risk input, not standalone advice."
CONFIPET,2026-09-27,88.28,19539.0,6,WATCH,58.75,-0.9577,31.73,85.96,74.74,,5.41,0.615,55.68,0.55,80.17,101.79,1.67,RSI in swing zone; MACD weak; Trend strength acceptable; Above SMA20; Above SMA50,UNKNOWN,-0.76,6.7,,0.0,6.12,5,2,-1,-2,-1,HIGH,0,,,0,-3,1.85,1.0,B,"Trend 5, Momentum 2, Volume -1, Liquidity -2 (0.0cr), VolRisk HIGH, Sector UNKNOWN 0",6,6,6,WATCH,News 0; event caution 0; risk LOW; type ; confidence ; reason . ,-3,HIGH,RISK_OFF,Nifty 20D return -5.771924924783489; 60D return -6.141522169043611; India VIX latest; 20D change 27.715355370472096; USDINR 20D change 0.8995466772440563; Crude 20D change 4.302699067276294,3.0,NEUTRAL,6,4.85,WATCH,"Tech 6 | News 0 (, ) | Event caution 0 | Macro -3 | Sector 0 | Analytics 1.85 (B) | Risk LOW/HIGH | Analytics: Trend 5, Momentum 2, Volume -1, Liquidity -2 (0.0cr), VolRisk HIGH, Sector UNKNOWN 0",0,0,LOW,,,,,,,0,0,,,0,,0,58.5,MEDIUM,5.7,WATCH,"AI overlay from completed recommendation outcomes; use as probability/risk input, not standalone advice."
AZAD,2026-09-29,2914.2,310187.0,6,WATCH,61.95,0.5177,15.26,2766.43,2692.29,,134.65,0.933,81.08,6.52,2712.22,3250.83,1.67,RSI in swing zone; MACD bullish; Above SMA20; Above SMA50; Near upper Bollinger band,UNKNOWN,7.41,2.46,22.52,0.0,4.62,4,3,2,-2,0,MEDIUM,0,,,0,-2,2.85,1.5,B,"Trend 4, Momentum 3, Volume 2, Liquidity -2 (0.0cr), VolRisk MEDIUM, Sector UNKNOWN 0",6,5,5,WATCH,News 0; event caution -1; risk MEDIUM; type GENERIC_NEWS; confidence LOW; reason No material catalyst/event taxonomy match.. Upcoming event caution: Outcome of Board Meeting,-3,HIGH,RISK_OFF,Nifty 20D return -5.771924924783489; 60D return -6.141522169043611; India VIX latest; 20D change 27.715355370472096; USDINR 20D change 0.8995466772440563; Crude 20D change 4.302699067276294,2.0,NEUTRAL,6,4.85,WATCH,"Tech 6 | News 0 (GENERIC_NEWS, LOW) | Event caution -1 | Macro -3 | Sector 0 | Analytics 2.85 (B) | Risk MEDIUM/HIGH | Analytics: Trend 4, Momentum 3, Volume 2, Liquidity -2 (0.0cr), VolRisk MEDIUM, Sector UNKNOWN 0 | News logic: No material catalyst/event taxonomy match. | Upcoming event caution: Outcome of Board Meeting",0,-1,MEDIUM,,Upcoming event caution: Outcome of Board Meeting,Shareholders meeting,Upcoming event caution: Outcome of Board Meeting,NSE Corporate Announcements,https://nsearchives.nseindia.com/corporate/AZAD2356_29092026183835_Covering.pdf,0,1,GENERIC_NEWS,LOW,0,No material catalyst/event taxonomy match.,0,56.5,MEDIUM,5.5,WATCH,"AI overlay from completed recommendation outcomes; use as probability/risk input, not standalone advice."
ABSLAMC,2026-09-20,1060.4,30534.0,6,WATCH,49.0,5.7276,17.52,1048.56,1091.25,,44.04,0.583,51.17,1.14,994.34,1170.51,1.67,RSI in swing zone; MACD bullish; Above SMA20; Bollinger position healthy,UNKNOWN,-4.46,4.22,2.53,0.0,4.15,2,4,0,-2,0,MEDIUM,0,,,0,-2,1.8,1.5,B,"Trend 2, Momentum 4, Volume 0, Liquidity -2 (0.0cr), VolRisk MEDIUM, Sector UNKNOWN 0",6,6,6,WATCH,News 0; event caution 0; risk LOW; type ; confidence ; reason . ,-3,HIGH,RISK_OFF,Nifty 20D return -5.771924924783489; 60D return -6.141522169043611; India VIX latest; 20D change 27.715355370472096; USDINR 20D change 0.8995466772440563; Crude 20D change 4.302699067276294,3.0,NEUTRAL,6,4.8,WATCH,"Tech 6 | News 0 (, ) | Event caution 0 | Macro -3 | Sector 0 | Analytics 1.8 (B) | Risk LOW/HIGH | Analytics: Trend 2, Momentum 4, Volume 0, Liquidity -2 (0.0cr), VolRisk MEDIUM, Sector UNKNOWN 0",0,0,LOW,,,,,,,0,0,,,0,,0,58.0,MEDIUM,5.6,WATCH,"AI overlay from completed recommendation outcomes; use as probability/risk input, not standalone advice."
WHIRLPOOL,2026-09-29,888.2,57696.0,8,BUY,57.47,18.2788,23.78,818.07,850.02,,57.18,0.784,71.73,0.5,802.43,1031.15,1.67,RSI in swing zone; MACD bullish; Trend strength acceptable; Above SMA20; Above SMA50,UNKNOWN,2.65,15.24,-0.36,0.0,6.44,4,3,-1,-2,-1,HIGH,0,,,-1,-3,1.75,1.0,B,"Trend 4, Momentum 3, Volume -1, Liquidity -2 (0.0cr), VolRisk HIGH, Sector UNKNOWN 0",7,7,7,BUY,News -1; event caution 0; risk MEDIUM; type RESULTS_NEGATIVE; confidence HIGH; reason Weak reported result or guidance cut.. Negative catalyst: Whirlpool India Q1 Profit Falls 30% Even as Revenue Grows 12% - HDFC Sky,-3,HIGH,RISK_OFF,Nifty 20D return -5.771924924783489; 60D return -6.141522169043611; India VIX latest; 20D change 27.715355370472096; USDINR 20D change 0.8995466772440563; Crude 20D change 4.302699067276294,3.0,WATCH_MACRO_RISK,8,4.75,WATCH_MACRO_RISK,"Tech 8 | News -1 (RESULTS_NEGATIVE, HIGH) | Event caution 0 | Macro -3 | Sector -1 | Analytics 1.75 (B) | Risk MEDIUM/HIGH | Negative catalyst: Whirlpool India Q1 Profit Falls 30% Even as Revenue Grows 12% - HDFC Sky | Analytics: Trend 4, Momentum 3, Volume -1, Liquidity -2 (0.0cr), VolRisk HIGH, Sector UNKNOWN 0 | News logic: Weak reported result or guidance cut.",-1,0,MEDIUM,Negative catalyst: Whirlpool India Q1 Profit Falls 30% Even as Revenue Grows 12% - HDFC Sky,,Whirlpool India Q1 Profit Falls 30% Even as Revenue Grows 12% - HDFC Sky,Negative catalyst: Whirlpool India Q1 Profit Falls 30% Even as Revenue Grows 12% - HDFC Sky,HDFC Sky,https://news.google.com/rss/articles/CBMirwFBVV95cUxPdk4tMGJ6RGI5T18yRmpwcjFkWHRYMjFJaGVWZGNCMHVTWlBxY3F6aWNNc1NXZDdKOWkxV1A3M1RXQW11WEllYnpEdXRQMjhldENrOXZLbVN4QWtwRURGejlRQzlncW9rTndUQ3hwQTVBQmY5Snd5YnhSTzN3UHFCdmo1WFpNZXZwUXFIenRvVkItMkdqX0xJcGhzdkdnLUlzVHpRZ09KVWpEVkExTlhn?oc=5,1,0,RESULTS_NEGATIVE,HIGH,3,Weak reported result or guidance cut.,-1,59.1,MEDIUM,5.66,WATCH_MACRO_RISK,"AI overlay from completed recommendation outcomes; use as probability/risk input, not standalone advice."
AEGISVOPAK,2026-09-28,298.55,39502.0,6,WATCH,52.19,-1.7439,24.45,296.12,284.74,,17.17,0.546,44.96,0.9,272.79,341.49,1.67,RSI in swing zone; MACD weak; Trend strength acceptable; Above SMA20; Above SMA50,UNKNOWN,-5.21,0.81,38.14,0.0,5.75,5,1,0,-2,-1,HIGH,0,,,0,-3,1.75,1.0,B,"Trend 5, Momentum 1, Volume 0, Liquidity -2 (0.0cr), VolRisk HIGH, Sector UNKNOWN 0",6,6,6,WATCH,News 0; event caution 0; risk LOW; type ; confidence ; reason . ,-3,HIGH,RISK_OFF,Nifty 20D return -5.771924924783489; 60D return -6.141522169043611; India VIX latest; 20D change 27.715355370472096; USDINR 20D change 0.8995466772440563; Crude 20D change 4.302699067276294,3.0,NEUTRAL,6,4.75,WATCH,"Tech 6 | News 0 (, ) | Event caution 0 | Macro -3 | Sector 0 | Analytics 1.75 (B) | Risk LOW/HIGH | Analytics: Trend 5, Momentum 1, Volume 0, Liquidity -2 (0.0cr), VolRisk HIGH, Sector UNKNOWN 0",0,0,LOW,,,,,,,0,0,,,0,,0,57.7,MEDIUM,5.52,WATCH,"AI overlay from completed recommendation outcomes; use as probability/risk input, not standalone advice."
MANKIND,2026-09-29,2545.0,84454.0,5,WATCH,61.13,19.0245,21.33,2404.75,2466.45,,70.1,0.978,95.58,2.65,2439.84,2720.26,1.67,RSI in swing zone; MACD bullish; Above SMA20; Above SMA50; Near upper Bollinger band,UNKNOWN,3.25,4.94,7.13,0.0,2.75,3,4,2,-2,0,MEDIUM,0,,,0,-2,2.75,1.5,B,"Trend 3, Momentum 4, Volume 2, Liquidity -2 (0.0cr), VolRisk MEDIUM, Sector UNKNOWN 0",5,5,5,WATCH,News 0; event caution 0; risk LOW; type ; confidence ; reason . ,-3,HIGH,RISK_OFF,Nifty 20D return -5.771924924783489; 60D return -6.141522169043611; India VIX latest; 20D change 27.715355370472096; USDINR 20D change 0.8995466772440563; Crude 20D change 4.302699067276294,2.0,NEUTRAL,5,4.75,WATCH,"Tech 5 | News 0 (, ) | Event caution 0 | Macro -3 | Sector 0 | Analytics 2.75 (B) | Risk LOW/HIGH | Analytics: Trend 3, Momentum 4, Volume 2, Liquidity -2 (0.0cr), VolRisk MEDIUM, Sector UNKNOWN 0",0,0,LOW,,,,,,,0,0,,,0,,0,52.8,LOW,5.03,WATCH,"AI overlay from completed recommendation outcomes; use as probability/risk input, not standalone advice."
ADANIPORTS,2026-09-29,1822.0,83603.0,7,BUY,59.88,0.4906,21.36,1769.07,1720.49,1663.71,42.21,0.844,98.29,1.28,1758.69,1927.52,1.67,RSI in swing zone; MACD bullish; Above SMA20; Above SMA50; Long-term trend positive,LOGISTICS,0.81,6.72,-1.33,0.0,2.32,5,4,1,-2,1,LOW,-3,33.3,-5.62,-3,-1,2.7,1.25,B,"Trend 5, Momentum 4, Volume 1, Liquidity -2 (0.0cr), VolRisk LOW, Sector LOGISTICS -3",8,8,8,BUY,News 1; event caution 0; risk LOW; type RESULTS_POSITIVE; confidence HIGH; reason Strong reported result or positive guidance.. Positive catalyst: Adani Ports Q1 FY27 Beat Fails to Impress; Shares Slide Despite Strong Results - NiftyTrader,-3,HIGH,RISK_OFF,Nifty 20D return -5.771924924783489; 60D return -6.141522169043611; India VIX latest; 20D change 27.715355370472096; USDINR 20D change 0.8995466772440563; Crude 20D change 4.302699067276294,2.0,WATCH_MACRO_RISK,7,4.7,WATCH_MACRO_RISK,"Tech 7 | News 1 (RESULTS_POSITIVE, HIGH) | Event caution 0 | Macro -3 | Sector -3 | Analytics 2.7 (B) | Risk LOW/HIGH | Positive catalyst: Adani Ports Q1 FY27 Beat Fails to Impress; Shares Slide Despite Strong Results - NiftyTrader | Analytics: Trend 5, Momentum 4, Volume 1, Liquidity -2 (0.0cr), VolRisk LOW, Sector LOGISTICS -3 | News logic: Strong reported result or positive guidance.",1,0,LOW,Positive catalyst: Adani Ports Q1 FY27 Beat Fails to Impress; Shares Slide Despite Strong Results - NiftyTrader,,Adani Ports Q1 FY27 Beat Fails to Impress; Shares Slide Despite Strong Results - NiftyTrader,Positive catalyst: Adani Ports Q1 FY27 Beat Fails to Impress; Shares Slide Despite Strong Results - NiftyTrader,NiftyTrader,https://news.google.com/rss/articles/CBMifkFVX3lxTE1fTGxHdmZaVFBIS21qekZNQ3pHZ09XQzJ0TnFGQ29XLXYzaHZpWkJ5QjhkOWtsbHhPT0gwTGNzelc0YWNmT3VFajRib3JIVlh4UFd6ZU5neHJXbVJuR2FsbmRnWlN2LTlwdVJ4bUNMbFpDazhld0RWR3NueWd5QQ?oc=5,1,0,RESULTS_POSITIVE,HIGH,3,Strong reported result or positive guidance.,-1,40.1,NEGATIVE,3.71,WATCH_MACRO_RISK,"AI overlay from completed recommendation outcomes; use as probability/risk input, not standalone advice."
MARKSANS,2026-09-29,342.75,78865.0,5,WATCH,59.6,-0.1444,25.75,331.32,315.69,,13.8,0.841,83.55,1.83,322.05,377.25,1.67,RSI in swing zone; MACD weak; Trend strength acceptable; Above SMA20; Above SMA50,UNKNOWN,-1.4,3.18,26.5,0.0,4.03,5,2,1,-2,0,MEDIUM,0,,,0,-2,2.7,1.5,B,"Trend 5, Momentum 2, Volume 1, Liquidity -2 (0.0cr), VolRisk MEDIUM, Sector UNKNOWN 0",5,5,5,WATCH,News 0; event caution 0; risk LOW; type ; confidence ; reason . ,-3,HIGH,RISK_OFF,Nifty 20D return -5.771924924783489; 60D return -6.141522169043611; India VIX latest; 20D change 27.715355370472096; USDINR 20D change 0.8995466772440563; Crude 20D change 4.302699067276294,2.0,NEUTRAL,5,4.7,WATCH,"Tech 5 | News 0 (, ) | Event caution 0 | Macro -3 | Sector 0 | Analytics 2.7 (B) | Risk LOW/HIGH | Analytics: Trend 5, Momentum 2, Volume 1, Liquidity -2 (0.0cr), VolRisk MEDIUM, Sector UNKNOWN 0",0,0,LOW,,,,,,,0,0,,,0,,0,55.5,MEDIUM,5.25,WATCH,"AI overlay from completed recommendation outcomes; use as probability/risk input, not standalone advice."
INDGN,2026-09-29,605.15,62693.0,5,WATCH,64.46,-1.1925,33.2,590.2,543.79,,21.65,0.713,64.47,1.51,572.68,659.27,1.67,MACD weak; Trend strength acceptable; Above SMA20; Above SMA50; Bollinger position healthy,UNKNOWN,2.71,6.4,26.13,0.0,3.58,5,2,1,-2,0,MEDIUM,0,,,0,-2,2.7,1.5,B,"Trend 5, Momentum 2, Volume 1, Liquidity -2 (0.0cr), VolRisk MEDIUM, Sector UNKNOWN 0",5,5,5,WATCH,News 0; event caution 0; risk LOW; type ; confidence ; reason . ,-3,HIGH,RISK_OFF,Nifty 20D return -5.771924924783489; 60D return -6.141522169043611; India VIX latest; 20D change 27.715355370472096; USDINR 20D change 0.8995466772440563; Crude 20D change 4.302699067276294,2.0,NEUTRAL,5,4.7,WATCH,"Tech 5 | News 0 (, ) | Event caution 0 | Macro -3 | Sector 0 | Analytics 2.7 (B) | Risk LOW/HIGH | Analytics: Trend 5, Momentum 2, Volume 1, Liquidity -2 (0.0cr), VolRisk MEDIUM, Sector UNKNOWN 0",0,0,LOW,,,,,,,0,0,,,0,,0,56.3,MEDIUM,5.33,WATCH,"AI overlay from completed recommendation outcomes; use as probability/risk input, not standalone advice."
HDFCBANK,2026-09-29,722.7,367801.0,9,BUY,49.2,0.9051,22.39,719.47,722.45,781.12,14.98,0.553,60.53,1.14,700.24,760.14,1.67,RSI in swing zone; MACD bullish; Trend strength acceptable; Above SMA20; Above SMA50,BANK,-1.97,1.49,-5.09,0.02,2.07,4,3,0,-2,1,LOW,-3,19.2,-0.29,-3,-1,1.65,1.25,B,"Trend 4, Momentum 3, Volume 0, Liquidity -2 (0.02cr), VolRisk LOW, Sector BANK -3",9,9,9,BUY,News 0; event caution 0; risk LOW; type GENERIC_NEWS; confidence LOW; reason No material catalyst/event taxonomy match.. ,-3,HIGH,RISK_OFF,Nifty 20D return -5.771924924783489; 60D return -6.141522169043611; India VIX latest; 20D change 27.715355370472096; USDINR 20D change 0.8995466772440563; Crude 20D change 4.302699067276294,3.0,WATCH_MACRO_RISK,9,4.65,WATCH_MACRO_RISK,"Tech 9 | News 0 (GENERIC_NEWS, LOW) | Event caution 0 | Macro -3 | Sector -3 | Analytics 1.65 (B) | Risk LOW/HIGH | Analytics: Trend 4, Momentum 3, Volume 0, Liquidity -2 (0.02cr), VolRisk LOW, Sector BANK -3 | News logic: No material catalyst/event taxonomy match.",0,0,LOW,,,General Updates,Neutral news: General Updates,NSE Corporate Announcements,https://nsearchives.nseindia.com/corporate/HDFCBANK3_29092026121137_SE_Intimation_-_Special_window.pdf,0,0,GENERIC_NEWS,LOW,0,No material catalyst/event taxonomy match.,-1,42.0,NEGATIVE,3.85,WATCH_MACRO_RISK,"AI overlay from completed recommendation outcomes; use as probability/risk input, not standalone advice."
KPIL,2026-09-28,1375.6,24130.0,6,WATCH,50.99,-3.6459,34.52,1375.08,1337.94,,47.96,0.503,26.2,0.72,1303.66,1495.51,1.67,RSI in swing zone; MACD weak; Trend strength acceptable; Above SMA20; Above SMA50,UNKNOWN,-2.97,-0.62,16.87,0.0,3.49,4,1,0,-2,0,MEDIUM,0,,,0,-2,1.65,1.5,B,"Trend 4, Momentum 1, Volume 0, Liquidity -2 (0.0cr), VolRisk MEDIUM, Sector UNKNOWN 0",6,6,6,WATCH,News 0; event caution 0; risk LOW; type ; confidence ; reason . ,-3,HIGH,RISK_OFF,Nifty 20D return -5.771924924783489; 60D return -6.141522169043611; India VIX latest; 20D change 27.715355370472096; USDINR 20D change 0.8995466772440563; Crude 20D change 4.302699067276294,3.0,NEUTRAL,6,4.65,WATCH,"Tech 6 | News 0 (, ) | Event caution 0 | Macro -3 | Sector 0 | Analytics 1.65 (B) | Risk LOW/HIGH | Analytics: Trend 4, Momentum 1, Volume 0, Liquidity -2 (0.0cr), VolRisk MEDIUM, Sector UNKNOWN 0",0,0,LOW,,,,,,,0,0,,,0,,0,55.7,MEDIUM,5.22,WATCH,"AI overlay from completed recommendation outcomes; use as probability/risk input, not standalone advice."
JAIBALAJI,2026-05-18,80.87,56864.0,7,BUY,57.16,-0.7677,36.84,79.73,70.37,,5.73,0.568,58.64,2.13,72.28,95.19,1.67,RSI in swing zone; MACD weak; Trend strength acceptable; Above SMA20; Above SMA50,UNKNOWN,-6.16,11.58,,0.0,7.08,5,2,2,-2,-1,HIGH,0,,,-1,-3,2.6,1.0,B,"Trend 5, Momentum 2, Volume 2, Liquidity -2 (0.0cr), VolRisk HIGH, Sector UNKNOWN 0",6,6,6,WATCH,News -1; event caution 0; risk MEDIUM; type RESULTS_NEGATIVE; confidence HIGH; reason Weak reported result or guidance cut.. Negative catalyst: Jai Balaji Industries Q3FY26 Net Profit Plunges 90% to ₹11.55 Crore - scanx.trade,-3,HIGH,RISK_OFF,Nifty 20D return -5.771924924783489; 60D return -6.141522169043611; India VIX latest; 20D change 27.715355370472096; USDINR 20D change 0.8995466772440563; Crude 20D change 4.302699067276294,2.0,WATCH_MACRO_RISK,7,4.6,WATCH_MACRO_RISK,"Tech 7 | News -1 (RESULTS_NEGATIVE, HIGH) | Event caution 0 | Macro -3 | Sector -1 | Analytics 2.6 (B) | Risk MEDIUM/HIGH | Negative catalyst: Jai Balaji Industries Q3FY26 Net Profit Plunges 90% to ₹11.55 Crore - scanx.trade | Analytics: Trend 5, Momentum 2, Volume 2, Liquidity -2 (0.0cr), VolRisk HIGH, Sector UNKNOWN 0 | News logic: Weak reported result or guidance cut.",-1,0,MEDIUM,Negative catalyst: Jai Balaji Industries Q3FY26 Net Profit Plunges 90% to ₹11.55 Crore - scanx.trade,,Jai Balaji Industries Q3FY26 Net Profit Plunges 90% to ₹11.55 Crore - scanx.trade,Negative catalyst: Jai Balaji Industries Q3FY26 Net Profit Plunges 90% to ₹11.55 Crore - scanx.trade,scanx.trade,https://news.google.com/rss/articles/CBMivgFBVV95cUxNU0ZEVDVsdTRMWmlZWkJmaWpDZDBUY1Z6Qy1IQTk2UWxtcTB2RnhVeGZmUEVkdTNHb2R1SDFXRlJtTXNfbU5nTWk1bU43REZYLWlBM0t3TEpqcmZJakxybktlb2paM1hFSFpBM0ZzTnJCUExLU3JiX3daS2tTbm81ZnlGNm9nSGpLT0QtYTFsOTBQNkVybWxSRU1EY3BKZGJrNFEyOFZZd1F5UHExcWVKdC1YRHB6YTF3dnJYV0V3?oc=5,1,0,RESULTS_NEGATIVE,HIGH,3,Weak reported result or guidance cut.,-1,58.9,MEDIUM,5.49,WATCH_MACRO_RISK,"AI overlay from completed recommendation outcomes; use as probability/risk input, not standalone advice."
LGEINDIA,2026-09-29,1739.2,49415.0,4,WATCH,66.54,7.0645,29.4,1672.8,1645.68,1556.68,42.25,0.946,96.76,1.13,1675.83,1844.82,1.67,MACD bullish; Trend strength acceptable; Above SMA20; Above SMA50; Long-term trend positive,UNKNOWN,2.66,6.0,10.93,0.0,2.43,6,3,0,-2,1,LOW,0,,,0,-1,3.6,1.5,B,"Trend 6, Momentum 3, Volume 0, Liquidity -2 (0.0cr), VolRisk LOW, Sector UNKNOWN 0",4,4,4,WATCH,News 0; event caution 0; risk LOW; type ; confidence ; reason . ,-3,HIGH,RISK_OFF,Nifty 20D return -5.771924924783489; 60D return -6.141522169043611; India VIX latest; 20D change 27.715355370472096; USDINR 20D change 0.8995466772440563; Crude 20D change 4.302699067276294,1.0,NEUTRAL,4,4.6,WATCH,"Tech 4 | News 0 (, ) | Event caution 0 | Macro -3 | Sector 0 | Analytics 3.6 (B) | Risk LOW/HIGH | Analytics: Trend 6, Momentum 3, Volume 0, Liquidity -2 (0.0cr), VolRisk LOW, Sector UNKNOWN 0",0,0,LOW,,,,,,,0,0,,,0,,0,44.0,NEGATIVE,4.0,WATCH,"AI overlay from completed recommendation outcomes; use as probability/risk input, not standalone advice."
STALLION,2026-08-10,254.0,22617.0,6,WATCH,59.99,-2.2176,42.96,250.9,211.23,,15.29,0.552,44.38,0.51,231.07,292.21,1.67,RSI in swing zone; MACD weak; Trend strength acceptable; Above SMA20; Above SMA50,UNKNOWN,-5.42,18.27,,0.0,6.02,5,1,-1,-2,-1,HIGH,0,,,0,-3,1.5,1.0,B,"Trend 5, Momentum 1, Volume -1, Liquidity -2 (0.0cr), VolRisk HIGH, Sector UNKNOWN 0",6,6,6,WATCH,News 0; event caution 0; risk LOW; type ; confidence ; reason . ,-3,HIGH,RISK_OFF,Nifty 20D return -5.771924924783489; 60D return -6.141522169043611; India VIX latest; 20D change 27.715355370472096; USDINR 20D change 0.8995466772440563; Crude 20D change 4.302699067276294,3.0,NEUTRAL,6,4.5,WATCH,"Tech 6 | News 0 (, ) | Event caution 0 | Macro -3 | Sector 0 | Analytics 1.5 (B) | Risk LOW/HIGH | Analytics: Trend 5, Momentum 1, Volume -1, Liquidity -2 (0.0cr), VolRisk HIGH, Sector UNKNOWN 0",0,0,LOW,,,,,,,0,0,,,0,,0,58.8,MEDIUM,5.38,WATCH,"AI overlay from completed recommendation outcomes; use as probability/risk input, not standalone advice."
INDIGO,2026-09-29,4872.0,40172.0,6,WATCH,41.45,6.6261,27.98,4927.52,5101.03,4783.59,102.07,0.322,47.03,0.81,4718.89,5127.18,1.67,RSI in swing zone; MACD bullish; Trend strength acceptable; Long-term trend positive; Bollinger position healthy,AVIATION,-3.11,-2.11,-8.16,0.0,2.1,2,2,0,-2,1,LOW,0,,,0,-1,1.45,1.5,B,"Trend 2, Momentum 2, Volume 0, Liquidity -2 (0.0cr), VolRisk LOW, Sector AVIATION 0",6,6,6,WATCH,News 0; event caution 0; risk LOW; type ; confidence ; reason . ,-3,HIGH,RISK_OFF,Nifty 20D return -5.771924924783489; 60D return -6.141522169043611; India VIX latest; 20D change 27.715355370472096; USDINR 20D change 0.8995466772440563; Crude 20D change 4.302699067276294,3.0,NEUTRAL,6,4.45,WATCH,"Tech 6 | News 0 (, ) | Event caution 0 | Macro -3 | Sector 0 | Analytics 1.45 (B) | Risk LOW/HIGH | Analytics: Trend 2, Momentum 2, Volume 0, Liquidity -2 (0.0cr), VolRisk LOW, Sector AVIATION 0",0,0,LOW,,,,,,,0,0,,,0,,0,44.7,NEGATIVE,3.92,WATCH,"AI overlay from completed recommendation outcomes; use as probability/risk input, not standalone advice."
USHAMART,2026-09-24,523.2,19360.0,7,BUY,58.99,3.2244,20.17,505.49,499.56,,18.43,0.771,75.27,0.52,495.56,569.27,1.67,RSI in swing zone; MACD bullish; Above SMA20; Above SMA50,UNKNOWN,3.15,6.24,29.15,0.0,3.52,4,4,-1,-2,0,MEDIUM,0,,,-1,-2,2.45,1.5,B,"Trend 4, Momentum 4, Volume -1, Liquidity -2 (0.0cr), VolRisk MEDIUM, Sector UNKNOWN 0",7,6,6,WATCH,News 0; event caution -1; risk MEDIUM; type GENERIC_NEWS; confidence LOW; reason No material catalyst/event taxonomy match.. Upcoming event caution: Outcome of Board Meeting,-3,HIGH,RISK_OFF,Nifty 20D return -5.771924924783489; 60D return -6.141522169043611; India VIX latest; 20D change 27.715355370472096; USDINR 20D change 0.8995466772440563; Crude 20D change 4.302699067276294,2.0,WATCH_MACRO_RISK,7,4.45,WATCH_MACRO_RISK,"Tech 7 | News 0 (GENERIC_NEWS, LOW) | Event caution -1 | Macro -3 | Sector -1 | Analytics 2.45 (B) | Risk MEDIUM/HIGH | Analytics: Trend 4, Momentum 4, Volume -1, Liquidity -2 (0.0cr), VolRisk MEDIUM, Sector UNKNOWN 0 | News logic: No material catalyst/event taxonomy match. | Upcoming event caution: Outcome of Board Meeting",0,-1,MEDIUM,,Upcoming event caution: Outcome of Board Meeting,Trading Window,Upcoming event caution: Outcome of Board Meeting,NSE Corporate Announcements,https://nsearchives.nseindia.com/corporate/USHAMART_28092026160729_ClosureofTradingWindow.pdf,0,1,GENERIC_NEWS,LOW,0,No material catalyst/event taxonomy match.,-1,56.7,MEDIUM,5.12,WATCH_MACRO_RISK,"AI overlay from completed recommendation outcomes; use as probability/risk input, not standalone advice."
CARBORUNIV,2026-09-27,1278.5,28929.0,5,WATCH,67.41,14.4718,29.87,1172.18,1132.92,,65.51,0.925,72.08,0.67,1180.23,1442.28,1.67,MACD bullish; Trend strength acceptable; Above SMA20; Above SMA50; Near upper Bollinger band,UNKNOWN,8.45,8.92,55.3,0.0,5.12,5,3,0,-2,-1,HIGH,0,,,0,-3,2.45,1.0,B,"Trend 5, Momentum 3, Volume 0, Liquidity -2 (0.0cr), VolRisk HIGH, Sector UNKNOWN 0",5,5,5,WATCH,News 0; event caution 0; risk LOW; type ; confidence ; reason . ,-3,HIGH,RISK_OFF,Nifty 20D return -5.771924924783489; 60D return -6.141522169043611; India VIX latest; 20D change 27.715355370472096; USDINR 20D change 0.8995466772440563; Crude 20D change 4.302699067276294,2.0,NEUTRAL,5,4.45,WATCH,"Tech 5 | News 0 (, ) | Event caution 0 | Macro -3 | Sector 0 | Analytics 2.45 (B) | Risk LOW/HIGH | Analytics: Trend 5, Momentum 3, Volume 0, Liquidity -2 (0.0cr), VolRisk HIGH, Sector UNKNOWN 0",0,0,LOW,,,,,,,0,0,,,0,,0,56.9,MEDIUM,5.14,WATCH,"AI overlay from completed recommendation outcomes; use as probability/risk input, not standalone advice."
GESHIP,2026-09-29,1537.8,107165.0,4,WATCH,76.53,9.1874,39.17,1442.05,1374.65,1412.02,40.22,0.97,80.2,2.06,1477.48,1638.34,1.67,RSI overbought; MACD bullish; Trend strength acceptable; Above SMA20; Above SMA50,UNKNOWN,3.64,12.27,14.3,0.0,2.62,6,2,2,-2,0,MEDIUM,0,,,0,-2,3.4,1.5,B,"Trend 6, Momentum 2, Volume 2, Liquidity -2 (0.0cr), VolRisk MEDIUM, Sector UNKNOWN 0",4,4,4,WATCH,News 0; event caution 0; risk LOW; type ; confidence ; reason . ,-3,HIGH,RISK_OFF,Nifty 20D return -5.771924924783489; 60D return -6.141522169043611; India VIX latest; 20D change 27.715355370472096; USDINR 20D change 0.8995466772440563; Crude 20D change 4.302699067276294,1.0,NEUTRAL,4,4.4,WATCH,"Tech 4 | News 0 (, ) | Event caution 0 | Macro -3 | Sector 0 | Analytics 3.4 (B) | Risk LOW/HIGH | Analytics: Trend 6, Momentum 2, Volume 2, Liquidity -2 (0.0cr), VolRisk MEDIUM, Sector UNKNOWN 0",0,0,LOW,,,,,,,0,0,,,0,,0,52.2,LOW,4.62,WATCH,"AI overlay from completed recommendation outcomes; use as probability/risk input, not standalone advice."
ITCHOTELS,2026-09-29,160.53,35195.0,6,WATCH,51.09,0.8253,17.84,157.71,161.65,164.0,4.01,0.71,68.68,1.18,154.52,170.54,1.67,RSI in swing zone; MACD bullish; Above SMA20; Bollinger position healthy,UNKNOWN,-0.43,-0.43,-9.63,0.0,2.5,1,3,0,-2,1,LOW,0,,,0,-1,1.35,1.5,B,"Trend 1, Momentum 3, Volume 0, Liquidity -2 (0.0cr), VolRisk LOW, Sector UNKNOWN 0",6,6,6,WATCH,News 0; event caution 0; risk LOW; type ; confidence ; reason . ,-3,HIGH,RISK_OFF,Nifty 20D return -5.771924924783489; 60D return -6.141522169043611; India VIX latest; 20D change 27.715355370472096; USDINR 20D change 0.8995466772440563; Crude 20D change 4.302699067276294,3.0,NEUTRAL,6,4.35,WATCH,"Tech 6 | News 0 (, ) | Event caution 0 | Macro -3 | Sector 0 | Analytics 1.35 (B) | Risk LOW/HIGH | Analytics: Trend 1, Momentum 3, Volume 0, Liquidity -2 (0.0cr), VolRisk LOW, Sector UNKNOWN 0",0,0,LOW,,,,,,,0,0,,,0,,0,44.1,NEGATIVE,3.76,WATCH,"AI overlay from completed recommendation outcomes; use as probability/risk input, not standalone advice."
GLAND,2026-09-29,2989.7,65764.0,5,WATCH,61.09,-6.3146,23.64,2932.11,2839.45,,84.17,0.844,85.19,1.26,2863.44,3200.13,1.67,RSI in swing zone; MACD weak; Trend strength acceptable; Above SMA20; Above SMA50,UNKNOWN,1.68,2.81,18.2,0.0,2.82,5,1,1,-2,0,MEDIUM,0,,,0,-2,2.35,1.5,B,"Trend 5, Momentum 1, Volume 1, Liquidity -2 (0.0cr), VolRisk MEDIUM, Sector UNKNOWN 0",5,5,5,WATCH,News 0; event caution 0; risk LOW; type ; confidence ; reason . ,-3,HIGH,RISK_OFF,Nifty 20D return -5.771924924783489; 60D return -6.141522169043611; India VIX latest; 20D change 27.715355370472096; USDINR 20D change 0.8995466772440563; Crude 20D change 4.302699067276294,2.0,NEUTRAL,5,4.35,WATCH,"Tech 5 | News 0 (, ) | Event caution 0 | Macro -3 | Sector 0 | Analytics 2.35 (B) | Risk LOW/HIGH | Analytics: Trend 5, Momentum 1, Volume 1, Liquidity -2 (0.0cr), VolRisk MEDIUM, Sector UNKNOWN 0",0,0,LOW,,,,,,,0,0,,,0,,0,52.1,LOW,4.56,WATCH,"AI overlay from completed recommendation outcomes; use as probability/risk input, not standalone advice."
FIRSTCRY,2026-09-29,184.37,70370.0,6,WATCH,43.5,2.4202,21.21,182.44,206.69,,11.21,0.546,65.77,0.81,167.55,212.4,1.67,RSI in swing zone; MACD bullish; Above SMA20; Bollinger position healthy,UNKNOWN,2.2,-10.54,-24.32,0.0,6.08,1,2,0,-2,-1,HIGH,0,,,0,-3,0.3,1.0,C,"Trend 1, Momentum 2, Volume 0, Liquidity -2 (0.0cr), VolRisk HIGH, Sector UNKNOWN 0",8,7,7,BUY,News 2; event caution -1; risk MEDIUM; type RESULTS_POSITIVE; confidence HIGH; reason Strong reported result or positive guidance.. Positive catalyst: Brainbees Solutions Q4 Results: Firstcry parent narrows YoY loss to Rs 30 crore on 12% revenue uptick,-3,HIGH,RISK_OFF,Nifty 20D return -5.771924924783489; 60D return -6.141522169043611; India VIX latest; 20D change 27.715355370472096; USDINR 20D change 0.8995466772440563; Crude 20D change 4.302699067276294,4.0,WATCH,6,4.3,WATCH,"Tech 6 | News 2 (RESULTS_POSITIVE, HIGH) | Event caution -1 | Macro -3 | Sector 0 | Analytics 0.3 (C) | Risk MEDIUM/HIGH | Positive catalyst: Brainbees Solutions Q4 Results: Firstcry parent narrows YoY loss to Rs 30 crore on 12% revenue uptick | Analytics: Trend 1, Momentum 2, Volume 0, Liquidity -2 (0.0cr), VolRisk HIGH, Sector UNKNOWN 0 | News logic: Strong reported result or positive guidance. | Upcoming event caution: Outcome of Board Meeting",2,-1,MEDIUM,Positive catalyst: Brainbees Solutions Q4 Results: Firstcry parent narrows YoY loss to Rs 30 crore on 12% revenue uptick,Upcoming event caution: Outcome of Board Meeting,Brainbees Solutions Q4 Results: Firstcry parent narrows YoY loss to Rs 30 crore on 12% revenue uptick - The Economic Times,Positive catalyst: Brainbees Solutions Q4 Results: Firstcry parent narrows YoY loss to Rs 30 crore on 12% revenue uptick,The Economic Times,https://news.google.com/rss/articles/CBMiiAJBVV95cUxNZk55aDRVWkxnNWxZRGdMM2lCRzVLVUhveHJPX3RtRmlORGpXYmpyWVBCZ0p0cUxxdUdNN1pseHJUem5HVmVwbmc4Tk4wanBMMmExS0Z4T3lBek5fWEpsUS1yeklTdjlyUkVVdklYV2NCTkpDeFgtYlZ0MzA4YkVmY2lGN3g5YTJ5UFUzLWFJSDBnS0xUZ2VyVVVaNHRicWhhaUk1ZUdVYTBLaGNkMmltaUhSU0xPa09CNHUybDl0cjhNblJzaU5QQl9hZnRVSHIyU3JhZEh4UEp6eFM0bUJLU3ZrRldTbTVLUkctdHRGRmJvR0VyU1hXQWNwU2VFcjlvVHQ0ajhqN23SAY4CQVVfeXFMTUM5a1hFYVptakhzMVdIYWhITFZZeU9MMUZtcXNEaXhGc09ndEs3MjRNZ2ZxVFBZVXNnTjl4U0NBTGFoTFZvaUpWeHZUN1l6OE1FWWJCalkyXzk4UkxjWG5VekkxVTRqaXFzR1h0OEdHOHpib1NKWFpEd3hMaWRNOGV6UHUwbk96eGNKYUJBQjBFNmxxMmxGVFdMQWxZZk8yQmFHcHd3LTh6MElDMzgtdXphQ2xVWTRFWnZSbkRhRzhnQVFFMTVlYWk3Z2lOcEJYbGhMNlNFYmZZblUtY0YyT3ZBMUN2SmluZXhad3dSS1QwbEJOVTdVNXFiLWdKMGdQMFlKVC12SEZpU0FVcUd3?oc=5,1,1,RESULTS_POSITIVE,HIGH,3,Strong reported result or positive guidance.,0,55.3,MEDIUM,4.83,WATCH,"AI overlay from completed recommendation outcomes; use as probability/risk input, not standalone advice."
AEROFLEX,2026-09-29,539.6,36693.0,6,WATCH,55.79,-4.1936,28.74,536.8,492.08,,29.11,0.527,71.0,1.06,495.93,612.38,1.67,RSI in swing zone; MACD weak; Trend strength acceptable; Above SMA20; Above SMA50,UNKNOWN,4.68,-0.46,15.63,0.0,5.4,4,1,0,-2,-1,HIGH,0,,,0,-3,1.3,1.0,B,"Trend 4, Momentum 1, Volume 0, Liquidity -2 (0.0cr), VolRisk HIGH, Sector UNKNOWN 0",6,6,6,WATCH,News 0; event caution 0; risk LOW; type ; confidence ; reason . ,-3,HIGH,RISK_OFF,Nifty 20D return -5.771924924783489; 60D return -6.141522169043611; India VIX latest; 20D change 27.715355370472096; USDINR 20D change 0.8995466772440563; Crude 20D change 4.302699067276294,3.0,NEUTRAL,6,4.3,WATCH,"Tech 6 | News 0 (, ) | Event caution 0 | Macro -3 | Sector 0 | Analytics 1.3 (B) | Risk LOW/HIGH | Analytics: Trend 4, Momentum 1, Volume 0, Liquidity -2 (0.0cr), VolRisk HIGH, Sector UNKNOWN 0",0,0,LOW,,,,,,,0,0,,,0,,0,58.0,MEDIUM,5.1,WATCH,"AI overlay from completed recommendation outcomes; use as probability/risk input, not standalone advice."
LUMAXTECH,2026-09-24,2068.8,23425.0,6,WATCH,60.62,-5.237,32.58,2024.38,1798.52,,104.6,0.714,59.1,0.78,1911.89,2330.31,1.67,RSI in swing zone; MACD weak; Trend strength acceptable; Above SMA20; Above SMA50,UNKNOWN,2.52,-0.36,15.29,0.0,5.06,4,1,0,-2,-1,HIGH,0,,,0,-3,1.3,1.0,B,"Trend 4, Momentum 1, Volume 0, Liquidity -2 (0.0cr), VolRisk HIGH, Sector UNKNOWN 0",6,6,6,WATCH,News 0; event caution 0; risk LOW; type ; confidence ; reason . ,-3,HIGH,RISK_OFF,Nifty 20D return -5.771924924783489; 60D return -6.141522169043611; India VIX latest; 20D change 27.715355370472096; USDINR 20D change 0.8995466772440563; Crude 20D change 4.302699067276294,3.0,NEUTRAL,6,4.3,WATCH,"Tech 6 | News 0 (, ) | Event caution 0 | Macro -3 | Sector 0 | Analytics 1.3 (B) | Risk LOW/HIGH | Analytics: Trend 4, Momentum 1, Volume 0, Liquidity -2 (0.0cr), VolRisk HIGH, Sector UNKNOWN 0",0,0,LOW,,,,,,,0,0,,,0,,0,57.7,MEDIUM,5.07,WATCH,"AI overlay from completed recommendation outcomes; use as probability/risk input, not standalone advice."
HFCL,2026-09-02,226.27,121641.0,5,WATCH,48.66,-0.574,30.85,231.92,217.43,,10.15,0.371,21.35,1.39,211.04,251.65,1.67,RSI in swing zone; MACD weak; Trend strength acceptable; Above SMA50; Bollinger position healthy,UNKNOWN,-7.96,6.25,10.5,0.0,4.49,4,2,1,-2,0,MEDIUM,0,,,0,-2,2.25,1.5,B,"Trend 4, Momentum 2, Volume 1, Liquidity -2 (0.0cr), VolRisk MEDIUM, Sector UNKNOWN 0",5,5,5,WATCH,News 0; event caution 0; risk LOW; type ; confidence ; reason . ,-3,HIGH,RISK_OFF,Nifty 20D return -5.771924924783489; 60D return -6.141522169043611; India VIX latest; 20D change 27.715355370472096; USDINR 20D change 0.8995466772440563; Crude 20D change 4.302699067276294,2.0,NEUTRAL,5,4.25,WATCH,"Tech 5 | News 0 (, ) | Event caution 0 | Macro -3 | Sector 0 | Analytics 2.25 (B) | Risk LOW/HIGH | Analytics: Trend 4, Momentum 2, Volume 1, Liquidity -2 (0.0cr), VolRisk MEDIUM, Sector UNKNOWN 0",0,0,LOW,,,,,,,0,0,,,0,,0,57.1,MEDIUM,4.96,WATCH,"AI overlay from completed recommendation outcomes; use as probability/risk input, not standalone advice."
ICICIAMC,2026-09-29,3233.0,50482.0,5,WATCH,61.86,24.3619,21.29,3079.79,3117.27,,97.55,0.933,84.73,1.17,3086.67,3476.88,1.67,RSI in swing zone; MACD bullish; Above SMA20; Above SMA50; Near upper Bollinger band,UNKNOWN,4.36,4.51,-2.82,0.0,3.02,3,4,0,-2,0,MEDIUM,0,,,0,-2,2.25,1.5,B,"Trend 3, Momentum 4, Volume 0, Liquidity -2 (0.0cr), VolRisk MEDIUM, Sector UNKNOWN 0",5,5,5,WATCH,News 0; event caution 0; risk LOW; type ; confidence ; reason . ,-3,HIGH,RISK_OFF,Nifty 20D return -5.771924924783489; 60D return -6.141522169043611; India VIX latest; 20D change 27.715355370472096; USDINR 20D change 0.8995466772440563; Crude 20D change 4.302699067276294,2.0,NEUTRAL,5,4.25,WATCH,"Tech 5 | News 0 (, ) | Event caution 0 | Macro -3 | Sector 0 | Analytics 2.25 (B) | Risk LOW/HIGH | Analytics: Trend 3, Momentum 4, Volume 0, Liquidity -2 (0.0cr), VolRisk MEDIUM, Sector UNKNOWN 0",0,0,LOW,,,,,,,0,0,,,0,,0,54.0,LOW,4.65,WATCH,"AI overlay from completed recommendation outcomes; use as probability/risk input, not standalone advice."
TRIDENT,2026-08-09,25.18,26171.0,5,WATCH,50.29,0.0144,13.11,25.18,24.73,,1.18,0.5,33.64,0.9,23.4,28.14,1.66,RSI in swing zone; MACD bullish; Weak trend; Above SMA50; Bollinger position healthy,UNKNOWN,-2.89,4.39,-3.19,0.0,4.7,3,4,0,-2,0,MEDIUM,0,,,0,-2,2.25,1.5,B,"Trend 3, Momentum 4, Volume 0, Liquidity -2 (0.0cr), VolRisk MEDIUM, Sector UNKNOWN 0",5,5,5,WATCH,News 0; event caution 0; risk LOW; type ; confidence ; reason . ,-3,HIGH,RISK_OFF,Nifty 20D return -5.771924924783489; 60D return -6.141522169043611; India VIX latest; 20D change 27.715355370472096; USDINR 20D change 0.8995466772440563; Crude 20D change 4.302699067276294,2.0,NEUTRAL,5,4.25,WATCH,"Tech 5 | News 0 (, ) | Event caution 0 | Macro -3 | Sector 0 | Analytics 2.25 (B) | Risk LOW/HIGH | Analytics: Trend 3, Momentum 4, Volume 0, Liquidity -2 (0.0cr), VolRisk MEDIUM, Sector UNKNOWN 0",0,0,LOW,,,,,,,0,0,,,0,,0,57.6,MEDIUM,5.01,WATCH,"AI overlay from completed recommendation outcomes; use as probability/risk input, not standalone advice."
FSL,2026-09-20,273.45,24556.0,8,BUY,51.7,1.0968,19.72,268.19,270.49,,12.4,0.624,59.1,0.53,254.85,304.46,1.67,RSI in swing zone; MACD bullish; Above SMA20; Above SMA50; Bollinger position healthy,UNKNOWN,10.44,-2.29,8.94,0.0,4.54,2,3,-1,-2,0,MEDIUM,0,,,-1,-2,1.2,1.5,B,"Trend 2, Momentum 3, Volume -1, Liquidity -2 (0.0cr), VolRisk MEDIUM, Sector UNKNOWN 0",7,7,7,BUY,News -1; event caution 0; risk MEDIUM; type RESULTS_NEGATIVE; confidence HIGH; reason Weak reported result or guidance cut.. Negative catalyst: Firstsource Solutions shares tumble over 17% as Q1 profit falls 2% YoY to ₹166 crore; check June quarter results,-3,HIGH,RISK_OFF,Nifty 20D return -5.771924924783489; 60D return -6.141522169043611; India VIX latest; 20D change 27.715355370472096; USDINR 20D change 0.8995466772440563; Crude 20D change 4.302699067276294,3.0,WATCH_MACRO_RISK,8,4.2,WATCH_MACRO_RISK,"Tech 8 | News -1 (RESULTS_NEGATIVE, HIGH) | Event caution 0 | Macro -3 | Sector -1 | Analytics 1.2 (B) | Risk MEDIUM/HIGH | Negative catalyst: Firstsource Solutions shares tumble over 17% as Q1 profit falls 2% YoY to ₹166 crore; check June quarter results | Analytics: Trend 2, Momentum 3, Volume -1, Liquidity -2 (0.0cr), VolRisk MEDIUM, Sector UNKNOWN 0 | News logic: Weak reported result or guidance cut.",-1,0,MEDIUM,Negative catalyst: Firstsource Solutions shares tumble over 17% as Q1 profit falls 2% YoY to ₹166 crore; check June quarter results,,Firstsource Solutions shares tumble over 17% as Q1 profit falls 2% YoY to ₹166 crore; check June quarter results - Upstox,Negative catalyst: Firstsource Solutions shares tumble over 17% as Q1 profit falls 2% YoY to ₹166 crore; check June quarter results,Upstox,https://news.google.com/rss/articles/CBMi_AFBVV95cUxNSHhaWFRWR0NsOUFGd2xIT1hmOHdHdmpDWWF5VzJjR0ZvSXI1c0NRazk1aTVQcGhKSnJfZi1pUUxCaEtrWlJqemcwb3ZxTzZCa1ZpNU1KTlpHSU5jVm5TNXJBT0lnX1dKWV90bjBlSGhTdDd5V2d6eFJmSnJuMEpzdTVUcXRPNVhxRTA1cUVfMDlydjctcy11SlhzSUlEU3lMSEhuYkdTZzIzZkxDSThWazZFZlVCYk1uVGphbDgwTVFQV3o1NUJ1UTFNb0JTcHZ5bGNZbmJFajNXNmNvZERtUDlhT0hfejVDTXVVVFFUNVRnUDMtejFYR21fN3A?oc=5,1,0,RESULTS_NEGATIVE,HIGH,3,Weak reported result or guidance cut.,-1,57.3,MEDIUM,4.93,WATCH_MACRO_RISK,"AI overlay from completed recommendation outcomes; use as probability/risk input, not standalone advice."
MANINDS,2026-09-29,959.6,43385.0,6,WATCH,64.49,4.4633,53.39,882.29,741.55,,63.41,0.761,72.82,0.49,864.48,1118.13,1.67,MACD bullish; Trend strength acceptable; Above SMA20; Above SMA50,UNKNOWN,-2.75,21.69,104.78,0.0,6.61,5,3,-1,-2,-1,HIGH,0,,,0,-3,2.2,1.0,B,"Trend 5, Momentum 3, Volume -1, Liquidity -2 (0.0cr), VolRisk HIGH, Sector UNKNOWN 0",5,5,5,WATCH,News -1; event caution 0; risk LOW; type BROKERAGE_NEGATIVE; confidence MEDIUM; reason Negative brokerage/research view.. Negative catalyst: Downgrade: Here's How This Analyst Sees Man Industries (India) Limited (NSE:MANINDS) Performing In The Near Term,-3,HIGH,RISK_OFF,Nifty 20D return -5.771924924783489; 60D return -6.141522169043611; India VIX latest; 20D change 27.715355370472096; USDINR 20D change 0.8995466772440563; Crude 20D change 4.302699067276294,2.0,NEUTRAL,6,4.2,WATCH,"Tech 6 | News -1 (BROKERAGE_NEGATIVE, MEDIUM) | Event caution 0 | Macro -3 | Sector 0 | Analytics 2.2 (B) | Risk LOW/HIGH | Negative catalyst: Downgrade: Here's How This Analyst Sees Man Industries (India) Limited (NSE:MANINDS) Performing In The Near Term | Analytics: Trend 5, Momentum 3, Volume -1, Liquidity -2 (0.0cr), VolRisk HIGH, Sector UNKNOWN 0 | News logic: Negative brokerage/research view.",-1,0,LOW,Negative catalyst: Downgrade: Here's How This Analyst Sees Man Industries (India) Limited (NSE:MANINDS) Performing In The Near Term,,Downgrade: Here's How This Analyst Sees Man Industries (India) Limited (NSE:MANINDS) Performing In The Near Term - simplywall.st,Negative catalyst: Downgrade: Here's How This Analyst Sees Man Industries (India) Limited (NSE:MANINDS) Performing In The Near Term,simplywall.st,https://news.google.com/rss/articles/CBMi5gFBVV95cUxQR2ZzLXJVcXFsa0tyU1dOR0ZOSEJUczhNa3RsUm1tN0U4dUR4REprVzVEcVRXV0l4cUVYQmlURzdNbi1rM1JZMDJHTkUwVTJOM2VaUUN2SWU1OThDREJoZWo5UndQOVRMLW1UQ1puUDBvcGRXU0FNelNXRGtCOW83VHlRQmJQUnJ2dWZ0S1B0MVpYQU55bGFueU9pYjVlVzl4aFZwdjNIcHlkdHpCbWZuYThIYVlBWEN1cjZLdzFEdGJFN1RIRmxZMlF1NVRZWlpDSXRjenp2ZUZxVXFRaGpETDRnY0txUdIB6wFBVV95cUxNRUxMeFh5X0JpcERDNVNGNjRxODUxaXJIWEZGTlhXejZHbkt3dUZvV1R3bWpIcGtkd3lVS0c5VW1nZm9tLS1qRTcyekMzajk0Z2J5WWd3WWdocGZ0SnJWVkpHLUFFcVJuS05vY2F0SmV2azUxaHJxTzQtLWFmM1dodnM5RTJfYzFCMUNwTnJwLVQ2X09jeF9GeUVGYnBJZWI0SjVraU9ibFp5OW5EdE5DaUJpdjl1OG9WbDc5TjZnN1FIZkwzQndtaUthZW44VEV4TG5Cck9mUGtyRmhwVVhIRWFqbWVrQnJpR1Rj?oc=5,1,0,BROKERAGE_NEGATIVE,MEDIUM,1,Negative brokerage/research view.,0,57.3,MEDIUM,4.93,WATCH,"AI overlay from completed recommendation outcomes; use as probability/risk input, not standalone advice."
AVALON,2026-09-27,2328.5,57494.0,6,WATCH,53.38,-9.1354,25.35,2310.42,2138.34,,161.59,0.54,54.62,0.8,2086.11,2732.48,1.67,RSI in swing zone; MACD weak; Trend strength acceptable; Above SMA20; Above SMA50,UNKNOWN,-8.24,6.34,35.31,0.0,6.94,5,2,0,-2,-1,HIGH,0,,,0,-3,2.1,1.0,B,"Trend 5, Momentum 2, Volume 0, Liquidity -2 (0.0cr), VolRisk HIGH, Sector UNKNOWN 0",6,5,5,WATCH,News 0; event caution -1; risk MEDIUM; type GENERIC_NEWS; confidence LOW; reason No material catalyst/event taxonomy match.. Upcoming event caution: Outcome of Board Meeting,-3,HIGH,RISK_OFF,Nifty 20D return -5.771924924783489; 60D return -6.141522169043611; India VIX latest; 20D change 27.715355370472096; USDINR 20D change 0.8995466772440563; Crude 20D change 4.302699067276294,2.0,NEUTRAL,6,4.1,WATCH,"Tech 6 | News 0 (GENERIC_NEWS, LOW) | Event caution -1 | Macro -3 | Sector 0 | Analytics 2.1 (B) | Risk MEDIUM/HIGH | Analytics: Trend 5, Momentum 2, Volume 0, Liquidity -2 (0.0cr), VolRisk HIGH, Sector UNKNOWN 0 | News logic: No material catalyst/event taxonomy match. | Upcoming event caution: Outcome of Board Meeting",0,-1,MEDIUM,,Upcoming event caution: Outcome of Board Meeting,Shareholders meeting,Upcoming event caution: Outcome of Board Meeting,NSE Corporate Announcements,https://nsearchives.nseindia.com/corporate/AVALON2022_28092026185645_AGM_Proceedings.pdf,0,1,GENERIC_NEWS,LOW,0,No material catalyst/event taxonomy match.,0,58.6,MEDIUM,4.96,WATCH,"AI overlay from completed recommendation outcomes; use as probability/risk input, not standalone advice."
EMIL,2026-09-29,191.71,44964.0,6,WATCH,56.46,-1.1456,33.94,189.4,170.39,,10.73,0.586,58.46,0.82,175.62,218.53,1.67,RSI in swing zone; MACD weak; Trend strength acceptable; Above SMA20; Above SMA50,UNKNOWN,0.2,10.34,56.18,0.0,5.59,5,2,0,-2,-1,HIGH,0,,,0,-3,2.1,1.0,B,"Trend 5, Momentum 2, Volume 0, Liquidity -2 (0.0cr), VolRisk HIGH, Sector UNKNOWN 0",6,5,5,WATCH,News 0; event caution -1; risk MEDIUM; type GENERIC_NEWS; confidence LOW; reason No material catalyst/event taxonomy match.. Upcoming event caution: Outcome of Board Meeting,-3,HIGH,RISK_OFF,Nifty 20D return -5.771924924783489; 60D return -6.141522169043611; India VIX latest; 20D change 27.715355370472096; USDINR 20D change 0.8995466772440563; Crude 20D change 4.302699067276294,2.0,NEUTRAL,6,4.1,WATCH,"Tech 6 | News 0 (GENERIC_NEWS, LOW) | Event caution -1 | Macro -3 | Sector 0 | Analytics 2.1 (B) | Risk MEDIUM/HIGH | Analytics: Trend 5, Momentum 2, Volume 0, Liquidity -2 (0.0cr), VolRisk HIGH, Sector UNKNOWN 0 | News logic: No material catalyst/event taxonomy match. | Upcoming event caution: Outcome of Board Meeting",0,-1,MEDIUM,,Upcoming event caution: Outcome of Board Meeting,Shareholders meeting,Upcoming event caution: Outcome of Board Meeting,NSE Corporate Announcements,https://nsearchives.nseindia.com/corporate/EMILTD_26092026155717_Intimation_SRVR.pdf,0,1,GENERIC_NEWS,LOW,0,No material catalyst/event taxonomy match.,0,57.5,MEDIUM,4.85,WATCH,"AI overlay from completed recommendation outcomes; use as probability/risk input, not standalone advice."
AARTIPHARM,2026-09-29,972.8,42698.0,4,WATCH,69.81,8.9999,25.25,869.17,807.05,,45.69,0.991,94.43,1.25,904.27,1087.02,1.67,MACD bullish; Trend strength acceptable; Above SMA20; Above SMA50; Near upper Bollinger band,UNKNOWN,3.48,12.44,52.24,0.0,4.7,5,3,1,-2,0,MEDIUM,0,,,0,-2,3.05,1.5,B,"Trend 5, Momentum 3, Volume 1, Liquidity -2 (0.0cr), VolRisk MEDIUM, Sector UNKNOWN 0",4,4,4,WATCH,News 0; event caution 0; risk LOW; type ; confidence ; reason . ,-3,HIGH,RISK_OFF,Nifty 20D return -5.771924924783489; 60D return -6.141522169043611; India VIX latest; 20D change 27.715355370472096; USDINR 20D change 0.8995466772440563; Crude 20D change 4.302699067276294,1.0,NEUTRAL,4,4.05,WATCH,"Tech 4 | News 0 (, ) | Event caution 0 | Macro -3 | Sector 0 | Analytics 3.05 (B) | Risk LOW/HIGH | Analytics: Trend 5, Momentum 3, Volume 1, Liquidity -2 (0.0cr), VolRisk MEDIUM, Sector UNKNOWN 0",0,0,LOW,,,,,,,0,0,,,0,,0,55.3,MEDIUM,4.58,WATCH,"AI overlay from completed recommendation outcomes; use as probability/risk input, not standalone advice."
SCHNEIDER,2026-09-21,1235.2,28802.0,6,WATCH,47.48,4.5055,16.28,1234.67,1327.6,,55.4,0.502,73.32,0.83,1152.1,1373.7,1.67,RSI in swing zone; MACD bullish; Above SMA20; Bollinger position healthy,UNKNOWN,0.23,-13.74,4.55,0.0,4.49,1,3,0,-2,0,MEDIUM,0,,,0,-2,1.0,1.5,B,"Trend 1, Momentum 3, Volume 0, Liquidity -2 (0.0cr), VolRisk MEDIUM, Sector UNKNOWN 0",6,6,6,WATCH,News 0; event caution 0; risk LOW; type ; confidence ; reason . ,-3,HIGH,RISK_OFF,Nifty 20D return -5.771924924783489; 60D return -6.141522169043611; India VIX latest; 20D change 27.715355370472096; USDINR 20D change 0.8995466772440563; Crude 20D change 4.302699067276294,3.0,NEUTRAL,6,4.0,WATCH,"Tech 6 | News 0 (, ) | Event caution 0 | Macro -3 | Sector 0 | Analytics 1 (B) | Risk LOW/HIGH | Analytics: Trend 1, Momentum 3, Volume 0, Liquidity -2 (0.0cr), VolRisk MEDIUM, Sector UNKNOWN 0",0,0,LOW,,,,,,,0,0,,,0,,0,55.1,MEDIUM,4.51,WATCH,"AI overlay from completed recommendation outcomes; use as probability/risk input, not standalone advice."
TIMETECHNO,2026-09-28,183.44,35348.0,6,WATCH,44.2,0.1273,30.18,184.75,195.32,,5.97,0.425,47.75,1.31,174.48,198.37,1.67,RSI in swing zone; MACD bullish; Trend strength acceptable; Bollinger position healthy; Volume expansion,UNKNOWN,2.34,-1.2,0.75,0.0,3.25,1,2,1,-2,0,MEDIUM,0,,,0,-2,0.9,1.5,C,"Trend 1, Momentum 2, Volume 1, Liquidity -2 (0.0cr), VolRisk MEDIUM, Sector UNKNOWN 0",6,6,6,WATCH,News 0; event caution 0; risk LOW; type ; confidence ; reason . ,-3,HIGH,RISK_OFF,Nifty 20D return -5.771924924783489; 60D return -6.141522169043611; India VIX latest; 20D change 27.715355370472096; USDINR 20D change 0.8995466772440563; Crude 20D change 4.302699067276294,3.0,NEUTRAL,6,3.9,WATCH,"Tech 6 | News 0 (, ) | Event caution 0 | Macro -3 | Sector 0 | Analytics 0.9 (C) | Risk LOW/HIGH | Analytics: Trend 1, Momentum 2, Volume 1, Liquidity -2 (0.0cr), VolRisk MEDIUM, Sector UNKNOWN 0",0,0,LOW,,,,,,,0,0,,,0,,0,54.0,LOW,4.3,WATCH,"AI overlay from completed recommendation outcomes; use as probability/risk input, not standalone advice."
UJJIVANSFB,2026-09-29,65.26,73485.0,9,BUY,49.1,0.131,30.02,64.75,67.93,60.7,2.25,0.641,75.52,1.42,61.89,70.88,1.67,RSI in swing zone; MACD bullish; Trend strength acceptable; Above SMA20; Long-term trend positive,BANK,-1.14,3.6,0.59,0.0,3.44,4,4,1,-2,0,MEDIUM,-3,19.2,-0.29,-3,-2,1.9,1.25,B,"Trend 4, Momentum 4, Volume 1, Liquidity -2 (0.0cr), VolRisk MEDIUM, Sector BANK -3",9,8,8,BUY,News 0; event caution -1; risk MEDIUM; type GENERIC_NEWS; confidence LOW; reason No material catalyst/event taxonomy match.. Upcoming event caution: Ujjivan Small Finance Bank shares soar nearly 8% on plans of raising ₹2000 crore via QIP; Check other factors - Upstox,-3,HIGH,RISK_OFF,Nifty 20D return -5.771924924783489; 60D return -6.141522169043611; India VIX latest; 20D change 27.715355370472096; USDINR 20D change 0.8995466772440563; Crude 20D change 4.302699067276294,2.0,WATCH_MACRO_RISK,9,3.9,NEUTRAL,"Tech 9 | News 0 (GENERIC_NEWS, LOW) | Event caution -1 | Macro -3 | Sector -3 | Analytics 1.9 (B) | Risk MEDIUM/HIGH | Analytics: Trend 4, Momentum 4, Volume 1, Liquidity -2 (0.0cr), VolRisk MEDIUM, Sector BANK -3 | News logic: No material catalyst/event taxonomy match. | Upcoming event caution: Ujjivan Small Finance Bank shares soar nearly 8% on plans of raising ₹2000 crore via QIP; Check other factors - Upstox",0,-1,MEDIUM,,Upcoming event caution: Ujjivan Small Finance Bank shares soar nearly 8% on plans of raising ₹2000 crore via QIP; Check other factors - Upstox,ESOP/ESOS/ESPS,Upcoming event caution: Ujjivan Small Finance Bank shares soar nearly 8% on plans of raising ₹2000 crore via QIP; Check other factors - Upstox,NSE Corporate Announcements,https://nsearchives.nseindia.com/corporate/UJJIVANBANK_28092026165640_89_Intimation_ESOP_Grant_28092026.pdf,0,1,GENERIC_NEWS,LOW,0,No material catalyst/event taxonomy match.,-1,54.3,LOW,4.33,NEUTRAL,"AI overlay from completed recommendation outcomes; use as probability/risk input, not standalone advice."
PARADEEP,2026-09-29,154.08,51350.0,5,WATCH,49.29,-0.2415,17.07,155.16,152.74,132.32,4.59,0.404,70.99,1.56,147.2,165.54,1.67,RSI in swing zone; MACD weak; Above SMA50; Long-term trend positive; Bollinger position healthy,UNKNOWN,-0.06,0.36,8.65,0.0,2.98,4,1,1,-2,0,MEDIUM,0,,,0,-2,1.9,1.5,C,"Trend 4, Momentum 1, Volume 1, Liquidity -2 (0.0cr), VolRisk MEDIUM, Sector UNKNOWN 0",5,5,5,WATCH,News 0; event caution 0; risk LOW; type ; confidence ; reason . ,-3,HIGH,RISK_OFF,Nifty 20D return -5.771924924783489; 60D return -6.141522169043611; India VIX latest; 20D change 27.715355370472096; USDINR 20D change 0.8995466772440563; Crude 20D change 4.302699067276294,2.0,NEUTRAL,5,3.9,WATCH,"Tech 5 | News 0 (, ) | Event caution 0 | Macro -3 | Sector 0 | Analytics 1.9 (C) | Risk LOW/HIGH | Analytics: Trend 4, Momentum 1, Volume 1, Liquidity -2 (0.0cr), VolRisk MEDIUM, Sector UNKNOWN 0",0,0,LOW,,,,,,,0,0,,,0,,0,54.3,LOW,4.33,WATCH,"AI overlay from completed recommendation outcomes; use as probability/risk input, not standalone advice."
SCHAEFFLER,2026-09-20,4217.6,29729.0,5,WATCH,56.86,-1.6515,13.71,4147.94,4074.0,,156.03,0.671,55.86,1.32,3983.55,4607.69,1.67,RSI in swing zone; MACD weak; Weak trend; Above SMA20; Above SMA50,UNKNOWN,3.39,0.57,6.77,0.0,3.7,4,1,1,-2,0,MEDIUM,0,,,0,-2,1.9,1.5,C,"Trend 4, Momentum 1, Volume 1, Liquidity -2 (0.0cr), VolRisk MEDIUM, Sector UNKNOWN 0",5,5,5,WATCH,News 0; event caution 0; risk LOW; type ; confidence ; reason . ,-3,HIGH,RISK_OFF,Nifty 20D return -5.771924924783489; 60D return -6.141522169043611; India VIX latest; 20D change 27.715355370472096; USDINR 20D change 0.8995466772440563; Crude 20D change 4.302699067276294,2.0,NEUTRAL,5,3.9,WATCH,"Tech 5 | News 0 (, ) | Event caution 0 | Macro -3 | Sector 0 | Analytics 1.9 (C) | Risk LOW/HIGH | Analytics: Trend 4, Momentum 1, Volume 1, Liquidity -2 (0.0cr), VolRisk MEDIUM, Sector UNKNOWN 0",0,0,LOW,,,,,,,0,0,,,0,,0,57.5,MEDIUM,4.65,WATCH,"AI overlay from completed recommendation outcomes; use as probability/risk input, not standalone advice."
IPCALAB,2026-09-29,1938.1,32884.0,3,NEUTRAL,49.94,-13.0234,23.0,1969.45,1880.69,,60.85,0.183,26.38,1.03,1846.83,2090.22,1.67,RSI in swing zone; MACD weak; Trend strength acceptable; Above SMA50,PHARMA,-2.73,-2.49,17.5,0.0,3.14,3,1,0,-2,0,MEDIUM,2,55.6,4.96,2,-2,1.9,1.5,C,"Trend 3, Momentum 1, Volume 0, Liquidity -2 (0.0cr), VolRisk MEDIUM, Sector PHARMA 2",3,3,3,NEUTRAL,News 0; event caution 0; risk LOW; type ; confidence ; reason . ,-3,HIGH,RISK_OFF,Nifty 20D return -5.771924924783489; 60D return -6.141522169043611; India VIX latest; 20D change 27.715355370472096; USDINR 20D change 0.8995466772440563; Crude 20D change 4.302699067276294,2.0,NEUTRAL,3,3.9,WATCH,"Tech 3 | News 0 (, ) | Event caution 0 | Macro -3 | Sector 2 | Analytics 1.9 (C) | Risk LOW/HIGH | Analytics: Trend 3, Momentum 1, Volume 0, Liquidity -2 (0.0cr), VolRisk MEDIUM, Sector PHARMA 2",0,0,LOW,,,,,,,0,0,,,0,,0,53.5,LOW,4.25,WATCH,"AI overlay from completed recommendation outcomes; use as probability/risk input, not standalone advice."
PCJEWELLER,2026-09-29,13.23,136731.0,5,WATCH,54.66,-0.0804,35.78,13.48,11.55,9.91,0.78,0.397,46.56,0.58,12.06,15.18,1.67,RSI in swing zone; MACD weak; Trend strength acceptable; Above SMA50; Long-term trend positive,UNKNOWN,-8.57,11.55,31.25,0.01,5.89,5,2,-1,-2,-1,HIGH,0,,,0,-3,1.85,1.0,C,"Trend 5, Momentum 2, Volume -1, Liquidity -2 (0.01cr), VolRisk HIGH, Sector UNKNOWN 0",5,5,5,WATCH,News 0; event caution 0; risk LOW; type ; confidence ; reason . ,-3,HIGH,RISK_OFF,Nifty 20D return -5.771924924783489; 60D return -6.141522169043611; India VIX latest; 20D change 27.715355370472096; USDINR 20D change 0.8995466772440563; Crude 20D change 4.302699067276294,2.0,NEUTRAL,5,3.85,WATCH,"Tech 5 | News 0 (, ) | Event caution 0 | Macro -3 | Sector 0 | Analytics 1.85 (C) | Risk LOW/HIGH | Analytics: Trend 5, Momentum 2, Volume -1, Liquidity -2 (0.01cr), VolRisk HIGH, Sector UNKNOWN 0",0,0,LOW,,,,,,,0,0,,,0,,0,55.8,MEDIUM,4.43,WATCH,"AI overlay from completed recommendation outcomes; use as probability/risk input, not standalone advice."
ABDL,2026-09-28,723.45,49911.0,4,WATCH,71.78,5.6911,27.26,649.33,578.95,,35.65,0.987,82.05,1.1,669.98,812.57,1.67,MACD bullish; Trend strength acceptable; Above SMA20; Above SMA50; Near upper Bollinger band,UNKNOWN,11.66,11.51,56.15,0.0,4.93,5,3,0,-2,0,MEDIUM,0,,,0,-2,2.8,1.5,C,"Trend 5, Momentum 3, Volume 0, Liquidity -2 (0.0cr), VolRisk MEDIUM, Sector UNKNOWN 0",4,4,4,WATCH,News 0; event caution 0; risk LOW; type ; confidence ; reason . ,-3,HIGH,RISK_OFF,Nifty 20D return -5.771924924783489; 60D return -6.141522169043611; India VIX latest; 20D change 27.715355370472096; USDINR 20D change 0.8995466772440563; Crude 20D change 4.302699067276294,1.0,NEUTRAL,4,3.8,WATCH,"Tech 4 | News 0 (, ) | Event caution 0 | Macro -3 | Sector 0 | Analytics 2.8 (C) | Risk LOW/HIGH | Analytics: Trend 5, Momentum 3, Volume 0, Liquidity -2 (0.0cr), VolRisk MEDIUM, Sector UNKNOWN 0",0,0,LOW,,,,,,,0,0,,,0,,0,55.5,MEDIUM,4.35,WATCH,"AI overlay from completed recommendation outcomes; use as probability/risk input, not standalone advice."
SOUTHBANK,2026-09-29,48.71,37182.0,8,BUY,60.57,0.3383,21.76,47.01,46.64,42.5,1.53,0.77,67.92,0.92,46.42,52.53,1.67,RSI in swing zone; MACD bullish; Above SMA20; Above SMA50; Long-term trend positive,BANK,3.46,2.12,2.18,0.0,3.13,5,3,0,-2,0,MEDIUM,-3,19.2,-0.29,-3,-2,1.75,1.25,B,"Trend 5, Momentum 3, Volume 0, Liquidity -2 (0.0cr), VolRisk MEDIUM, Sector BANK -3",8,8,8,BUY,News 0; event caution 0; risk LOW; type INVESTOR_COMMUNICATION; confidence HIGH; reason Investor/analyst communication is informational unless paired with adverse content.. ,-3,HIGH,RISK_OFF,Nifty 20D return -5.771924924783489; 60D return -6.141522169043611; India VIX latest; 20D change 27.715355370472096; USDINR 20D change 0.8995466772440563; Crude 20D change 4.302699067276294,2.0,WATCH_MACRO_RISK,8,3.75,NEUTRAL,"Tech 8 | News 0 (INVESTOR_COMMUNICATION, HIGH) | Event caution 0 | Macro -3 | Sector -3 | Analytics 1.75 (B) | Risk LOW/HIGH | Analytics: Trend 5, Momentum 3, Volume 0, Liquidity -2 (0.0cr), VolRisk MEDIUM, Sector BANK -3 | News logic: Investor/analyst communication is informational unless paired with adverse content.",0,0,LOW,,,Analysts/Institutional Investor Meet/Con. Call Updates,Informational event: Analysts/Institutional Investor Meet/Con. Call Updates,NSE Corporate Announcements,https://nsearchives.nseindia.com/corporate/SOUTHBANK_29092026183637_SD_INVESTOERMEET_29SEPT2026.pdf,0,0,INVESTOR_COMMUNICATION,HIGH,0,Investor/analyst communication is informational unless paired with adverse content.,-1,53.9,LOW,4.14,NEUTRAL,"AI overlay from completed recommendation outcomes; use as probability/risk input, not standalone advice."
POLYMED,2026-09-07,1701.1,24728.0,5,WATCH,54.74,-13.6675,26.14,1700.62,1501.68,,102.31,0.501,19.01,0.83,1547.64,1956.86,1.67,RSI in swing zone; MACD weak; Trend strength acceptable; Above SMA20; Above SMA50,UNKNOWN,-4.68,20.01,22.43,0.0,6.01,5,1,0,-2,-1,HIGH,0,,,0,-3,1.75,1.0,C,"Trend 5, Momentum 1, Volume 0, Liquidity -2 (0.0cr), VolRisk HIGH, Sector UNKNOWN 0",5,5,5,WATCH,News 0; event caution 0; risk LOW; type ; confidence ; reason . ,-3,HIGH,RISK_OFF,Nifty 20D return -5.771924924783489; 60D return -6.141522169043611; India VIX latest; 20D change 27.715355370472096; USDINR 20D change 0.8995466772440563; Crude 20D change 4.302699067276294,2.0,NEUTRAL,5,3.75,WATCH,"Tech 5 | News 0 (, ) | Event caution 0 | Macro -3 | Sector 0 | Analytics 1.75 (C) | Risk LOW/HIGH | Analytics: Trend 5, Momentum 1, Volume 0, Liquidity -2 (0.0cr), VolRisk HIGH, Sector UNKNOWN 0",0,0,LOW,,,,,,,0,0,,,0,,0,57.4,MEDIUM,4.49,WATCH,"AI overlay from completed recommendation outcomes; use as probability/risk input, not standalone advice."
AJANTPHARM,2026-09-20,3563.6,37503.0,7,BUY,56.42,-8.7357,32.94,3521.54,3302.94,,129.46,0.594,50.64,1.44,3369.41,3887.25,1.67,RSI in swing zone; MACD weak; Trend strength acceptable; Above SMA20; Above SMA50,UNKNOWN,-2.97,4.54,27.42,0.0,3.63,5,2,1,-2,0,MEDIUM,0,,,-1,-2,2.7,1.5,B,"Trend 5, Momentum 2, Volume 1, Liquidity -2 (0.0cr), VolRisk MEDIUM, Sector UNKNOWN 0",7,5,5,WATCH_EVENT_CAUTION,News 0; event caution -2; risk MEDIUM; type GENERIC_NEWS; confidence LOW; reason No material catalyst/event taxonomy match.. Upcoming event caution: Record Date,-3,HIGH,RISK_OFF,Nifty 20D return -5.771924924783489; 60D return -6.141522169043611; India VIX latest; 20D change 27.715355370472096; USDINR 20D change 0.8995466772440563; Crude 20D change 4.302699067276294,1.0,WATCH_MACRO_RISK,7,3.7,WATCH_EVENT_CAUTION,"Tech 7 | News 0 (GENERIC_NEWS, LOW) | Event caution -2 | Macro -3 | Sector -1 | Analytics 2.7 (B) | Risk MEDIUM/HIGH | Analytics: Trend 5, Momentum 2, Volume 1, Liquidity -2 (0.0cr), VolRisk MEDIUM, Sector UNKNOWN 0 | News logic: No material catalyst/event taxonomy match. | Upcoming event caution: Record Date",0,-2,MEDIUM,,Upcoming event caution: Record Date,Trading Window,Upcoming event caution: Record Date,NSE Corporate Announcements,https://nsearchives.nseindia.com/corporate/AJANTPHARM_25092026094828_TWClosure30092026.pdf,0,2,GENERIC_NEWS,LOW,0,No material catalyst/event taxonomy match.,-1,56.1,MEDIUM,4.31,WATCH_EVENT_CAUTION,"AI overlay from completed recommendation outcomes; use as probability/risk input, not standalone advice."
ICIL,2026-09-23,476.55,56267.0,4,WATCH,63.98,0.2508,45.65,429.83,388.88,,30.68,0.951,90.5,1.29,430.53,553.24,1.67,MACD bullish; Trend strength acceptable; Above SMA20; Above SMA50; Near upper Bollinger band,UNKNOWN,1.51,18.8,,0.0,6.44,5,3,1,-2,-1,HIGH,0,,,0,-3,2.7,1.0,C,"Trend 5, Momentum 3, Volume 1, Liquidity -2 (0.0cr), VolRisk HIGH, Sector UNKNOWN 0",4,4,4,WATCH,News 0; event caution 0; risk LOW; type ; confidence ; reason . ,-3,HIGH,RISK_OFF,Nifty 20D return -5.771924924783489; 60D return -6.141522169043611; India VIX latest; 20D change 27.715355370472096; USDINR 20D change 0.8995466772440563; Crude 20D change 4.302699067276294,1.0,NEUTRAL,4,3.7,WATCH,"Tech 4 | News 0 (, ) | Event caution 0 | Macro -3 | Sector 0 | Analytics 2.7 (C) | Risk LOW/HIGH | Analytics: Trend 5, Momentum 3, Volume 1, Liquidity -2 (0.0cr), VolRisk HIGH, Sector UNKNOWN 0",0,0,LOW,,,,,,,0,0,,,0,,0,57.4,MEDIUM,4.44,WATCH,"AI overlay from completed recommendation outcomes; use as probability/risk input, not standalone advice."
TEXRAIL,2026-09-29,125.67,32277.0,4,WATCH,63.18,0.5946,18.51,117.8,110.83,,5.92,0.822,81.08,0.97,116.78,140.48,1.67,MACD bullish; Above SMA20; Above SMA50,UNKNOWN,0.74,6.01,12.11,0.0,4.71,4,4,0,-2,0,MEDIUM,0,,,0,-2,2.7,1.5,C,"Trend 4, Momentum 4, Volume 0, Liquidity -2 (0.0cr), VolRisk MEDIUM, Sector UNKNOWN 0",4,4,4,WATCH,News 0; event caution 0; risk LOW; type ; confidence ; reason . ,-3,HIGH,RISK_OFF,Nifty 20D return -5.771924924783489; 60D return -6.141522169043611; India VIX latest; 20D change 27.715355370472096; USDINR 20D change 0.8995466772440563; Crude 20D change 4.302699067276294,1.0,NEUTRAL,4,3.7,WATCH,"Tech 4 | News 0 (, ) | Event caution 0 | Macro -3 | Sector 0 | Analytics 2.7 (C) | Risk LOW/HIGH | Analytics: Trend 4, Momentum 4, Volume 0, Liquidity -2 (0.0cr), VolRisk MEDIUM, Sector UNKNOWN 0",0,0,LOW,,,,,,,0,0,,,0,,0,56.7,MEDIUM,4.37,WATCH,"AI overlay from completed recommendation outcomes; use as probability/risk input, not standalone advice."
UCOBANK,2026-07-27,26.66,29729.0,9,BUY,53.83,0.1236,25.05,25.93,26.3,,1.15,0.645,32.8,1.04,24.93,29.54,1.66,RSI in swing zone; MACD bullish; Trend strength acceptable; Above SMA20; Above SMA50,BANK,2.11,12.58,-7.27,0.0,4.32,4,4,0,-2,0,MEDIUM,-3,19.2,-0.29,-3,-2,1.65,1.25,B,"Trend 4, Momentum 4, Volume 0, Liquidity -2 (0.0cr), VolRisk MEDIUM, Sector BANK -3",9,8,8,BUY,News 0; event caution -1; risk MEDIUM; type GENERIC_NEWS; confidence LOW; reason No material catalyst/event taxonomy match.. Upcoming event caution: Outcome of Board Meeting,-3,HIGH,RISK_OFF,Nifty 20D return -5.771924924783489; 60D return -6.141522169043611; India VIX latest; 20D change 27.715355370472096; USDINR 20D change 0.8995466772440563; Crude 20D change 4.302699067276294,2.0,WATCH_MACRO_RISK,9,3.65,NEUTRAL,"Tech 9 | News 0 (GENERIC_NEWS, LOW) | Event caution -1 | Macro -3 | Sector -3 | Analytics 1.65 (B) | Risk MEDIUM/HIGH | Analytics: Trend 4, Momentum 4, Volume 0, Liquidity -2 (0.0cr), VolRisk MEDIUM, Sector BANK -3 | News logic: No material catalyst/event taxonomy match. | Upcoming event caution: Outcome of Board Meeting",0,-1,MEDIUM,,Upcoming event caution: Outcome of Board Meeting,Trading Window,Upcoming event caution: Outcome of Board Meeting,NSE Corporate Announcements,https://nsearchives.nseindia.com/corporate/UCOBANK_25092026165344_NSEBSETW30092026.pdf,0,1,GENERIC_NEWS,LOW,0,No material catalyst/event taxonomy match.,-1,55.1,MEDIUM,4.16,NEUTRAL,"AI overlay from completed recommendation outcomes; use as probability/risk input, not standalone advice."
LENSKART,2026-09-29,674.6,119386.0,5,WATCH,51.13,-5.4843,38.63,685.0,649.23,548.63,22.97,0.276,34.29,1.06,640.14,732.03,1.67,RSI in swing zone; MACD weak; Trend strength acceptable; Above SMA50; Long-term trend positive,UNKNOWN,-1.76,-1.5,22.87,0.01,3.41,4,1,0,-2,0,MEDIUM,0,,,0,-2,1.65,1.5,C,"Trend 4, Momentum 1, Volume 0, Liquidity -2 (0.01cr), VolRisk MEDIUM, Sector UNKNOWN 0",5,5,5,WATCH,News 0; event caution 0; risk LOW; type ; confidence ; reason . ,-3,HIGH,RISK_OFF,Nifty 20D return -5.771924924783489; 60D return -6.141522169043611; India VIX latest; 20D change 27.715355370472096; USDINR 20D change 0.8995466772440563; Crude 20D change 4.302699067276294,2.0,NEUTRAL,5,3.65,WATCH,"Tech 5 | News 0 (, ) | Event caution 0 | Macro -3 | Sector 0 | Analytics 1.65 (C) | Risk LOW/HIGH | Analytics: Trend 4, Momentum 1, Volume 0, Liquidity -2 (0.01cr), VolRisk MEDIUM, Sector UNKNOWN 0",0,0,LOW,,,,,,,0,0,,,0,,0,55.0,MEDIUM,4.15,WATCH,"AI overlay from completed recommendation outcomes; use as probability/risk input, not standalone advice."
JTLIND,2026-09-28,87.87,38853.0,5,WATCH,56.54,-0.2689,21.55,85.29,75.16,,5.98,0.633,68.87,1.13,78.9,102.82,1.67,RSI in swing zone; MACD weak; Above SMA20; Above SMA50; Bollinger position healthy,UNKNOWN,-2.01,6.78,25.74,0.0,6.8,4,2,0,-2,-1,HIGH,0,,,0,-3,1.65,1.0,C,"Trend 4, Momentum 2, Volume 0, Liquidity -2 (0.0cr), VolRisk HIGH, Sector UNKNOWN 0",5,5,5,WATCH,News 0; event caution 0; risk LOW; type ; confidence ; reason . ,-3,HIGH,RISK_OFF,Nifty 20D return -5.771924924783489; 60D return -6.141522169043611; India VIX latest; 20D change 27.715355370472096; USDINR 20D change 0.8995466772440563; Crude 20D change 4.302699067276294,2.0,NEUTRAL,5,3.65,WATCH,"Tech 5 | News 0 (, ) | Event caution 0 | Macro -3 | Sector 0 | Analytics 1.65 (C) | Risk LOW/HIGH | Analytics: Trend 4, Momentum 2, Volume 0, Liquidity -2 (0.0cr), VolRisk HIGH, Sector UNKNOWN 0",0,0,LOW,,,,,,,0,0,,,0,,0,59.6,MEDIUM,4.61,WATCH,"AI overlay from completed recommendation outcomes; use as probability/risk input, not standalone advice."
SKYGOLD,2026-09-29,820.85,32962.0,5,WATCH,60.21,-3.9845,25.62,795.07,747.47,,38.36,0.78,73.85,1.0,763.3,916.76,1.67,RSI in swing zone; MACD weak; Trend strength acceptable; Above SMA20; Above SMA50,UNKNOWN,3.47,-3.21,59.99,0.0,4.67,4,1,0,-2,0,MEDIUM,0,,,0,-2,1.65,1.5,C,"Trend 4, Momentum 1, Volume 0, Liquidity -2 (0.0cr), VolRisk MEDIUM, Sector UNKNOWN 0",5,5,5,WATCH,News 0; event caution 0; risk LOW; type ; confidence ; reason . ,-3,HIGH,RISK_OFF,Nifty 20D return -5.771924924783489; 60D return -6.141522169043611; India VIX latest; 20D change 27.715355370472096; USDINR 20D change 0.8995466772440563; Crude 20D change 4.302699067276294,2.0,NEUTRAL,5,3.65,WATCH,"Tech 5 | News 0 (, ) | Event caution 0 | Macro -3 | Sector 0 | Analytics 1.65 (C) | Risk LOW/HIGH | Analytics: Trend 4, Momentum 1, Volume 0, Liquidity -2 (0.0cr), VolRisk MEDIUM, Sector UNKNOWN 0",0,0,LOW,,,,,,,0,0,,,0,,0,55.7,MEDIUM,4.22,WATCH,"AI overlay from completed recommendation outcomes; use as probability/risk input, not standalone advice."
APLAPOLLO,2026-09-29,2188.6,29315.0,5,WATCH,53.44,-7.5933,26.34,2189.97,2098.63,1996.53,64.11,0.492,64.38,0.85,2092.44,2348.86,1.67,RSI in swing zone; MACD weak; Trend strength acceptable; Above SMA50; Long-term trend positive,UNKNOWN,0.34,-2.03,19.68,0.0,2.93,4,1,0,-2,0,MEDIUM,0,,,0,-2,1.65,1.5,C,"Trend 4, Momentum 1, Volume 0, Liquidity -2 (0.0cr), VolRisk MEDIUM, Sector UNKNOWN 0",5,5,5,WATCH,News 0; event caution 0; risk LOW; type ; confidence ; reason . ,-3,HIGH,RISK_OFF,Nifty 20D return -5.771924924783489; 60D return -6.141522169043611; India VIX latest; 20D change 27.715355370472096; USDINR 20D change 0.8995466772440563; Crude 20D change 4.302699067276294,2.0,NEUTRAL,5,3.65,WATCH,"Tech 5 | News 0 (, ) | Event caution 0 | Macro -3 | Sector 0 | Analytics 1.65 (C) | Risk LOW/HIGH | Analytics: Trend 4, Momentum 1, Volume 0, Liquidity -2 (0.0cr), VolRisk MEDIUM, Sector UNKNOWN 0",0,0,LOW,,,,,,,0,0,,,0,,0,53.1,LOW,3.96,WATCH,"AI overlay from completed recommendation outcomes; use as probability/risk input, not standalone advice."
EBGNG,2026-09-28,672.15,28477.0,5,WATCH,55.72,-4.917,21.05,665.26,611.72,,40.41,0.555,44.59,0.74,611.53,773.18,1.67,RSI in swing zone; MACD weak; Above SMA20; Above SMA50; Bollinger position healthy,UNKNOWN,-2.91,5.83,59.56,0.0,6.01,4,2,0,-2,-1,HIGH,0,,,0,-3,1.65,1.0,C,"Trend 4, Momentum 2, Volume 0, Liquidity -2 (0.0cr), VolRisk HIGH, Sector UNKNOWN 0",5,5,5,WATCH,News 0; event caution 0; risk LOW; type ; confidence ; reason . ,-3,HIGH,RISK_OFF,Nifty 20D return -5.771924924783489; 60D return -6.141522169043611; India VIX latest; 20D change 27.715355370472096; USDINR 20D change 0.8995466772440563; Crude 20D change 4.302699067276294,2.0,NEUTRAL,5,3.65,WATCH,"Tech 5 | News 0 (, ) | Event caution 0 | Macro -3 | Sector 0 | Analytics 1.65 (C) | Risk LOW/HIGH | Analytics: Trend 4, Momentum 2, Volume 0, Liquidity -2 (0.0cr), VolRisk HIGH, Sector UNKNOWN 0",0,0,LOW,,,,,,,0,0,,,0,,0,58.7,MEDIUM,4.52,WATCH,"AI overlay from completed recommendation outcomes; use as probability/risk input, not standalone advice."
MOTILALOFS,2026-09-28,1011.6,23334.0,5,WATCH,51.8,-4.6009,28.06,1025.08,958.2,844.59,33.7,0.323,49.59,0.79,961.05,1095.85,1.67,RSI in swing zone; MACD weak; Trend strength acceptable; Above SMA50; Long-term trend positive,UNKNOWN,0.46,-2.55,11.21,0.0,3.33,4,1,0,-2,0,MEDIUM,0,,,0,-2,1.65,1.5,C,"Trend 4, Momentum 1, Volume 0, Liquidity -2 (0.0cr), VolRisk MEDIUM, Sector UNKNOWN 0",5,5,5,WATCH,News 0; event caution 0; risk LOW; type ; confidence ; reason . ,-3,HIGH,RISK_OFF,Nifty 20D return -5.771924924783489; 60D return -6.141522169043611; India VIX latest; 20D change 27.715355370472096; USDINR 20D change 0.8995466772440563; Crude 20D change 4.302699067276294,2.0,NEUTRAL,5,3.65,WATCH,"Tech 5 | News 0 (, ) | Event caution 0 | Macro -3 | Sector 0 | Analytics 1.65 (C) | Risk LOW/HIGH | Analytics: Trend 4, Momentum 1, Volume 0, Liquidity -2 (0.0cr), VolRisk MEDIUM, Sector UNKNOWN 0",0,0,LOW,,,,,,,0,0,,,0,,0,55.2,MEDIUM,4.17,WATCH,"AI overlay from completed recommendation outcomes; use as probability/risk input, not standalone advice."
BEML,2026-09-20,2135.0,89759.0,7,BUY,64.55,0.1181,29.81,2022.19,1887.39,,90.47,0.899,79.62,2.11,1999.3,2361.17,1.67,MACD bullish; Trend strength acceptable; Above SMA20; Above SMA50; Volume expansion,UNKNOWN,5.22,10.31,18.21,0.0,4.24,5,4,2,-2,0,MEDIUM,0,,,-1,-2,3.65,1.5,B,"Trend 5, Momentum 4, Volume 2, Liquidity -2 (0.0cr), VolRisk MEDIUM, Sector UNKNOWN 0",7,4,4,WATCH_EVENT_CAUTION,"News 0; event caution -3; risk MEDIUM; type GENERIC_NEWS; confidence LOW; reason No material catalyst/event taxonomy match.. Upcoming event caution: BEML Q1 Results Today: Time, Earnings Call, Dividend, What To Watch, Share Price - NDTV Profit",-3,HIGH,RISK_OFF,Nifty 20D return -5.771924924783489; 60D return -6.141522169043611; India VIX latest; 20D change 27.715355370472096; USDINR 20D change 0.8995466772440563; Crude 20D change 4.302699067276294,0.0,WATCH_MACRO_RISK,7,3.65,WATCH_EVENT_CAUTION,"Tech 7 | News 0 (GENERIC_NEWS, LOW) | Event caution -3 | Macro -3 | Sector -1 | Analytics 3.65 (B) | Risk MEDIUM/HIGH | Analytics: Trend 5, Momentum 4, Volume 2, Liquidity -2 (0.0cr), VolRisk MEDIUM, Sector UNKNOWN 0 | News logic: No material catalyst/event taxonomy match. | Upcoming event caution: BEML Q1 Results Today: Time, Earnings Call, Dividend, What To Watch, Share Price - NDTV Profit",0,-3,MEDIUM,,"Upcoming event caution: BEML Q1 Results Today: Time, Earnings Call, Dividend, What To Watch, Share Price - NDTV Profit",Shareholders meeting,"Upcoming event caution: BEML Q1 Results Today: Time, Earnings Call, Dividend, What To Watch, Share Price - NDTV Profit",NSE Corporate Announcements,https://nsearchives.nseindia.com/corporate/BEML_29092026155511_proceeding_AGM.pdf,0,3,GENERIC_NEWS,LOW,0,No material catalyst/event taxonomy match.,-1,55.6,MEDIUM,4.21,WATCH_EVENT_CAUTION,"AI overlay from completed recommendation outcomes; use as probability/risk input, not standalone advice."
LUPIN,2026-09-29,2052.1,48434.0,3,NEUTRAL,33.98,3.3301,30.79,2090.3,2178.17,2289.38,38.94,0.071,18.33,1.27,1993.69,2149.46,1.67,RSI oversold rebound candidate; MACD bullish; Trend strength acceptable; Volume expansion,PHARMA,-2.41,-2.74,-18.4,0.0,1.9,1,1,1,-2,1,LOW,2,55.6,4.96,2,-1,1.6,1.5,C,"Trend 1, Momentum 1, Volume 1, Liquidity -2 (0.0cr), VolRisk LOW, Sector PHARMA 2",3,3,3,NEUTRAL,News 0; event caution 0; risk LOW; type ; confidence ; reason . ,-3,HIGH,RISK_OFF,Nifty 20D return -5.771924924783489; 60D return -6.141522169043611; India VIX latest; 20D change 27.715355370472096; USDINR 20D change 0.8995466772440563; Crude 20D change 4.302699067276294,2.0,NEUTRAL,3,3.6,WATCH,"Tech 3 | News 0 (, ) | Event caution 0 | Macro -3 | Sector 2 | Analytics 1.6 (C) | Risk LOW/HIGH | Analytics: Trend 1, Momentum 1, Volume 1, Liquidity -2 (0.0cr), VolRisk LOW, Sector PHARMA 2",0,0,LOW,,,,,,,0,0,,,0,,0,40.7,NEGATIVE,2.67,WATCH,"AI overlay from completed recommendation outcomes; use as probability/risk input, not standalone advice."
SUNTV,2026-09-29,553.25,81645.0,4,WATCH,68.82,10.3127,26.79,484.21,510.81,,26.62,1.153,93.96,1.68,513.32,619.8,1.67,MACD bullish; Trend strength acceptable; Above SMA20; Above SMA50; Near upper Bollinger band,UNKNOWN,12.86,13.39,-9.77,0.0,4.81,4,3,1,-2,0,MEDIUM,0,,,0,-2,2.6,1.5,C,"Trend 4, Momentum 3, Volume 1, Liquidity -2 (0.0cr), VolRisk MEDIUM, Sector UNKNOWN 0",4,4,4,WATCH,News 0; event caution 0; risk LOW; type ; confidence ; reason . ,-3,HIGH,RISK_OFF,Nifty 20D return -5.771924924783489; 60D return -6.141522169043611; India VIX latest; 20D change 27.715355370472096; USDINR 20D change 0.8995466772440563; Crude 20D change 4.302699067276294,1.0,NEUTRAL,4,3.6,WATCH,"Tech 4 | News 0 (, ) | Event caution 0 | Macro -3 | Sector 0 | Analytics 2.6 (C) | Risk LOW/HIGH | Analytics: Trend 4, Momentum 3, Volume 1, Liquidity -2 (0.0cr), VolRisk MEDIUM, Sector UNKNOWN 0",0,0,LOW,,,,,,,0,0,,,0,,0,55.2,MEDIUM,4.12,WATCH,"AI overlay from completed recommendation outcomes; use as probability/risk input, not standalone advice."
PRECWIRE,2026-09-29,500.15,53448.0,5,WATCH,58.1,-0.0338,23.86,481.31,451.9,,28.81,0.812,82.54,1.65,456.93,572.19,1.67,RSI in swing zone; MACD weak; Trend strength acceptable; Above SMA20; Above SMA50,UNKNOWN,0.26,-1.08,37.03,0.0,5.76,4,1,1,-2,-1,HIGH,0,,,0,-3,1.55,1.0,C,"Trend 4, Momentum 1, Volume 1, Liquidity -2 (0.0cr), VolRisk HIGH, Sector UNKNOWN 0",5,5,5,WATCH,News 0; event caution 0; risk LOW; type ; confidence ; reason . ,-3,HIGH,RISK_OFF,Nifty 20D return -5.771924924783489; 60D return -6.141522169043611; India VIX latest; 20D change 27.715355370472096; USDINR 20D change 0.8995466772440563; Crude 20D change 4.302699067276294,2.0,NEUTRAL,5,3.55,WATCH,"Tech 5 | News 0 (, ) | Event caution 0 | Macro -3 | Sector 0 | Analytics 1.55 (C) | Risk LOW/HIGH | Analytics: Trend 4, Momentum 1, Volume 1, Liquidity -2 (0.0cr), VolRisk HIGH, Sector UNKNOWN 0",0,0,LOW,,,,,,,0,0,,,0,,0,57.5,MEDIUM,4.3,WATCH,"AI overlay from completed recommendation outcomes; use as probability/risk input, not standalone advice."
GENESYS,2026-09-24,283.18,24246.0,8,BUY,51.68,5.9012,19.8,262.69,281.33,,35.48,0.595,74.12,0.48,229.96,371.88,1.67,RSI in swing zone; MACD bullish; Above SMA20; Above SMA50; Bollinger position healthy,UNKNOWN,-8.0,-10.87,,0.0,12.53,2,3,-1,-2,-2,VERY_HIGH,0,,,-1,-3,0.5,1.0,B,"Trend 2, Momentum 3, Volume -1, Liquidity -2 (0.0cr), VolRisk VERY_HIGH, Sector UNKNOWN 0",8,7,7,BUY,News 0; event caution -1; risk MEDIUM; type GENERIC_NEWS; confidence LOW; reason No material catalyst/event taxonomy match.. Upcoming event caution: Outcome of Board Meeting,-3,HIGH,RISK_OFF,Nifty 20D return -5.771924924783489; 60D return -6.141522169043611; India VIX latest; 20D change 27.715355370472096; USDINR 20D change 0.8995466772440563; Crude 20D change 4.302699067276294,3.0,WATCH_MACRO_RISK,8,3.5,NEUTRAL,"Tech 8 | News 0 (GENERIC_NEWS, LOW) | Event caution -1 | Macro -3 | Sector -1 | Analytics 0.5 (B) | Risk MEDIUM/HIGH | Analytics: Trend 2, Momentum 3, Volume -1, Liquidity -2 (0.0cr), VolRisk VERY_HIGH, Sector UNKNOWN 0 | News logic: No material catalyst/event taxonomy match. | Upcoming event caution: Outcome of Board Meeting",0,-1,MEDIUM,,Upcoming event caution: Outcome of Board Meeting,Trading Window,Upcoming event caution: Outcome of Board Meeting,NSE Corporate Announcements,https://nsearchives.nseindia.com/corporate/GENESYS_29092026182018_Closure_of_Trading_Window-upload.pdf,0,1,GENERIC_NEWS,LOW,0,No material catalyst/event taxonomy match.,-1,59.1,MEDIUM,4.41,NEUTRAL,"AI overlay from completed recommendation outcomes; use as probability/risk input, not standalone advice."
INDOMIM,2026-09-29,1248.15,56001.0,6,WATCH,70.53,13.8739,50.84,1098.68,963.61,,65.31,0.785,76.35,0.57,1150.18,1411.43,1.67,MACD bullish; Trend strength acceptable; Above SMA20; Above SMA50,UNKNOWN,-0.3,28.48,,0.0,5.23,5,1,-1,-2,-1,HIGH,0,,,0,-3,1.5,1.0,B,"Trend 5, Momentum 1, Volume -1, Liquidity -2 (0.0cr), VolRisk HIGH, Sector UNKNOWN 0",6,5,5,WATCH,News 0; event caution -1; risk MEDIUM; type GENERIC_NEWS; confidence LOW; reason No material catalyst/event taxonomy match.. Upcoming event caution: Outcome of Board Meeting,-3,HIGH,RISK_OFF,Nifty 20D return -5.771924924783489; 60D return -6.141522169043611; India VIX latest; 20D change 27.715355370472096; USDINR 20D change 0.8995466772440563; Crude 20D change 4.302699067276294,2.0,NEUTRAL,6,3.5,WATCH,"Tech 6 | News 0 (GENERIC_NEWS, LOW) | Event caution -1 | Macro -3 | Sector 0 | Analytics 1.5 (B) | Risk MEDIUM/HIGH | Analytics: Trend 5, Momentum 1, Volume -1, Liquidity -2 (0.0cr), VolRisk HIGH, Sector UNKNOWN 0 | News logic: No material catalyst/event taxonomy match. | Upcoming event caution: Outcome of Board Meeting",0,-1,MEDIUM,,Upcoming event caution: Outcome of Board Meeting,Price movement,Upcoming event caution: Outcome of Board Meeting,NSE Corporate Announcements,https://nsearchives.nseindia.com/corporate/INDOMIM_24092026103911_INDO_MIM_-_Clarification_on_Price_Movement_-_24-09-2026.pdf,0,1,GENERIC_NEWS,LOW,0,No material catalyst/event taxonomy match.,0,58.8,MEDIUM,4.38,WATCH,"AI overlay from completed recommendation outcomes; use as probability/risk input, not standalone advice."
EMAMILTD,2026-09-29,381.05,61001.0,8,BUY,49.03,2.4811,24.86,375.89,389.19,,12.41,0.621,40.43,1.24,362.43,412.08,1.67,RSI in swing zone; MACD bullish; Trend strength acceptable; Above SMA20; Bollinger position healthy,UNKNOWN,-2.66,4.1,-0.97,0.0,3.26,3,4,1,-2,0,MEDIUM,0,,,-1,-2,2.5,1.5,B,"Trend 3, Momentum 4, Volume 1, Liquidity -2 (0.0cr), VolRisk MEDIUM, Sector UNKNOWN 0",8,5,5,WATCH_EVENT_CAUTION,News 0; event caution -3; risk MEDIUM; type GENERIC_NEWS; confidence LOW; reason No material catalyst/event taxonomy match.. Upcoming event caution: Public Announcement - Buyback of Shares,-3,HIGH,RISK_OFF,Nifty 20D return -5.771924924783489; 60D return -6.141522169043611; India VIX latest; 20D change 27.715355370472096; USDINR 20D change 0.8995466772440563; Crude 20D change 4.302699067276294,1.0,WATCH_MACRO_RISK,8,3.5,WATCH_EVENT_CAUTION,"Tech 8 | News 0 (GENERIC_NEWS, LOW) | Event caution -3 | Macro -3 | Sector -1 | Analytics 2.5 (B) | Risk MEDIUM/HIGH | Analytics: Trend 3, Momentum 4, Volume 1, Liquidity -2 (0.0cr), VolRisk MEDIUM, Sector UNKNOWN 0 | News logic: No material catalyst/event taxonomy match. | Upcoming event caution: Public Announcement - Buyback of Shares",0,-3,MEDIUM,,Upcoming event caution: Public Announcement - Buyback of Shares,Trading Window,Upcoming event caution: Public Announcement - Buyback of Shares,NSE Corporate Announcements,https://nsearchives.nseindia.com/corporate/EMAMILTD2_24092026163517_Intimation_Closure_of_Trading_Window_Q2.pdf,0,3,GENERIC_NEWS,LOW,0,No material catalyst/event taxonomy match.,-1,55.2,MEDIUM,4.02,WATCH_EVENT_CAUTION,"AI overlay from completed recommendation outcomes; use as probability/risk input, not standalone advice."
LLOYDSENGG,2026-09-29,102.19,146950.0,4,WATCH,69.73,1.9146,25.47,88.41,90.16,,5.17,1.077,94.95,2.42,94.44,115.1,1.67,MACD bullish; Trend strength acceptable; Above SMA20; Above SMA50; Near upper Bollinger band,UNKNOWN,11.66,13.48,21.74,0.0,5.05,4,3,2,-2,-1,HIGH,0,,,0,-3,2.5,1.0,C,"Trend 4, Momentum 3, Volume 2, Liquidity -2 (0.0cr), VolRisk HIGH, Sector UNKNOWN 0",4,4,4,WATCH,News 0; event caution 0; risk LOW; type ; confidence ; reason . ,-3,HIGH,RISK_OFF,Nifty 20D return -5.771924924783489; 60D return -6.141522169043611; India VIX latest; 20D change 27.715355370472096; USDINR 20D change 0.8995466772440563; Crude 20D change 4.302699067276294,1.0,NEUTRAL,4,3.5,WATCH,"Tech 4 | News 0 (, ) | Event caution 0 | Macro -3 | Sector 0 | Analytics 2.5 (C) | Risk LOW/HIGH | Analytics: Trend 4, Momentum 3, Volume 2, Liquidity -2 (0.0cr), VolRisk HIGH, Sector UNKNOWN 0",0,0,LOW,,,,,,,0,0,,,0,,0,55.9,MEDIUM,4.09,WATCH,"AI overlay from completed recommendation outcomes; use as probability/risk input, not standalone advice."
ACUTAAS,2026-09-29,3304.1,102113.0,4,WATCH,50.94,-10.7564,12.84,3313.32,3255.44,2844.5,127.69,0.474,39.98,2.16,3112.56,3623.33,1.67,RSI in swing zone; MACD weak; Weak trend; Above SMA50; Long-term trend positive,UNKNOWN,1.19,4.28,-7.8,0.0,3.86,4,2,2,-2,0,MEDIUM,0,,,0,-2,2.5,1.5,C,"Trend 4, Momentum 2, Volume 2, Liquidity -2 (0.0cr), VolRisk MEDIUM, Sector UNKNOWN 0",4,4,4,WATCH,News 0; event caution 0; risk LOW; type ; confidence ; reason . ,-3,HIGH,RISK_OFF,Nifty 20D return -5.771924924783489; 60D return -6.141522169043611; India VIX latest; 20D change 27.715355370472096; USDINR 20D change 0.8995466772440563; Crude 20D change 4.302699067276294,1.0,NEUTRAL,4,3.5,WATCH,"Tech 4 | News 0 (, ) | Event caution 0 | Macro -3 | Sector 0 | Analytics 2.5 (C) | Risk LOW/HIGH | Analytics: Trend 4, Momentum 2, Volume 2, Liquidity -2 (0.0cr), VolRisk MEDIUM, Sector UNKNOWN 0",0,0,LOW,,,,,,,0,0,,,0,,0,56.9,MEDIUM,4.19,WATCH,"AI overlay from completed recommendation outcomes; use as probability/risk input, not standalone advice."
URBANCO,2026-09-29,163.71,66672.0,5,WATCH,46.81,-1.3896,25.96,168.15,160.39,,7.22,0.262,42.54,1.42,152.88,181.76,1.67,RSI in swing zone; MACD weak; Trend strength acceptable; Above SMA50; Bollinger position healthy,UNKNOWN,-5.22,-9.6,23.26,0.0,4.41,3,1,1,-2,0,MEDIUM,0,,,0,-2,1.45,1.5,C,"Trend 3, Momentum 1, Volume 1, Liquidity -2 (0.0cr), VolRisk MEDIUM, Sector UNKNOWN 0",5,5,5,WATCH,News 0; event caution 0; risk LOW; type ; confidence ; reason . ,-3,HIGH,RISK_OFF,Nifty 20D return -5.771924924783489; 60D return -6.141522169043611; India VIX latest; 20D change 27.715355370472096; USDINR 20D change 0.8995466772440563; Crude 20D change 4.302699067276294,2.0,NEUTRAL,5,3.45,WATCH,"Tech 5 | News 0 (, ) | Event caution 0 | Macro -3 | Sector 0 | Analytics 1.45 (C) | Risk LOW/HIGH | Analytics: Trend 3, Momentum 1, Volume 1, Liquidity -2 (0.0cr), VolRisk MEDIUM, Sector UNKNOWN 0",0,0,LOW,,,,,,,0,0,,,0,,0,56.8,MEDIUM,4.13,WATCH,"AI overlay from completed recommendation outcomes; use as probability/risk input, not standalone advice."
ENRIN,2026-09-29,3199.0,43335.0,5,WATCH,47.5,14.8345,14.53,3186.47,3298.78,3201.27,109.9,0.542,60.79,1.07,3034.16,3473.74,1.67,RSI in swing zone; MACD bullish; Weak trend; Above SMA20; Bollinger position healthy,UNKNOWN,-0.48,2.67,-5.75,0.0,3.44,2,3,0,-2,0,MEDIUM,0,,,0,-2,1.45,1.5,C,"Trend 2, Momentum 3, Volume 0, Liquidity -2 (0.0cr), VolRisk MEDIUM, Sector UNKNOWN 0",5,5,5,WATCH,News 0; event caution 0; risk LOW; type ; confidence ; reason . ,-3,HIGH,RISK_OFF,Nifty 20D return -5.771924924783489; 60D return -6.141522169043611; India VIX latest; 20D change 27.715355370472096; USDINR 20D change 0.8995466772440563; Crude 20D change 4.302699067276294,2.0,NEUTRAL,5,3.45,WATCH,"Tech 5 | News 0 (, ) | Event caution 0 | Macro -3 | Sector 0 | Analytics 1.45 (C) | Risk LOW/HIGH | Analytics: Trend 2, Momentum 3, Volume 0, Liquidity -2 (0.0cr), VolRisk MEDIUM, Sector UNKNOWN 0",0,0,LOW,,,,,,,0,0,,,0,,0,55.4,MEDIUM,3.99,WATCH,"AI overlay from completed recommendation outcomes; use as probability/risk input, not standalone advice."
RKFORGE,2026-09-29,714.65,43272.0,5,WATCH,52.24,-4.8635,23.24,719.72,680.01,,29.79,0.432,55.61,1.51,669.97,789.12,1.67,RSI in swing zone; MACD weak; Trend strength acceptable; Above SMA50; Bollinger position healthy,UNKNOWN,0.49,-4.13,19.45,0.0,4.17,3,1,1,-2,0,MEDIUM,0,,,0,-2,1.45,1.5,C,"Trend 3, Momentum 1, Volume 1, Liquidity -2 (0.0cr), VolRisk MEDIUM, Sector UNKNOWN 0",5,5,5,WATCH,News 0; event caution 0; risk LOW; type ; confidence ; reason . ,-3,HIGH,RISK_OFF,Nifty 20D return -5.771924924783489; 60D return -6.141522169043611; India VIX latest; 20D change 27.715355370472096; USDINR 20D change 0.8995466772440563; Crude 20D change 4.302699067276294,2.0,NEUTRAL,5,3.45,WATCH,"Tech 5 | News 0 (, ) | Event caution 0 | Macro -3 | Sector 0 | Analytics 1.45 (C) | Risk LOW/HIGH | Analytics: Trend 3, Momentum 1, Volume 1, Liquidity -2 (0.0cr), VolRisk MEDIUM, Sector UNKNOWN 0",0,0,LOW,,,,,,,0,0,,,0,,0,56.8,MEDIUM,4.13,WATCH,"AI overlay from completed recommendation outcomes; use as probability/risk input, not standalone advice."
GOLDCASE,2026-09-28,23.08,21002.0,5,WATCH,49.66,0.1038,12.08,23.01,23.7,,1.04,0.522,32.84,0.85,21.51,25.69,1.66,RSI in swing zone; MACD bullish; Weak trend; Above SMA20; Bollinger position healthy,UNKNOWN,0.87,0.39,-4.94,0.0,4.52,2,3,0,-2,0,MEDIUM,0,,,0,-2,1.45,1.5,C,"Trend 2, Momentum 3, Volume 0, Liquidity -2 (0.0cr), VolRisk MEDIUM, Sector UNKNOWN 0",5,5,5,WATCH,News 0; event caution 0; risk LOW; type ; confidence ; reason . ,-3,HIGH,RISK_OFF,Nifty 20D return -5.771924924783489; 60D return -6.141522169043611; India VIX latest; 20D change 27.715355370472096; USDINR 20D change 0.8995466772440563; Crude 20D change 4.302699067276294,2.0,NEUTRAL,5,3.45,WATCH,"Tech 5 | News 0 (, ) | Event caution 0 | Macro -3 | Sector 0 | Analytics 1.45 (C) | Risk LOW/HIGH | Analytics: Trend 2, Momentum 3, Volume 0, Liquidity -2 (0.0cr), VolRisk MEDIUM, Sector UNKNOWN 0",0,0,LOW,,,,,,,0,0,,,0,,0,57.4,MEDIUM,4.19,WATCH,"AI overlay from completed recommendation outcomes; use as probability/risk input, not standalone advice."
WELSPUNLIV,2026-09-29,225.21,35703.0,4,WATCH,72.46,0.1992,48.15,214.78,193.68,,7.61,0.824,79.12,0.82,213.8,244.23,1.67,RSI overbought; MACD bullish; Trend strength acceptable; Above SMA20; Above SMA50,UNKNOWN,0.64,8.01,31.76,0.0,3.38,5,2,0,-2,0,MEDIUM,0,,,0,-2,2.45,1.5,C,"Trend 5, Momentum 2, Volume 0, Liquidity -2 (0.0cr), VolRisk MEDIUM, Sector UNKNOWN 0",4,4,4,WATCH,News 0; event caution 0; risk LOW; type ; confidence ; reason . ,-3,HIGH,RISK_OFF,Nifty 20D return -5.771924924783489; 60D return -6.141522169043611; India VIX latest; 20D change 27.715355370472096; USDINR 20D change 0.8995466772440563; Crude 20D change 4.302699067276294,1.0,NEUTRAL,4,3.45,WATCH,"Tech 4 | News 0 (, ) | Event caution 0 | Macro -3 | Sector 0 | Analytics 2.45 (C) | Risk LOW/HIGH | Analytics: Trend 5, Momentum 2, Volume 0, Liquidity -2 (0.0cr), VolRisk MEDIUM, Sector UNKNOWN 0",0,0,LOW,,,,,,,0,0,,,0,,0,54.6,LOW,3.91,WATCH,"AI overlay from completed recommendation outcomes; use as probability/risk input, not standalone advice."
JINDRILL,2026-09-28,624.15,182090.0,5,WATCH,47.4,-5.0348,22.99,639.06,606.65,,46.71,0.309,35.85,3.27,554.09,740.92,1.67,RSI in swing zone; MACD weak; Trend strength acceptable; Above SMA50; Bollinger position healthy,UNKNOWN,-7.36,-0.22,,0.0,7.48,3,1,2,-2,-1,HIGH,0,,,0,-3,1.35,1.0,C,"Trend 3, Momentum 1, Volume 2, Liquidity -2 (0.0cr), VolRisk HIGH, Sector UNKNOWN 0",5,5,5,WATCH,News 0; event caution 0; risk LOW; type ; confidence ; reason . ,-3,HIGH,RISK_OFF,Nifty 20D return -5.771924924783489; 60D return -6.141522169043611; India VIX latest; 20D change 27.715355370472096; USDINR 20D change 0.8995466772440563; Crude 20D change 4.302699067276294,2.0,NEUTRAL,5,3.35,WATCH,"Tech 5 | News 0 (, ) | Event caution 0 | Macro -3 | Sector 0 | Analytics 1.35 (C) | Risk LOW/HIGH | Analytics: Trend 3, Momentum 1, Volume 2, Liquidity -2 (0.0cr), VolRisk HIGH, Sector UNKNOWN 0",0,0,LOW,,,,,,,0,0,,,0,,0,59.6,MEDIUM,4.31,WATCH,"AI overlay from completed recommendation outcomes; use as probability/risk input, not standalone advice."
VINCOFE,2026-09-24,183.75,46470.0,7,BUY,65.04,0.2868,33.95,171.71,158.44,,9.89,0.766,67.45,1.21,168.91,208.49,1.67,MACD bullish; Trend strength acceptable; Above SMA20; Above SMA50; Volume expansion,UNKNOWN,2.72,24.09,,0.0,5.38,5,2,1,-2,-1,HIGH,0,,,-1,-3,2.35,1.0,B,"Trend 5, Momentum 2, Volume 1, Liquidity -2 (0.0cr), VolRisk HIGH, Sector UNKNOWN 0",7,5,5,WATCH_EVENT_CAUTION,News 0; event caution -2; risk MEDIUM; type GENERIC_NEWS; confidence LOW; reason No material catalyst/event taxonomy match.. Upcoming event caution: Record Date,-3,HIGH,RISK_OFF,Nifty 20D return -5.771924924783489; 60D return -6.141522169043611; India VIX latest; 20D change 27.715355370472096; USDINR 20D change 0.8995466772440563; Crude 20D change 4.302699067276294,1.0,WATCH_MACRO_RISK,7,3.35,WATCH_EVENT_CAUTION,"Tech 7 | News 0 (GENERIC_NEWS, LOW) | Event caution -2 | Macro -3 | Sector -1 | Analytics 2.35 (B) | Risk MEDIUM/HIGH | Analytics: Trend 5, Momentum 2, Volume 1, Liquidity -2 (0.0cr), VolRisk HIGH, Sector UNKNOWN 0 | News logic: No material catalyst/event taxonomy match. | Upcoming event caution: Record Date",0,-2,MEDIUM,,Upcoming event caution: Record Date,Trading Window,Upcoming event caution: Record Date,NSE Corporate Announcements,https://nsearchives.nseindia.com/corporate/VINTAGE_22092026133318_closure_of_trading_window.pdf,0,2,GENERIC_NEWS,LOW,0,No material catalyst/event taxonomy match.,-1,57.6,MEDIUM,4.11,WATCH_EVENT_CAUTION,"AI overlay from completed recommendation outcomes; use as probability/risk input, not standalone advice."
JKCEMENT,2026-08-02,5444.0,21936.0,7,BUY,50.0,14.8106,14.2,5403.65,5384.14,,251.76,0.554,62.57,0.79,5066.35,6073.41,1.67,RSI in swing zone; MACD bullish; Weak trend; Above SMA20; Above SMA50,CEMENT,-0.17,2.97,-2.25,0.0,4.62,4,3,0,-2,0,MEDIUM,-3,14.3,-0.59,-3,-2,1.3,1.25,B,"Trend 4, Momentum 3, Volume 0, Liquidity -2 (0.0cr), VolRisk MEDIUM, Sector CEMENT -3",9,8,8,BUY,News 2; event caution -1; risk MEDIUM; type BUSINESS_POSITIVE; confidence MEDIUM; reason Positive business development.. Positive catalyst: Acquisition,-3,HIGH,RISK_OFF,Nifty 20D return -5.771924924783489; 60D return -6.141522169043611; India VIX latest; 20D change 27.715355370472096; USDINR 20D change 0.8995466772440563; Crude 20D change 4.302699067276294,2.0,WATCH_MACRO_RISK,7,3.3,NEUTRAL,"Tech 7 | News 2 (BUSINESS_POSITIVE, MEDIUM) | Event caution -1 | Macro -3 | Sector -3 | Analytics 1.3 (B) | Risk MEDIUM/HIGH | Positive catalyst: Acquisition | Analytics: Trend 4, Momentum 3, Volume 0, Liquidity -2 (0.0cr), VolRisk MEDIUM, Sector CEMENT -3 | News logic: Positive business development. | Upcoming event caution: Outcome of Board Meeting",2,-1,MEDIUM,Positive catalyst: Acquisition,Upcoming event caution: Outcome of Board Meeting,Acquisition,Positive catalyst: Acquisition,NSE Corporate Announcements,https://nsearchives.nseindia.com/corporate/JKCEMENT_29072026204113_SEIntimationforInvestmentinMehrauniPvtLtd29072026.pdf,1,1,BUSINESS_POSITIVE,MEDIUM,2,Positive business development.,-1,54.2,LOW,3.72,NEUTRAL,"AI overlay from completed recommendation outcomes; use as probability/risk input, not standalone advice."
RAIN,2026-09-27,219.35,23273.0,7,BUY,55.52,1.1983,14.61,212.96,215.51,,9.58,0.69,72.66,0.68,204.98,243.3,1.67,RSI in swing zone; MACD bullish; Weak trend; Above SMA20; Above SMA50,UNKNOWN,3.38,12.04,7.34,0.0,4.37,3,4,0,-2,0,MEDIUM,0,,,-1,-2,2.25,1.5,B,"Trend 3, Momentum 4, Volume 0, Liquidity -2 (0.0cr), VolRisk MEDIUM, Sector UNKNOWN 0",7,5,5,WATCH_EVENT_CAUTION,News 0; event caution -2; risk MEDIUM; type GENERIC_NEWS; confidence LOW; reason No material catalyst/event taxonomy match.. Upcoming event caution: Record Date,-3,HIGH,RISK_OFF,Nifty 20D return -5.771924924783489; 60D return -6.141522169043611; India VIX latest; 20D change 27.715355370472096; USDINR 20D change 0.8995466772440563; Crude 20D change 4.302699067276294,1.0,WATCH_MACRO_RISK,7,3.25,WATCH_EVENT_CAUTION,"Tech 7 | News 0 (GENERIC_NEWS, LOW) | Event caution -2 | Macro -3 | Sector -1 | Analytics 2.25 (B) | Risk MEDIUM/HIGH | Analytics: Trend 3, Momentum 4, Volume 0, Liquidity -2 (0.0cr), VolRisk MEDIUM, Sector UNKNOWN 0 | News logic: No material catalyst/event taxonomy match. | Upcoming event caution: Record Date",0,-2,MEDIUM,,Upcoming event caution: Record Date,Press Release,Upcoming event caution: Record Date,NSE Corporate Announcements,https://nsearchives.nseindia.com/corporate/RAIN_24092026134037_Rain_Industries_-_Press_Release.pdf,0,2,GENERIC_NEWS,LOW,0,No material catalyst/event taxonomy match.,-1,56.9,MEDIUM,3.94,WATCH_EVENT_CAUTION,"AI overlay from completed recommendation outcomes; use as probability/risk input, not standalone advice."
THELEELA,2026-09-29,533.6,58315.0,4,WATCH,51.16,-4.9644,33.73,543.6,500.64,,23.64,0.357,18.86,1.81,498.14,592.7,1.67,RSI in swing zone; MACD weak; Trend strength acceptable; Above SMA50; Bollinger position healthy,UNKNOWN,-3.71,4.62,30.29,0.0,4.43,4,2,1,-2,0,MEDIUM,0,,,0,-2,2.25,1.5,C,"Trend 4, Momentum 2, Volume 1, Liquidity -2 (0.0cr), VolRisk MEDIUM, Sector UNKNOWN 0",4,4,4,WATCH,News 0; event caution 0; risk LOW; type ; confidence ; reason . ,-3,HIGH,RISK_OFF,Nifty 20D return -5.771924924783489; 60D return -6.141522169043611; India VIX latest; 20D change 27.715355370472096; USDINR 20D change 0.8995466772440563; Crude 20D change 4.302699067276294,1.0,NEUTRAL,4,3.25,WATCH,"Tech 4 | News 0 (, ) | Event caution 0 | Macro -3 | Sector 0 | Analytics 2.25 (C) | Risk LOW/HIGH | Analytics: Trend 4, Momentum 2, Volume 1, Liquidity -2 (0.0cr), VolRisk MEDIUM, Sector UNKNOWN 0",0,0,LOW,,,,,,,0,0,,,0,,0,57.3,MEDIUM,3.98,WATCH,"AI overlay from completed recommendation outcomes; use as probability/risk input, not standalone advice."
RRKABEL,2026-09-27,2528.3,22384.0,5,WATCH,49.69,19.3211,35.34,2454.89,2643.73,,91.74,0.812,82.68,0.44,2390.68,2757.66,1.67,RSI in swing zone; MACD bullish; Trend strength acceptable; Above SMA20,UNKNOWN,3.16,-3.88,10.34,0.0,3.63,2,3,-1,-2,0,MEDIUM,0,,,0,-2,1.2,1.5,C,"Trend 2, Momentum 3, Volume -1, Liquidity -2 (0.0cr), VolRisk MEDIUM, Sector UNKNOWN 0",5,5,5,WATCH,News 0; event caution 0; risk LOW; type ; confidence ; reason . ,-3,HIGH,RISK_OFF,Nifty 20D return -5.771924924783489; 60D return -6.141522169043611; India VIX latest; 20D change 27.715355370472096; USDINR 20D change 0.8995466772440563; Crude 20D change 4.302699067276294,2.0,NEUTRAL,5,3.2,WATCH,"Tech 5 | News 0 (, ) | Event caution 0 | Macro -3 | Sector 0 | Analytics 1.2 (C) | Risk LOW/HIGH | Analytics: Trend 2, Momentum 3, Volume -1, Liquidity -2 (0.0cr), VolRisk MEDIUM, Sector UNKNOWN 0",0,0,LOW,,,,,,,0,0,,,0,,0,55.9,MEDIUM,3.79,WATCH,"AI overlay from completed recommendation outcomes; use as probability/risk input, not standalone advice."
QUADFUTURE,2026-09-29,542.15,29842.0,5,WATCH,71.25,2.3435,47.41,484.56,403.41,,46.05,0.805,83.36,0.31,473.07,657.28,1.67,MACD bullish; Trend strength acceptable; Above SMA20; Above SMA50,UNKNOWN,2.64,33.75,,0.0,8.49,5,1,-1,-2,-2,VERY_HIGH,0,,,0,-3,1.15,1.0,C,"Trend 5, Momentum 1, Volume -1, Liquidity -2 (0.0cr), VolRisk VERY_HIGH, Sector UNKNOWN 0",5,5,5,WATCH,News 0; event caution 0; risk LOW; type ; confidence ; reason . ,-3,HIGH,RISK_OFF,Nifty 20D return -5.771924924783489; 60D return -6.141522169043611; India VIX latest; 20D change 27.715355370472096; USDINR 20D change 0.8995466772440563; Crude 20D change 4.302699067276294,2.0,NEUTRAL,5,3.15,WATCH,"Tech 5 | News 0 (, ) | Event caution 0 | Macro -3 | Sector 0 | Analytics 1.15 (C) | Risk LOW/HIGH | Analytics: Trend 5, Momentum 1, Volume -1, Liquidity -2 (0.0cr), VolRisk VERY_HIGH, Sector UNKNOWN 0",0,0,LOW,,,,,,,0,0,,,0,,0,59.5,MEDIUM,4.1,WATCH,"AI overlay from completed recommendation outcomes; use as probability/risk input, not standalone advice."
LLOYDSME,2026-09-29,1902.2,32649.0,4,WATCH,55.6,10.6731,28.42,1824.41,1903.72,,61.33,1.07,94.82,1.25,1810.2,2055.53,1.67,RSI in swing zone; MACD bullish; Trend strength acceptable; Above SMA20; Near upper Bollinger band,UNKNOWN,2.41,1.95,7.77,0.0,3.22,3,3,1,-2,0,MEDIUM,0,,,0,-2,2.15,1.5,C,"Trend 3, Momentum 3, Volume 1, Liquidity -2 (0.0cr), VolRisk MEDIUM, Sector UNKNOWN 0",4,4,4,WATCH,News 0; event caution 0; risk LOW; type ; confidence ; reason . ,-3,HIGH,RISK_OFF,Nifty 20D return -5.771924924783489; 60D return -6.141522169043611; India VIX latest; 20D change 27.715355370472096; USDINR 20D change 0.8995466772440563; Crude 20D change 4.302699067276294,1.0,NEUTRAL,4,3.15,WATCH,"Tech 4 | News 0 (, ) | Event caution 0 | Macro -3 | Sector 0 | Analytics 2.15 (C) | Risk LOW/HIGH | Analytics: Trend 3, Momentum 3, Volume 1, Liquidity -2 (0.0cr), VolRisk MEDIUM, Sector UNKNOWN 0",0,0,LOW,,,,,,,0,0,,,0,,0,54.7,LOW,3.62,WATCH,"AI overlay from completed recommendation outcomes; use as probability/risk input, not standalone advice."
CASTROLIND,2026-09-29,199.83,50167.0,6,WATCH,65.47,0.8575,42.93,193.19,189.92,,4.04,0.826,78.17,1.15,193.77,209.93,1.67,MACD bullish; Trend strength acceptable; Above SMA20; Above SMA50,UNKNOWN,3.42,5.02,7.41,0.0,2.02,5,3,0,-2,1,LOW,0,,,0,-1,3.15,1.5,B,"Trend 5, Momentum 3, Volume 0, Liquidity -2 (0.0cr), VolRisk LOW, Sector UNKNOWN 0",6,3,3,NEUTRAL,News 0; event caution -3; risk MEDIUM; type GENERIC_NEWS; confidence LOW; reason No material catalyst/event taxonomy match.. Upcoming event caution: Record Date,-3,HIGH,RISK_OFF,Nifty 20D return -5.771924924783489; 60D return -6.141522169043611; India VIX latest; 20D change 27.715355370472096; USDINR 20D change 0.8995466772440563; Crude 20D change 4.302699067276294,0.0,NEUTRAL,6,3.15,WATCH,"Tech 6 | News 0 (GENERIC_NEWS, LOW) | Event caution -3 | Macro -3 | Sector 0 | Analytics 3.15 (B) | Risk MEDIUM/HIGH | Analytics: Trend 5, Momentum 3, Volume 0, Liquidity -2 (0.0cr), VolRisk LOW, Sector UNKNOWN 0 | News logic: No material catalyst/event taxonomy match. | Upcoming event caution: Record Date",0,-3,MEDIUM,,Upcoming event caution: Record Date,Trading Window,Upcoming event caution: Record Date,NSE Corporate Announcements,https://nsearchives.nseindia.com/corporate/CASTROLINDIA_24092026155607_TradingWindow_cls_SE_Q3FY26_Signed.pdf,0,3,GENERIC_NEWS,LOW,0,No material catalyst/event taxonomy match.,0,44.7,NEGATIVE,2.62,WATCH,"AI overlay from completed recommendation outcomes; use as probability/risk input, not standalone advice."
SENORES,2026-09-29,1403.7,35258.0,5,WATCH,51.89,-20.8282,33.29,1421.58,1307.15,,78.05,0.439,32.42,1.29,1286.62,1598.84,1.67,RSI in swing zone; MACD weak; Trend strength acceptable; Above SMA50; Bollinger position healthy,UNKNOWN,-6.26,-0.1,,0.0,5.56,3,1,1,-2,-1,HIGH,0,,,0,-3,1.1,1.0,C,"Trend 3, Momentum 1, Volume 1, Liquidity -2 (0.0cr), VolRisk HIGH, Sector UNKNOWN 0",5,5,5,WATCH,News 0; event caution 0; risk LOW; type ; confidence ; reason . ,-3,HIGH,RISK_OFF,Nifty 20D return -5.771924924783489; 60D return -6.141522169043611; India VIX latest; 20D change 27.715355370472096; USDINR 20D change 0.8995466772440563; Crude 20D change 4.302699067276294,2.0,NEUTRAL,5,3.1,WATCH,"Tech 5 | News 0 (, ) | Event caution 0 | Macro -3 | Sector 0 | Analytics 1.1 (C) | Risk LOW/HIGH | Analytics: Trend 3, Momentum 1, Volume 1, Liquidity -2 (0.0cr), VolRisk HIGH, Sector UNKNOWN 0",0,0,LOW,,,,,,,0,0,,,0,,0,58.3,MEDIUM,3.93,WATCH,"AI overlay from completed recommendation outcomes; use as probability/risk input, not standalone advice."
AIIL,2026-09-20,559.0,25530.0,5,WATCH,54.54,-1.9523,18.17,551.25,512.53,,42.09,0.604,53.49,0.5,495.87,664.21,1.67,RSI in swing zone; MACD weak; Above SMA20; Above SMA50; Bollinger position healthy,UNKNOWN,10.16,1.33,37.92,0.0,7.53,4,1,-1,-2,-1,HIGH,0,,,0,-3,1.05,1.0,C,"Trend 4, Momentum 1, Volume -1, Liquidity -2 (0.0cr), VolRisk HIGH, Sector UNKNOWN 0",5,5,5,WATCH,News 0; event caution 0; risk LOW; type ; confidence ; reason . ,-3,HIGH,RISK_OFF,Nifty 20D return -5.771924924783489; 60D return -6.141522169043611; India VIX latest; 20D change 27.715355370472096; USDINR 20D change 0.8995466772440563; Crude 20D change 4.302699067276294,2.0,NEUTRAL,5,3.05,WATCH,"Tech 5 | News 0 (, ) | Event caution 0 | Macro -3 | Sector 0 | Analytics 1.05 (C) | Risk LOW/HIGH | Analytics: Trend 4, Momentum 1, Volume -1, Liquidity -2 (0.0cr), VolRisk HIGH, Sector UNKNOWN 0",0,0,LOW,,,,,,,0,0,,,0,,0,60.1,MEDIUM,4.06,WATCH,"AI overlay from completed recommendation outcomes; use as probability/risk input, not standalone advice."
BHARATFORG,2026-09-29,1942.0,45288.0,5,WATCH,40.6,6.0099,19.32,1964.36,2053.35,1935.44,48.39,0.353,53.01,1.0,1869.42,2062.97,1.67,RSI in swing zone; MACD bullish; Long-term trend positive; Bollinger position healthy,UNKNOWN,-3.09,-4.42,-7.54,0.0,2.49,1,2,0,-2,1,LOW,0,,,0,-1,1.0,1.5,C,"Trend 1, Momentum 2, Volume 0, Liquidity -2 (0.0cr), VolRisk LOW, Sector UNKNOWN 0",5,5,5,WATCH,News 0; event caution 0; risk LOW; type ; confidence ; reason . ,-3,HIGH,RISK_OFF,Nifty 20D return -5.771924924783489; 60D return -6.141522169043611; India VIX latest; 20D change 27.715355370472096; USDINR 20D change 0.8995466772440563; Crude 20D change 4.302699067276294,2.0,NEUTRAL,5,3.0,WATCH,"Tech 5 | News 0 (, ) | Event caution 0 | Macro -3 | Sector 0 | Analytics 1 (C) | Risk LOW/HIGH | Analytics: Trend 1, Momentum 2, Volume 0, Liquidity -2 (0.0cr), VolRisk LOW, Sector UNKNOWN 0",0,0,LOW,,,,,,,0,0,,,0,,0,43.9,NEGATIVE,2.39,WATCH,"AI overlay from completed recommendation outcomes; use as probability/risk input, not standalone advice."
OLAELEC,2026-09-29,37.42,246095.0,5,WATCH,45.85,0.0166,21.79,38.2,38.64,35.91,2.16,0.376,16.41,1.33,34.18,42.82,1.67,RSI in swing zone; MACD bullish; Long-term trend positive; Bollinger position healthy; Volume expansion,UNKNOWN,-10.63,-2.04,-3.36,0.0,5.77,1,3,1,-2,-1,HIGH,0,,,0,-3,0.9,1.0,C,"Trend 1, Momentum 3, Volume 1, Liquidity -2 (0.0cr), VolRisk HIGH, Sector UNKNOWN 0",5,5,5,WATCH,News 0; event caution 0; risk LOW; type ; confidence ; reason . ,-3,HIGH,RISK_OFF,Nifty 20D return -5.771924924783489; 60D return -6.141522169043611; India VIX latest; 20D change 27.715355370472096; USDINR 20D change 0.8995466772440563; Crude 20D change 4.302699067276294,2.0,NEUTRAL,5,2.9,NEUTRAL,"Tech 5 | News 0 (, ) | Event caution 0 | Macro -3 | Sector 0 | Analytics 0.9 (C) | Risk LOW/HIGH | Analytics: Trend 1, Momentum 3, Volume 1, Liquidity -2 (0.0cr), VolRisk HIGH, Sector UNKNOWN 0",0,0,LOW,,,,,,,0,0,,,0,,0,62.2,MEDIUM,4.12,NEUTRAL,"AI overlay from completed recommendation outcomes; use as probability/risk input, not standalone advice."
CHENNPETRO,2026-09-29,1436.9,103212.0,6,WATCH,52.94,-9.4468,23.28,1456.96,1402.17,1123.23,67.54,0.441,24.03,1.31,1335.59,1605.75,1.67,RSI in swing zone; MACD weak; Trend strength acceptable; Above SMA50; Long-term trend positive,UNKNOWN,3.48,-1.05,14.21,0.0,4.7,4,1,1,-2,0,MEDIUM,0,,,0,-2,1.9,1.5,B,"Trend 4, Momentum 1, Volume 1, Liquidity -2 (0.0cr), VolRisk MEDIUM, Sector UNKNOWN 0",6,4,4,WATCH,News 0; event caution -2; risk MEDIUM; type GENERIC_NEWS; confidence LOW; reason No material catalyst/event taxonomy match.. Upcoming event caution: Outcome of Board Meeting,-3,HIGH,RISK_OFF,Nifty 20D return -5.771924924783489; 60D return -6.141522169043611; India VIX latest; 20D change 27.715355370472096; USDINR 20D change 0.8995466772440563; Crude 20D change 4.302699067276294,1.0,NEUTRAL,6,2.9,NEUTRAL,"Tech 6 | News 0 (GENERIC_NEWS, LOW) | Event caution -2 | Macro -3 | Sector 0 | Analytics 1.9 (B) | Risk MEDIUM/HIGH | Analytics: Trend 4, Momentum 1, Volume 1, Liquidity -2 (0.0cr), VolRisk MEDIUM, Sector UNKNOWN 0 | News logic: No material catalyst/event taxonomy match. | Upcoming event caution: Outcome of Board Meeting",0,-2,MEDIUM,,Upcoming event caution: Outcome of Board Meeting,Trading Window,Upcoming event caution: Outcome of Board Meeting,NSE Corporate Announcements,https://nsearchives.nseindia.com/corporate/CHENNPETRO_24092026182347_SE_Window_closing_for_the_quarter_ended_30th_Sep_2026.pdf,0,2,GENERIC_NEWS,LOW,0,No material catalyst/event taxonomy match.,0,61.5,MEDIUM,4.05,NEUTRAL,"AI overlay from completed recommendation outcomes; use as probability/risk input, not standalone advice."
DECNGOLD,2026-09-15,222.82,40976.0,4,WATCH,50.41,-2.9013,25.8,230.08,211.16,,14.9,0.305,18.33,1.31,200.47,260.07,1.67,RSI in swing zone; MACD weak; Trend strength acceptable; Above SMA50; Bollinger position healthy,UNKNOWN,1.58,3.05,,0.0,6.69,4,2,1,-2,-1,HIGH,0,,,0,-3,1.9,1.0,C,"Trend 4, Momentum 2, Volume 1, Liquidity -2 (0.0cr), VolRisk HIGH, Sector UNKNOWN 0",4,4,4,WATCH,News 0; event caution 0; risk LOW; type ; confidence ; reason . ,-3,HIGH,RISK_OFF,Nifty 20D return -5.771924924783489; 60D return -6.141522169043611; India VIX latest; 20D change 27.715355370472096; USDINR 20D change 0.8995466772440563; Crude 20D change 4.302699067276294,1.0,NEUTRAL,4,2.9,NEUTRAL,"Tech 4 | News 0 (, ) | Event caution 0 | Macro -3 | Sector 0 | Analytics 1.9 (C) | Risk LOW/HIGH | Analytics: Trend 4, Momentum 2, Volume 1, Liquidity -2 (0.0cr), VolRisk HIGH, Sector UNKNOWN 0",0,0,LOW,,,,,,,0,0,,,0,,0,64.1,MEDIUM,4.31,NEUTRAL,"AI overlay from completed recommendation outcomes; use as probability/risk input, not standalone advice."
JMFINANCIL,2026-09-27,127.68,27212.0,7,BUY,52.41,0.1244,11.25,127.54,126.76,,3.88,0.509,52.77,0.86,121.87,137.37,1.67,RSI in swing zone; MACD bullish; Weak trend; Above SMA20; Above SMA50,FINANCIALS,1.09,-1.41,3.32,0.0,3.04,3,3,0,-2,0,MEDIUM,-3,22.7,-2.14,-3,-2,0.85,1.25,B,"Trend 3, Momentum 3, Volume 0, Liquidity -2 (0.0cr), VolRisk MEDIUM, Sector FINANCIALS -3",8,8,8,BUY,"News 1; event caution 0; risk LOW; type RESULTS_POSITIVE; confidence HIGH; reason Strong reported result or positive guidance.. Positive catalyst: ""JM Financial Q2FY26 Profit Up 16%, Declares ₹1.50 Dividend"" - HDFC Sky",-3,HIGH,RISK_OFF,Nifty 20D return -5.771924924783489; 60D return -6.141522169043611; India VIX latest; 20D change 27.715355370472096; USDINR 20D change 0.8995466772440563; Crude 20D change 4.302699067276294,2.0,WATCH_MACRO_RISK,7,2.85,NEUTRAL,"Tech 7 | News 1 (RESULTS_POSITIVE, HIGH) | Event caution 0 | Macro -3 | Sector -3 | Analytics 0.85 (B) | Risk LOW/HIGH | Positive catalyst: ""JM Financial Q2FY26 Profit Up 16%, Declares ₹1.50 Dividend"" - HDFC Sky | Analytics: Trend 3, Momentum 3, Volume 0, Liquidity -2 (0.0cr), VolRisk MEDIUM, Sector FINANCIALS -3 | News logic: Strong reported result or positive guidance.",1,0,LOW,"Positive catalyst: ""JM Financial Q2FY26 Profit Up 16%, Declares ₹1.50 Dividend"" - HDFC Sky",,"""JM Financial Q2FY26 Profit Up 16%, Declares ₹1.50 Dividend"" - HDFC Sky","Positive catalyst: ""JM Financial Q2FY26 Profit Up 16%, Declares ₹1.50 Dividend"" - HDFC Sky",HDFC Sky,https://news.google.com/rss/articles/CBMijAFBVV95cUxQZlhrajh1QXZQV1cxMG13c2tLVFpRTzNyN0p0TGllNlVNVkxZaVo5VlhfZWxIWmJqYkl1WFlvLThnNGNnZEF1NWxkZUd0WFlXc3l5WFFNSXhkbTQ2VG5Ld1FialpOc2pNdndGZGN2MTJzT0VuWU5mRkNHcHlIbklqcXE0bDV0T1JScFI0Tg?oc=5,1,0,RESULTS_POSITIVE,HIGH,3,Strong reported result or positive guidance.,-1,62.1,MEDIUM,4.06,NEUTRAL,"AI overlay from completed recommendation outcomes; use as probability/risk input, not standalone advice."
ELECON,2026-09-29,480.4,33627.0,5,WATCH,53.93,6.7682,22.8,450.91,499.71,,26.09,0.813,89.08,0.58,441.27,545.61,1.67,RSI in swing zone; MACD bullish; Trend strength acceptable; Above SMA20,UNKNOWN,2.96,-5.91,10.3,0.0,5.43,2,3,-1,-2,-1,HIGH,0,,,0,-3,0.85,1.0,C,"Trend 2, Momentum 3, Volume -1, Liquidity -2 (0.0cr), VolRisk HIGH, Sector UNKNOWN 0",5,5,5,WATCH,News 0; event caution 0; risk LOW; type ; confidence ; reason . ,-3,HIGH,RISK_OFF,Nifty 20D return -5.771924924783489; 60D return -6.141522169043611; India VIX latest; 20D change 27.715355370472096; USDINR 20D change 0.8995466772440563; Crude 20D change 4.302699067276294,2.0,NEUTRAL,5,2.85,NEUTRAL,"Tech 5 | News 0 (, ) | Event caution 0 | Macro -3 | Sector 0 | Analytics 0.85 (C) | Risk LOW/HIGH | Analytics: Trend 2, Momentum 3, Volume -1, Liquidity -2 (0.0cr), VolRisk HIGH, Sector UNKNOWN 0",0,0,LOW,,,,,,,0,0,,,0,,0,61.8,MEDIUM,4.03,NEUTRAL,"AI overlay from completed recommendation outcomes; use as probability/risk input, not standalone advice."
KIRLOSENG,2026-09-29,2402.0,285547.0,3,NEUTRAL,66.5,16.8801,18.28,2176.68,2151.56,,108.32,1.24,91.76,5.8,2239.52,2672.8,1.67,MACD bullish; Above SMA20; Above SMA50; Near upper Bollinger band; Volume expansion,UNKNOWN,12.64,5.93,0.25,0.0,4.51,4,3,2,-2,0,MEDIUM,0,,,0,-2,2.85,1.5,C,"Trend 4, Momentum 3, Volume 2, Liquidity -2 (0.0cr), VolRisk MEDIUM, Sector UNKNOWN 0",3,3,3,NEUTRAL,News 0; event caution 0; risk LOW; type ; confidence ; reason . ,-3,HIGH,RISK_OFF,Nifty 20D return -5.771924924783489; 60D return -6.141522169043611; India VIX latest; 20D change 27.715355370472096; USDINR 20D change 0.8995466772440563; Crude 20D change 4.302699067276294,0.0,NEUTRAL,3,2.85,NEUTRAL,"Tech 3 | News 0 (, ) | Event caution 0 | Macro -3 | Sector 0 | Analytics 2.85 (C) | Risk LOW/HIGH | Analytics: Trend 4, Momentum 3, Volume 2, Liquidity -2 (0.0cr), VolRisk MEDIUM, Sector UNKNOWN 0",0,0,LOW,,,,,,,0,0,,,0,,0,62.8,MEDIUM,4.13,NEUTRAL,"AI overlay from completed recommendation outcomes; use as probability/risk input, not standalone advice."
KAYNES,2026-09-29,3511.5,86140.0,5,WATCH,45.74,16.1851,17.46,3535.6,3683.41,3623.34,144.03,0.428,52.75,1.23,3295.46,3871.56,1.67,RSI in swing zone; MACD bullish; Bollinger position healthy; Volume expansion,UNKNOWN,1.55,-2.4,7.32,0.0,4.1,0,3,1,-2,0,MEDIUM,0,,,0,-2,0.8,1.5,C,"Trend 0, Momentum 3, Volume 1, Liquidity -2 (0.0cr), VolRisk MEDIUM, Sector UNKNOWN 0",5,5,5,WATCH,News 0; event caution 0; risk LOW; type ; confidence ; reason . ,-3,HIGH,RISK_OFF,Nifty 20D return -5.771924924783489; 60D return -6.141522169043611; India VIX latest; 20D change 27.715355370472096; USDINR 20D change 0.8995466772440563; Crude 20D change 4.302699067276294,2.0,NEUTRAL,5,2.8,NEUTRAL,"Tech 5 | News 0 (, ) | Event caution 0 | Macro -3 | Sector 0 | Analytics 0.8 (C) | Risk LOW/HIGH | Analytics: Trend 0, Momentum 3, Volume 1, Liquidity -2 (0.0cr), VolRisk MEDIUM, Sector UNKNOWN 0",0,0,LOW,,,,,,,0,0,,,0,,0,62.1,MEDIUM,4.01,NEUTRAL,"AI overlay from completed recommendation outcomes; use as probability/risk input, not standalone advice."
TATASTEEL,2026-09-29,188.0,149301.0,8,BUY,53.93,0.3191,18.8,185.84,186.25,197.15,4.19,0.733,67.01,1.18,181.71,198.48,1.67,RSI in swing zone; MACD bullish; Above SMA20; Above SMA50; Bollinger position healthy,METALS,-1.48,-0.42,0.41,0.0,2.23,2,3,0,-2,1,LOW,-3,30.0,-0.49,-3,-1,0.75,1.25,B,"Trend 2, Momentum 3, Volume 0, Liquidity -2 (0.0cr), VolRisk LOW, Sector METALS -3",8,8,8,WATCH_EVENT_RISK,News 0; event caution 0; risk HIGH; type REGULATORY_RISK; confidence HIGH; reason Regulatory/legal/credit risk event.. Negative catalyst: Pendency of Litigation(s)/dispute(s) or the outcome impacting the Company,-3,HIGH,RISK_OFF,Nifty 20D return -5.771924924783489; 60D return -6.141522169043611; India VIX latest; 20D change 27.715355370472096; USDINR 20D change 0.8995466772440563; Crude 20D change 4.302699067276294,2.0,WATCH_MACRO_RISK,8,2.75,AVOID_EVENT_RISK,"Tech 8 | News 0 (REGULATORY_RISK, HIGH) | Event caution 0 | Macro -3 | Sector -3 | Analytics 0.75 (B) | Risk HIGH/HIGH | Negative catalyst: Pendency of Litigation(s)/dispute(s) or the outcome impacting the Company | Analytics: Trend 2, Momentum 3, Volume 0, Liquidity -2 (0.0cr), VolRisk LOW, Sector METALS -3 | News logic: Regulatory/legal/credit risk event.",0,0,HIGH,Negative catalyst: Pendency of Litigation(s)/dispute(s) or the outcome impacting the Company,,Pendency of Litigation(s)/dispute(s) or the outcome impacting the Company,Negative catalyst: Pendency of Litigation(s)/dispute(s) or the outcome impacting the Company,NSE Corporate Announcements,https://nsearchives.nseindia.com/corporate/NIDHIFADNAVIS_29092026164617_BSENSE_Signed.pdf,3,0,REGULATORY_RISK,HIGH,3,Regulatory/legal/credit risk event.,-1,49.6,LOW,2.71,AVOID_EVENT_RISK,"AI overlay from completed recommendation outcomes; use as probability/risk input, not standalone advice."
GRAPHITE,2026-09-29,801.55,43638.0,4,WATCH,54.53,-5.8478,41.5,809.76,741.92,,32.58,0.43,34.29,0.47,752.68,882.99,1.67,RSI in swing zone; MACD weak; Trend strength acceptable; Above SMA50; Bollinger position healthy,UNKNOWN,-2.37,9.26,29.18,0.0,4.06,4,2,-1,-2,0,MEDIUM,0,,,0,-2,1.75,1.5,C,"Trend 4, Momentum 2, Volume -1, Liquidity -2 (0.0cr), VolRisk MEDIUM, Sector UNKNOWN 0",4,4,4,WATCH,News 0; event caution 0; risk LOW; type ; confidence ; reason . ,-3,HIGH,RISK_OFF,Nifty 20D return -5.771924924783489; 60D return -6.141522169043611; India VIX latest; 20D change 27.715355370472096; USDINR 20D change 0.8995466772440563; Crude 20D change 4.302699067276294,1.0,NEUTRAL,4,2.75,NEUTRAL,"Tech 4 | News 0 (, ) | Event caution 0 | Macro -3 | Sector 0 | Analytics 1.75 (C) | Risk LOW/HIGH | Analytics: Trend 4, Momentum 2, Volume -1, Liquidity -2 (0.0cr), VolRisk MEDIUM, Sector UNKNOWN 0",0,0,LOW,,,,,,,0,0,,,0,,0,63.3,MEDIUM,4.08,NEUTRAL,"AI overlay from completed recommendation outcomes; use as probability/risk input, not standalone advice."
HEG,2026-09-06,728.25,51535.0,7,BUY,61.83,-3.5365,63.27,712.69,641.38,,30.2,0.713,55.85,1.26,682.95,803.75,1.67,RSI in swing zone; MACD weak; Trend strength acceptable; Above SMA20; Above SMA50,UNKNOWN,-1.23,6.13,31.68,0.0,4.15,5,2,1,-2,0,MEDIUM,0,,,-1,-2,2.7,1.5,B,"Trend 5, Momentum 2, Volume 1, Liquidity -2 (0.0cr), VolRisk MEDIUM, Sector UNKNOWN 0",7,4,4,WATCH_EVENT_CAUTION,News 0; event caution -3; risk MEDIUM; type GENERIC_NEWS; confidence LOW; reason No material catalyst/event taxonomy match.. Upcoming event caution: Here’s why you should ignore the 65% plunge in HEG share price today post demerger - Moneycontrol.com,-3,HIGH,RISK_OFF,Nifty 20D return -5.771924924783489; 60D return -6.141522169043611; India VIX latest; 20D change 27.715355370472096; USDINR 20D change 0.8995466772440563; Crude 20D change 4.302699067276294,0.0,WATCH_MACRO_RISK,7,2.7,NEUTRAL,"Tech 7 | News 0 (GENERIC_NEWS, LOW) | Event caution -3 | Macro -3 | Sector -1 | Analytics 2.7 (B) | Risk MEDIUM/HIGH | Analytics: Trend 5, Momentum 2, Volume 1, Liquidity -2 (0.0cr), VolRisk MEDIUM, Sector UNKNOWN 0 | News logic: No material catalyst/event taxonomy match. | Upcoming event caution: Here’s why you should ignore the 65% plunge in HEG share price today post demerger - Moneycontrol.com",0,-3,MEDIUM,,Upcoming event caution: Here’s why you should ignore the 65% plunge in HEG share price today post demerger - Moneycontrol.com,Shareholders meeting,Upcoming event caution: Here’s why you should ignore the 65% plunge in HEG share price today post demerger - Moneycontrol.com,NSE Corporate Announcements,https://nsearchives.nseindia.com/corporate/BALAJITELE_30092026001221_AGMProceedingsSeptember292026.pdf,0,3,GENERIC_NEWS,LOW,0,No material catalyst/event taxonomy match.,-1,63.4,MEDIUM,4.04,NEUTRAL,"AI overlay from completed recommendation outcomes; use as probability/risk input, not standalone advice."
E2E,2026-08-10,602.8,46288.0,5,WATCH,47.48,59.9479,20.4,488.36,1078.07,,69.43,0.863,89.1,1.21,498.65,776.38,1.67,RSI in swing zone; MACD bullish; Above SMA20; Volume expansion,UNKNOWN,5.73,59.13,,0.0,11.52,2,2,1,-2,-2,VERY_HIGH,0,,,0,-3,0.65,1.0,C,"Trend 2, Momentum 2, Volume 1, Liquidity -2 (0.0cr), VolRisk VERY_HIGH, Sector UNKNOWN 0",5,5,5,WATCH,News 0; event caution 0; risk LOW; type ; confidence ; reason . ,-3,HIGH,RISK_OFF,Nifty 20D return -5.771924924783489; 60D return -6.141522169043611; India VIX latest; 20D change 27.715355370472096; USDINR 20D change 0.8995466772440563; Crude 20D change 4.302699067276294,2.0,NEUTRAL,5,2.65,NEUTRAL,"Tech 5 | News 0 (, ) | Event caution 0 | Macro -3 | Sector 0 | Analytics 0.65 (C) | Risk LOW/HIGH | Analytics: Trend 2, Momentum 2, Volume 1, Liquidity -2 (0.0cr), VolRisk VERY_HIGH, Sector UNKNOWN 0",0,0,LOW,,,,,,,0,0,,,0,,0,65.2,HIGH,4.17,NEUTRAL,"AI overlay from completed recommendation outcomes; use as probability/risk input, not standalone advice."
JAINREC,2026-09-29,287.65,37733.0,5,WATCH,43.27,2.9197,34.74,288.53,312.59,,13.62,0.472,42.24,0.93,267.21,321.71,1.67,RSI in swing zone; MACD bullish; Trend strength acceptable; Bollinger position healthy,UNKNOWN,-3.0,-1.96,-21.34,0.0,4.74,1,2,0,-2,0,MEDIUM,0,,,0,-2,0.65,1.5,C,"Trend 1, Momentum 2, Volume 0, Liquidity -2 (0.0cr), VolRisk MEDIUM, Sector UNKNOWN 0",5,5,5,WATCH,News 0; event caution 0; risk LOW; type ; confidence ; reason . ,-3,HIGH,RISK_OFF,Nifty 20D return -5.771924924783489; 60D return -6.141522169043611; India VIX latest; 20D change 27.715355370472096; USDINR 20D change 0.8995466772440563; Crude 20D change 4.302699067276294,2.0,NEUTRAL,5,2.65,NEUTRAL,"Tech 5 | News 0 (, ) | Event caution 0 | Macro -3 | Sector 0 | Analytics 0.65 (C) | Risk LOW/HIGH | Analytics: Trend 1, Momentum 2, Volume 0, Liquidity -2 (0.0cr), VolRisk MEDIUM, Sector UNKNOWN 0",0,0,LOW,,,,,,,0,0,,,0,,0,59.4,MEDIUM,3.59,NEUTRAL,"AI overlay from completed recommendation outcomes; use as probability/risk input, not standalone advice."
BALRAMCHIN,2026-09-28,680.7,42386.0,4,WATCH,51.63,-3.2636,27.53,687.33,661.62,,30.75,0.386,46.89,0.82,634.58,757.57,1.67,RSI in swing zone; MACD weak; Trend strength acceptable; Above SMA50; Bollinger position healthy,UNKNOWN,2.57,1.77,32.23,0.0,4.52,4,1,0,-2,0,MEDIUM,0,,,0,-2,1.65,1.5,C,"Trend 4, Momentum 1, Volume 0, Liquidity -2 (0.0cr), VolRisk MEDIUM, Sector UNKNOWN 0",4,4,4,WATCH,News 0; event caution 0; risk LOW; type ; confidence ; reason . ,-3,HIGH,RISK_OFF,Nifty 20D return -5.771924924783489; 60D return -6.141522169043611; India VIX latest; 20D change 27.715355370472096; USDINR 20D change 0.8995466772440563; Crude 20D change 4.302699067276294,1.0,NEUTRAL,4,2.65,NEUTRAL,"Tech 4 | News 0 (, ) | Event caution 0 | Macro -3 | Sector 0 | Analytics 1.65 (C) | Risk LOW/HIGH | Analytics: Trend 4, Momentum 1, Volume 0, Liquidity -2 (0.0cr), VolRisk MEDIUM, Sector UNKNOWN 0",0,0,LOW,,,,,,,0,0,,,0,,0,62.7,MEDIUM,3.92,NEUTRAL,"AI overlay from completed recommendation outcomes; use as probability/risk input, not standalone advice."
TFCILTD,2026-09-29,138.92,32714.0,4,WATCH,59.76,-1.8883,38.36,140.97,120.56,,5.51,0.281,41.68,0.92,130.66,152.69,1.67,RSI in swing zone; MACD weak; Trend strength acceptable; Above SMA50; Bollinger position healthy,UNKNOWN,-1.86,1.39,93.62,0.0,3.97,4,1,0,-2,0,MEDIUM,0,,,0,-2,1.65,1.5,C,"Trend 4, Momentum 1, Volume 0, Liquidity -2 (0.0cr), VolRisk MEDIUM, Sector UNKNOWN 0",4,4,4,WATCH,News 0; event caution 0; risk LOW; type ; confidence ; reason . ,-3,HIGH,RISK_OFF,Nifty 20D return -5.771924924783489; 60D return -6.141522169043611; India VIX latest; 20D change 27.715355370472096; USDINR 20D change 0.8995466772440563; Crude 20D change 4.302699067276294,1.0,NEUTRAL,4,2.65,NEUTRAL,"Tech 4 | News 0 (, ) | Event caution 0 | Macro -3 | Sector 0 | Analytics 1.65 (C) | Risk LOW/HIGH | Analytics: Trend 4, Momentum 1, Volume 0, Liquidity -2 (0.0cr), VolRisk MEDIUM, Sector UNKNOWN 0",0,0,LOW,,,,,,,0,0,,,0,,0,61.0,MEDIUM,3.75,NEUTRAL,"AI overlay from completed recommendation outcomes; use as probability/risk input, not standalone advice."
LLOYDSENT,2026-09-29,79.13,31941.0,4,WATCH,54.78,-0.8434,24.52,79.45,70.06,,4.87,0.467,60.94,0.97,71.82,91.32,1.67,RSI in swing zone; MACD weak; Trend strength acceptable; Above SMA50; Bollinger position healthy,UNKNOWN,0.13,10.94,,0.0,6.16,4,2,0,-2,-1,HIGH,0,,,0,-3,1.65,1.0,C,"Trend 4, Momentum 2, Volume 0, Liquidity -2 (0.0cr), VolRisk HIGH, Sector UNKNOWN 0",4,4,4,WATCH,News 0; event caution 0; risk LOW; type ; confidence ; reason . ,-3,HIGH,RISK_OFF,Nifty 20D return -5.771924924783489; 60D return -6.141522169043611; India VIX latest; 20D change 27.715355370472096; USDINR 20D change 0.8995466772440563; Crude 20D change 4.302699067276294,1.0,NEUTRAL,4,2.65,NEUTRAL,"Tech 4 | News 0 (, ) | Event caution 0 | Macro -3 | Sector 0 | Analytics 1.65 (C) | Risk LOW/HIGH | Analytics: Trend 4, Momentum 2, Volume 0, Liquidity -2 (0.0cr), VolRisk HIGH, Sector UNKNOWN 0",0,0,LOW,,,,,,,0,0,,,0,,0,64.5,MEDIUM,4.1,NEUTRAL,"AI overlay from completed recommendation outcomes; use as probability/risk input, not standalone advice."
PCBL,2026-09-28,332.55,24513.0,4,WATCH,50.49,-0.1413,23.69,333.02,326.58,,12.17,0.487,48.74,0.73,314.29,362.99,1.67,RSI in swing zone; MACD weak; Trend strength acceptable; Above SMA50; Bollinger position healthy,UNKNOWN,-4.37,1.79,14.18,0.0,3.66,4,1,0,-2,0,MEDIUM,0,,,0,-2,1.65,1.5,C,"Trend 4, Momentum 1, Volume 0, Liquidity -2 (0.0cr), VolRisk MEDIUM, Sector UNKNOWN 0",4,4,4,WATCH,News 0; event caution 0; risk LOW; type ; confidence ; reason . ,-3,HIGH,RISK_OFF,Nifty 20D return -5.771924924783489; 60D return -6.141522169043611; India VIX latest; 20D change 27.715355370472096; USDINR 20D change 0.8995466772440563; Crude 20D change 4.302699067276294,1.0,NEUTRAL,4,2.65,NEUTRAL,"Tech 4 | News 0 (, ) | Event caution 0 | Macro -3 | Sector 0 | Analytics 1.65 (C) | Risk LOW/HIGH | Analytics: Trend 4, Momentum 1, Volume 0, Liquidity -2 (0.0cr), VolRisk MEDIUM, Sector UNKNOWN 0",0,0,LOW,,,,,,,0,0,,,0,,0,63.7,MEDIUM,4.02,NEUTRAL,"AI overlay from completed recommendation outcomes; use as probability/risk input, not standalone advice."
ARVIND,2026-09-27,549.05,24038.0,4,WATCH,47.95,-2.0087,29.88,558.77,547.77,,23.23,0.311,22.07,0.76,514.21,607.12,1.67,RSI in swing zone; MACD weak; Trend strength acceptable; Above SMA50; Bollinger position healthy,UNKNOWN,-0.64,1.5,-0.08,0.0,4.23,4,1,0,-2,0,MEDIUM,0,,,0,-2,1.65,1.5,C,"Trend 4, Momentum 1, Volume 0, Liquidity -2 (0.0cr), VolRisk MEDIUM, Sector UNKNOWN 0",4,4,4,WATCH,News 0; event caution 0; risk LOW; type ; confidence ; reason . ,-3,HIGH,RISK_OFF,Nifty 20D return -5.771924924783489; 60D return -6.141522169043611; India VIX latest; 20D change 27.715355370472096; USDINR 20D change 0.8995466772440563; Crude 20D change 4.302699067276294,1.0,NEUTRAL,4,2.65,NEUTRAL,"Tech 4 | News 0 (, ) | Event caution 0 | Macro -3 | Sector 0 | Analytics 1.65 (C) | Risk LOW/HIGH | Analytics: Trend 4, Momentum 1, Volume 0, Liquidity -2 (0.0cr), VolRisk MEDIUM, Sector UNKNOWN 0",0,0,LOW,,,,,,,0,0,,,0,,0,62.0,MEDIUM,3.85,NEUTRAL,"AI overlay from completed recommendation outcomes; use as probability/risk input, not standalone advice."
IREDA,2026-09-29,111.0,47952.0,5,WATCH,43.59,0.3742,16.45,112.15,115.98,122.63,3.36,0.339,36.04,1.43,105.96,119.4,1.67,RSI in swing zone; MACD bullish; Bollinger position healthy; Volume expansion,UNKNOWN,0.68,-4.72,-11.06,0.0,3.03,0,2,1,-2,0,MEDIUM,0,,,0,-2,0.45,1.5,C,"Trend 0, Momentum 2, Volume 1, Liquidity -2 (0.0cr), VolRisk MEDIUM, Sector UNKNOWN 0",5,5,5,WATCH,News 0; event caution 0; risk LOW; type ; confidence ; reason . ,-3,HIGH,RISK_OFF,Nifty 20D return -5.771924924783489; 60D return -6.141522169043611; India VIX latest; 20D change 27.715355370472096; USDINR 20D change 0.8995466772440563; Crude 20D change 4.302699067276294,2.0,NEUTRAL,5,2.45,NEUTRAL,"Tech 5 | News 0 (, ) | Event caution 0 | Macro -3 | Sector 0 | Analytics 0.45 (C) | Risk LOW/HIGH | Analytics: Trend 0, Momentum 2, Volume 1, Liquidity -2 (0.0cr), VolRisk MEDIUM, Sector UNKNOWN 0",0,0,LOW,,,,,,,0,0,,,0,,0,59.9,MEDIUM,3.44,NEUTRAL,"AI overlay from completed recommendation outcomes; use as probability/risk input, not standalone advice."
PRAJIND,2026-08-24,352.65,40481.0,6,WATCH,56.52,3.6956,20.38,335.34,349.56,,15.99,0.769,82.56,1.12,328.67,392.62,1.67,RSI in swing zone; MACD bullish; Above SMA20; Above SMA50,UNKNOWN,4.8,-2.56,-13.64,0.0,4.53,2,3,0,-2,0,MEDIUM,0,,,0,-2,1.45,1.5,B,"Trend 2, Momentum 3, Volume 0, Liquidity -2 (0.0cr), VolRisk MEDIUM, Sector UNKNOWN 0",6,4,4,WATCH,News 0; event caution -2; risk MEDIUM; type GENERIC_NEWS; confidence LOW; reason No material catalyst/event taxonomy match.. Upcoming event caution: Outcome of Board Meeting,-3,HIGH,RISK_OFF,Nifty 20D return -5.771924924783489; 60D return -6.141522169043611; India VIX latest; 20D change 27.715355370472096; USDINR 20D change 0.8995466772440563; Crude 20D change 4.302699067276294,1.0,NEUTRAL,6,2.45,NEUTRAL,"Tech 6 | News 0 (GENERIC_NEWS, LOW) | Event caution -2 | Macro -3 | Sector 0 | Analytics 1.45 (B) | Risk MEDIUM/HIGH | Analytics: Trend 2, Momentum 3, Volume 0, Liquidity -2 (0.0cr), VolRisk MEDIUM, Sector UNKNOWN 0 | News logic: No material catalyst/event taxonomy match. | Upcoming event caution: Outcome of Board Meeting",0,-2,MEDIUM,,Upcoming event caution: Outcome of Board Meeting,Trading Window,Upcoming event caution: Outcome of Board Meeting,NSE Corporate Announcements,https://nsearchives.nseindia.com/corporate/PRAJIND_24092026110031_Intimation_of_Closure_of_Trading_Window.pdf,0,2,GENERIC_NEWS,LOW,0,No material catalyst/event taxonomy match.,0,61.6,MEDIUM,3.61,NEUTRAL,"AI overlay from completed recommendation outcomes; use as probability/risk input, not standalone advice."
VIJAYA,2026-09-23,1570.7,24150.0,3,NEUTRAL,66.15,8.9925,34.59,1430.71,1305.83,,90.47,0.904,91.94,0.61,1435.0,1796.86,1.67,MACD bullish; Trend strength acceptable; Above SMA20; Above SMA50; Near upper Bollinger band,UNKNOWN,4.79,14.83,,0.0,5.76,5,3,0,-2,-1,HIGH,0,,,0,-3,2.45,1.0,C,"Trend 5, Momentum 3, Volume 0, Liquidity -2 (0.0cr), VolRisk HIGH, Sector UNKNOWN 0",3,3,3,NEUTRAL,News 0; event caution 0; risk LOW; type ; confidence ; reason . ,-3,HIGH,RISK_OFF,Nifty 20D return -5.771924924783489; 60D return -6.141522169043611; India VIX latest; 20D change 27.715355370472096; USDINR 20D change 0.8995466772440563; Crude 20D change 4.302699067276294,0.0,NEUTRAL,3,2.45,NEUTRAL,"Tech 3 | News 0 (, ) | Event caution 0 | Macro -3 | Sector 0 | Analytics 2.45 (C) | Risk LOW/HIGH | Analytics: Trend 5, Momentum 3, Volume 0, Liquidity -2 (0.0cr), VolRisk HIGH, Sector UNKNOWN 0",0,0,LOW,,,,,,,0,0,,,0,,0,63.9,MEDIUM,3.84,NEUTRAL,"AI overlay from completed recommendation outcomes; use as probability/risk input, not standalone advice."
LIQUIDCASE,2026-09-22,116.03,21242.0,3,NEUTRAL,,0.0203,100.0,115.31,114.25,,0.09,0.929,99.12,0.91,115.9,116.25,1.69,MACD bullish; Trend strength acceptable; Above SMA20; Above SMA50; Near upper Bollinger band,UNKNOWN,0.38,1.11,,0.0,0.07,5,1,0,-2,1,LOW,0,,,0,-1,2.45,1.5,C,"Trend 5, Momentum 1, Volume 0, Liquidity -2 (0.0cr), VolRisk LOW, Sector UNKNOWN 0",3,3,3,NEUTRAL,News 0; event caution 0; risk LOW; type ; confidence ; reason . ,-3,HIGH,RISK_OFF,Nifty 20D return -5.771924924783489; 60D return -6.141522169043611; India VIX latest; 20D change 27.715355370472096; USDINR 20D change 0.8995466772440563; Crude 20D change 4.302699067276294,0.0,NEUTRAL,3,2.45,NEUTRAL,"Tech 3 | News 0 (, ) | Event caution 0 | Macro -3 | Sector 0 | Analytics 2.45 (C) | Risk LOW/HIGH | Analytics: Trend 5, Momentum 1, Volume 0, Liquidity -2 (0.0cr), VolRisk LOW, Sector UNKNOWN 0",0,0,LOW,,,,,,,0,0,,,0,,0,48.4,LOW,2.29,NEUTRAL,"AI overlay from completed recommendation outcomes; use as probability/risk input, not standalone advice."
MOTISONS,2026-09-29,17.62,33495.0,4,WATCH,54.46,-0.0513,13.13,17.39,16.06,,1.28,0.563,54.62,0.21,15.7,20.82,1.67,RSI in swing zone; MACD weak; Weak trend; Above SMA20; Above SMA50,UNKNOWN,-6.72,7.11,16.38,0.0,7.27,4,2,-1,-2,-1,HIGH,0,,,0,-3,1.4,1.0,C,"Trend 4, Momentum 2, Volume -1, Liquidity -2 (0.0cr), VolRisk HIGH, Sector UNKNOWN 0",4,4,4,WATCH,News 0; event caution 0; risk LOW; type ; confidence ; reason . ,-3,HIGH,RISK_OFF,Nifty 20D return -5.771924924783489; 60D return -6.141522169043611; India VIX latest; 20D change 27.715355370472096; USDINR 20D change 0.8995466772440563; Crude 20D change 4.302699067276294,1.0,NEUTRAL,4,2.4,NEUTRAL,"Tech 4 | News 0 (, ) | Event caution 0 | Macro -3 | Sector 0 | Analytics 1.4 (C) | Risk LOW/HIGH | Analytics: Trend 4, Momentum 2, Volume -1, Liquidity -2 (0.0cr), VolRisk HIGH, Sector UNKNOWN 0",0,0,LOW,,,,,,,0,0,,,0,,0,67.4,HIGH,4.14,NEUTRAL,"AI overlay from completed recommendation outcomes; use as probability/risk input, not standalone advice."
INFOBEAN,2026-08-30,165.67,72280.0,5,WATCH,27.13,21.8621,46.59,169.94,474.17,,32.55,0.44,29.65,1.69,116.84,247.05,1.67,RSI oversold rebound candidate; MACD bullish; Trend strength acceptable; Bollinger position healthy; Volume expansion,UNKNOWN,-2.92,6.72,,0.0,19.65,2,1,1,-2,-2,VERY_HIGH,0,,,0,-3,0.3,1.0,C,"Trend 2, Momentum 1, Volume 1, Liquidity -2 (0.0cr), VolRisk VERY_HIGH, Sector UNKNOWN 0",5,5,5,WATCH,News 0; event caution 0; risk LOW; type ; confidence ; reason . ,-3,HIGH,RISK_OFF,Nifty 20D return -5.771924924783489; 60D return -6.141522169043611; India VIX latest; 20D change 27.715355370472096; USDINR 20D change 0.8995466772440563; Crude 20D change 4.302699067276294,2.0,NEUTRAL,5,2.3,NEUTRAL,"Tech 5 | News 0 (, ) | Event caution 0 | Macro -3 | Sector 0 | Analytics 0.3 (C) | Risk LOW/HIGH | Analytics: Trend 2, Momentum 1, Volume 1, Liquidity -2 (0.0cr), VolRisk VERY_HIGH, Sector UNKNOWN 0",0,0,LOW,,,,,,,0,0,,,0,,0,63.9,MEDIUM,3.69,NEUTRAL,"AI overlay from completed recommendation outcomes; use as probability/risk input, not standalone advice."
AFCONS,2026-09-20,263.4,51037.0,5,WATCH,41.02,1.3712,25.34,268.91,300.9,,20.57,0.383,48.04,1.04,232.55,314.82,1.67,RSI in swing zone; MACD bullish; Trend strength acceptable; Bollinger position healthy,UNKNOWN,3.78,-11.0,-23.16,0.0,7.81,1,2,0,-2,-1,HIGH,0,,,0,-3,0.3,1.0,C,"Trend 1, Momentum 2, Volume 0, Liquidity -2 (0.0cr), VolRisk HIGH, Sector UNKNOWN 0",5,5,5,WATCH,News 0; event caution 0; risk LOW; type ; confidence ; reason . ,-3,HIGH,RISK_OFF,Nifty 20D return -5.771924924783489; 60D return -6.141522169043611; India VIX latest; 20D change 27.715355370472096; USDINR 20D change 0.8995466772440563; Crude 20D change 4.302699067276294,2.0,NEUTRAL,5,2.3,NEUTRAL,"Tech 5 | News 0 (, ) | Event caution 0 | Macro -3 | Sector 0 | Analytics 0.3 (C) | Risk LOW/HIGH | Analytics: Trend 1, Momentum 2, Volume 0, Liquidity -2 (0.0cr), VolRisk HIGH, Sector UNKNOWN 0",0,0,LOW,,,,,,,0,0,,,0,,0,58.9,MEDIUM,3.19,NEUTRAL,"AI overlay from completed recommendation outcomes; use as probability/risk input, not standalone advice."
IXIGO,2026-09-23,163.9,42380.0,5,WATCH,42.18,0.8861,23.8,165.43,183.63,,8.33,0.441,52.15,1.11,151.41,184.72,1.67,RSI in swing zone; MACD bullish; Trend strength acceptable; Bollinger position healthy,UNKNOWN,3.32,-7.01,0.15,0.0,5.08,1,2,0,-2,-1,HIGH,0,,,0,-3,0.3,1.0,C,"Trend 1, Momentum 2, Volume 0, Liquidity -2 (0.0cr), VolRisk HIGH, Sector UNKNOWN 0",5,5,5,WATCH,News 0; event caution 0; risk LOW; type ; confidence ; reason . ,-3,HIGH,RISK_OFF,Nifty 20D return -5.771924924783489; 60D return -6.141522169043611; India VIX latest; 20D change 27.715355370472096; USDINR 20D change 0.8995466772440563; Crude 20D change 4.302699067276294,2.0,NEUTRAL,5,2.3,NEUTRAL,"Tech 5 | News 0 (, ) | Event caution 0 | Macro -3 | Sector 0 | Analytics 0.3 (C) | Risk LOW/HIGH | Analytics: Trend 1, Momentum 2, Volume 0, Liquidity -2 (0.0cr), VolRisk HIGH, Sector UNKNOWN 0",0,0,LOW,,,,,,,0,0,,,0,,0,61.9,MEDIUM,3.49,NEUTRAL,"AI overlay from completed recommendation outcomes; use as probability/risk input, not standalone advice."
VAML,2026-09-29,434.45,194649.0,7,BUY,53.31,2.1648,19.37,424.39,440.49,,16.72,0.719,42.77,1.81,409.36,476.26,1.67,RSI in swing zone; MACD bullish; Above SMA20; Bollinger position healthy; Volume expansion,UNKNOWN,-0.42,-0.75,-1.61,0.0,3.85,1,3,1,-2,0,MEDIUM,0,,,-1,-2,1.25,1.5,B,"Trend 1, Momentum 3, Volume 1, Liquidity -2 (0.0cr), VolRisk MEDIUM, Sector UNKNOWN 0",8,5,5,WATCH_EVENT_CAUTION,"News 1; event caution -3; risk MEDIUM; type BROKERAGE_POSITIVE; confidence MEDIUM; reason Positive brokerage/research view.. Positive catalyst: Vedanta Aluminium share price gains for the first time since listing; Kotak, Citi initiate buy calls - Livemint",-3,HIGH,RISK_OFF,Nifty 20D return -5.771924924783489; 60D return -6.141522169043611; India VIX latest; 20D change 27.715355370472096; USDINR 20D change 0.8995466772440563; Crude 20D change 4.302699067276294,1.0,WATCH_MACRO_RISK,7,2.25,NEUTRAL,"Tech 7 | News 1 (BROKERAGE_POSITIVE, MEDIUM) | Event caution -3 | Macro -3 | Sector -1 | Analytics 1.25 (B) | Risk MEDIUM/HIGH | Positive catalyst: Vedanta Aluminium share price gains for the first time since listing; Kotak, Citi initiate buy calls - Livemint | Analytics: Trend 1, Momentum 3, Volume 1, Liquidity -2 (0.0cr), VolRisk MEDIUM, Sector UNKNOWN 0 | News logic: Positive brokerage/research view. | Upcoming event caution: Vedanta demerger: When will the four new stocks list on NSE, BSE? Here's what investors can expect - The Economic Times",1,-3,MEDIUM,"Positive catalyst: Vedanta Aluminium share price gains for the first time since listing; Kotak, Citi initiate buy calls - Livemint","Upcoming event caution: Vedanta demerger: When will the four new stocks list on NSE, BSE? Here's what investors can expect - The Economic Times","Vedanta Aluminium share price gains for the first time since listing; Kotak, Citi initiate buy calls - Livemint","Positive catalyst: Vedanta Aluminium share price gains for the first time since listing; Kotak, Citi initiate buy calls - Livemint",Livemint,https://news.google.com/rss/articles/CBMi_AFBVV95cUxOTnNENl80eURGSDFKV2kwSGhobFhueVFQa1p6M1dONURRZGlLSmtzZHdXa3haQ3owZXBGX0F4cEgwdlFiRDNwNEl3c0poZ3hTVUM4RFBYMVF4YlpLTExmSkpWNE5SZzl2dlhQeHhFeWdrWVByRmJwS09hZk1yUGV5Q2dvVW5vdFZ2b2kwZTA5eHBRSEprSDlpV0NqRE9jOHBfSU1LeWxydTdOYzI2QlN2dnMtNnI3c2ZMTGxUb2ZGVTF6d0pEOWZjbE5IZ0pyb19KT19QaXNuR1lSb21Sc1A0V2EzRUxWRVFFUG5YQnFaUWlHMjVMQnIzTS1ZQnrSAYICQVVfeXFMUGlfdURzWnhlNFZRQnVRb1NrMTlvY0RSdElZYzZGaDJPRFBmN0o4LUhyR3RqVi1ZU0VFbWZZTDhoYzhZTF9md0NlUWZHek1Mb3N6bHRWVnBab3Z4YWtsZl9WUklESHd5OTRHLS1PYnlpOVRXbmZvanFLNHBYeVk5ZEFoSGhJM1pWWk5qcGRMT0xYR3kzbmZicnpOdkJGdVIyODAwVnZ4dmpBbktjcVJWV284YmJkWldoZVRnbEhDTy1hRG14T2dENDBFcU9GdDhKWG9IUmpITlBVN01wWmlyNkU2NnJyXzdRREk0ZHRxQ0NXekVJalVFTURERWxPN2stUUp3?oc=5,1,3,BROKERAGE_POSITIVE,MEDIUM,1,Positive brokerage/research view.,-1,63.6,MEDIUM,3.61,NEUTRAL,"AI overlay from completed recommendation outcomes; use as probability/risk input, not standalone advice."
DABUR,2026-09-29,380.4,50287.0,6,WATCH,40.47,1.2352,32.57,382.22,396.71,442.44,7.13,0.431,35.55,1.67,369.71,398.22,1.67,RSI in swing zone; MACD bullish; Trend strength acceptable; Bollinger position healthy; Volume expansion,FMCG,-1.65,-0.08,-14.23,0.0,1.87,1,2,1,-2,1,LOW,-3,16.7,-0.23,-2,-1,0.2,1.25,C,"Trend 1, Momentum 2, Volume 1, Liquidity -2 (0.0cr), VolRisk LOW, Sector FMCG -3",7,7,7,BUY,"News 1; event caution 0; risk LOW; type BROKERAGE_POSITIVE; confidence MEDIUM; reason Positive brokerage/research view.. Positive catalyst: Dabur maintains FY27 growth guidance; Nomura raises target price to Rs 625, retains Buy - Moneycontrol.com",-3,HIGH,RISK_OFF,Nifty 20D return -5.771924924783489; 60D return -6.141522169043611; India VIX latest; 20D change 27.715355370472096; USDINR 20D change 0.8995466772440563; Crude 20D change 4.302699067276294,2.0,NEUTRAL,6,2.2,NEUTRAL,"Tech 6 | News 1 (BROKERAGE_POSITIVE, MEDIUM) | Event caution 0 | Macro -3 | Sector -2 | Analytics 0.2 (C) | Risk LOW/HIGH | Positive catalyst: Dabur maintains FY27 growth guidance; Nomura raises target price to Rs 625, retains Buy - Moneycontrol.com | Analytics: Trend 1, Momentum 2, Volume 1, Liquidity -2 (0.0cr), VolRisk LOW, Sector FMCG -3 | News logic: Positive brokerage/research view.",1,0,LOW,"Positive catalyst: Dabur maintains FY27 growth guidance; Nomura raises target price to Rs 625, retains Buy - Moneycontrol.com",,"Dabur maintains FY27 growth guidance; Nomura raises target price to Rs 625, retains Buy - Moneycontrol.com","Positive catalyst: Dabur maintains FY27 growth guidance; Nomura raises target price to Rs 625, retains Buy - Moneycontrol.com",Moneycontrol.com,https://news.google.com/rss/articles/CBMi4wFBVV95cUxOcGxibkVPaVZyV1JIa2lMU2czWW1zMVlna2pvTlhhS3dROVVMVmZicV9PS0Zrb21UaE5sN2d1c3ZtTFNZelM4SkREUjVYVDF6ZTY0T2dzVm1qV21NblpzZWItUVYyeHdJMEVuLXRDWU1uUE9MYmVaNkZtTlZBSzFKQ0MyVEoyazE0elRDeVJudWtUU3ZYdXJwLWxaLXdsN2d3VGZ6Q3NQUnp3WjJVQmtPQ3lURms3clc3cGtOTGZzUm1ybWNwamQtOWhjQkxDX0w1SzlIcVFJalAxaFFVM3kxd1BJQdIB6AFBVV95cUxQV21weHVBTXB5VG9YdGtyZVpxMGw1YnJUWVpKQXdDS3E4S3ZlZFVOQmt3UlYyRGZpVl9KcmhpcXk1SDdEMmhNc3VmSldsdVpoOXZNaDBoSVkxNVhzeTBWdGRlR1N1Ry10YVg4M0ItLVdQSWpaMjJGaWNVdHNGNXlBaHpSWDY3RDRTLVgwMkgxNUZLVjZJQVBiNGMtY0N3REg2alg4X01IeXl6U3hyY29PTTJzOEYxeEUzbVctQV8wbUZ4ZFBoWmpBQ3lnUktxbjk0TV80U0pHTFpzQmdMQl9QTldWcWk3TFRN?oc=5,1,0,BROKERAGE_POSITIVE,MEDIUM,1,Positive brokerage/research view.,0,50.2,LOW,2.22,NEUTRAL,"AI overlay from completed recommendation outcomes; use as probability/risk input, not standalone advice."
SUNDARMFIN,2026-09-22,4751.9,20770.0,6,WATCH,54.73,68.0215,23.99,4430.3,4865.64,,232.71,0.783,77.89,0.73,4402.84,5333.67,1.67,RSI in swing zone; MACD bullish; Trend strength acceptable; Above SMA20,FINANCIALS,-1.59,10.18,,0.0,4.9,3,4,0,-2,0,MEDIUM,-3,22.7,-2.14,-2,-2,1.2,1.25,B,"Trend 3, Momentum 4, Volume 0, Liquidity -2 (0.0cr), VolRisk MEDIUM, Sector FINANCIALS -3",6,6,6,WATCH,News 0; event caution 0; risk LOW; type ; confidence ; reason . ,-3,HIGH,RISK_OFF,Nifty 20D return -5.771924924783489; 60D return -6.141522169043611; India VIX latest; 20D change 27.715355370472096; USDINR 20D change 0.8995466772440563; Crude 20D change 4.302699067276294,1.0,NEUTRAL,6,2.2,NEUTRAL,"Tech 6 | News 0 (, ) | Event caution 0 | Macro -3 | Sector -2 | Analytics 1.2 (B) | Risk LOW/HIGH | Analytics: Trend 3, Momentum 4, Volume 0, Liquidity -2 (0.0cr), VolRisk MEDIUM, Sector FINANCIALS -3",0,0,LOW,,,,,,,0,0,,,0,,0,64.6,MEDIUM,3.66,NEUTRAL,"AI overlay from completed recommendation outcomes; use as probability/risk input, not standalone advice."
CYIENT,2026-09-29,1055.3,42430.0,4,WATCH,51.99,-8.4408,33.21,1086.83,972.01,,44.39,0.271,32.51,1.17,988.72,1166.27,1.67,RSI in swing zone; MACD weak; Trend strength acceptable; Above SMA50; Bollinger position healthy,UNKNOWN,-1.58,-4.71,20.3,0.0,4.21,3,1,0,-2,0,MEDIUM,0,,,0,-2,1.2,1.5,C,"Trend 3, Momentum 1, Volume 0, Liquidity -2 (0.0cr), VolRisk MEDIUM, Sector UNKNOWN 0",4,4,4,WATCH,News 0; event caution 0; risk LOW; type ; confidence ; reason . ,-3,HIGH,RISK_OFF,Nifty 20D return -5.771924924783489; 60D return -6.141522169043611; India VIX latest; 20D change 27.715355370472096; USDINR 20D change 0.8995466772440563; Crude 20D change 4.302699067276294,1.0,NEUTRAL,4,2.2,NEUTRAL,"Tech 4 | News 0 (, ) | Event caution 0 | Macro -3 | Sector 0 | Analytics 1.2 (C) | Risk LOW/HIGH | Analytics: Trend 3, Momentum 1, Volume 0, Liquidity -2 (0.0cr), VolRisk MEDIUM, Sector UNKNOWN 0",0,0,LOW,,,,,,,0,0,,,0,,0,62.9,MEDIUM,3.49,NEUTRAL,"AI overlay from completed recommendation outcomes; use as probability/risk input, not standalone advice."
ANANTRAJ,2026-09-29,602.3,32688.0,4,WATCH,46.16,0.3222,14.89,611.91,614.9,542.79,18.78,0.344,43.03,0.58,574.12,649.26,1.67,RSI in swing zone; MACD bullish; Weak trend; Long-term trend positive; Bollinger position healthy,UNKNOWN,-4.67,2.28,1.72,0.0,3.12,2,3,-1,-2,0,MEDIUM,0,,,0,-2,1.2,1.5,C,"Trend 2, Momentum 3, Volume -1, Liquidity -2 (0.0cr), VolRisk MEDIUM, Sector UNKNOWN 0",4,4,4,WATCH,News 0; event caution 0; risk LOW; type ; confidence ; reason . ,-3,HIGH,RISK_OFF,Nifty 20D return -5.771924924783489; 60D return -6.141522169043611; India VIX latest; 20D change 27.715355370472096; USDINR 20D change 0.8995466772440563; Crude 20D change 4.302699067276294,1.0,NEUTRAL,4,2.2,NEUTRAL,"Tech 4 | News 0 (, ) | Event caution 0 | Macro -3 | Sector 0 | Analytics 1.2 (C) | Risk LOW/HIGH | Analytics: Trend 2, Momentum 3, Volume -1, Liquidity -2 (0.0cr), VolRisk MEDIUM, Sector UNKNOWN 0",0,0,LOW,,,,,,,0,0,,,0,,0,63.7,MEDIUM,3.57,NEUTRAL,"AI overlay from completed recommendation outcomes; use as probability/risk input, not standalone advice."
TI,2026-09-28,561.65,30608.0,4,WATCH,52.32,-1.7636,24.96,565.71,519.03,,22.9,0.455,55.92,0.99,527.3,618.91,1.67,RSI in swing zone; MACD weak; Trend strength acceptable; Above SMA50; Bollinger position healthy,UNKNOWN,-2.26,-2.13,34.96,0.0,4.08,3,1,0,-2,0,MEDIUM,0,,,0,-2,1.2,1.5,C,"Trend 3, Momentum 1, Volume 0, Liquidity -2 (0.0cr), VolRisk MEDIUM, Sector UNKNOWN 0",4,4,4,WATCH,News 0; event caution 0; risk LOW; type ; confidence ; reason . ,-3,HIGH,RISK_OFF,Nifty 20D return -5.771924924783489; 60D return -6.141522169043611; India VIX latest; 20D change 27.715355370472096; USDINR 20D change 0.8995466772440563; Crude 20D change 4.302699067276294,1.0,NEUTRAL,4,2.2,NEUTRAL,"Tech 4 | News 0 (, ) | Event caution 0 | Macro -3 | Sector 0 | Analytics 1.2 (C) | Risk LOW/HIGH | Analytics: Trend 3, Momentum 1, Volume 0, Liquidity -2 (0.0cr), VolRisk MEDIUM, Sector UNKNOWN 0",0,0,LOW,,,,,,,0,0,,,0,,0,64.0,MEDIUM,3.6,NEUTRAL,"AI overlay from completed recommendation outcomes; use as probability/risk input, not standalone advice."
THYROCARE,2026-09-22,577.5,21666.0,4,WATCH,52.65,-5.3536,25.29,582.08,559.72,,24.34,0.457,47.79,0.68,540.99,638.35,1.67,RSI in swing zone; MACD weak; Trend strength acceptable; Above SMA50; Bollinger position healthy,UNKNOWN,1.41,-11.06,45.17,0.0,4.21,3,1,0,-2,0,MEDIUM,0,,,0,-2,1.2,1.5,C,"Trend 3, Momentum 1, Volume 0, Liquidity -2 (0.0cr), VolRisk MEDIUM, Sector UNKNOWN 0",4,4,4,WATCH,News 0; event caution 0; risk LOW; type ; confidence ; reason . ,-3,HIGH,RISK_OFF,Nifty 20D return -5.771924924783489; 60D return -6.141522169043611; India VIX latest; 20D change 27.715355370472096; USDINR 20D change 0.8995466772440563; Crude 20D change 4.302699067276294,1.0,NEUTRAL,4,2.2,NEUTRAL,"Tech 4 | News 0 (, ) | Event caution 0 | Macro -3 | Sector 0 | Analytics 1.2 (C) | Risk LOW/HIGH | Analytics: Trend 3, Momentum 1, Volume 0, Liquidity -2 (0.0cr), VolRisk MEDIUM, Sector UNKNOWN 0",0,0,LOW,,,,,,,0,0,,,0,,0,62.1,MEDIUM,3.41,NEUTRAL,"AI overlay from completed recommendation outcomes; use as probability/risk input, not standalone advice."
ANTELOPUS,2026-09-29,1162.5,68515.0,4,WATCH,62.24,-12.7839,49.73,1127.01,812.85,,107.3,0.622,56.45,0.53,1001.54,1430.76,1.67,MACD weak; Trend strength acceptable; Above SMA20; Above SMA50; Bollinger position healthy,UNKNOWN,4.69,21.45,,0.0,9.23,5,1,-1,-2,-2,VERY_HIGH,0,,,0,-3,1.15,1.0,C,"Trend 5, Momentum 1, Volume -1, Liquidity -2 (0.0cr), VolRisk VERY_HIGH, Sector UNKNOWN 0",4,4,4,WATCH,News 0; event caution 0; risk LOW; type ; confidence ; reason . ,-3,HIGH,RISK_OFF,Nifty 20D return -5.771924924783489; 60D return -6.141522169043611; India VIX latest; 20D change 27.715355370472096; USDINR 20D change 0.8995466772440563; Crude 20D change 4.302699067276294,1.0,NEUTRAL,4,2.15,NEUTRAL,"Tech 4 | News 0 (, ) | Event caution 0 | Macro -3 | Sector 0 | Analytics 1.15 (C) | Risk LOW/HIGH | Analytics: Trend 5, Momentum 1, Volume -1, Liquidity -2 (0.0cr), VolRisk VERY_HIGH, Sector UNKNOWN 0",0,0,LOW,,,,,,,0,0,,,0,,0,63.4,MEDIUM,3.49,NEUTRAL,"AI overlay from completed recommendation outcomes; use as probability/risk input, not standalone advice."
YATHARTH,2026-09-28,1100.4,21008.0,4,WATCH,65.44,-0.8593,59.02,1033.48,887.51,,52.17,0.661,63.29,0.36,1022.15,1230.82,1.67,MACD weak; Trend strength acceptable; Above SMA20; Above SMA50; Bollinger position healthy,UNKNOWN,-2.54,27.11,52.13,0.0,4.74,5,-1,-1,-2,0,MEDIUM,0,,,0,-2,1.15,1.5,C,"Trend 5, Momentum -1, Volume -1, Liquidity -2 (0.0cr), VolRisk MEDIUM, Sector UNKNOWN 0",4,4,4,WATCH,News 0; event caution 0; risk LOW; type ; confidence ; reason . ,-3,HIGH,RISK_OFF,Nifty 20D return -5.771924924783489; 60D return -6.141522169043611; India VIX latest; 20D change 27.715355370472096; USDINR 20D change 0.8995466772440563; Crude 20D change 4.302699067276294,1.0,NEUTRAL,4,2.15,NEUTRAL,"Tech 4 | News 0 (, ) | Event caution 0 | Macro -3 | Sector 0 | Analytics 1.15 (C) | Risk LOW/HIGH | Analytics: Trend 5, Momentum -1, Volume -1, Liquidity -2 (0.0cr), VolRisk MEDIUM, Sector UNKNOWN 0",0,0,LOW,,,,,,,0,0,,,0,,0,62.8,MEDIUM,3.43,NEUTRAL,"AI overlay from completed recommendation outcomes; use as probability/risk input, not standalone advice."
NATCOPHARM,2026-09-29,843.1,64865.0,6,WATCH,52.78,5.6067,25.25,824.69,862.88,953.39,21.3,0.914,74.05,1.88,811.16,896.34,1.67,RSI in swing zone; MACD bullish; Trend strength acceptable; Above SMA20; Near upper Bollinger band,UNKNOWN,0.66,1.74,-14.33,0.0,2.53,3,3,1,-2,0,MEDIUM,0,,,0,-2,2.15,1.5,B,"Trend 3, Momentum 3, Volume 1, Liquidity -2 (0.0cr), VolRisk MEDIUM, Sector UNKNOWN 0",6,3,3,NEUTRAL,News 0; event caution -3; risk MEDIUM; type GENERIC_NEWS; confidence LOW; reason No material catalyst/event taxonomy match.. Upcoming event caution: Record Date,-3,HIGH,RISK_OFF,Nifty 20D return -5.771924924783489; 60D return -6.141522169043611; India VIX latest; 20D change 27.715355370472096; USDINR 20D change 0.8995466772440563; Crude 20D change 4.302699067276294,0.0,NEUTRAL,6,2.15,NEUTRAL,"Tech 6 | News 0 (GENERIC_NEWS, LOW) | Event caution -3 | Macro -3 | Sector 0 | Analytics 2.15 (B) | Risk MEDIUM/HIGH | Analytics: Trend 3, Momentum 3, Volume 1, Liquidity -2 (0.0cr), VolRisk MEDIUM, Sector UNKNOWN 0 | News logic: No material catalyst/event taxonomy match. | Upcoming event caution: Record Date",0,-3,MEDIUM,,Upcoming event caution: Record Date,Committee Meeting Updates,Upcoming event caution: Record Date,NSE Corporate Announcements,https://nsearchives.nseindia.com/corporate/NATCOPHARM_28092026205152_Outcome_FundRaising_Committee_Meeting_28092026.pdf,0,3,GENERIC_NEWS,LOW,0,No material catalyst/event taxonomy match.,0,59.4,MEDIUM,3.09,NEUTRAL,"AI overlay from completed recommendation outcomes; use as probability/risk input, not standalone advice."
JSLL,2026-09-29,509.45,46243.0,5,WATCH,41.52,0.6058,15.24,534.55,584.4,,30.86,0.326,38.44,1.55,463.16,586.59,1.67,RSI in swing zone; MACD bullish; Bollinger position healthy; Volume expansion,UNKNOWN,-1.33,-11.31,-7.98,0.0,6.06,0,2,1,-2,-1,HIGH,0,,,0,-3,0.1,1.0,C,"Trend 0, Momentum 2, Volume 1, Liquidity -2 (0.0cr), VolRisk HIGH, Sector UNKNOWN 0",5,5,5,WATCH,News 0; event caution 0; risk LOW; type ; confidence ; reason . ,-3,HIGH,RISK_OFF,Nifty 20D return -5.771924924783489; 60D return -6.141522169043611; India VIX latest; 20D change 27.715355370472096; USDINR 20D change 0.8995466772440563; Crude 20D change 4.302699067276294,2.0,NEUTRAL,5,2.1,NEUTRAL,"Tech 5 | News 0 (, ) | Event caution 0 | Macro -3 | Sector 0 | Analytics 0.1 (C) | Risk LOW/HIGH | Analytics: Trend 0, Momentum 2, Volume 1, Liquidity -2 (0.0cr), VolRisk HIGH, Sector UNKNOWN 0",0,0,LOW,,,,,,,0,0,,,0,,0,60.5,MEDIUM,3.15,NEUTRAL,"AI overlay from completed recommendation outcomes; use as probability/risk input, not standalone advice."
FCL,2026-09-29,57.94,51095.0,6,WATCH,58.43,-0.197,35.6,57.09,50.17,,3.59,0.606,71.31,0.6,52.55,66.93,1.67,RSI in swing zone; MACD weak; Trend strength acceptable; Above SMA20; Above SMA50,UNKNOWN,1.99,12.48,51.44,0.0,6.2,5,2,0,-2,-1,HIGH,0,,,0,-3,2.1,1.0,B,"Trend 5, Momentum 2, Volume 0, Liquidity -2 (0.0cr), VolRisk HIGH, Sector UNKNOWN 0",6,3,3,NEUTRAL,News 0; event caution -3; risk MEDIUM; type GENERIC_NEWS; confidence LOW; reason No material catalyst/event taxonomy match.. Upcoming event caution: Record Date,-3,HIGH,RISK_OFF,Nifty 20D return -5.771924924783489; 60D return -6.141522169043611; India VIX latest; 20D change 27.715355370472096; USDINR 20D change 0.8995466772440563; Crude 20D change 4.302699067276294,0.0,NEUTRAL,6,2.1,NEUTRAL,"Tech 6 | News 0 (GENERIC_NEWS, LOW) | Event caution -3 | Macro -3 | Sector 0 | Analytics 2.1 (B) | Risk MEDIUM/HIGH | Analytics: Trend 5, Momentum 2, Volume 0, Liquidity -2 (0.0cr), VolRisk HIGH, Sector UNKNOWN 0 | News logic: No material catalyst/event taxonomy match. | Upcoming event caution: Record Date",0,-3,MEDIUM,,Upcoming event caution: Record Date,General Updates,Upcoming event caution: Record Date,NSE Corporate Announcements,https://nsearchives.nseindia.com/corporate/FCL_24092026104508_Reg30IntimationAqcuisitionrevised.pdf,0,3,GENERIC_NEWS,LOW,0,No material catalyst/event taxonomy match.,0,63.9,MEDIUM,3.49,NEUTRAL,"AI overlay from completed recommendation outcomes; use as probability/risk input, not standalone advice."
KISSHT,2026-09-29,358.65,41118.0,3,NEUTRAL,62.32,-0.399,29.39,342.85,321.33,,17.4,0.798,70.41,0.8,332.54,402.16,1.67,MACD weak; Trend strength acceptable; Above SMA20; Above SMA50,UNKNOWN,0.99,15.96,10.4,0.0,4.85,5,1,0,-2,0,MEDIUM,0,,,0,-2,2.1,1.5,C,"Trend 5, Momentum 1, Volume 0, Liquidity -2 (0.0cr), VolRisk MEDIUM, Sector UNKNOWN 0",3,3,3,NEUTRAL,News 0; event caution 0; risk LOW; type ; confidence ; reason . ,-3,HIGH,RISK_OFF,Nifty 20D return -5.771924924783489; 60D return -6.141522169043611; India VIX latest; 20D change 27.715355370472096; USDINR 20D change 0.8995466772440563; Crude 20D change 4.302699067276294,0.0,NEUTRAL,3,2.1,NEUTRAL,"Tech 3 | News 0 (, ) | Event caution 0 | Macro -3 | Sector 0 | Analytics 2.1 (C) | Risk LOW/HIGH | Analytics: Trend 5, Momentum 1, Volume 0, Liquidity -2 (0.0cr), VolRisk MEDIUM, Sector UNKNOWN 0",0,0,LOW,,,,,,,0,0,,,0,,0,63.3,MEDIUM,3.43,NEUTRAL,"AI overlay from completed recommendation outcomes; use as probability/risk input, not standalone advice."
SAREGAMA,2026-09-29,493.45,43482.0,4,WATCH,48.67,-2.5064,17.51,505.33,491.67,,21.75,0.356,44.8,1.62,460.83,547.82,1.67,RSI in swing zone; MACD weak; Above SMA50; Bollinger position healthy; Volume expansion,UNKNOWN,0.14,-9.05,25.77,0.0,4.41,2,1,1,-2,0,MEDIUM,0,,,0,-2,1.0,1.5,C,"Trend 2, Momentum 1, Volume 1, Liquidity -2 (0.0cr), VolRisk MEDIUM, Sector UNKNOWN 0",4,4,4,WATCH,News 0; event caution 0; risk LOW; type ; confidence ; reason . ,-3,HIGH,RISK_OFF,Nifty 20D return -5.771924924783489; 60D return -6.141522169043611; India VIX latest; 20D change 27.715355370472096; USDINR 20D change 0.8995466772440563; Crude 20D change 4.302699067276294,1.0,NEUTRAL,4,2.0,NEUTRAL,"Tech 4 | News 0 (, ) | Event caution 0 | Macro -3 | Sector 0 | Analytics 1 (C) | Risk LOW/HIGH | Analytics: Trend 2, Momentum 1, Volume 1, Liquidity -2 (0.0cr), VolRisk MEDIUM, Sector UNKNOWN 0",0,0,LOW,,,,,,,0,0,,,0,,0,62.2,MEDIUM,3.22,NEUTRAL,"AI overlay from completed recommendation outcomes; use as probability/risk input, not standalone advice."
HSCL,2026-09-29,667.6,31221.0,4,WATCH,45.27,3.1103,15.96,667.85,700.13,,18.91,0.494,58.21,0.88,639.23,714.88,1.67,RSI in swing zone; MACD bullish; Bollinger position healthy,UNKNOWN,-0.28,0.85,-9.97,0.0,2.83,1,3,0,-2,0,MEDIUM,0,,,0,-2,1.0,1.5,C,"Trend 1, Momentum 3, Volume 0, Liquidity -2 (0.0cr), VolRisk MEDIUM, Sector UNKNOWN 0",4,4,4,WATCH,News 0; event caution 0; risk LOW; type ; confidence ; reason . ,-3,HIGH,RISK_OFF,Nifty 20D return -5.771924924783489; 60D return -6.141522169043611; India VIX latest; 20D change 27.715355370472096; USDINR 20D change 0.8995466772440563; Crude 20D change 4.302699067276294,1.0,NEUTRAL,4,2.0,NEUTRAL,"Tech 4 | News 0 (, ) | Event caution 0 | Macro -3 | Sector 0 | Analytics 1 (C) | Risk LOW/HIGH | Analytics: Trend 1, Momentum 3, Volume 0, Liquidity -2 (0.0cr), VolRisk MEDIUM, Sector UNKNOWN 0",0,0,LOW,,,,,,,0,0,,,0,,0,59.5,MEDIUM,2.95,NEUTRAL,"AI overlay from completed recommendation outcomes; use as probability/risk input, not standalone advice."
ONESOURCE,2026-09-21,1599.2,27018.0,4,WATCH,50.09,8.427,10.51,1570.74,1632.97,,73.87,0.771,64.96,0.82,1488.39,1783.88,1.67,RSI in swing zone; MACD bullish; Weak trend; Above SMA20,UNKNOWN,0.44,-1.27,-11.93,0.0,4.62,1,3,0,-2,0,MEDIUM,0,,,0,-2,1.0,1.5,C,"Trend 1, Momentum 3, Volume 0, Liquidity -2 (0.0cr), VolRisk MEDIUM, Sector UNKNOWN 0",4,4,4,WATCH,News 0; event caution 0; risk LOW; type ; confidence ; reason . ,-3,HIGH,RISK_OFF,Nifty 20D return -5.771924924783489; 60D return -6.141522169043611; India VIX latest; 20D change 27.715355370472096; USDINR 20D change 0.8995466772440563; Crude 20D change 4.302699067276294,1.0,NEUTRAL,4,2.0,NEUTRAL,"Tech 4 | News 0 (, ) | Event caution 0 | Macro -3 | Sector 0 | Analytics 1 (C) | Risk LOW/HIGH | Analytics: Trend 1, Momentum 3, Volume 0, Liquidity -2 (0.0cr), VolRisk MEDIUM, Sector UNKNOWN 0",0,0,LOW,,,,,,,0,0,,,0,,0,61.4,MEDIUM,3.14,NEUTRAL,"AI overlay from completed recommendation outcomes; use as probability/risk input, not standalone advice."
SETFGOLD,2026-09-28,124.97,25205.0,4,WATCH,48.95,0.3565,18.83,125.52,128.32,,4.47,0.466,36.14,1.06,118.27,136.13,1.67,RSI in swing zone; MACD bullish; Bollinger position healthy,UNKNOWN,5.6,0.52,-3.21,0.0,3.57,1,3,0,-2,0,MEDIUM,0,,,0,-2,1.0,1.5,C,"Trend 1, Momentum 3, Volume 0, Liquidity -2 (0.0cr), VolRisk MEDIUM, Sector UNKNOWN 0",4,4,4,WATCH,News 0; event caution 0; risk LOW; type ; confidence ; reason . ,-3,HIGH,RISK_OFF,Nifty 20D return -5.771924924783489; 60D return -6.141522169043611; India VIX latest; 20D change 27.715355370472096; USDINR 20D change 0.8995466772440563; Crude 20D change 4.302699067276294,1.0,NEUTRAL,4,2.0,NEUTRAL,"Tech 4 | News 0 (, ) | Event caution 0 | Macro -3 | Sector 0 | Analytics 1 (C) | Risk LOW/HIGH | Analytics: Trend 1, Momentum 3, Volume 0, Liquidity -2 (0.0cr), VolRisk MEDIUM, Sector UNKNOWN 0",0,0,LOW,,,,,,,0,0,,,0,,0,63.8,MEDIUM,3.38,NEUTRAL,"AI overlay from completed recommendation outcomes; use as probability/risk input, not standalone advice."
CCAVENUE,2026-09-22,16.11,30770.0,4,WATCH,45.51,-0.1256,26.99,16.82,16.06,,1.1,0.267,31.01,0.65,14.46,18.86,1.67,RSI in swing zone; MACD weak; Trend strength acceptable; Above SMA50; Bollinger position healthy,UNKNOWN,2.61,-6.93,,0.0,6.83,3,1,0,-2,-1,HIGH,0,,,0,-3,0.85,1.0,C,"Trend 3, Momentum 1, Volume 0, Liquidity -2 (0.0cr), VolRisk HIGH, Sector UNKNOWN 0",4,4,4,WATCH,News 0; event caution 0; risk LOW; type ; confidence ; reason . ,-3,HIGH,RISK_OFF,Nifty 20D return -5.771924924783489; 60D return -6.141522169043611; India VIX latest; 20D change 27.715355370472096; USDINR 20D change 0.8995466772440563; Crude 20D change 4.302699067276294,1.0,NEUTRAL,4,1.85,NEUTRAL,"Tech 4 | News 0 (, ) | Event caution 0 | Macro -3 | Sector 0 | Analytics 0.85 (C) | Risk LOW/HIGH | Analytics: Trend 3, Momentum 1, Volume 0, Liquidity -2 (0.0cr), VolRisk HIGH, Sector UNKNOWN 0",0,0,LOW,,,,,,,0,0,,,0,,0,63.3,MEDIUM,3.18,NEUTRAL,"AI overlay from completed recommendation outcomes; use as probability/risk input, not standalone advice."
RELIGARE,2026-09-24,240.32,19977.0,4,WATCH,46.16,-1.6501,23.01,254.68,235.67,,12.72,0.277,25.13,0.61,221.25,272.11,1.67,RSI in swing zone; MACD weak; Trend strength acceptable; Above SMA50; Bollinger position healthy,UNKNOWN,-1.02,-2.18,5.76,0.0,5.29,3,1,0,-2,-1,HIGH,0,,,0,-3,0.85,1.0,C,"Trend 3, Momentum 1, Volume 0, Liquidity -2 (0.0cr), VolRisk HIGH, Sector UNKNOWN 0",4,4,4,WATCH,News 0; event caution 0; risk LOW; type ; confidence ; reason . ,-3,HIGH,RISK_OFF,Nifty 20D return -5.771924924783489; 60D return -6.141522169043611; India VIX latest; 20D change 27.715355370472096; USDINR 20D change 0.8995466772440563; Crude 20D change 4.302699067276294,1.0,NEUTRAL,4,1.85,NEUTRAL,"Tech 4 | News 0 (, ) | Event caution 0 | Macro -3 | Sector 0 | Analytics 0.85 (C) | Risk LOW/HIGH | Analytics: Trend 3, Momentum 1, Volume 0, Liquidity -2 (0.0cr), VolRisk HIGH, Sector UNKNOWN 0",0,0,LOW,,,,,,,0,0,,,0,,0,62.6,MEDIUM,3.11,NEUTRAL,"AI overlay from completed recommendation outcomes; use as probability/risk input, not standalone advice."
TBOTEK,2026-09-22,1703.7,31975.0,3,NEUTRAL,66.5,-1.1581,40.34,1617.02,1427.89,,78.61,0.745,80.76,0.97,1585.79,1900.22,1.67,MACD weak; Trend strength acceptable; Above SMA20; Above SMA50; Bollinger position healthy,UNKNOWN,-2.37,17.01,,0.0,4.61,5,0,0,-2,0,MEDIUM,0,,,0,-2,1.75,1.5,C,"Trend 5, Momentum 0, Volume 0, Liquidity -2 (0.0cr), VolRisk MEDIUM, Sector UNKNOWN 0",3,3,3,NEUTRAL,News 0; event caution 0; risk LOW; type ; confidence ; reason . ,-3,HIGH,RISK_OFF,Nifty 20D return -5.771924924783489; 60D return -6.141522169043611; India VIX latest; 20D change 27.715355370472096; USDINR 20D change 0.8995466772440563; Crude 20D change 4.302699067276294,0.0,NEUTRAL,3,1.75,NEUTRAL,"Tech 3 | News 0 (, ) | Event caution 0 | Macro -3 | Sector 0 | Analytics 1.75 (C) | Risk LOW/HIGH | Analytics: Trend 5, Momentum 0, Volume 0, Liquidity -2 (0.0cr), VolRisk MEDIUM, Sector UNKNOWN 0",0,0,LOW,,,,,,,0,0,,,0,,0,62.8,MEDIUM,3.03,NEUTRAL,"AI overlay from completed recommendation outcomes; use as probability/risk input, not standalone advice."
ALKEM,2026-09-29,5250.0,36626.0,2,NEUTRAL,41.61,-17.1288,24.77,5427.18,5456.37,,159.58,0.268,29.97,1.19,5010.62,5648.96,1.67,RSI in swing zone; MACD weak; Trend strength acceptable; Bollinger position healthy,PHARMA,0.14,-7.14,-5.75,0.0,3.04,1,0,0,-2,0,MEDIUM,2,55.6,4.96,2,-2,0.65,1.5,D,"Trend 1, Momentum 0, Volume 0, Liquidity -2 (0.0cr), VolRisk MEDIUM, Sector PHARMA 2",2,2,2,NEUTRAL,News 0; event caution 0; risk LOW; type ; confidence ; reason . ,-3,HIGH,RISK_OFF,Nifty 20D return -5.771924924783489; 60D return -6.141522169043611; India VIX latest; 20D change 27.715355370472096; USDINR 20D change 0.8995466772440563; Crude 20D change 4.302699067276294,1.0,NEUTRAL,2,1.65,NEUTRAL,"Tech 2 | News 0 (, ) | Event caution 0 | Macro -3 | Sector 2 | Analytics 0.65 (D) | Risk LOW/HIGH | Analytics: Trend 1, Momentum 0, Volume 0, Liquidity -2 (0.0cr), VolRisk MEDIUM, Sector PHARMA 2",0,0,LOW,,,,,,,0,0,,,0,,0,59.0,MEDIUM,2.55,NEUTRAL,"AI overlay from completed recommendation outcomes; use as probability/risk input, not standalone advice."
GPPL,2026-09-28,159.88,21578.0,3,NEUTRAL,47.54,-0.5813,22.7,163.66,158.06,,4.58,0.203,5.98,0.72,153.01,171.34,1.67,RSI in swing zone; MACD weak; Trend strength acceptable; Above SMA50; Bollinger position healthy,UNKNOWN,-0.89,0.76,2.45,0.0,2.87,4,1,0,-2,0,MEDIUM,0,,,0,-2,1.65,1.5,C,"Trend 4, Momentum 1, Volume 0, Liquidity -2 (0.0cr), VolRisk MEDIUM, Sector UNKNOWN 0",3,3,3,NEUTRAL,News 0; event caution 0; risk LOW; type ; confidence ; reason . ,-3,HIGH,RISK_OFF,Nifty 20D return -5.771924924783489; 60D return -6.141522169043611; India VIX latest; 20D change 27.715355370472096; USDINR 20D change 0.8995466772440563; Crude 20D change 4.302699067276294,0.0,NEUTRAL,3,1.65,NEUTRAL,"Tech 3 | News 0 (, ) | Event caution 0 | Macro -3 | Sector 0 | Analytics 1.65 (C) | Risk LOW/HIGH | Analytics: Trend 4, Momentum 1, Volume 0, Liquidity -2 (0.0cr), VolRisk MEDIUM, Sector UNKNOWN 0",0,0,LOW,,,,,,,0,0,,,0,,0,57.5,MEDIUM,2.4,NEUTRAL,"AI overlay from completed recommendation outcomes; use as probability/risk input, not standalone advice."
JBCHEPHARM,2026-07-16,2408.9,157981.0,8,BUY,62.98,10.629,41.92,2310.13,2187.26,,69.26,0.685,66.14,4.03,2305.01,2582.05,1.67,MACD bullish; Trend strength acceptable; Above SMA20; Above SMA50; Bollinger position healthy,UNKNOWN,-1.09,12.55,15.8,0.0,2.88,5,4,2,-2,0,MEDIUM,0,,,-1,-2,3.65,1.5,B,"Trend 5, Momentum 4, Volume 2, Liquidity -2 (0.0cr), VolRisk MEDIUM, Sector UNKNOWN 0",3,2,2,WATCH_EVENT_RISK,News -5; event caution -1; risk HIGH; type REGULATORY_RISK; confidence HIGH; reason Regulatory/legal/credit risk event.. Negative catalyst: Suspension of Trading,-3,HIGH,RISK_OFF,Nifty 20D return -5.771924924783489; 60D return -6.141522169043611; India VIX latest; 20D change 27.715355370472096; USDINR 20D change 0.8995466772440563; Crude 20D change 4.302699067276294,-2.0,WATCH_MACRO_RISK,8,1.65,AVOID_EVENT_RISK,"Tech 8 | News -5 (REGULATORY_RISK, HIGH) | Event caution -1 | Macro -3 | Sector -1 | Analytics 3.65 (B) | Risk HIGH/HIGH | Negative catalyst: Suspension of Trading | Analytics: Trend 5, Momentum 4, Volume 2, Liquidity -2 (0.0cr), VolRisk MEDIUM, Sector UNKNOWN 0 | News logic: Regulatory/legal/credit risk event. | Upcoming event caution: Record Date",-5,-1,HIGH,Negative catalyst: Suspension of Trading,Upcoming event caution: Record Date,Suspension of Trading,Negative catalyst: Suspension of Trading,NSE Corporate Announcements,-,4,1,REGULATORY_RISK,HIGH,3,Regulatory/legal/credit risk event.,-1,63.4,MEDIUM,2.99,AVOID_EVENT_RISK,"AI overlay from completed recommendation outcomes; use as probability/risk input, not standalone advice."
OMNI,2026-09-29,560.4,29331.0,4,WATCH,50.36,-5.4749,29.61,570.42,541.61,,44.03,0.394,45.89,0.38,494.35,670.48,1.67,RSI in swing zone; MACD weak; Trend strength acceptable; Above SMA50; Bollinger position healthy,UNKNOWN,-0.52,-23.51,33.19,0.0,7.86,3,1,-1,-2,-1,HIGH,0,,,0,-3,0.6,1.0,C,"Trend 3, Momentum 1, Volume -1, Liquidity -2 (0.0cr), VolRisk HIGH, Sector UNKNOWN 0",4,4,4,WATCH,News 0; event caution 0; risk LOW; type ; confidence ; reason . ,-3,HIGH,RISK_OFF,Nifty 20D return -5.771924924783489; 60D return -6.141522169043611; India VIX latest; 20D change 27.715355370472096; USDINR 20D change 0.8995466772440563; Crude 20D change 4.302699067276294,1.0,NEUTRAL,4,1.6,NEUTRAL,"Tech 4 | News 0 (, ) | Event caution 0 | Macro -3 | Sector 0 | Analytics 0.6 (C) | Risk LOW/HIGH | Analytics: Trend 3, Momentum 1, Volume -1, Liquidity -2 (0.0cr), VolRisk HIGH, Sector UNKNOWN 0",0,0,LOW,,,,,,,0,0,,,0,,0,64.9,MEDIUM,3.09,NEUTRAL,"AI overlay from completed recommendation outcomes; use as probability/risk input, not standalone advice."
KIMS,2026-09-27,780.15,23360.0,4,WATCH,47.69,2.4656,21.75,781.57,797.94,,24.55,0.481,45.05,0.7,743.33,841.52,1.67,RSI in swing zone; MACD bullish; Bollinger position healthy,UNKNOWN,1.73,-4.05,2.23,0.0,3.15,0,3,0,-2,0,MEDIUM,0,,,0,-2,0.55,1.5,C,"Trend 0, Momentum 3, Volume 0, Liquidity -2 (0.0cr), VolRisk MEDIUM, Sector UNKNOWN 0",4,4,4,WATCH,News 0; event caution 0; risk LOW; type ; confidence ; reason . ,-3,HIGH,RISK_OFF,Nifty 20D return -5.771924924783489; 60D return -6.141522169043611; India VIX latest; 20D change 27.715355370472096; USDINR 20D change 0.8995466772440563; Crude 20D change 4.302699067276294,1.0,NEUTRAL,4,1.55,NEUTRAL,"Tech 4 | News 0 (, ) | Event caution 0 | Macro -3 | Sector 0 | Analytics 0.55 (C) | Risk LOW/HIGH | Analytics: Trend 0, Momentum 3, Volume 0, Liquidity -2 (0.0cr), VolRisk MEDIUM, Sector UNKNOWN 0",0,0,LOW,,,,,,,0,0,,,0,,0,60.9,MEDIUM,2.64,NEUTRAL,"AI overlay from completed recommendation outcomes; use as probability/risk input, not standalone advice."
IGIL,2026-09-27,330.55,20840.0,4,WATCH,46.05,0.7746,19.58,335.7,346.01,,13.28,0.421,58.38,0.74,310.64,363.74,1.67,RSI in swing zone; MACD bullish; Bollinger position healthy,UNKNOWN,-0.12,-6.48,-0.65,0.0,4.02,0,3,0,-2,0,MEDIUM,0,,,0,-2,0.55,1.5,C,"Trend 0, Momentum 3, Volume 0, Liquidity -2 (0.0cr), VolRisk MEDIUM, Sector UNKNOWN 0",4,4,4,WATCH,News 0; event caution 0; risk LOW; type ; confidence ; reason . ,-3,HIGH,RISK_OFF,Nifty 20D return -5.771924924783489; 60D return -6.141522169043611; India VIX latest; 20D change 27.715355370472096; USDINR 20D change 0.8995466772440563; Crude 20D change 4.302699067276294,1.0,NEUTRAL,4,1.55,NEUTRAL,"Tech 4 | News 0 (, ) | Event caution 0 | Macro -3 | Sector 0 | Analytics 0.55 (C) | Risk LOW/HIGH | Analytics: Trend 0, Momentum 3, Volume 0, Liquidity -2 (0.0cr), VolRisk MEDIUM, Sector UNKNOWN 0",0,0,LOW,,,,,,,0,0,,,0,,0,62.6,MEDIUM,2.81,NEUTRAL,"AI overlay from completed recommendation outcomes; use as probability/risk input, not standalone advice."
EXICOM,2026-09-16,162.72,26147.0,4,WATCH,46.88,-0.4474,22.94,170.43,161.79,,13.72,0.282,38.73,0.8,142.14,197.02,1.67,RSI in swing zone; MACD weak; Trend strength acceptable; Above SMA50; Bollinger position healthy,UNKNOWN,-8.51,-5.22,,0.0,8.43,3,1,0,-2,-2,VERY_HIGH,0,,,0,-3,0.5,1.0,C,"Trend 3, Momentum 1, Volume 0, Liquidity -2 (0.0cr), VolRisk VERY_HIGH, Sector UNKNOWN 0",4,4,4,WATCH,News 0; event caution 0; risk LOW; type ; confidence ; reason . ,-3,HIGH,RISK_OFF,Nifty 20D return -5.771924924783489; 60D return -6.141522169043611; India VIX latest; 20D change 27.715355370472096; USDINR 20D change 0.8995466772440563; Crude 20D change 4.302699067276294,1.0,NEUTRAL,4,1.5,NEUTRAL,"Tech 4 | News 0 (, ) | Event caution 0 | Macro -3 | Sector 0 | Analytics 0.5 (C) | Risk LOW/HIGH | Analytics: Trend 3, Momentum 1, Volume 0, Liquidity -2 (0.0cr), VolRisk VERY_HIGH, Sector UNKNOWN 0",0,0,LOW,,,,,,,0,0,,,0,,0,64.0,MEDIUM,2.9,NEUTRAL,"AI overlay from completed recommendation outcomes; use as probability/risk input, not standalone advice."
VISL,2026-09-29,32.85,38415.0,7,BUY,47.54,0.1564,25.0,32.61,35.1,,1.6,0.548,64.74,0.89,30.44,36.86,1.66,RSI in swing zone; MACD bullish; Trend strength acceptable; Above SMA20; Bollinger position healthy,UNKNOWN,1.99,-7.18,-0.21,0.0,4.89,2,3,0,-2,0,MEDIUM,0,,,-1,-2,1.45,1.5,B,"Trend 2, Momentum 3, Volume 0, Liquidity -2 (0.0cr), VolRisk MEDIUM, Sector UNKNOWN 0",4,4,4,WATCH_EVENT_RISK,News -3; event caution 0; risk HIGH; type REGULATORY_RISK; confidence HIGH; reason Regulatory/legal/credit risk event.. Negative catalyst: Pendency of Litigation(s)/dispute(s) or the outcome impacting the Company,-3,HIGH,RISK_OFF,Nifty 20D return -5.771924924783489; 60D return -6.141522169043611; India VIX latest; 20D change 27.715355370472096; USDINR 20D change 0.8995466772440563; Crude 20D change 4.302699067276294,0.0,WATCH_MACRO_RISK,7,1.45,AVOID_EVENT_RISK,"Tech 7 | News -3 (REGULATORY_RISK, HIGH) | Event caution 0 | Macro -3 | Sector -1 | Analytics 1.45 (B) | Risk HIGH/HIGH | Negative catalyst: Pendency of Litigation(s)/dispute(s) or the outcome impacting the Company | Analytics: Trend 2, Momentum 3, Volume 0, Liquidity -2 (0.0cr), VolRisk MEDIUM, Sector UNKNOWN 0 | News logic: Regulatory/legal/credit risk event.",-3,0,HIGH,Negative catalyst: Pendency of Litigation(s)/dispute(s) or the outcome impacting the Company,,Pendency of Litigation(s)/dispute(s) or the outcome impacting the Company,Negative catalyst: Pendency of Litigation(s)/dispute(s) or the outcome impacting the Company,NSE Corporate Announcements,https://nsearchives.nseindia.com/corporate/VEDANTAIRONSTEEL_28082026141250_StockExchangeIntimation.pdf,1,0,REGULATORY_RISK,HIGH,3,Regulatory/legal/credit risk event.,-1,64.0,MEDIUM,2.85,AVOID_EVENT_RISK,"AI overlay from completed recommendation outcomes; use as probability/risk input, not standalone advice."
BLUESTARCO,2026-09-29,1529.5,35938.0,6,WATCH,48.75,6.6353,15.33,1524.92,1565.38,,53.77,0.531,47.33,0.9,1448.84,1663.93,1.67,RSI in swing zone; MACD bullish; Above SMA20; Bollinger position healthy,CONSUMER_DURABLES,-2.27,2.95,-8.12,0.0,3.52,2,3,0,-2,0,MEDIUM,-3,25.0,-4.18,-2,-2,0.4,1.25,C,"Trend 2, Momentum 3, Volume 0, Liquidity -2 (0.0cr), VolRisk MEDIUM, Sector CONSUMER_DURABLES -3",6,6,6,WATCH,News 0; event caution 0; risk LOW; type ; confidence ; reason . ,-3,HIGH,RISK_OFF,Nifty 20D return -5.771924924783489; 60D return -6.141522169043611; India VIX latest; 20D change 27.715355370472096; USDINR 20D change 0.8995466772440563; Crude 20D change 4.302699067276294,1.0,NEUTRAL,6,1.4,NEUTRAL,"Tech 6 | News 0 (, ) | Event caution 0 | Macro -3 | Sector -2 | Analytics 0.4 (C) | Risk LOW/HIGH | Analytics: Trend 2, Momentum 3, Volume 0, Liquidity -2 (0.0cr), VolRisk MEDIUM, Sector CONSUMER_DURABLES -3",0,0,LOW,,,,,,,0,0,,,0,,0,63.3,MEDIUM,2.73,NEUTRAL,"AI overlay from completed recommendation outcomes; use as probability/risk input, not standalone advice."
PHOENIXLTD,2026-09-29,1929.0,30163.0,6,WATCH,50.04,8.7713,19.17,1919.22,1931.01,,59.28,0.557,50.51,0.95,1840.08,2077.2,1.67,RSI in swing zone; MACD bullish; Above SMA20; Bollinger position healthy,REALTY,-1.25,0.63,-7.61,0.0,3.07,2,3,0,-2,0,MEDIUM,-3,33.3,-1.26,-2,-2,0.4,1.25,C,"Trend 2, Momentum 3, Volume 0, Liquidity -2 (0.0cr), VolRisk MEDIUM, Sector REALTY -3",6,6,6,WATCH,News 0; event caution 0; risk LOW; type ; confidence ; reason . ,-3,HIGH,RISK_OFF,Nifty 20D return -5.771924924783489; 60D return -6.141522169043611; India VIX latest; 20D change 27.715355370472096; USDINR 20D change 0.8995466772440563; Crude 20D change 4.302699067276294,1.0,NEUTRAL,6,1.4,NEUTRAL,"Tech 6 | News 0 (, ) | Event caution 0 | Macro -3 | Sector -2 | Analytics 0.4 (C) | Risk LOW/HIGH | Analytics: Trend 2, Momentum 3, Volume 0, Liquidity -2 (0.0cr), VolRisk MEDIUM, Sector REALTY -3",0,0,LOW,,,,,,,0,0,,,0,,0,62.3,MEDIUM,2.63,NEUTRAL,"AI overlay from completed recommendation outcomes; use as probability/risk input, not standalone advice."
QPOWER,2026-09-24,1500.1,20518.0,5,WATCH,64.6,12.6874,25.72,1326.78,1238.35,,95.96,0.791,87.71,0.66,1356.16,1740.01,1.67,MACD bullish; Trend strength acceptable; Above SMA20; Above SMA50,POWER,5.16,17.27,79.75,0.0,6.4,5,3,0,-2,-1,HIGH,-3,18.2,-0.06,-2,-3,1.4,0.75,C,"Trend 5, Momentum 3, Volume 0, Liquidity -2 (0.0cr), VolRisk HIGH, Sector POWER -3",5,5,5,WATCH,News 0; event caution 0; risk LOW; type ; confidence ; reason . ,-3,HIGH,RISK_OFF,Nifty 20D return -5.771924924783489; 60D return -6.141522169043611; India VIX latest; 20D change 27.715355370472096; USDINR 20D change 0.8995466772440563; Crude 20D change 4.302699067276294,0.0,NEUTRAL,5,1.4,NEUTRAL,"Tech 5 | News 0 (, ) | Event caution 0 | Macro -3 | Sector -2 | Analytics 1.4 (C) | Risk LOW/HIGH | Analytics: Trend 5, Momentum 3, Volume 0, Liquidity -2 (0.0cr), VolRisk HIGH, Sector POWER -3",0,0,LOW,,,,,,,0,0,,,0,,0,63.3,MEDIUM,2.73,NEUTRAL,"AI overlay from completed recommendation outcomes; use as probability/risk input, not standalone advice."
SHILPAMED,2026-09-29,1055.75,52315.0,2,NEUTRAL,66.86,-2.1516,40.49,989.04,894.22,,49.61,0.864,90.38,1.21,981.33,1179.78,1.67,MACD weak; Trend strength acceptable; Above SMA20; Above SMA50; Volume expansion,UNKNOWN,1.74,9.5,68.34,0.0,4.7,5,1,1,-2,0,MEDIUM,0,,,0,-2,2.35,1.5,C,"Trend 5, Momentum 1, Volume 1, Liquidity -2 (0.0cr), VolRisk MEDIUM, Sector UNKNOWN 0",2,2,2,NEUTRAL,News 0; event caution 0; risk LOW; type ; confidence ; reason . ,-3,HIGH,RISK_OFF,Nifty 20D return -5.771924924783489; 60D return -6.141522169043611; India VIX latest; 20D change 27.715355370472096; USDINR 20D change 0.8995466772440563; Crude 20D change 4.302699067276294,-1.0,NEUTRAL,2,1.35,NEUTRAL,"Tech 2 | News 0 (, ) | Event caution 0 | Macro -3 | Sector 0 | Analytics 2.35 (C) | Risk LOW/HIGH | Analytics: Trend 5, Momentum 1, Volume 1, Liquidity -2 (0.0cr), VolRisk MEDIUM, Sector UNKNOWN 0",0,0,LOW,,,,,,,0,0,,,0,,0,61.8,MEDIUM,2.53,NEUTRAL,"AI overlay from completed recommendation outcomes; use as probability/risk input, not standalone advice."
PAISALO,2026-09-29,78.59,32006.0,3,NEUTRAL,42.22,-1.4774,38.76,85.6,76.95,,4.5,0.139,24.09,0.65,71.84,89.84,1.67,RSI in swing zone; MACD weak; Trend strength acceptable; Above SMA50,UNKNOWN,-13.05,6.06,32.44,0.0,5.73,4,1,0,-2,-1,HIGH,0,,,0,-3,1.3,1.0,C,"Trend 4, Momentum 1, Volume 0, Liquidity -2 (0.0cr), VolRisk HIGH, Sector UNKNOWN 0",3,3,3,NEUTRAL,News 0; event caution 0; risk LOW; type ; confidence ; reason . ,-3,HIGH,RISK_OFF,Nifty 20D return -5.771924924783489; 60D return -6.141522169043611; India VIX latest; 20D change 27.715355370472096; USDINR 20D change 0.8995466772440563; Crude 20D change 4.302699067276294,0.0,NEUTRAL,3,1.3,NEUTRAL,"Tech 3 | News 0 (, ) | Event caution 0 | Macro -3 | Sector 0 | Analytics 1.3 (C) | Risk LOW/HIGH | Analytics: Trend 4, Momentum 1, Volume 0, Liquidity -2 (0.0cr), VolRisk HIGH, Sector UNKNOWN 0",0,0,LOW,,,,,,,0,0,,,0,,0,62.6,MEDIUM,2.56,NEUTRAL,"AI overlay from completed recommendation outcomes; use as probability/risk input, not standalone advice."
VBL,2026-09-29,430.0,80456.0,10,BUY,55.74,2.281,24.7,420.5,425.47,461.05,9.5,0.727,75.84,1.52,415.75,453.76,1.67,RSI in swing zone; MACD bullish; Trend strength acceptable; Above SMA20; Above SMA50,FMCG,-1.41,5.5,-7.22,0.0,2.21,4,4,1,-2,1,LOW,-3,16.7,-0.23,-3,-1,2.25,1.25,B,"Trend 4, Momentum 4, Volume 1, Liquidity -2 (0.0cr), VolRisk LOW, Sector FMCG -3",5,5,5,WATCH_EVENT_RISK,News -5; event caution 0; risk HIGH; type GOVERNANCE_RISK; confidence HIGH; reason Material management/auditor/governance risk.. Negative catalyst: Resignation of Director/KMP/SMP,-3,HIGH,RISK_OFF,Nifty 20D return -5.771924924783489; 60D return -6.141522169043611; India VIX latest; 20D change 27.715355370472096; USDINR 20D change 0.8995466772440563; Crude 20D change 4.302699067276294,-1.0,WATCH_MACRO_RISK,10,1.25,AVOID_EVENT_RISK,"Tech 10 | News -5 (GOVERNANCE_RISK, HIGH) | Event caution 0 | Macro -3 | Sector -3 | Analytics 2.25 (B) | Risk HIGH/HIGH | Negative catalyst: Resignation of Director/KMP/SMP | Analytics: Trend 4, Momentum 4, Volume 1, Liquidity -2 (0.0cr), VolRisk LOW, Sector FMCG -3 | News logic: Material management/auditor/governance risk.",-5,0,HIGH,Negative catalyst: Resignation of Director/KMP/SMP,,Resignation of Director/KMP/SMP,Negative catalyst: Resignation of Director/KMP/SMP,NSE Corporate Announcements,https://nsearchives.nseindia.com/corporate/VBL_ROID_98921_KMP_Doc.zip,2,0,GOVERNANCE_RISK,HIGH,3,Material management/auditor/governance risk.,-1,52.2,LOW,1.47,AVOID_EVENT_RISK,"AI overlay from completed recommendation outcomes; use as probability/risk input, not standalone advice."
AEQUS,2026-09-29,271.63,106266.0,2,NEUTRAL,75.24,4.3544,23.43,238.04,242.66,,11.54,1.146,96.09,1.73,254.32,300.47,1.67,RSI overbought; MACD bullish; Trend strength acceptable; Above SMA20; Above SMA50,UNKNOWN,11.35,10.59,9.18,0.0,4.25,4,2,1,-2,0,MEDIUM,0,,,0,-2,2.25,1.5,C,"Trend 4, Momentum 2, Volume 1, Liquidity -2 (0.0cr), VolRisk MEDIUM, Sector UNKNOWN 0",2,2,2,NEUTRAL,News 0; event caution 0; risk LOW; type ; confidence ; reason . ,-3,HIGH,RISK_OFF,Nifty 20D return -5.771924924783489; 60D return -6.141522169043611; India VIX latest; 20D change 27.715355370472096; USDINR 20D change 0.8995466772440563; Crude 20D change 4.302699067276294,-1.0,NEUTRAL,2,1.25,NEUTRAL,"Tech 2 | News 0 (, ) | Event caution 0 | Macro -3 | Sector 0 | Analytics 2.25 (C) | Risk LOW/HIGH | Analytics: Trend 4, Momentum 2, Volume 1, Liquidity -2 (0.0cr), VolRisk MEDIUM, Sector UNKNOWN 0",0,0,LOW,,,,,,,0,0,,,0,,0,63.3,MEDIUM,2.58,NEUTRAL,"AI overlay from completed recommendation outcomes; use as probability/risk input, not standalone advice."
DMART,2026-09-29,3750.0,41566.0,6,WATCH,43.72,13.3431,24.14,3751.83,3862.62,4053.12,72.82,0.491,45.85,1.39,3640.77,3932.05,1.67,RSI in swing zone; MACD bullish; Trend strength acceptable; Bollinger position healthy; Volume expansion,RETAIL,-2.21,-0.35,-5.11,0.0,1.94,1,2,1,-2,1,LOW,-3,0.0,-0.35,-2,-1,0.2,1.25,C,"Trend 1, Momentum 2, Volume 1, Liquidity -2 (0.0cr), VolRisk LOW, Sector RETAIL -3",6,6,6,WATCH,News 0; event caution 0; risk LOW; type GENERIC_NEWS; confidence LOW; reason No material catalyst/event taxonomy match.. ,-3,HIGH,RISK_OFF,Nifty 20D return -5.771924924783489; 60D return -6.141522169043611; India VIX latest; 20D change 27.715355370472096; USDINR 20D change 0.8995466772440563; Crude 20D change 4.302699067276294,1.0,NEUTRAL,6,1.2,NEUTRAL,"Tech 6 | News 0 (GENERIC_NEWS, LOW) | Event caution 0 | Macro -3 | Sector -2 | Analytics 0.2 (C) | Risk LOW/HIGH | Analytics: Trend 1, Momentum 2, Volume 1, Liquidity -2 (0.0cr), VolRisk LOW, Sector RETAIL -3 | News logic: No material catalyst/event taxonomy match.",0,0,LOW,,,Updates,Neutral news: Updates,NSE Corporate Announcements,https://nsearchives.nseindia.com/corporate/DMART_29092026183814_RedemptionofCP2909026.pdf,0,0,GENERIC_NEWS,LOW,0,No material catalyst/event taxonomy match.,0,52.6,LOW,1.46,NEUTRAL,"AI overlay from completed recommendation outcomes; use as probability/risk input, not standalone advice."
ZENSARTECH,2026-09-28,436.7,57479.0,4,WATCH,42.12,1.4613,18.61,443.12,480.4,,18.31,0.405,32.24,0.86,409.23,482.48,1.67,RSI in swing zone; MACD bullish; Bollinger position healthy,UNKNOWN,0.07,-5.83,-1.95,0.0,4.19,0,2,0,-2,0,MEDIUM,0,,,0,-2,0.2,1.5,C,"Trend 0, Momentum 2, Volume 0, Liquidity -2 (0.0cr), VolRisk MEDIUM, Sector UNKNOWN 0",4,4,4,WATCH,News 0; event caution 0; risk LOW; type ; confidence ; reason . ,-3,HIGH,RISK_OFF,Nifty 20D return -5.771924924783489; 60D return -6.141522169043611; India VIX latest; 20D change 27.715355370472096; USDINR 20D change 0.8995466772440563; Crude 20D change 4.302699067276294,1.0,NEUTRAL,4,1.2,NEUTRAL,"Tech 4 | News 0 (, ) | Event caution 0 | Macro -3 | Sector 0 | Analytics 0.2 (C) | Risk LOW/HIGH | Analytics: Trend 0, Momentum 2, Volume 0, Liquidity -2 (0.0cr), VolRisk MEDIUM, Sector UNKNOWN 0",0,0,LOW,,,,,,,0,0,,,0,,0,62.7,MEDIUM,2.47,NEUTRAL,"AI overlay from completed recommendation outcomes; use as probability/risk input, not standalone advice."
HDFCSILVER,2026-09-28,210.33,25452.0,4,WATCH,43.29,2.0637,20.9,214.29,225.64,,10.19,0.39,29.36,0.88,195.04,235.81,1.67,RSI in swing zone; MACD bullish; Bollinger position healthy,UNKNOWN,2.71,-7.58,-13.87,0.0,4.85,0,2,0,-2,0,MEDIUM,0,,,0,-2,0.2,1.5,C,"Trend 0, Momentum 2, Volume 0, Liquidity -2 (0.0cr), VolRisk MEDIUM, Sector UNKNOWN 0",4,4,4,WATCH,News 0; event caution 0; risk LOW; type ; confidence ; reason . ,-3,HIGH,RISK_OFF,Nifty 20D return -5.771924924783489; 60D return -6.141522169043611; India VIX latest; 20D change 27.715355370472096; USDINR 20D change 0.8995466772440563; Crude 20D change 4.302699067276294,1.0,NEUTRAL,4,1.2,NEUTRAL,"Tech 4 | News 0 (, ) | Event caution 0 | Macro -3 | Sector 0 | Analytics 0.2 (C) | Risk LOW/HIGH | Analytics: Trend 0, Momentum 2, Volume 0, Liquidity -2 (0.0cr), VolRisk MEDIUM, Sector UNKNOWN 0",0,0,LOW,,,,,,,0,0,,,0,,0,60.2,MEDIUM,2.22,NEUTRAL,"AI overlay from completed recommendation outcomes; use as probability/risk input, not standalone advice."
JYOTHYLAB,2026-09-03,200.5,21944.0,4,WATCH,42.11,1.3934,18.98,203.22,224.02,,9.76,0.377,42.05,0.81,185.86,224.91,1.67,RSI in swing zone; MACD bullish; Bollinger position healthy,UNKNOWN,-6.28,-2.17,0.45,0.0,4.87,0,2,0,-2,0,MEDIUM,0,,,0,-2,0.2,1.5,C,"Trend 0, Momentum 2, Volume 0, Liquidity -2 (0.0cr), VolRisk MEDIUM, Sector UNKNOWN 0",4,4,4,WATCH,News 0; event caution 0; risk LOW; type ; confidence ; reason . ,-3,HIGH,RISK_OFF,Nifty 20D return -5.771924924783489; 60D return -6.141522169043611; India VIX latest; 20D change 27.715355370472096; USDINR 20D change 0.8995466772440563; Crude 20D change 4.302699067276294,1.0,NEUTRAL,4,1.2,NEUTRAL,"Tech 4 | News 0 (, ) | Event caution 0 | Macro -3 | Sector 0 | Analytics 0.2 (C) | Risk LOW/HIGH | Analytics: Trend 0, Momentum 2, Volume 0, Liquidity -2 (0.0cr), VolRisk MEDIUM, Sector UNKNOWN 0",0,0,LOW,,,,,,,0,0,,,0,,0,62.7,MEDIUM,2.47,NEUTRAL,"AI overlay from completed recommendation outcomes; use as probability/risk input, not standalone advice."
ITC,2026-09-29,265.1,139214.0,7,BUY,47.83,0.7793,25.95,263.94,269.7,291.41,4.33,0.58,55.43,1.15,258.61,275.92,1.67,RSI in swing zone; MACD bullish; Trend strength acceptable; Above SMA20; Bollinger position healthy,FMCG,-1.87,0.38,-5.66,0.0,1.63,3,3,0,-2,1,LOW,-3,16.7,-0.23,-3,-1,1.2,1.25,B,"Trend 3, Momentum 3, Volume 0, Liquidity -2 (0.0cr), VolRisk LOW, Sector FMCG -3",9,6,6,WATCH_EVENT_CAUTION,News 2; event caution -3; risk MEDIUM; type BUSINESS_POSITIVE; confidence MEDIUM; reason Positive business development.. Positive catalyst: Acquisition,-3,HIGH,RISK_OFF,Nifty 20D return -5.771924924783489; 60D return -6.141522169043611; India VIX latest; 20D change 27.715355370472096; USDINR 20D change 0.8995466772440563; Crude 20D change 4.302699067276294,0.0,WATCH_MACRO_RISK,7,1.2,NEUTRAL,"Tech 7 | News 2 (BUSINESS_POSITIVE, MEDIUM) | Event caution -3 | Macro -3 | Sector -3 | Analytics 1.2 (B) | Risk MEDIUM/HIGH | Positive catalyst: Acquisition | Analytics: Trend 3, Momentum 3, Volume 0, Liquidity -2 (0.0cr), VolRisk LOW, Sector FMCG -3 | News logic: Positive business development. | Upcoming event caution: Outcome of Board Meeting",2,-3,MEDIUM,Positive catalyst: Acquisition,Upcoming event caution: Outcome of Board Meeting,Acquisition,Positive catalyst: Acquisition,NSE Corporate Announcements,https://nsearchives.nseindia.com/corporate/ITC_28092026202850_SE_SFPL_.pdf,1,3,BUSINESS_POSITIVE,MEDIUM,2,Positive business development.,-1,50.0,LOW,1.2,NEUTRAL,"AI overlay from completed recommendation outcomes; use as probability/risk input, not standalone advice."
SBILIFE,2026-09-29,1735.0,51203.0,7,BUY,48.3,5.6117,26.55,1725.53,1773.55,1850.39,38.23,0.565,59.28,1.14,1677.65,1830.58,1.67,RSI in swing zone; MACD bullish; Trend strength acceptable; Above SMA20; Bollinger position healthy,FINANCIALS,-1.42,1.17,-5.16,0.0,2.2,3,3,0,-2,1,LOW,-3,22.7,-2.14,-3,-1,1.2,1.25,B,"Trend 3, Momentum 3, Volume 0, Liquidity -2 (0.0cr), VolRisk LOW, Sector FINANCIALS -3",7,6,6,WATCH,News 0; event caution -1; risk MEDIUM; type GENERIC_NEWS; confidence LOW; reason No material catalyst/event taxonomy match.. Upcoming event caution: Outcome of Board Meeting,-3,HIGH,RISK_OFF,Nifty 20D return -5.771924924783489; 60D return -6.141522169043611; India VIX latest; 20D change 27.715355370472096; USDINR 20D change 0.8995466772440563; Crude 20D change 4.302699067276294,0.0,WATCH_MACRO_RISK,7,1.2,NEUTRAL,"Tech 7 | News 0 (GENERIC_NEWS, LOW) | Event caution -1 | Macro -3 | Sector -3 | Analytics 1.2 (B) | Risk MEDIUM/HIGH | Analytics: Trend 3, Momentum 3, Volume 0, Liquidity -2 (0.0cr), VolRisk LOW, Sector FINANCIALS -3 | News logic: No material catalyst/event taxonomy match. | Upcoming event caution: Outcome of Board Meeting",0,-1,MEDIUM,,Upcoming event caution: Outcome of Board Meeting,General Updates,Upcoming event caution: Outcome of Board Meeting,NSE Corporate Announcements,https://nsearchives.nseindia.com/corporate/SBILIFE_25092026181407_RJ25092026_signed.pdf,0,1,GENERIC_NEWS,LOW,0,No material catalyst/event taxonomy match.,-1,52.9,LOW,1.49,NEUTRAL,"AI overlay from completed recommendation outcomes; use as probability/risk input, not standalone advice."
WABAG,2026-09-29,2093.8,56910.0,3,NEUTRAL,51.83,-15.1459,16.92,2098.79,2034.44,,94.76,0.487,37.82,1.09,1951.66,2330.69,1.67,RSI in swing zone; MACD weak; Above SMA50; Bollinger position healthy,UNKNOWN,-0.27,0.37,-1.13,0.0,4.53,3,1,0,-2,0,MEDIUM,0,,,0,-2,1.2,1.5,C,"Trend 3, Momentum 1, Volume 0, Liquidity -2 (0.0cr), VolRisk MEDIUM, Sector UNKNOWN 0",3,3,3,NEUTRAL,News 0; event caution 0; risk LOW; type ; confidence ; reason . ,-3,HIGH,RISK_OFF,Nifty 20D return -5.771924924783489; 60D return -6.141522169043611; India VIX latest; 20D change 27.715355370472096; USDINR 20D change 0.8995466772440563; Crude 20D change 4.302699067276294,0.0,NEUTRAL,3,1.2,NEUTRAL,"Tech 3 | News 0 (, ) | Event caution 0 | Macro -3 | Sector 0 | Analytics 1.2 (C) | Risk LOW/HIGH | Analytics: Trend 3, Momentum 1, Volume 0, Liquidity -2 (0.0cr), VolRisk MEDIUM, Sector UNKNOWN 0",0,0,LOW,,,,,,,0,0,,,0,,0,62.3,MEDIUM,2.43,NEUTRAL,"AI overlay from completed recommendation outcomes; use as probability/risk input, not standalone advice."
GRANULES,2026-09-29,866.75,37828.0,3,NEUTRAL,50.24,-3.0141,15.61,874.77,858.34,,28.87,0.405,39.88,0.7,823.44,938.94,1.67,RSI in swing zone; MACD weak; Above SMA50; Bollinger position healthy,UNKNOWN,-0.96,1.51,1.47,0.0,3.33,3,1,0,-2,0,MEDIUM,0,,,0,-2,1.2,1.5,C,"Trend 3, Momentum 1, Volume 0, Liquidity -2 (0.0cr), VolRisk MEDIUM, Sector UNKNOWN 0",3,3,3,NEUTRAL,News 0; event caution 0; risk LOW; type ; confidence ; reason . ,-3,HIGH,RISK_OFF,Nifty 20D return -5.771924924783489; 60D return -6.141522169043611; India VIX latest; 20D change 27.715355370472096; USDINR 20D change 0.8995466772440563; Crude 20D change 4.302699067276294,0.0,NEUTRAL,3,1.2,NEUTRAL,"Tech 3 | News 0 (, ) | Event caution 0 | Macro -3 | Sector 0 | Analytics 1.2 (C) | Risk LOW/HIGH | Analytics: Trend 3, Momentum 1, Volume 0, Liquidity -2 (0.0cr), VolRisk MEDIUM, Sector UNKNOWN 0",0,0,LOW,,,,,,,0,0,,,0,,0,62.3,MEDIUM,2.43,NEUTRAL,"AI overlay from completed recommendation outcomes; use as probability/risk input, not standalone advice."
SJS,2026-09-29,2309.8,28352.0,3,NEUTRAL,45.84,-24.9507,31.14,2419.45,2238.17,,114.18,0.208,16.34,1.15,2138.53,2595.25,1.67,RSI in swing zone; MACD weak; Trend strength acceptable; Above SMA50; Bollinger position healthy,UNKNOWN,-1.88,-8.79,46.3,0.0,4.94,3,1,0,-2,0,MEDIUM,0,,,0,-2,1.2,1.5,C,"Trend 3, Momentum 1, Volume 0, Liquidity -2 (0.0cr), VolRisk MEDIUM, Sector UNKNOWN 0",3,3,3,NEUTRAL,News 0; event caution 0; risk LOW; type ; confidence ; reason . ,-3,HIGH,RISK_OFF,Nifty 20D return -5.771924924783489; 60D return -6.141522169043611; India VIX latest; 20D change 27.715355370472096; USDINR 20D change 0.8995466772440563; Crude 20D change 4.302699067276294,0.0,NEUTRAL,3,1.2,NEUTRAL,"Tech 3 | News 0 (, ) | Event caution 0 | Macro -3 | Sector 0 | Analytics 1.2 (C) | Risk LOW/HIGH | Analytics: Trend 3, Momentum 1, Volume 0, Liquidity -2 (0.0cr), VolRisk MEDIUM, Sector UNKNOWN 0",0,0,LOW,,,,,,,0,0,,,0,,0,61.9,MEDIUM,2.39,NEUTRAL,"AI overlay from completed recommendation outcomes; use as probability/risk input, not standalone advice."
MON100,2026-09-28,323.86,21403.0,3,NEUTRAL,56.5,-4.6446,41.79,330.77,283.09,,12.37,0.225,15.84,0.85,305.3,354.79,1.67,RSI in swing zone; MACD weak; Trend strength acceptable; Above SMA50; Bollinger position healthy,UNKNOWN,-2.04,-0.17,43.43,0.0,3.82,3,1,0,-2,0,MEDIUM,0,,,0,-2,1.2,1.5,C,"Trend 3, Momentum 1, Volume 0, Liquidity -2 (0.0cr), VolRisk MEDIUM, Sector UNKNOWN 0",3,3,3,NEUTRAL,News 0; event caution 0; risk LOW; type ; confidence ; reason . ,-3,HIGH,RISK_OFF,Nifty 20D return -5.771924924783489; 60D return -6.141522169043611; India VIX latest; 20D change 27.715355370472096; USDINR 20D change 0.8995466772440563; Crude 20D change 4.302699067276294,0.0,NEUTRAL,3,1.2,NEUTRAL,"Tech 3 | News 0 (, ) | Event caution 0 | Macro -3 | Sector 0 | Analytics 1.2 (C) | Risk LOW/HIGH | Analytics: Trend 3, Momentum 1, Volume 0, Liquidity -2 (0.0cr), VolRisk MEDIUM, Sector UNKNOWN 0",0,0,LOW,,,,,,,0,0,,,0,,0,61.2,MEDIUM,2.32,NEUTRAL,"AI overlay from completed recommendation outcomes; use as probability/risk input, not standalone advice."
SUPREMEIND,2026-09-27,3550.0,19225.0,3,NEUTRAL,51.86,-3.5532,15.68,3551.63,3480.24,,128.74,0.493,55.87,0.75,3356.88,3871.86,1.67,RSI in swing zone; MACD weak; Above SMA50; Bollinger position healthy,UNKNOWN,1.19,2.03,-3.11,0.0,3.63,3,1,0,-2,0,MEDIUM,0,,,0,-2,1.2,1.5,C,"Trend 3, Momentum 1, Volume 0, Liquidity -2 (0.0cr), VolRisk MEDIUM, Sector UNKNOWN 0",3,3,3,NEUTRAL,News 0; event caution 0; risk LOW; type ; confidence ; reason . ,-3,HIGH,RISK_OFF,Nifty 20D return -5.771924924783489; 60D return -6.141522169043611; India VIX latest; 20D change 27.715355370472096; USDINR 20D change 0.8995466772440563; Crude 20D change 4.302699067276294,0.0,NEUTRAL,3,1.2,NEUTRAL,"Tech 3 | News 0 (, ) | Event caution 0 | Macro -3 | Sector 0 | Analytics 1.2 (C) | Risk LOW/HIGH | Analytics: Trend 3, Momentum 1, Volume 0, Liquidity -2 (0.0cr), VolRisk MEDIUM, Sector UNKNOWN 0",0,0,LOW,,,,,,,0,0,,,0,,0,62.7,MEDIUM,2.47,NEUTRAL,"AI overlay from completed recommendation outcomes; use as probability/risk input, not standalone advice."
BLISSGVS,2026-07-01,523.55,20927.0,3,NEUTRAL,77.22,5.5266,73.09,432.24,318.88,,31.35,0.82,81.53,0.44,476.52,601.93,1.67,RSI overbought; MACD bullish; Trend strength acceptable; Above SMA20; Above SMA50,UNKNOWN,6.42,77.35,223.1,0.0,5.99,5,0,-1,-2,-1,HIGH,0,,,0,-3,1.15,1.0,C,"Trend 5, Momentum 0, Volume -1, Liquidity -2 (0.0cr), VolRisk HIGH, Sector UNKNOWN 0",3,3,3,NEUTRAL,News 0; event caution 0; risk LOW; type ; confidence ; reason . ,-3,HIGH,RISK_OFF,Nifty 20D return -5.771924924783489; 60D return -6.141522169043611; India VIX latest; 20D change 27.715355370472096; USDINR 20D change 0.8995466772440563; Crude 20D change 4.302699067276294,0.0,NEUTRAL,3,1.15,NEUTRAL,"Tech 3 | News 0 (, ) | Event caution 0 | Macro -3 | Sector 0 | Analytics 1.15 (C) | Risk LOW/HIGH | Analytics: Trend 5, Momentum 0, Volume -1, Liquidity -2 (0.0cr), VolRisk HIGH, Sector UNKNOWN 0",0,0,LOW,,,,,,,0,0,,,0,,0,61.3,MEDIUM,2.28,NEUTRAL,"AI overlay from completed recommendation outcomes; use as probability/risk input, not standalone advice."
FINCABLES,2026-09-29,1435.5,43848.0,6,WATCH,58.81,-3.9627,41.12,1403.86,1285.99,,67.78,0.627,68.58,0.68,1333.83,1604.95,1.67,RSI in swing zone; MACD weak; Trend strength acceptable; Above SMA20; Above SMA50,FINANCIALS,-2.36,17.64,28.57,0.0,4.72,5,1,0,-2,0,MEDIUM,-3,22.7,-2.14,-2,-2,1.05,1.25,B,"Trend 5, Momentum 1, Volume 0, Liquidity -2 (0.0cr), VolRisk MEDIUM, Sector FINANCIALS -3",6,5,5,WATCH,News 0; event caution -1; risk MEDIUM; type GENERIC_NEWS; confidence LOW; reason No material catalyst/event taxonomy match.. Upcoming event caution: Record Date,-3,HIGH,RISK_OFF,Nifty 20D return -5.771924924783489; 60D return -6.141522169043611; India VIX latest; 20D change 27.715355370472096; USDINR 20D change 0.8995466772440563; Crude 20D change 4.302699067276294,0.0,NEUTRAL,6,1.05,NEUTRAL,"Tech 6 | News 0 (GENERIC_NEWS, LOW) | Event caution -1 | Macro -3 | Sector -2 | Analytics 1.05 (B) | Risk MEDIUM/HIGH | Analytics: Trend 5, Momentum 1, Volume 0, Liquidity -2 (0.0cr), VolRisk MEDIUM, Sector FINANCIALS -3 | News logic: No material catalyst/event taxonomy match. | Upcoming event caution: Record Date",0,-1,MEDIUM,,Upcoming event caution: Record Date,Shareholders meeting,Upcoming event caution: Record Date,NSE Corporate Announcements,https://nsearchives.nseindia.com/corporate/CSChandan_29092026155218_Voting_Results_Signed.pdf,0,1,GENERIC_NEWS,LOW,0,No material catalyst/event taxonomy match.,0,61.5,MEDIUM,2.2,NEUTRAL,"AI overlay from completed recommendation outcomes; use as probability/risk input, not standalone advice."
PAYTM,2026-09-29,1683.0,118825.0,5,WATCH,47.06,-24.5872,40.09,1751.58,1655.61,1264.87,68.52,0.242,25.36,0.92,1580.22,1854.31,1.67,RSI in swing zone; MACD weak; Trend strength acceptable; Above SMA50; Long-term trend positive,FINTECH,-5.18,1.42,29.41,0.01,4.07,5,1,0,-2,0,MEDIUM,-3,0.0,-15.36,-2,-2,1.05,1.25,C,"Trend 5, Momentum 1, Volume 0, Liquidity -2 (0.01cr), VolRisk MEDIUM, Sector FINTECH -3",5,5,5,WATCH,News 0; event caution 0; risk LOW; type ; confidence ; reason . ,-3,HIGH,RISK_OFF,Nifty 20D return -5.771924924783489; 60D return -6.141522169043611; India VIX latest; 20D change 27.715355370472096; USDINR 20D change 0.8995466772440563; Crude 20D change 4.302699067276294,0.0,NEUTRAL,5,1.05,NEUTRAL,"Tech 5 | News 0 (, ) | Event caution 0 | Macro -3 | Sector -2 | Analytics 1.05 (C) | Risk LOW/HIGH | Analytics: Trend 5, Momentum 1, Volume 0, Liquidity -2 (0.01cr), VolRisk MEDIUM, Sector FINTECH -3",0,0,LOW,,,,,,,0,0,,,0,,0,60.2,MEDIUM,2.07,NEUTRAL,"AI overlay from completed recommendation outcomes; use as probability/risk input, not standalone advice."
PINELABS,2026-09-29,171.55,119643.0,3,NEUTRAL,43.57,-3.1987,23.27,184.67,170.46,,11.19,0.225,9.95,0.33,154.76,199.53,1.67,RSI in swing zone; MACD weak; Trend strength acceptable; Above SMA50; Bollinger position healthy,UNKNOWN,-8.9,3.11,14.05,0.01,6.52,4,1,-1,-2,-1,HIGH,0,,,0,-3,1.05,1.0,C,"Trend 4, Momentum 1, Volume -1, Liquidity -2 (0.01cr), VolRisk HIGH, Sector UNKNOWN 0",3,3,3,NEUTRAL,News 0; event caution 0; risk LOW; type ; confidence ; reason . ,-3,HIGH,RISK_OFF,Nifty 20D return -5.771924924783489; 60D return -6.141522169043611; India VIX latest; 20D change 27.715355370472096; USDINR 20D change 0.8995466772440563; Crude 20D change 4.302699067276294,0.0,NEUTRAL,3,1.05,NEUTRAL,"Tech 3 | News 0 (, ) | Event caution 0 | Macro -3 | Sector 0 | Analytics 1.05 (C) | Risk LOW/HIGH | Analytics: Trend 4, Momentum 1, Volume -1, Liquidity -2 (0.01cr), VolRisk HIGH, Sector UNKNOWN 0",0,0,LOW,,,,,,,0,0,,,0,,0,59.8,MEDIUM,2.03,NEUTRAL,"AI overlay from completed recommendation outcomes; use as probability/risk input, not standalone advice."
NEULANDLAB,2026-09-24,21905.0,22180.0,3,NEUTRAL,55.09,-193.4089,55.69,21970.85,18115.2,,1099.0,0.491,11.59,0.52,20256.49,24652.51,1.67,RSI in swing zone; MACD weak; Trend strength acceptable; Above SMA50; Bollinger position healthy,UNKNOWN,-7.42,17.9,,0.0,5.02,4,1,-1,-2,-1,HIGH,0,,,0,-3,1.05,1.0,C,"Trend 4, Momentum 1, Volume -1, Liquidity -2 (0.0cr), VolRisk HIGH, Sector UNKNOWN 0",3,3,3,NEUTRAL,News 0; event caution 0; risk LOW; type ; confidence ; reason . ,-3,HIGH,RISK_OFF,Nifty 20D return -5.771924924783489; 60D return -6.141522169043611; India VIX latest; 20D change 27.715355370472096; USDINR 20D change 0.8995466772440563; Crude 20D change 4.302699067276294,0.0,NEUTRAL,3,1.05,NEUTRAL,"Tech 3 | News 0 (, ) | Event caution 0 | Macro -3 | Sector 0 | Analytics 1.05 (C) | Risk LOW/HIGH | Analytics: Trend 4, Momentum 1, Volume -1, Liquidity -2 (0.0cr), VolRisk HIGH, Sector UNKNOWN 0",0,0,LOW,,,,,,,0,0,,,0,,0,61.4,MEDIUM,2.19,NEUTRAL,"AI overlay from completed recommendation outcomes; use as probability/risk input, not standalone advice."
VMM,2026-09-29,104.3,54467.0,6,WATCH,50.49,0.2848,18.77,102.82,105.7,113.79,3.01,0.734,61.58,1.18,99.79,111.82,1.67,RSI in swing zone; MACD bullish; Above SMA20; Bollinger position healthy,UNKNOWN,-1.6,-1.73,-6.21,0.0,2.88,1,3,0,-2,0,MEDIUM,0,,,0,-2,1.0,1.5,B,"Trend 1, Momentum 3, Volume 0, Liquidity -2 (0.0cr), VolRisk MEDIUM, Sector UNKNOWN 0",3,3,3,NEUTRAL,News -3; event caution 0; risk HIGH; type GOVERNANCE_RISK; confidence HIGH; reason Material management/auditor/governance risk.. Negative catalyst: Resignation of Director/KMP/SMP,-3,HIGH,RISK_OFF,Nifty 20D return -5.771924924783489; 60D return -6.141522169043611; India VIX latest; 20D change 27.715355370472096; USDINR 20D change 0.8995466772440563; Crude 20D change 4.302699067276294,0.0,NEUTRAL,6,1.0,AVOID_EVENT_RISK,"Tech 6 | News -3 (GOVERNANCE_RISK, HIGH) | Event caution 0 | Macro -3 | Sector 0 | Analytics 1 (B) | Risk HIGH/HIGH | Negative catalyst: Resignation of Director/KMP/SMP | Analytics: Trend 1, Momentum 3, Volume 0, Liquidity -2 (0.0cr), VolRisk MEDIUM, Sector UNKNOWN 0 | News logic: Material management/auditor/governance risk.",-3,0,HIGH,Negative catalyst: Resignation of Director/KMP/SMP,,Resignation of Director/KMP/SMP,Negative catalyst: Resignation of Director/KMP/SMP,NSE Corporate Announcements,https://nsearchives.nseindia.com/corporate/VMM_ROID_98338_KMP_Doc.zip,1,0,GOVERNANCE_RISK,HIGH,3,Material management/auditor/governance risk.,0,62.0,MEDIUM,2.2,AVOID_EVENT_RISK,"AI overlay from completed recommendation outcomes; use as probability/risk input, not standalone advice."
ADANIENT,2026-09-29,2972.9,78392.0,3,NEUTRAL,50.09,-6.7736,16.26,2978.95,2998.93,2649.18,82.03,0.479,61.79,1.28,2849.85,3177.98,1.67,RSI in swing zone; MACD weak; Long-term trend positive; Bollinger position healthy; Volume expansion,CONGLOMERATE,-0.68,1.19,-6.59,0.0,2.76,2,1,1,-2,0,MEDIUM,0,,,0,-2,1.0,1.5,C,"Trend 2, Momentum 1, Volume 1, Liquidity -2 (0.0cr), VolRisk MEDIUM, Sector CONGLOMERATE 0",3,3,3,NEUTRAL,News 0; event caution 0; risk LOW; type ; confidence ; reason . ,-3,HIGH,RISK_OFF,Nifty 20D return -5.771924924783489; 60D return -6.141522169043611; India VIX latest; 20D change 27.715355370472096; USDINR 20D change 0.8995466772440563; Crude 20D change 4.302699067276294,0.0,NEUTRAL,3,1.0,NEUTRAL,"Tech 3 | News 0 (, ) | Event caution 0 | Macro -3 | Sector 0 | Analytics 1 (C) | Risk LOW/HIGH | Analytics: Trend 2, Momentum 1, Volume 1, Liquidity -2 (0.0cr), VolRisk MEDIUM, Sector CONGLOMERATE 0",0,0,LOW,,,,,,,0,0,,,0,,0,59.6,MEDIUM,1.96,NEUTRAL,"AI overlay from completed recommendation outcomes; use as probability/risk input, not standalone advice."
BAJAJCON,2026-09-29,493.0,34616.0,3,NEUTRAL,43.3,1.6099,13.95,497.55,536.96,,24.26,0.451,40.65,1.13,456.61,553.65,1.67,RSI in swing zone; MACD bullish; Weak trend; Bollinger position healthy,UNKNOWN,-3.74,6.43,-10.82,0.0,4.92,1,3,0,-2,0,MEDIUM,0,,,0,-2,1.0,1.5,C,"Trend 1, Momentum 3, Volume 0, Liquidity -2 (0.0cr), VolRisk MEDIUM, Sector UNKNOWN 0",3,3,3,NEUTRAL,News 0; event caution 0; risk LOW; type ; confidence ; reason . ,-3,HIGH,RISK_OFF,Nifty 20D return -5.771924924783489; 60D return -6.141522169043611; India VIX latest; 20D change 27.715355370472096; USDINR 20D change 0.8995466772440563; Crude 20D change 4.302699067276294,0.0,NEUTRAL,3,1.0,NEUTRAL,"Tech 3 | News 0 (, ) | Event caution 0 | Macro -3 | Sector 0 | Analytics 1 (C) | Risk LOW/HIGH | Analytics: Trend 1, Momentum 3, Volume 0, Liquidity -2 (0.0cr), VolRisk MEDIUM, Sector UNKNOWN 0",0,0,LOW,,,,,,,0,0,,,0,,0,61.7,MEDIUM,2.17,NEUTRAL,"AI overlay from completed recommendation outcomes; use as probability/risk input, not standalone advice."
PPLPHARMA,2026-09-29,209.07,60210.0,1,NEUTRAL,48.93,-0.3816,13.88,210.88,211.06,175.17,6.89,0.42,57.23,1.1,198.74,226.29,1.67,RSI in swing zone; MACD weak; Weak trend; Long-term trend positive; Bollinger position healthy,PHARMA,-0.79,-2.4,13.13,0.0,3.29,1,1,0,-2,0,MEDIUM,2,55.6,4.96,2,-2,1.0,1.5,D,"Trend 1, Momentum 1, Volume 0, Liquidity -2 (0.0cr), VolRisk MEDIUM, Sector PHARMA 2",1,1,1,NEUTRAL,News 0; event caution 0; risk LOW; type ; confidence ; reason . ,-3,HIGH,RISK_OFF,Nifty 20D return -5.771924924783489; 60D return -6.141522169043611; India VIX latest; 20D change 27.715355370472096; USDINR 20D change 0.8995466772440563; Crude 20D change 4.302699067276294,0.0,NEUTRAL,1,1.0,NEUTRAL,"Tech 1 | News 0 (, ) | Event caution 0 | Macro -3 | Sector 2 | Analytics 1 (D) | Risk LOW/HIGH | Analytics: Trend 1, Momentum 1, Volume 0, Liquidity -2 (0.0cr), VolRisk MEDIUM, Sector PHARMA 2",0,0,LOW,,,,,,,0,0,,,0,,0,61.8,MEDIUM,2.18,NEUTRAL,"AI overlay from completed recommendation outcomes; use as probability/risk input, not standalone advice."
OBEROIRLTY,2026-09-28,1830.0,37241.0,6,WATCH,51.76,10.2692,17.94,1804.47,1830.27,,53.37,0.6,76.27,1.08,1749.94,1963.44,1.67,RSI in swing zone; MACD bullish; Above SMA20; Bollinger position healthy,REALTY,-0.85,-1.93,-6.32,0.0,2.92,1,3,0,-2,0,MEDIUM,-3,33.3,-1.26,-2,-2,-0.05,1.25,C,"Trend 1, Momentum 3, Volume 0, Liquidity -2 (0.0cr), VolRisk MEDIUM, Sector REALTY -3",6,6,6,WATCH,News 0; event caution 0; risk LOW; type ; confidence ; reason . ,-3,HIGH,RISK_OFF,Nifty 20D return -5.771924924783489; 60D return -6.141522169043611; India VIX latest; 20D change 27.715355370472096; USDINR 20D change 0.8995466772440563; Crude 20D change 4.302699067276294,1.0,NEUTRAL,6,0.95,NEUTRAL,"Tech 6 | News 0 (, ) | Event caution 0 | Macro -3 | Sector -2 | Analytics -0.05 (C) | Risk LOW/HIGH | Analytics: Trend 1, Momentum 3, Volume 0, Liquidity -2 (0.0cr), VolRisk MEDIUM, Sector REALTY -3",0,0,LOW,,,,,,,0,0,,,0,,0,62.5,MEDIUM,2.2,NEUTRAL,"AI overlay from completed recommendation outcomes; use as probability/risk input, not standalone advice."
IDBI,2026-09-29,83.32,29865.0,4,WATCH,44.84,0.1471,16.18,83.38,85.76,,2.92,0.492,34.13,0.52,78.94,90.62,1.67,RSI in swing zone; MACD bullish; Bollinger position healthy,UNKNOWN,-0.08,-8.07,-3.07,0.0,3.5,0,2,-1,-2,0,MEDIUM,0,,,0,-2,-0.05,1.5,D,"Trend 0, Momentum 2, Volume -1, Liquidity -2 (0.0cr), VolRisk MEDIUM, Sector UNKNOWN 0",4,4,4,WATCH,News 0; event caution 0; risk LOW; type ; confidence ; reason . ,-3,HIGH,RISK_OFF,Nifty 20D return -5.771924924783489; 60D return -6.141522169043611; India VIX latest; 20D change 27.715355370472096; USDINR 20D change 0.8995466772440563; Crude 20D change 4.302699067276294,1.0,NEUTRAL,4,0.95,NEUTRAL,"Tech 4 | News 0 (, ) | Event caution 0 | Macro -3 | Sector 0 | Analytics -0.05 (D) | Risk LOW/HIGH | Analytics: Trend 0, Momentum 2, Volume -1, Liquidity -2 (0.0cr), VolRisk MEDIUM, Sector UNKNOWN 0",0,0,LOW,,,,,,,0,0,,,0,,0,61.5,MEDIUM,2.1,NEUTRAL,"AI overlay from completed recommendation outcomes; use as probability/risk input, not standalone advice."
JSL,2026-09-29,738.3,33116.0,3,NEUTRAL,48.79,-1.32,18.35,747.15,734.93,738.69,21.92,0.34,44.94,0.55,705.42,793.09,1.67,RSI in swing zone; MACD weak; Above SMA50; Bollinger position healthy,UNKNOWN,-2.67,0.06,6.16,0.0,2.97,3,1,-1,-2,0,MEDIUM,0,,,0,-2,0.95,1.5,D,"Trend 3, Momentum 1, Volume -1, Liquidity -2 (0.0cr), VolRisk MEDIUM, Sector UNKNOWN 0",3,3,3,NEUTRAL,News 0; event caution 0; risk LOW; type ; confidence ; reason . ,-3,HIGH,RISK_OFF,Nifty 20D return -5.771924924783489; 60D return -6.141522169043611; India VIX latest; 20D change 27.715355370472096; USDINR 20D change 0.8995466772440563; Crude 20D change 4.302699067276294,0.0,NEUTRAL,3,0.95,NEUTRAL,"Tech 3 | News 0 (, ) | Event caution 0 | Macro -3 | Sector 0 | Analytics 0.95 (D) | Risk LOW/HIGH | Analytics: Trend 3, Momentum 1, Volume -1, Liquidity -2 (0.0cr), VolRisk MEDIUM, Sector UNKNOWN 0",0,0,LOW,,,,,,,0,0,,,0,,0,61.2,MEDIUM,2.07,NEUTRAL,"AI overlay from completed recommendation outcomes; use as probability/risk input, not standalone advice."
SUVEN,2026-09-29,324.75,28806.0,3,NEUTRAL,41.89,-5.1317,33.21,353.22,320.84,,23.99,0.259,5.7,0.98,288.77,384.72,1.67,RSI in swing zone; MACD weak; Trend strength acceptable; Above SMA50; Bollinger position healthy,UNKNOWN,-14.17,1.69,18.55,0.0,7.39,4,0,0,-2,-1,HIGH,0,,,0,-3,0.95,1.0,D,"Trend 4, Momentum 0, Volume 0, Liquidity -2 (0.0cr), VolRisk HIGH, Sector UNKNOWN 0",3,3,3,NEUTRAL,News 0; event caution 0; risk LOW; type ; confidence ; reason . ,-3,HIGH,RISK_OFF,Nifty 20D return -5.771924924783489; 60D return -6.141522169043611; India VIX latest; 20D change 27.715355370472096; USDINR 20D change 0.8995466772440563; Crude 20D change 4.302699067276294,0.0,NEUTRAL,3,0.95,NEUTRAL,"Tech 3 | News 0 (, ) | Event caution 0 | Macro -3 | Sector 0 | Analytics 0.95 (D) | Risk LOW/HIGH | Analytics: Trend 4, Momentum 0, Volume 0, Liquidity -2 (0.0cr), VolRisk HIGH, Sector UNKNOWN 0",0,0,LOW,,,,,,,0,0,,,0,,0,62.9,MEDIUM,2.24,NEUTRAL,"AI overlay from completed recommendation outcomes; use as probability/risk input, not standalone advice."
JAYNECOIND,2026-09-29,92.66,35747.0,3,NEUTRAL,49.62,-0.6036,21.34,94.92,91.3,,4.88,0.39,40.26,0.74,85.33,104.87,1.67,RSI in swing zone; MACD weak; Above SMA50; Bollinger position healthy,UNKNOWN,2.18,2.69,-6.89,0.0,5.27,3,1,0,-2,-1,HIGH,0,,,0,-3,0.85,1.0,D,"Trend 3, Momentum 1, Volume 0, Liquidity -2 (0.0cr), VolRisk HIGH, Sector UNKNOWN 0",3,3,3,NEUTRAL,News 0; event caution 0; risk LOW; type ; confidence ; reason . ,-3,HIGH,RISK_OFF,Nifty 20D return -5.771924924783489; 60D return -6.141522169043611; India VIX latest; 20D change 27.715355370472096; USDINR 20D change 0.8995466772440563; Crude 20D change 4.302699067276294,0.0,NEUTRAL,3,0.85,NEUTRAL,"Tech 3 | News 0 (, ) | Event caution 0 | Macro -3 | Sector 0 | Analytics 0.85 (D) | Risk LOW/HIGH | Analytics: Trend 3, Momentum 1, Volume 0, Liquidity -2 (0.0cr), VolRisk HIGH, Sector UNKNOWN 0",0,0,LOW,,,,,,,0,0,,,0,,0,64.0,MEDIUM,2.25,NEUTRAL,"AI overlay from completed recommendation outcomes; use as probability/risk input, not standalone advice."
CARTRADE,2026-09-29,2907.5,31884.0,3,NEUTRAL,44.5,-15.1954,25.9,3006.28,2945.72,2280.14,132.19,0.216,20.97,0.79,2709.21,3237.98,1.67,RSI in swing zone; MACD weak; Trend strength acceptable; Long-term trend positive; Bollinger position healthy,UNKNOWN,-3.14,-3.09,3.87,0.0,4.55,3,0,0,-2,0,MEDIUM,0,,,0,-2,0.85,1.5,D,"Trend 3, Momentum 0, Volume 0, Liquidity -2 (0.0cr), VolRisk MEDIUM, Sector UNKNOWN 0",3,3,3,NEUTRAL,News 0; event caution 0; risk LOW; type ; confidence ; reason . ,-3,HIGH,RISK_OFF,Nifty 20D return -5.771924924783489; 60D return -6.141522169043611; India VIX latest; 20D change 27.715355370472096; USDINR 20D change 0.8995466772440563; Crude 20D change 4.302699067276294,0.0,NEUTRAL,3,0.85,NEUTRAL,"Tech 3 | News 0 (, ) | Event caution 0 | Macro -3 | Sector 0 | Analytics 0.85 (D) | Risk LOW/HIGH | Analytics: Trend 3, Momentum 0, Volume 0, Liquidity -2 (0.0cr), VolRisk MEDIUM, Sector UNKNOWN 0",0,0,LOW,,,,,,,0,0,,,0,,0,61.3,MEDIUM,1.98,NEUTRAL,"AI overlay from completed recommendation outcomes; use as probability/risk input, not standalone advice."
SBCL,2026-09-23,1156.0,22165.0,3,NEUTRAL,66.34,-5.6973,46.93,1074.59,879.18,,74.03,0.851,76.91,0.47,1044.96,1341.07,1.67,MACD weak; Trend strength acceptable; Above SMA20; Above SMA50,UNKNOWN,1.72,25.53,95.17,0.0,6.4,5,-1,-1,-2,-1,HIGH,0,,,0,-3,0.8,1.0,D,"Trend 5, Momentum -1, Volume -1, Liquidity -2 (0.0cr), VolRisk HIGH, Sector UNKNOWN 0",3,3,3,NEUTRAL,News 0; event caution 0; risk LOW; type ; confidence ; reason . ,-3,HIGH,RISK_OFF,Nifty 20D return -5.771924924783489; 60D return -6.141522169043611; India VIX latest; 20D change 27.715355370472096; USDINR 20D change 0.8995466772440563; Crude 20D change 4.302699067276294,0.0,NEUTRAL,3,0.8,NEUTRAL,"Tech 3 | News 0 (, ) | Event caution 0 | Macro -3 | Sector 0 | Analytics 0.8 (D) | Risk LOW/HIGH | Analytics: Trend 5, Momentum -1, Volume -1, Liquidity -2 (0.0cr), VolRisk HIGH, Sector UNKNOWN 0",0,0,LOW,,,,,,,0,0,,,0,,0,59.9,MEDIUM,1.79,NEUTRAL,"AI overlay from completed recommendation outcomes; use as probability/risk input, not standalone advice."
INOXINDIA,2026-09-29,2070.4,42120.0,3,NEUTRAL,47.69,-13.6007,19.73,2148.26,2059.54,,102.89,0.301,36.49,0.96,1916.07,2327.62,1.67,RSI in swing zone; MACD weak; Above SMA50; Bollinger position healthy,UNKNOWN,-4.54,-4.86,4.13,0.0,4.97,2,1,0,-2,0,MEDIUM,0,,,0,-2,0.75,1.5,D,"Trend 2, Momentum 1, Volume 0, Liquidity -2 (0.0cr), VolRisk MEDIUM, Sector UNKNOWN 0",3,3,3,NEUTRAL,News 0; event caution 0; risk LOW; type ; confidence ; reason . ,-3,HIGH,RISK_OFF,Nifty 20D return -5.771924924783489; 60D return -6.141522169043611; India VIX latest; 20D change 27.715355370472096; USDINR 20D change 0.8995466772440563; Crude 20D change 4.302699067276294,0.0,NEUTRAL,3,0.75,NEUTRAL,"Tech 3 | News 0 (, ) | Event caution 0 | Macro -3 | Sector 0 | Analytics 0.75 (D) | Risk LOW/HIGH | Analytics: Trend 2, Momentum 1, Volume 0, Liquidity -2 (0.0cr), VolRisk MEDIUM, Sector UNKNOWN 0",0,0,LOW,,,,,,,0,0,,,0,,0,61.6,MEDIUM,1.91,NEUTRAL,"AI overlay from completed recommendation outcomes; use as probability/risk input, not standalone advice."
KWIL,2026-09-29,41.0,38450.0,3,NEUTRAL,48.2,-0.2508,17.01,41.48,40.59,,1.99,0.368,37.35,0.93,38.01,45.98,1.67,RSI in swing zone; MACD weak; Above SMA50; Bollinger position healthy,UNKNOWN,-2.19,-2.66,20.69,0.0,4.86,2,1,0,-2,0,MEDIUM,0,,,0,-2,0.75,1.5,D,"Trend 2, Momentum 1, Volume 0, Liquidity -2 (0.0cr), VolRisk MEDIUM, Sector UNKNOWN 0",3,3,3,NEUTRAL,News 0; event caution 0; risk LOW; type ; confidence ; reason . ,-3,HIGH,RISK_OFF,Nifty 20D return -5.771924924783489; 60D return -6.141522169043611; India VIX latest; 20D change 27.715355370472096; USDINR 20D change 0.8995466772440563; Crude 20D change 4.302699067276294,0.0,NEUTRAL,3,0.75,NEUTRAL,"Tech 3 | News 0 (, ) | Event caution 0 | Macro -3 | Sector 0 | Analytics 0.75 (D) | Risk LOW/HIGH | Analytics: Trend 2, Momentum 1, Volume 0, Liquidity -2 (0.0cr), VolRisk MEDIUM, Sector UNKNOWN 0",0,0,LOW,,,,,,,0,0,,,0,,0,63.6,MEDIUM,2.11,NEUTRAL,"AI overlay from completed recommendation outcomes; use as probability/risk input, not standalone advice."
IKS,2026-09-29,1779.4,28868.0,3,NEUTRAL,48.06,-2.6591,18.24,1798.05,1773.17,,81.63,0.417,25.11,1.01,1656.95,1983.48,1.67,RSI in swing zone; MACD weak; Above SMA50; Bollinger position healthy,UNKNOWN,-4.8,-3.76,26.04,0.0,4.59,2,1,0,-2,0,MEDIUM,0,,,0,-2,0.75,1.5,D,"Trend 2, Momentum 1, Volume 0, Liquidity -2 (0.0cr), VolRisk MEDIUM, Sector UNKNOWN 0",3,3,3,NEUTRAL,News 0; event caution 0; risk LOW; type ; confidence ; reason . ,-3,HIGH,RISK_OFF,Nifty 20D return -5.771924924783489; 60D return -6.141522169043611; India VIX latest; 20D change 27.715355370472096; USDINR 20D change 0.8995466772440563; Crude 20D change 4.302699067276294,0.0,NEUTRAL,3,0.75,NEUTRAL,"Tech 3 | News 0 (, ) | Event caution 0 | Macro -3 | Sector 0 | Analytics 0.75 (D) | Risk LOW/HIGH | Analytics: Trend 2, Momentum 1, Volume 0, Liquidity -2 (0.0cr), VolRisk MEDIUM, Sector UNKNOWN 0",0,0,LOW,,,,,,,0,0,,,0,,0,62.1,MEDIUM,1.96,NEUTRAL,"AI overlay from completed recommendation outcomes; use as probability/risk input, not standalone advice."
BRIGADE,2026-09-27,597.9,20094.0,3,NEUTRAL,42.83,-9.063,30.99,638.4,587.77,,32.5,0.249,1.79,0.51,549.15,679.15,1.67,RSI in swing zone; MACD weak; Trend strength acceptable; Above SMA50; Bollinger position healthy,UNKNOWN,-12.97,2.74,-16.82,0.0,5.44,4,0,-1,-2,-1,HIGH,0,,,0,-3,0.7,1.0,D,"Trend 4, Momentum 0, Volume -1, Liquidity -2 (0.0cr), VolRisk HIGH, Sector UNKNOWN 0",3,3,3,NEUTRAL,News 0; event caution 0; risk LOW; type ; confidence ; reason . ,-3,HIGH,RISK_OFF,Nifty 20D return -5.771924924783489; 60D return -6.141522169043611; India VIX latest; 20D change 27.715355370472096; USDINR 20D change 0.8995466772440563; Crude 20D change 4.302699067276294,0.0,NEUTRAL,3,0.7,NEUTRAL,"Tech 3 | News 0 (, ) | Event caution 0 | Macro -3 | Sector 0 | Analytics 0.7 (D) | Risk LOW/HIGH | Analytics: Trend 4, Momentum 0, Volume -1, Liquidity -2 (0.0cr), VolRisk HIGH, Sector UNKNOWN 0",0,0,LOW,,,,,,,0,0,,,0,,0,59.6,MEDIUM,1.66,NEUTRAL,"AI overlay from completed recommendation outcomes; use as probability/risk input, not standalone advice."
PRICOLLTD,2026-09-15,740.75,29322.0,2,NEUTRAL,47.65,-10.2979,41.33,773.4,692.98,,31.73,0.153,4.37,0.96,693.15,820.08,1.67,RSI in swing zone; MACD weak; Trend strength acceptable; Above SMA50,UNKNOWN,-3.88,0.39,20.51,0.0,4.28,4,1,0,-2,0,MEDIUM,0,,,0,-2,1.65,1.5,D,"Trend 4, Momentum 1, Volume 0, Liquidity -2 (0.0cr), VolRisk MEDIUM, Sector UNKNOWN 0",2,2,2,NEUTRAL,News 0; event caution 0; risk LOW; type ; confidence ; reason . ,-3,HIGH,RISK_OFF,Nifty 20D return -5.771924924783489; 60D return -6.141522169043611; India VIX latest; 20D change 27.715355370472096; USDINR 20D change 0.8995466772440563; Crude 20D change 4.302699067276294,-1.0,NEUTRAL,2,0.65,NEUTRAL,"Tech 2 | News 0 (, ) | Event caution 0 | Macro -3 | Sector 0 | Analytics 1.65 (D) | Risk LOW/HIGH | Analytics: Trend 4, Momentum 1, Volume 0, Liquidity -2 (0.0cr), VolRisk MEDIUM, Sector UNKNOWN 0",0,0,LOW,,,,,,,0,0,,,0,,0,60.5,MEDIUM,1.7,NEUTRAL,"AI overlay from completed recommendation outcomes; use as probability/risk input, not standalone advice."
AMAGI,2026-09-22,581.1,35902.0,3,NEUTRAL,48.39,-9.4481,34.56,613.81,554.64,,43.43,0.298,18.43,0.59,515.95,689.68,1.67,RSI in swing zone; MACD weak; Trend strength acceptable; Above SMA50; Bollinger position healthy,UNKNOWN,-3.13,-11.77,54.12,0.0,7.47,3,1,-1,-2,-1,HIGH,0,,,0,-3,0.6,1.0,D,"Trend 3, Momentum 1, Volume -1, Liquidity -2 (0.0cr), VolRisk HIGH, Sector UNKNOWN 0",3,3,3,NEUTRAL,News 0; event caution 0; risk LOW; type ; confidence ; reason . ,-3,HIGH,RISK_OFF,Nifty 20D return -5.771924924783489; 60D return -6.141522169043611; India VIX latest; 20D change 27.715355370472096; USDINR 20D change 0.8995466772440563; Crude 20D change 4.302699067276294,0.0,NEUTRAL,3,0.6,NEUTRAL,"Tech 3 | News 0 (, ) | Event caution 0 | Macro -3 | Sector 0 | Analytics 0.6 (D) | Risk LOW/HIGH | Analytics: Trend 3, Momentum 1, Volume -1, Liquidity -2 (0.0cr), VolRisk HIGH, Sector UNKNOWN 0",0,0,LOW,,,,,,,0,0,,,0,,0,62.5,MEDIUM,1.85,NEUTRAL,"AI overlay from completed recommendation outcomes; use as probability/risk input, not standalone advice."
HINDPETRO,2026-09-29,349.2,79595.0,6,WATCH,42.12,0.131,31.98,352.39,365.98,382.27,8.49,0.341,42.86,1.93,336.46,370.43,1.67,RSI in swing zone; MACD bullish; Trend strength acceptable; Bollinger position healthy; Volume expansion,OIL_GAS,-3.0,-2.05,-14.19,0.0,2.43,1,2,1,-2,1,LOW,-2,0.0,1.4,-2,-1,0.55,1.25,C,"Trend 1, Momentum 2, Volume 1, Liquidity -2 (0.0cr), VolRisk LOW, Sector OIL_GAS -2",6,5,5,WATCH,News 0; event caution -1; risk MEDIUM; type GENERIC_NEWS; confidence LOW; reason No material catalyst/event taxonomy match.. Upcoming event caution: HPCL dividend FY26: Firm announces final payout of ₹19.25/share; check record date - Upstox,-3,HIGH,RISK_OFF,Nifty 20D return -5.771924924783489; 60D return -6.141522169043611; India VIX latest; 20D change 27.715355370472096; USDINR 20D change 0.8995466772440563; Crude 20D change 4.302699067276294,0.0,NEUTRAL,6,0.55,NEUTRAL,"Tech 6 | News 0 (GENERIC_NEWS, LOW) | Event caution -1 | Macro -3 | Sector -2 | Analytics 0.55 (C) | Risk MEDIUM/HIGH | Analytics: Trend 1, Momentum 2, Volume 1, Liquidity -2 (0.0cr), VolRisk LOW, Sector OIL_GAS -2 | News logic: No material catalyst/event taxonomy match. | Upcoming event caution: HPCL dividend FY26: Firm announces final payout of ₹19.25/share; check record date - Upstox",0,-1,MEDIUM,,Upcoming event caution: HPCL dividend FY26: Firm announces final payout of ₹19.25/share; check record date - Upstox,General Updates,Upcoming event caution: HPCL dividend FY26: Firm announces final payout of ₹19.25/share; check record date - Upstox,NSE Corporate Announcements,https://nsearchives.nseindia.com/corporate/HINDPETRO1_26092026202307_ESG_Ratings-_SES_ESG_rating.pdf,0,1,GENERIC_NEWS,LOW,0,No material catalyst/event taxonomy match.,0,53.2,LOW,0.87,NEUTRAL,"AI overlay from completed recommendation outcomes; use as probability/risk input, not standalone advice."
APTUS,2026-09-29,233.34,54864.0,3,NEUTRAL,34.97,0.2184,30.04,246.29,260.63,,8.39,0.092,9.18,1.41,220.75,254.32,1.67,RSI oversold rebound candidate; MACD bullish; Trend strength acceptable; Volume expansion,UNKNOWN,-3.61,-9.32,-11.98,0.0,3.6,1,1,1,-2,0,MEDIUM,0,,,0,-2,0.55,1.5,D,"Trend 1, Momentum 1, Volume 1, Liquidity -2 (0.0cr), VolRisk MEDIUM, Sector UNKNOWN 0",3,3,3,NEUTRAL,News 0; event caution 0; risk LOW; type ; confidence ; reason . ,-3,HIGH,RISK_OFF,Nifty 20D return -5.771924924783489; 60D return -6.141522169043611; India VIX latest; 20D change 27.715355370472096; USDINR 20D change 0.8995466772440563; Crude 20D change 4.302699067276294,0.0,NEUTRAL,3,0.55,NEUTRAL,"Tech 3 | News 0 (, ) | Event caution 0 | Macro -3 | Sector 0 | Analytics 0.55 (D) | Risk LOW/HIGH | Analytics: Trend 1, Momentum 1, Volume 1, Liquidity -2 (0.0cr), VolRisk MEDIUM, Sector UNKNOWN 0",0,0,LOW,,,,,,,0,0,,,0,,0,60.4,MEDIUM,1.59,NEUTRAL,"AI overlay from completed recommendation outcomes; use as probability/risk input, not standalone advice."
ECLERX,2026-09-28,1816.2,24066.0,3,NEUTRAL,43.57,-17.1353,24.34,1901.82,1793.26,,96.94,0.21,3.91,0.83,1670.79,2058.55,1.67,RSI in swing zone; MACD weak; Trend strength acceptable; Above SMA50; Bollinger position healthy,UNKNOWN,-4.7,-3.0,26.18,0.0,5.34,3,0,0,-2,-1,HIGH,0,,,0,-3,0.5,1.0,D,"Trend 3, Momentum 0, Volume 0, Liquidity -2 (0.0cr), VolRisk HIGH, Sector UNKNOWN 0",3,3,3,NEUTRAL,News 0; event caution 0; risk LOW; type ; confidence ; reason . ,-3,HIGH,RISK_OFF,Nifty 20D return -5.771924924783489; 60D return -6.141522169043611; India VIX latest; 20D change 27.715355370472096; USDINR 20D change 0.8995466772440563; Crude 20D change 4.302699067276294,0.0,NEUTRAL,3,0.5,NEUTRAL,"Tech 3 | News 0 (, ) | Event caution 0 | Macro -3 | Sector 0 | Analytics 0.5 (D) | Risk LOW/HIGH | Analytics: Trend 3, Momentum 0, Volume 0, Liquidity -2 (0.0cr), VolRisk HIGH, Sector UNKNOWN 0",0,0,LOW,,,,,,,0,0,,,0,,0,62.4,MEDIUM,1.74,NEUTRAL,"AI overlay from completed recommendation outcomes; use as probability/risk input, not standalone advice."
RATNAVEER,2026-09-29,331.15,33181.0,2,NEUTRAL,69.06,-0.3304,38.4,310.16,264.12,,20.63,0.777,81.62,0.55,300.21,382.72,1.67,MACD weak; Trend strength acceptable; Above SMA20; Above SMA50,UNKNOWN,-0.08,8.21,85.66,0.0,6.23,5,1,-1,-2,-1,HIGH,0,,,0,-3,1.5,1.0,D,"Trend 5, Momentum 1, Volume -1, Liquidity -2 (0.0cr), VolRisk HIGH, Sector UNKNOWN 0",2,2,2,NEUTRAL,News 0; event caution 0; risk LOW; type ; confidence ; reason . ,-3,HIGH,RISK_OFF,Nifty 20D return -5.771924924783489; 60D return -6.141522169043611; India VIX latest; 20D change 27.715355370472096; USDINR 20D change 0.8995466772440563; Crude 20D change 4.302699067276294,-1.0,NEUTRAL,2,0.5,NEUTRAL,"Tech 2 | News 0 (, ) | Event caution 0 | Macro -3 | Sector 0 | Analytics 1.5 (D) | Risk LOW/HIGH | Analytics: Trend 5, Momentum 1, Volume -1, Liquidity -2 (0.0cr), VolRisk HIGH, Sector UNKNOWN 0",0,0,LOW,,,,,,,0,0,,,0,,0,60.7,MEDIUM,1.57,NEUTRAL,"AI overlay from completed recommendation outcomes; use as probability/risk input, not standalone advice."
TENNIND,2026-09-29,508.6,55249.0,3,NEUTRAL,39.86,1.6553,18.95,517.12,537.08,,16.45,0.21,23.38,1.61,483.93,549.72,1.67,MACD bullish; Bollinger position healthy; Volume expansion,UNKNOWN,-1.06,-5.38,-15.79,0.0,3.23,0,2,1,-2,0,MEDIUM,0,,,0,-2,0.45,1.5,D,"Trend 0, Momentum 2, Volume 1, Liquidity -2 (0.0cr), VolRisk MEDIUM, Sector UNKNOWN 0",3,3,3,NEUTRAL,News 0; event caution 0; risk LOW; type ; confidence ; reason . ,-3,HIGH,RISK_OFF,Nifty 20D return -5.771924924783489; 60D return -6.141522169043611; India VIX latest; 20D change 27.715355370472096; USDINR 20D change 0.8995466772440563; Crude 20D change 4.302699067276294,0.0,NEUTRAL,3,0.45,NEUTRAL,"Tech 3 | News 0 (, ) | Event caution 0 | Macro -3 | Sector 0 | Analytics 0.45 (D) | Risk LOW/HIGH | Analytics: Trend 0, Momentum 2, Volume 1, Liquidity -2 (0.0cr), VolRisk MEDIUM, Sector UNKNOWN 0",0,0,LOW,,,,,,,0,0,,,0,,0,60.1,MEDIUM,1.46,NEUTRAL,"AI overlay from completed recommendation outcomes; use as probability/risk input, not standalone advice."
RAYMOND,2026-09-29,1185.75,48817.0,3,NEUTRAL,82.72,5.3762,70.98,1025.22,762.49,,77.62,0.801,87.47,0.23,1069.31,1379.81,1.67,RSI overbought; MACD bullish; Trend strength acceptable; Above SMA20; Above SMA50,UNKNOWN,6.38,60.05,212.08,0.01,6.55,5,-2,-1,-2,-1,HIGH,0,,,0,-3,0.45,1.0,D,"Trend 5, Momentum -2, Volume -1, Liquidity -2 (0.01cr), VolRisk HIGH, Sector UNKNOWN 0",3,3,3,NEUTRAL,News 0; event caution 0; risk LOW; type ; confidence ; reason . ,-3,HIGH,RISK_OFF,Nifty 20D return -5.771924924783489; 60D return -6.141522169043611; India VIX latest; 20D change 27.715355370472096; USDINR 20D change 0.8995466772440563; Crude 20D change 4.302699067276294,0.0,NEUTRAL,3,0.45,NEUTRAL,"Tech 3 | News 0 (, ) | Event caution 0 | Macro -3 | Sector 0 | Analytics 0.45 (D) | Risk LOW/HIGH | Analytics: Trend 5, Momentum -2, Volume -1, Liquidity -2 (0.01cr), VolRisk HIGH, Sector UNKNOWN 0",0,0,LOW,,,,,,,0,0,,,0,,0,61.1,MEDIUM,1.56,NEUTRAL,"AI overlay from completed recommendation outcomes; use as probability/risk input, not standalone advice."
DIACABS,2026-08-03,322.85,28910.0,3,NEUTRAL,78.04,4.1646,53.96,274.5,234.49,,19.21,0.777,84.7,0.43,294.03,370.88,1.67,RSI overbought; MACD bullish; Trend strength acceptable; Above SMA20; Above SMA50,UNKNOWN,0.45,40.98,66.85,0.0,5.95,5,-2,-1,-2,-1,HIGH,0,,,0,-3,0.45,1.0,D,"Trend 5, Momentum -2, Volume -1, Liquidity -2 (0.0cr), VolRisk HIGH, Sector UNKNOWN 0",3,3,3,NEUTRAL,News 0; event caution 0; risk LOW; type ; confidence ; reason . ,-3,HIGH,RISK_OFF,Nifty 20D return -5.771924924783489; 60D return -6.141522169043611; India VIX latest; 20D change 27.715355370472096; USDINR 20D change 0.8995466772440563; Crude 20D change 4.302699067276294,0.0,NEUTRAL,3,0.45,NEUTRAL,"Tech 3 | News 0 (, ) | Event caution 0 | Macro -3 | Sector 0 | Analytics 0.45 (D) | Risk LOW/HIGH | Analytics: Trend 5, Momentum -2, Volume -1, Liquidity -2 (0.0cr), VolRisk HIGH, Sector UNKNOWN 0",0,0,LOW,,,,,,,0,0,,,0,,0,62.3,MEDIUM,1.68,NEUTRAL,"AI overlay from completed recommendation outcomes; use as probability/risk input, not standalone advice."
TBZ,2026-09-16,547.5,25563.0,3,NEUTRAL,83.08,10.3059,58.42,403.85,300.56,,39.26,0.811,88.38,0.4,488.62,645.64,1.67,RSI overbought; MACD bullish; Trend strength acceptable; Above SMA20; Above SMA50,UNKNOWN,9.23,90.3,,0.0,7.17,5,-2,-1,-2,-1,HIGH,0,,,0,-3,0.45,1.0,D,"Trend 5, Momentum -2, Volume -1, Liquidity -2 (0.0cr), VolRisk HIGH, Sector UNKNOWN 0",3,3,3,NEUTRAL,News 0; event caution 0; risk LOW; type ; confidence ; reason . ,-3,HIGH,RISK_OFF,Nifty 20D return -5.771924924783489; 60D return -6.141522169043611; India VIX latest; 20D change 27.715355370472096; USDINR 20D change 0.8995466772440563; Crude 20D change 4.302699067276294,0.0,NEUTRAL,3,0.45,NEUTRAL,"Tech 3 | News 0 (, ) | Event caution 0 | Macro -3 | Sector 0 | Analytics 0.45 (D) | Risk LOW/HIGH | Analytics: Trend 5, Momentum -2, Volume -1, Liquidity -2 (0.0cr), VolRisk HIGH, Sector UNKNOWN 0",0,0,LOW,,,,,,,0,0,,,0,,0,64.6,MEDIUM,1.91,NEUTRAL,"AI overlay from completed recommendation outcomes; use as probability/risk input, not standalone advice."
WELCORP,2026-09-29,2842.0,145547.0,1,NEUTRAL,63.44,-4.2671,37.08,2673.03,2341.19,,139.74,0.83,91.21,1.19,2632.39,3191.35,1.67,MACD weak; Trend strength acceptable; Above SMA20; Above SMA50,UNKNOWN,1.62,9.7,79.7,0.01,4.92,5,2,0,-2,0,MEDIUM,0,,,0,-2,2.45,1.5,D,"Trend 5, Momentum 2, Volume 0, Liquidity -2 (0.01cr), VolRisk MEDIUM, Sector UNKNOWN 0",1,1,1,NEUTRAL,News 0; event caution 0; risk LOW; type ; confidence ; reason . ,-3,HIGH,RISK_OFF,Nifty 20D return -5.771924924783489; 60D return -6.141522169043611; India VIX latest; 20D change 27.715355370472096; USDINR 20D change 0.8995466772440563; Crude 20D change 4.302699067276294,-2.0,NEUTRAL,1,0.45,NEUTRAL,"Tech 1 | News 0 (, ) | Event caution 0 | Macro -3 | Sector 0 | Analytics 2.45 (D) | Risk LOW/HIGH | Analytics: Trend 5, Momentum 2, Volume 0, Liquidity -2 (0.01cr), VolRisk MEDIUM, Sector UNKNOWN 0",0,0,LOW,,,,,,,0,0,,,0,,0,60.6,MEDIUM,1.51,NEUTRAL,"AI overlay from completed recommendation outcomes; use as probability/risk input, not standalone advice."
MCX,2026-09-29,3232.0,134527.0,5,WATCH,48.42,-12.7546,21.52,3286.93,3139.6,2848.96,115.3,0.274,41.29,1.34,3059.04,3520.26,1.67,RSI in swing zone; MACD weak; Above SMA50; Long-term trend positive; Bollinger position healthy,FINANCIALS,-4.21,-1.33,15.38,0.01,3.57,3,1,1,-2,0,MEDIUM,-3,22.7,-2.14,-2,-2,0.4,1.25,C,"Trend 3, Momentum 1, Volume 1, Liquidity -2 (0.01cr), VolRisk MEDIUM, Sector FINANCIALS -3",5,5,5,WATCH,News 0; event caution 0; risk LOW; type ; confidence ; reason . ,-3,HIGH,RISK_OFF,Nifty 20D return -5.771924924783489; 60D return -6.141522169043611; India VIX latest; 20D change 27.715355370472096; USDINR 20D change 0.8995466772440563; Crude 20D change 4.302699067276294,0.0,NEUTRAL,5,0.4,NEUTRAL,"Tech 5 | News 0 (, ) | Event caution 0 | Macro -3 | Sector -2 | Analytics 0.4 (C) | Risk LOW/HIGH | Analytics: Trend 3, Momentum 1, Volume 1, Liquidity -2 (0.01cr), VolRisk MEDIUM, Sector FINANCIALS -3",0,0,LOW,,,,,,,0,0,,,0,,0,60.6,MEDIUM,1.46,NEUTRAL,"AI overlay from completed recommendation outcomes; use as probability/risk input, not standalone advice."
PARAS,2026-09-29,1325.0,44130.0,3,NEUTRAL,40.67,-9.771,22.86,1389.32,1392.95,1013.08,59.01,0.236,37.51,1.0,1236.49,1472.51,1.67,RSI in swing zone; MACD weak; Trend strength acceptable; Long-term trend positive; Bollinger position healthy,UNKNOWN,-4.07,-6.35,8.38,0.0,4.45,2,0,0,-2,0,MEDIUM,0,,,0,-2,0.4,1.5,D,"Trend 2, Momentum 0, Volume 0, Liquidity -2 (0.0cr), VolRisk MEDIUM, Sector UNKNOWN 0",3,3,3,NEUTRAL,News 0; event caution 0; risk LOW; type ; confidence ; reason . ,-3,HIGH,RISK_OFF,Nifty 20D return -5.771924924783489; 60D return -6.141522169043611; India VIX latest; 20D change 27.715355370472096; USDINR 20D change 0.8995466772440563; Crude 20D change 4.302699067276294,0.0,NEUTRAL,3,0.4,NEUTRAL,"Tech 3 | News 0 (, ) | Event caution 0 | Macro -3 | Sector 0 | Analytics 0.4 (D) | Risk LOW/HIGH | Analytics: Trend 2, Momentum 0, Volume 0, Liquidity -2 (0.0cr), VolRisk MEDIUM, Sector UNKNOWN 0",0,0,LOW,,,,,,,0,0,,,0,,0,61.3,MEDIUM,1.53,NEUTRAL,"AI overlay from completed recommendation outcomes; use as probability/risk input, not standalone advice."
SAMHI,2026-09-21,160.26,37901.0,3,NEUTRAL,47.44,-1.3923,19.53,166.32,158.67,,10.54,0.349,32.61,1.12,144.45,186.61,1.67,RSI in swing zone; MACD weak; Above SMA50; Bollinger position healthy,UNKNOWN,2.03,-13.01,,0.0,6.58,2,1,0,-2,-1,HIGH,0,,,0,-3,0.4,1.0,D,"Trend 2, Momentum 1, Volume 0, Liquidity -2 (0.0cr), VolRisk HIGH, Sector UNKNOWN 0",3,3,3,NEUTRAL,News 0; event caution 0; risk LOW; type ; confidence ; reason . ,-3,HIGH,RISK_OFF,Nifty 20D return -5.771924924783489; 60D return -6.141522169043611; India VIX latest; 20D change 27.715355370472096; USDINR 20D change 0.8995466772440563; Crude 20D change 4.302699067276294,0.0,NEUTRAL,3,0.4,NEUTRAL,"Tech 3 | News 0 (, ) | Event caution 0 | Macro -3 | Sector 0 | Analytics 0.4 (D) | Risk LOW/HIGH | Analytics: Trend 2, Momentum 1, Volume 0, Liquidity -2 (0.0cr), VolRisk HIGH, Sector UNKNOWN 0",0,0,LOW,,,,,,,0,0,,,0,,0,63.4,MEDIUM,1.74,NEUTRAL,"AI overlay from completed recommendation outcomes; use as probability/risk input, not standalone advice."
HYUNDAI,2026-09-29,2100.0,35218.0,3,NEUTRAL,43.84,-9.0002,24.21,2149.66,2186.85,2008.94,60.67,0.257,40.63,0.91,2009.0,2251.67,1.67,RSI in swing zone; MACD weak; Trend strength acceptable; Long-term trend positive; Bollinger position healthy,UNKNOWN,0.24,-4.76,5.35,0.0,2.89,2,0,0,-2,0,MEDIUM,0,,,0,-2,0.4,1.5,D,"Trend 2, Momentum 0, Volume 0, Liquidity -2 (0.0cr), VolRisk MEDIUM, Sector UNKNOWN 0",3,3,3,NEUTRAL,News 0; event caution 0; risk LOW; type ; confidence ; reason . ,-3,HIGH,RISK_OFF,Nifty 20D return -5.771924924783489; 60D return -6.141522169043611; India VIX latest; 20D change 27.715355370472096; USDINR 20D change 0.8995466772440563; Crude 20D change 4.302699067276294,0.0,NEUTRAL,3,0.4,NEUTRAL,"Tech 3 | News 0 (, ) | Event caution 0 | Macro -3 | Sector 0 | Analytics 0.4 (D) | Risk LOW/HIGH | Analytics: Trend 2, Momentum 0, Volume 0, Liquidity -2 (0.0cr), VolRisk MEDIUM, Sector UNKNOWN 0",0,0,LOW,,,,,,,0,0,,,0,,0,59.1,MEDIUM,1.31,NEUTRAL,"AI overlay from completed recommendation outcomes; use as probability/risk input, not standalone advice."
AAVAS,2026-09-03,1297.8,28673.0,3,NEUTRAL,48.35,-20.5202,21.3,1359.08,1255.0,,72.52,0.327,20.47,0.78,1189.03,1479.09,1.67,RSI in swing zone; MACD weak; Above SMA50; Bollinger position healthy,UNKNOWN,1.75,-8.04,-6.28,0.0,5.59,2,1,0,-2,-1,HIGH,0,,,0,-3,0.4,1.0,D,"Trend 2, Momentum 1, Volume 0, Liquidity -2 (0.0cr), VolRisk HIGH, Sector UNKNOWN 0",3,3,3,NEUTRAL,News 0; event caution 0; risk LOW; type ; confidence ; reason . ,-3,HIGH,RISK_OFF,Nifty 20D return -5.771924924783489; 60D return -6.141522169043611; India VIX latest; 20D change 27.715355370472096; USDINR 20D change 0.8995466772440563; Crude 20D change 4.302699067276294,0.0,NEUTRAL,3,0.4,NEUTRAL,"Tech 3 | News 0 (, ) | Event caution 0 | Macro -3 | Sector 0 | Analytics 0.4 (D) | Risk LOW/HIGH | Analytics: Trend 2, Momentum 1, Volume 0, Liquidity -2 (0.0cr), VolRisk HIGH, Sector UNKNOWN 0",0,0,LOW,,,,,,,0,0,,,0,,0,61.8,MEDIUM,1.58,NEUTRAL,"AI overlay from completed recommendation outcomes; use as probability/risk input, not standalone advice."
AFFLE,2026-09-20,1603.5,28087.0,3,NEUTRAL,50.63,-10.1288,16.25,1630.53,1548.21,,82.3,0.386,44.13,0.62,1480.05,1809.25,1.67,RSI in swing zone; MACD weak; Above SMA50; Bollinger position healthy,UNKNOWN,5.55,-1.18,6.45,0.0,5.13,2,1,0,-2,-1,HIGH,0,,,0,-3,0.4,1.0,D,"Trend 2, Momentum 1, Volume 0, Liquidity -2 (0.0cr), VolRisk HIGH, Sector UNKNOWN 0",3,3,3,NEUTRAL,News 0; event caution 0; risk LOW; type ; confidence ; reason . ,-3,HIGH,RISK_OFF,Nifty 20D return -5.771924924783489; 60D return -6.141522169043611; India VIX latest; 20D change 27.715355370472096; USDINR 20D change 0.8995466772440563; Crude 20D change 4.302699067276294,0.0,NEUTRAL,3,0.4,NEUTRAL,"Tech 3 | News 0 (, ) | Event caution 0 | Macro -3 | Sector 0 | Analytics 0.4 (D) | Risk LOW/HIGH | Analytics: Trend 2, Momentum 1, Volume 0, Liquidity -2 (0.0cr), VolRisk HIGH, Sector UNKNOWN 0",0,0,LOW,,,,,,,0,0,,,0,,0,61.5,MEDIUM,1.55,NEUTRAL,"AI overlay from completed recommendation outcomes; use as probability/risk input, not standalone advice."
METALIETF,2026-06-08,12.99,22301.0,4,WATCH,65.23,0.1595,25.95,12.08,11.95,,0.66,0.86,90.88,0.98,11.99,14.65,1.66,MACD bullish; Trend strength acceptable; Above SMA20; Above SMA50,METALS,11.69,8.16,,0.0,5.11,5,3,0,-2,-1,HIGH,-3,30.0,-0.49,-2,-3,1.4,0.75,C,"Trend 5, Momentum 3, Volume 0, Liquidity -2 (0.0cr), VolRisk HIGH, Sector METALS -3",4,4,4,WATCH,News 0; event caution 0; risk LOW; type ; confidence ; reason . ,-3,HIGH,RISK_OFF,Nifty 20D return -5.771924924783489; 60D return -6.141522169043611; India VIX latest; 20D change 27.715355370472096; USDINR 20D change 0.8995466772440563; Crude 20D change 4.302699067276294,-1.0,NEUTRAL,4,0.4,NEUTRAL,"Tech 4 | News 0 (, ) | Event caution 0 | Macro -3 | Sector -2 | Analytics 1.4 (C) | Risk LOW/HIGH | Analytics: Trend 5, Momentum 3, Volume 0, Liquidity -2 (0.0cr), VolRisk HIGH, Sector METALS -3",0,0,LOW,,,,,,,0,0,,,0,,0,64.5,MEDIUM,1.85,NEUTRAL,"AI overlay from completed recommendation outcomes; use as probability/risk input, not standalone advice."
MANYAVAR,2026-09-20,544.25,54334.0,7,BUY,57.79,-3.0985,44.66,543.09,468.64,,27.57,0.513,29.58,1.72,502.89,613.19,1.67,RSI in swing zone; MACD weak; Trend strength acceptable; Above SMA20; Above SMA50,UNKNOWN,-0.48,8.77,58.95,0.0,5.07,5,2,1,-2,-1,HIGH,0,,,-1,-3,2.35,1.0,B,"Trend 5, Momentum 2, Volume 1, Liquidity -2 (0.0cr), VolRisk HIGH, Sector UNKNOWN 0",2,2,2,WATCH_EVENT_RISK,News -5; event caution 0; risk HIGH; type GOVERNANCE_RISK; confidence HIGH; reason Material management/auditor/governance risk.. Negative catalyst: Resignation of Director/KMP/SMP,-3,HIGH,RISK_OFF,Nifty 20D return -5.771924924783489; 60D return -6.141522169043611; India VIX latest; 20D change 27.715355370472096; USDINR 20D change 0.8995466772440563; Crude 20D change 4.302699067276294,-2.0,WATCH_MACRO_RISK,7,0.35,AVOID_EVENT_RISK,"Tech 7 | News -5 (GOVERNANCE_RISK, HIGH) | Event caution 0 | Macro -3 | Sector -1 | Analytics 2.35 (B) | Risk HIGH/HIGH | Negative catalyst: Resignation of Director/KMP/SMP | Analytics: Trend 5, Momentum 2, Volume 1, Liquidity -2 (0.0cr), VolRisk HIGH, Sector UNKNOWN 0 | News logic: Material management/auditor/governance risk.",-5,0,HIGH,Negative catalyst: Resignation of Director/KMP/SMP,,Resignation of Director/KMP/SMP,Negative catalyst: Resignation of Director/KMP/SMP,NSE Corporate Announcements,https://nsearchives.nseindia.com/corporate/MANYAVAR_ROID_98448_KMP_Doc.zip,2,0,GOVERNANCE_RISK,HIGH,3,Material management/auditor/governance risk.,-1,64.1,MEDIUM,1.76,AVOID_EVENT_RISK,"AI overlay from completed recommendation outcomes; use as probability/risk input, not standalone advice."
KEI,2026-09-29,4461.0,42130.0,3,NEUTRAL,32.14,14.6728,32.59,4696.2,5183.57,4945.47,152.69,0.227,4.47,0.64,4231.96,4842.73,1.67,RSI oversold rebound candidate; MACD bullish; Trend strength acceptable; Bollinger position healthy,UNKNOWN,-4.06,-16.59,-12.88,0.0,3.42,1,1,0,-2,0,MEDIUM,0,,,0,-2,0.3,1.5,D,"Trend 1, Momentum 1, Volume 0, Liquidity -2 (0.0cr), VolRisk MEDIUM, Sector UNKNOWN 0",3,3,3,NEUTRAL,News 0; event caution 0; risk LOW; type ; confidence ; reason . ,-3,HIGH,RISK_OFF,Nifty 20D return -5.771924924783489; 60D return -6.141522169043611; India VIX latest; 20D change 27.715355370472096; USDINR 20D change 0.8995466772440563; Crude 20D change 4.302699067276294,0.0,NEUTRAL,3,0.3,NEUTRAL,"Tech 3 | News 0 (, ) | Event caution 0 | Macro -3 | Sector 0 | Analytics 0.3 (D) | Risk LOW/HIGH | Analytics: Trend 1, Momentum 1, Volume 0, Liquidity -2 (0.0cr), VolRisk MEDIUM, Sector UNKNOWN 0",0,0,LOW,,,,,,,0,0,,,0,,0,60.3,MEDIUM,1.33,NEUTRAL,"AI overlay from completed recommendation outcomes; use as probability/risk input, not standalone advice."
VOLTAMP,2026-08-25,10974.0,17425.0,7,BUY,58.55,103.3699,21.92,10088.23,10064.35,,714.48,0.887,73.63,0.35,9902.27,12760.21,1.67,RSI in swing zone; MACD bullish; Above SMA20; Above SMA50,UNKNOWN,9.51,-12.35,,0.0,6.51,3,3,-1,-2,-1,HIGH,0,,,-1,-3,1.3,1.0,B,"Trend 3, Momentum 3, Volume -1, Liquidity -2 (0.0cr), VolRisk HIGH, Sector UNKNOWN 0",5,3,3,WATCH_EVENT_CAUTION,News -2; event caution -2; risk MEDIUM; type RESULTS_NEGATIVE; confidence HIGH; reason Weak reported result or guidance cut.. Negative catalyst: Voltamp Transformers hits 20% lower circuit on weak Q4; profit falls 50% - Business Standard,-3,HIGH,RISK_OFF,Nifty 20D return -5.771924924783489; 60D return -6.141522169043611; India VIX latest; 20D change 27.715355370472096; USDINR 20D change 0.8995466772440563; Crude 20D change 4.302699067276294,-1.0,WATCH_MACRO_RISK,7,0.3,NEUTRAL,"Tech 7 | News -2 (RESULTS_NEGATIVE, HIGH) | Event caution -2 | Macro -3 | Sector -1 | Analytics 1.3 (B) | Risk MEDIUM/HIGH | Negative catalyst: Voltamp Transformers hits 20% lower circuit on weak Q4; profit falls 50% - Business Standard | Analytics: Trend 3, Momentum 3, Volume -1, Liquidity -2 (0.0cr), VolRisk HIGH, Sector UNKNOWN 0 | News logic: Weak reported result or guidance cut. | Upcoming event caution: Outcome of Board Meeting",-2,-2,MEDIUM,Negative catalyst: Voltamp Transformers hits 20% lower circuit on weak Q4; profit falls 50% - Business Standard,Upcoming event caution: Outcome of Board Meeting,Voltamp Transformers hits 20% lower circuit on weak Q4; profit falls 50% - Business Standard,Negative catalyst: Voltamp Transformers hits 20% lower circuit on weak Q4; profit falls 50% - Business Standard,Business Standard,https://news.google.com/rss/articles/CBMi0gFBVV95cUxQeHdKenNZdGp6dlRhVWplU2RfS2VMQkIzUUZobGxqMC0yTEZqM0dpYnpSUzJoTDcxUmx0cWZyNXNqNjMtS2JpTWFRVk1OWFNQZHlVaDhPYTZaMk40Z3V6a0FPMzFfVWJWU3pEQS1UZ2FmRDZ5RHJxYmRBUGRMSzg0UWYzZzZqVDlkOWZWZXQxLVdXRi1lRWkteUFhOVhjU2NZXzh1cWo4WG9PLWNJRnkzS2V5VEZvTFJGOHVFUmpOSTJhblNFMDlHS3FpRG1HWFc1N0HSAdcBQVVfeXFMUGZpeE9uRUZOQkVnbDBHaTJlRUJHTW1UOE1UNUFZZF9qTm9GbDM5X01ZYnBQUEVSTDZUMElFVThnU25Oc3g2WFJoYTZiZHduVFd3eU5DdDdZUHl5XzNFdnV0OFJjRWNkRGlRM3FYZG5LMThkdE1fa2FkVUFYNGM4MlR1aFdqZTlqYTlOM0liVERPdG1qUy0wMER0UVdqTm9mQkF6SHd6bkk1S0YwMjk0UWZHQWEwWll1MldXdnk5X2dzaXg3bk1BN05kQXJidml2OVl1M1FrMWM?oc=5,1,2,RESULTS_NEGATIVE,HIGH,3,Weak reported result or guidance cut.,-1,65.8,HIGH,1.88,NEUTRAL,"AI overlay from completed recommendation outcomes; use as probability/risk input, not standalone advice."
ZAGGLE,2026-09-14,187.0,23177.0,4,WATCH,42.27,0.378,20.68,195.48,214.53,,15.21,0.369,48.13,0.38,164.19,225.02,1.67,RSI in swing zone; MACD bullish; Bollinger position healthy,UNKNOWN,-1.25,-11.21,-37.04,0.0,8.13,0,2,-1,-2,-2,VERY_HIGH,0,,,0,-3,-0.75,1.0,D,"Trend 0, Momentum 2, Volume -1, Liquidity -2 (0.0cr), VolRisk VERY_HIGH, Sector UNKNOWN 0",4,4,4,WATCH,News 0; event caution 0; risk LOW; type ; confidence ; reason . ,-3,HIGH,RISK_OFF,Nifty 20D return -5.771924924783489; 60D return -6.141522169043611; India VIX latest; 20D change 27.715355370472096; USDINR 20D change 0.8995466772440563; Crude 20D change 4.302699067276294,1.0,NEUTRAL,4,0.25,NEUTRAL,"Tech 4 | News 0 (, ) | Event caution 0 | Macro -3 | Sector 0 | Analytics -0.75 (D) | Risk LOW/HIGH | Analytics: Trend 0, Momentum 2, Volume -1, Liquidity -2 (0.0cr), VolRisk VERY_HIGH, Sector UNKNOWN 0",0,0,LOW,,,,,,,0,0,,,0,,0,62.4,MEDIUM,1.49,NEUTRAL,"AI overlay from completed recommendation outcomes; use as probability/risk input, not standalone advice."
IRFC,2026-09-29,80.26,63417.0,6,WATCH,43.4,0.1409,44.97,80.55,83.99,94.51,1.52,0.436,66.46,1.48,77.99,84.05,1.67,RSI in swing zone; MACD bullish; Trend strength acceptable; Bollinger position healthy; Volume expansion,UNKNOWN,-0.91,-3.76,-9.12,0.0,1.89,1,2,1,-2,1,LOW,0,,,0,-1,1.25,1.5,B,"Trend 1, Momentum 2, Volume 1, Liquidity -2 (0.0cr), VolRisk LOW, Sector UNKNOWN 0",3,2,2,NEUTRAL,News -3; event caution -1; risk HIGH; type REGULATORY_RISK; confidence HIGH; reason Regulatory/legal/credit risk event.. Negative catalyst: Pendency of Litigation(s)/dispute(s) or the outcome impacting the Company,-3,HIGH,RISK_OFF,Nifty 20D return -5.771924924783489; 60D return -6.141522169043611; India VIX latest; 20D change 27.715355370472096; USDINR 20D change 0.8995466772440563; Crude 20D change 4.302699067276294,-1.0,NEUTRAL,6,0.25,AVOID_EVENT_RISK,"Tech 6 | News -3 (REGULATORY_RISK, HIGH) | Event caution -1 | Macro -3 | Sector 0 | Analytics 1.25 (B) | Risk HIGH/HIGH | Negative catalyst: Pendency of Litigation(s)/dispute(s) or the outcome impacting the Company | Analytics: Trend 1, Momentum 2, Volume 1, Liquidity -2 (0.0cr), VolRisk LOW, Sector UNKNOWN 0 | News logic: Regulatory/legal/credit risk event. | Upcoming event caution: Outcome of Board Meeting",-3,-1,HIGH,Negative catalyst: Pendency of Litigation(s)/dispute(s) or the outcome impacting the Company,Upcoming event caution: Outcome of Board Meeting,Pendency of Litigation(s)/dispute(s) or the outcome impacting the Company,Negative catalyst: Pendency of Litigation(s)/dispute(s) or the outcome impacting the Company,NSE Corporate Announcements,https://nsearchives.nseindia.com/corporate/IRFC_24082026183607_INTIMATION.pdf,1,1,REGULATORY_RISK,HIGH,3,Regulatory/legal/credit risk event.,0,51.2,LOW,0.37,AVOID_EVENT_RISK,"AI overlay from completed recommendation outcomes; use as probability/risk input, not standalone advice."
BIOCON,2026-09-29,377.0,61541.0,0,NEUTRAL,36.36,-0.0419,23.98,386.59,404.68,397.78,9.03,0.139,24.34,1.38,363.45,399.58,1.67,MACD weak; Trend strength acceptable; Volume expansion,PHARMA,-4.56,-5.13,-13.63,0.0,2.4,1,0,1,-2,1,LOW,2,55.6,4.96,2,-1,1.25,1.5,D,"Trend 1, Momentum 0, Volume 1, Liquidity -2 (0.0cr), VolRisk LOW, Sector PHARMA 2",0,0,0,NEUTRAL,News 0; event caution 0; risk LOW; type ; confidence ; reason . ,-3,HIGH,RISK_OFF,Nifty 20D return -5.771924924783489; 60D return -6.141522169043611; India VIX latest; 20D change 27.715355370472096; USDINR 20D change 0.8995466772440563; Crude 20D change 4.302699067276294,-1.0,NEUTRAL,0,0.25,NEUTRAL,"Tech 0 | News 0 (, ) | Event caution 0 | Macro -3 | Sector 2 | Analytics 1.25 (D) | Risk LOW/HIGH | Analytics: Trend 1, Momentum 0, Volume 1, Liquidity -2 (0.0cr), VolRisk LOW, Sector PHARMA 2",0,0,LOW,,,,,,,0,0,,,0,,0,53.5,LOW,0.6,NEUTRAL,"AI overlay from completed recommendation outcomes; use as probability/risk input, not standalone advice."
JAMNAAUTO,2026-09-28,139.68,44352.0,1,NEUTRAL,62.04,1.274,13.58,131.26,132.19,,6.26,0.932,92.9,1.05,130.3,155.32,1.67,MACD bullish; Weak trend; Above SMA20; Above SMA50; Near upper Bollinger band,UNKNOWN,9.13,12.86,11.92,0.0,4.48,3,4,0,-2,0,MEDIUM,0,,,0,-2,2.25,1.5,D,"Trend 3, Momentum 4, Volume 0, Liquidity -2 (0.0cr), VolRisk MEDIUM, Sector UNKNOWN 0",1,1,1,NEUTRAL,News 0; event caution 0; risk LOW; type ; confidence ; reason . ,-3,HIGH,RISK_OFF,Nifty 20D return -5.771924924783489; 60D return -6.141522169043611; India VIX latest; 20D change 27.715355370472096; USDINR 20D change 0.8995466772440563; Crude 20D change 4.302699067276294,-2.0,NEUTRAL,1,0.25,NEUTRAL,"Tech 1 | News 0 (, ) | Event caution 0 | Macro -3 | Sector 0 | Analytics 2.25 (D) | Risk LOW/HIGH | Analytics: Trend 3, Momentum 4, Volume 0, Liquidity -2 (0.0cr), VolRisk MEDIUM, Sector UNKNOWN 0",0,0,LOW,,,,,,,0,0,,,0,,0,64.3,MEDIUM,1.68,NEUTRAL,"AI overlay from completed recommendation outcomes; use as probability/risk input, not standalone advice."
HDBFS,2026-09-21,680.95,32211.0,3,NEUTRAL,43.95,1.7277,12.77,684.75,710.38,,18.95,0.399,43.47,1.18,652.52,728.33,1.67,RSI in swing zone; MACD bullish; Weak trend; Bollinger position healthy,UNKNOWN,-0.61,-0.23,0.89,0.0,2.78,0,2,0,-2,0,MEDIUM,0,,,0,-2,0.2,1.5,D,"Trend 0, Momentum 2, Volume 0, Liquidity -2 (0.0cr), VolRisk MEDIUM, Sector UNKNOWN 0",3,3,3,NEUTRAL,News 0; event caution 0; risk LOW; type ; confidence ; reason . ,-3,HIGH,RISK_OFF,Nifty 20D return -5.771924924783489; 60D return -6.141522169043611; India VIX latest; 20D change 27.715355370472096; USDINR 20D change 0.8995466772440563; Crude 20D change 4.302699067276294,0.0,NEUTRAL,3,0.2,NEUTRAL,"Tech 3 | News 0 (, ) | Event caution 0 | Macro -3 | Sector 0 | Analytics 0.2 (D) | Risk LOW/HIGH | Analytics: Trend 0, Momentum 2, Volume 0, Liquidity -2 (0.0cr), VolRisk MEDIUM, Sector UNKNOWN 0",0,0,LOW,,,,,,,0,0,,,0,,0,59.7,MEDIUM,1.17,NEUTRAL,"AI overlay from completed recommendation outcomes; use as probability/risk input, not standalone advice."
BAJAJHIND,2026-09-28,20.45,21215.0,3,NEUTRAL,46.33,-0.2505,21.74,21.41,20.11,,1.2,0.206,32.34,0.51,18.66,23.44,1.67,RSI in swing zone; MACD weak; Above SMA50; Bollinger position healthy,UNKNOWN,-2.34,-3.13,,0.0,5.85,2,1,-1,-2,-1,HIGH,0,,,0,-3,0.15,1.0,D,"Trend 2, Momentum 1, Volume -1, Liquidity -2 (0.0cr), VolRisk HIGH, Sector UNKNOWN 0",3,3,3,NEUTRAL,News 0; event caution 0; risk LOW; type ; confidence ; reason . ,-3,HIGH,RISK_OFF,Nifty 20D return -5.771924924783489; 60D return -6.141522169043611; India VIX latest; 20D change 27.715355370472096; USDINR 20D change 0.8995466772440563; Crude 20D change 4.302699067276294,0.0,NEUTRAL,3,0.15,NEUTRAL,"Tech 3 | News 0 (, ) | Event caution 0 | Macro -3 | Sector 0 | Analytics 0.15 (D) | Risk LOW/HIGH | Analytics: Trend 2, Momentum 1, Volume -1, Liquidity -2 (0.0cr), VolRisk HIGH, Sector UNKNOWN 0",0,0,LOW,,,,,,,0,0,,,0,,0,62.5,MEDIUM,1.4,NEUTRAL,"AI overlay from completed recommendation outcomes; use as probability/risk input, not standalone advice."
IOLCP,2026-09-28,196.29,20568.0,3,NEUTRAL,50.76,-1.2483,19.85,201.16,182.84,,11.83,0.344,57.66,0.45,178.54,225.87,1.67,RSI in swing zone; MACD weak; Above SMA50; Bollinger position healthy,UNKNOWN,-2.05,-1.83,37.3,0.0,6.03,2,1,-1,-2,-1,HIGH,0,,,0,-3,0.15,1.0,D,"Trend 2, Momentum 1, Volume -1, Liquidity -2 (0.0cr), VolRisk HIGH, Sector UNKNOWN 0",3,3,3,NEUTRAL,News 0; event caution 0; risk LOW; type ; confidence ; reason . ,-3,HIGH,RISK_OFF,Nifty 20D return -5.771924924783489; 60D return -6.141522169043611; India VIX latest; 20D change 27.715355370472096; USDINR 20D change 0.8995466772440563; Crude 20D change 4.302699067276294,0.0,NEUTRAL,3,0.15,NEUTRAL,"Tech 3 | News 0 (, ) | Event caution 0 | Macro -3 | Sector 0 | Analytics 0.15 (D) | Risk LOW/HIGH | Analytics: Trend 2, Momentum 1, Volume -1, Liquidity -2 (0.0cr), VolRisk HIGH, Sector UNKNOWN 0",0,0,LOW,,,,,,,0,0,,,0,,0,64.4,MEDIUM,1.59,NEUTRAL,"AI overlay from completed recommendation outcomes; use as probability/risk input, not standalone advice."
TDPOWERSYS,2026-09-29,777.35,176782.0,8,BUY,45.56,16.7947,25.48,756.01,979.37,1043.02,49.61,0.686,70.77,1.85,702.93,901.39,1.67,RSI in swing zone; MACD bullish; Trend strength acceptable; Above SMA20; Bollinger position healthy,POWER,1.55,5.03,-31.16,0.0,6.38,3,4,1,-2,-1,HIGH,-3,18.2,-0.06,-3,-3,1.1,0.75,B,"Trend 3, Momentum 4, Volume 1, Liquidity -2 (0.0cr), VolRisk HIGH, Sector POWER -3",8,5,5,WATCH_EVENT_CAUTION,News 0; event caution -3; risk MEDIUM; type INVESTOR_COMMUNICATION; confidence HIGH; reason Investor/analyst communication is informational unless paired with adverse content.. Upcoming event caution: Outcome of Board Meeting,-3,HIGH,RISK_OFF,Nifty 20D return -5.771924924783489; 60D return -6.141522169043611; India VIX latest; 20D change 27.715355370472096; USDINR 20D change 0.8995466772440563; Crude 20D change 4.302699067276294,-1.0,WATCH_MACRO_RISK,8,0.1,NEUTRAL,"Tech 8 | News 0 (INVESTOR_COMMUNICATION, HIGH) | Event caution -3 | Macro -3 | Sector -3 | Analytics 1.1 (B) | Risk MEDIUM/HIGH | Analytics: Trend 3, Momentum 4, Volume 1, Liquidity -2 (0.0cr), VolRisk HIGH, Sector POWER -3 | News logic: Investor/analyst communication is informational unless paired with adverse content. | Upcoming event caution: Outcome of Board Meeting",0,-3,MEDIUM,,Upcoming event caution: Outcome of Board Meeting,Analysts/Institutional Investor Meet/Con. Call Updates,Upcoming event caution: Outcome of Board Meeting,NSE Corporate Announcements,https://nsearchives.nseindia.com/corporate/TDPOWERSYS_24092026154447_Intimation_letter_-_30092026.pdf,0,3,INVESTOR_COMMUNICATION,HIGH,0,Investor/analyst communication is informational unless paired with adverse content.,-1,64.0,MEDIUM,1.5,NEUTRAL,"AI overlay from completed recommendation outcomes; use as probability/risk input, not standalone advice."
DLF,2026-09-29,653.0,51198.0,5,WATCH,45.71,1.8898,18.37,656.12,663.59,616.11,16.6,0.457,57.56,1.02,628.1,694.5,1.67,RSI in swing zone; MACD bullish; Long-term trend positive; Bollinger position healthy,REALTY,-3.26,-4.24,-3.07,0.0,2.54,1,3,0,-2,0,MEDIUM,-3,33.3,-1.26,-2,-2,-0.05,1.25,C,"Trend 1, Momentum 3, Volume 0, Liquidity -2 (0.0cr), VolRisk MEDIUM, Sector REALTY -3",5,5,5,WATCH,News 0; event caution 0; risk LOW; type ; confidence ; reason . ,-3,HIGH,RISK_OFF,Nifty 20D return -5.771924924783489; 60D return -6.141522169043611; India VIX latest; 20D change 27.715355370472096; USDINR 20D change 0.8995466772440563; Crude 20D change 4.302699067276294,0.0,NEUTRAL,5,-0.05,NEUTRAL,"Tech 5 | News 0 (, ) | Event caution 0 | Macro -3 | Sector -2 | Analytics -0.05 (C) | Risk LOW/HIGH | Analytics: Trend 1, Momentum 3, Volume 0, Liquidity -2 (0.0cr), VolRisk MEDIUM, Sector REALTY -3",0,0,LOW,,,,,,,0,0,,,0,,0,60.5,MEDIUM,1.0,NEUTRAL,"AI overlay from completed recommendation outcomes; use as probability/risk input, not standalone advice."
GMRAIRPORT,2026-09-28,94.75,27625.0,3,NEUTRAL,40.28,0.1529,20.79,97.19,99.7,99.78,2.55,0.192,29.71,0.55,90.93,101.12,1.67,RSI in swing zone; MACD bullish,UNKNOWN,-3.66,-2.77,-15.05,0.0,2.69,0,2,-1,-2,0,MEDIUM,0,,,0,-2,-0.05,1.5,D,"Trend 0, Momentum 2, Volume -1, Liquidity -2 (0.0cr), VolRisk MEDIUM, Sector UNKNOWN 0",3,3,3,NEUTRAL,News 0; event caution 0; risk LOW; type ; confidence ; reason . ,-3,HIGH,RISK_OFF,Nifty 20D return -5.771924924783489; 60D return -6.141522169043611; India VIX latest; 20D change 27.715355370472096; USDINR 20D change 0.8995466772440563; Crude 20D change 4.302699067276294,0.0,NEUTRAL,3,-0.05,NEUTRAL,"Tech 3 | News 0 (, ) | Event caution 0 | Macro -3 | Sector 0 | Analytics -0.05 (D) | Risk LOW/HIGH | Analytics: Trend 0, Momentum 2, Volume -1, Liquidity -2 (0.0cr), VolRisk MEDIUM, Sector UNKNOWN 0",0,0,LOW,,,,,,,0,0,,,0,,0,60.8,MEDIUM,1.03,NEUTRAL,"AI overlay from completed recommendation outcomes; use as probability/risk input, not standalone advice."
STLTECH,2026-05-13,405.15,99912.0,2,NEUTRAL,88.87,10.5377,56.97,289.28,229.21,,21.66,1.15,93.99,1.64,372.66,459.29,1.67,RSI overbought; MACD bullish; Trend strength acceptable; Above SMA20; Above SMA50,UNKNOWN,37.43,75.22,145.38,0.0,5.35,5,-2,1,-2,-1,HIGH,0,,,0,-3,0.95,1.0,D,"Trend 5, Momentum -2, Volume 1, Liquidity -2 (0.0cr), VolRisk HIGH, Sector UNKNOWN 0",2,2,2,NEUTRAL,News 0; event caution 0; risk LOW; type ; confidence ; reason . ,-3,HIGH,RISK_OFF,Nifty 20D return -5.771924924783489; 60D return -6.141522169043611; India VIX latest; 20D change 27.715355370472096; USDINR 20D change 0.8995466772440563; Crude 20D change 4.302699067276294,-1.0,NEUTRAL,2,-0.05,NEUTRAL,"Tech 2 | News 0 (, ) | Event caution 0 | Macro -3 | Sector 0 | Analytics 0.95 (D) | Risk LOW/HIGH | Analytics: Trend 5, Momentum -2, Volume 1, Liquidity -2 (0.0cr), VolRisk HIGH, Sector UNKNOWN 0",0,0,LOW,,,,,,,0,0,,,0,,0,57.7,MEDIUM,0.72,NEUTRAL,"AI overlay from completed recommendation outcomes; use as probability/risk input, not standalone advice."
FLUOROCHEM,2026-09-17,4471.8,26604.0,2,NEUTRAL,48.07,-51.9302,37.55,4668.89,4162.37,,185.71,-0.026,8.61,0.6,4193.23,4936.08,1.67,RSI in swing zone; MACD weak; Trend strength acceptable; Above SMA50,UNKNOWN,-6.57,-1.02,,0.0,4.15,3,1,-1,-2,0,MEDIUM,0,,,0,-2,0.95,1.5,D,"Trend 3, Momentum 1, Volume -1, Liquidity -2 (0.0cr), VolRisk MEDIUM, Sector UNKNOWN 0",2,2,2,NEUTRAL,News 0; event caution 0; risk LOW; type ; confidence ; reason . ,-3,HIGH,RISK_OFF,Nifty 20D return -5.771924924783489; 60D return -6.141522169043611; India VIX latest; 20D change 27.715355370472096; USDINR 20D change 0.8995466772440563; Crude 20D change 4.302699067276294,-1.0,NEUTRAL,2,-0.05,NEUTRAL,"Tech 2 | News 0 (, ) | Event caution 0 | Macro -3 | Sector 0 | Analytics 0.95 (D) | Risk LOW/HIGH | Analytics: Trend 3, Momentum 1, Volume -1, Liquidity -2 (0.0cr), VolRisk MEDIUM, Sector UNKNOWN 0",0,0,LOW,,,,,,,0,0,,,0,,0,58.7,MEDIUM,0.82,NEUTRAL,"AI overlay from completed recommendation outcomes; use as probability/risk input, not standalone advice."
LTFOODS,2026-09-15,421.05,23400.0,2,NEUTRAL,45.54,-3.3488,47.29,437.76,408.32,,16.04,0.137,1.35,0.49,396.98,461.16,1.67,RSI in swing zone; MACD weak; Trend strength acceptable; Above SMA50,UNKNOWN,-6.21,-1.52,9.65,0.0,3.81,3,1,-1,-2,0,MEDIUM,0,,,0,-2,0.95,1.5,D,"Trend 3, Momentum 1, Volume -1, Liquidity -2 (0.0cr), VolRisk MEDIUM, Sector UNKNOWN 0",2,2,2,NEUTRAL,News 0; event caution 0; risk LOW; type ; confidence ; reason . ,-3,HIGH,RISK_OFF,Nifty 20D return -5.771924924783489; 60D return -6.141522169043611; India VIX latest; 20D change 27.715355370472096; USDINR 20D change 0.8995466772440563; Crude 20D change 4.302699067276294,-1.0,NEUTRAL,2,-0.05,NEUTRAL,"Tech 2 | News 0 (, ) | Event caution 0 | Macro -3 | Sector 0 | Analytics 0.95 (D) | Risk LOW/HIGH | Analytics: Trend 3, Momentum 1, Volume -1, Liquidity -2 (0.0cr), VolRisk MEDIUM, Sector UNKNOWN 0",0,0,LOW,,,,,,,0,0,,,0,,0,58.6,MEDIUM,0.81,NEUTRAL,"AI overlay from completed recommendation outcomes; use as probability/risk input, not standalone advice."
ICICIGI,2026-09-29,1515.0,38508.0,7,BUY,48.42,13.4344,30.31,1490.26,1564.46,1741.82,39.32,0.651,56.38,1.15,1456.02,1613.31,1.67,RSI in swing zone; MACD bullish; Trend strength acceptable; Above SMA20; Bollinger position healthy,FINANCIALS,2.36,0.33,-6.03,0.0,2.6,3,3,0,-2,0,MEDIUM,-3,22.7,-2.14,-3,-2,0.85,1.25,B,"Trend 3, Momentum 3, Volume 0, Liquidity -2 (0.0cr), VolRisk MEDIUM, Sector FINANCIALS -3",5,5,5,WATCH,News -2; event caution 0; risk MEDIUM; type RESULTS_NEGATIVE; confidence HIGH; reason Weak reported result or guidance cut.. Negative catalyst: ICICI Lombard Q1 Profit Falls 46%; BUY Rating Maintained - HDFC Sky,-3,HIGH,RISK_OFF,Nifty 20D return -5.771924924783489; 60D return -6.141522169043611; India VIX latest; 20D change 27.715355370472096; USDINR 20D change 0.8995466772440563; Crude 20D change 4.302699067276294,-1.0,WATCH_MACRO_RISK,7,-0.15,NEUTRAL,"Tech 7 | News -2 (RESULTS_NEGATIVE, HIGH) | Event caution 0 | Macro -3 | Sector -3 | Analytics 0.85 (B) | Risk MEDIUM/HIGH | Negative catalyst: ICICI Lombard Q1 Profit Falls 46%; BUY Rating Maintained - HDFC Sky | Analytics: Trend 3, Momentum 3, Volume 0, Liquidity -2 (0.0cr), VolRisk MEDIUM, Sector FINANCIALS -3 | News logic: Weak reported result or guidance cut.",-2,0,MEDIUM,Negative catalyst: ICICI Lombard Q1 Profit Falls 46%; BUY Rating Maintained - HDFC Sky,,ICICI Lombard Q1 Profit Falls 46%; BUY Rating Maintained - HDFC Sky,Negative catalyst: ICICI Lombard Q1 Profit Falls 46%; BUY Rating Maintained - HDFC Sky,HDFC Sky,https://news.google.com/rss/articles/CBMikgFBVV95cUxQR0JkRkVqaGt1N2pBM1R4VVJZUlkzbk05TGJ1VlNYdWNfZ1VOalBWaWI3UFRzcTY0N1l4UTVJakoxWkIxRGxONjRtTDZ0Z3F4U0lucHNiZFFhTzA0RUtyMjBoc213YlBKeFFkaEJOOTNhTHc2Z1RhdDkzOGk0OUF2OGRjZVRaSWJmXzEwaG9tblM4QQ?oc=5,2,0,RESULTS_NEGATIVE,HIGH,3,Weak reported result or guidance cut.,-1,62.5,MEDIUM,1.1,NEUTRAL,"AI overlay from completed recommendation outcomes; use as probability/risk input, not standalone advice."
PNBHOUSING,2026-09-29,1098.2,38590.0,2,NEUTRAL,40.34,-7.5349,23.76,1139.48,1135.82,988.87,34.91,0.199,26.41,0.96,1045.84,1185.47,1.67,RSI in swing zone; MACD weak; Trend strength acceptable; Long-term trend positive,UNKNOWN,-3.54,-4.13,-2.15,0.0,3.18,3,0,0,-2,0,MEDIUM,0,,,0,-2,0.85,1.5,D,"Trend 3, Momentum 0, Volume 0, Liquidity -2 (0.0cr), VolRisk MEDIUM, Sector UNKNOWN 0",2,2,2,NEUTRAL,News 0; event caution 0; risk LOW; type ; confidence ; reason . ,-3,HIGH,RISK_OFF,Nifty 20D return -5.771924924783489; 60D return -6.141522169043611; India VIX latest; 20D change 27.715355370472096; USDINR 20D change 0.8995466772440563; Crude 20D change 4.302699067276294,-1.0,NEUTRAL,2,-0.15,NEUTRAL,"Tech 2 | News 0 (, ) | Event caution 0 | Macro -3 | Sector 0 | Analytics 0.85 (D) | Risk LOW/HIGH | Analytics: Trend 3, Momentum 0, Volume 0, Liquidity -2 (0.0cr), VolRisk MEDIUM, Sector UNKNOWN 0",0,0,LOW,,,,,,,0,0,,,0,,0,60.9,MEDIUM,0.94,NEUTRAL,"AI overlay from completed recommendation outcomes; use as probability/risk input, not standalone advice."
RADICO,2026-09-29,4364.0,30906.0,2,NEUTRAL,43.64,-9.7929,23.07,4491.64,4447.14,3495.78,121.54,0.088,20.68,1.0,4181.7,4667.84,1.67,RSI in swing zone; MACD weak; Trend strength acceptable; Long-term trend positive,UNKNOWN,-2.59,-5.13,6.27,0.0,2.78,3,0,0,-2,0,MEDIUM,0,,,0,-2,0.85,1.5,D,"Trend 3, Momentum 0, Volume 0, Liquidity -2 (0.0cr), VolRisk MEDIUM, Sector UNKNOWN 0",2,2,2,NEUTRAL,News 0; event caution 0; risk LOW; type ; confidence ; reason . ,-3,HIGH,RISK_OFF,Nifty 20D return -5.771924924783489; 60D return -6.141522169043611; India VIX latest; 20D change 27.715355370472096; USDINR 20D change 0.8995466772440563; Crude 20D change 4.302699067276294,-1.0,NEUTRAL,2,-0.15,NEUTRAL,"Tech 2 | News 0 (, ) | Event caution 0 | Macro -3 | Sector 0 | Analytics 0.85 (D) | Risk LOW/HIGH | Analytics: Trend 3, Momentum 0, Volume 0, Liquidity -2 (0.0cr), VolRisk MEDIUM, Sector UNKNOWN 0",0,0,LOW,,,,,,,0,0,,,0,,0,59.0,MEDIUM,0.75,NEUTRAL,"AI overlay from completed recommendation outcomes; use as probability/risk input, not standalone advice."
AYE,2026-09-27,167.25,27476.0,2,NEUTRAL,48.02,-3.1785,27.52,178.21,152.6,,11.91,0.083,9.67,0.67,149.39,197.02,1.67,RSI in swing zone; MACD weak; Trend strength acceptable; Above SMA50,UNKNOWN,-9.5,-3.71,,0.0,7.12,3,1,0,-2,-1,HIGH,0,,,0,-3,0.85,1.0,D,"Trend 3, Momentum 1, Volume 0, Liquidity -2 (0.0cr), VolRisk HIGH, Sector UNKNOWN 0",2,2,2,NEUTRAL,News 0; event caution 0; risk LOW; type ; confidence ; reason . ,-3,HIGH,RISK_OFF,Nifty 20D return -5.771924924783489; 60D return -6.141522169043611; India VIX latest; 20D change 27.715355370472096; USDINR 20D change 0.8995466772440563; Crude 20D change 4.302699067276294,-1.0,NEUTRAL,2,-0.15,NEUTRAL,"Tech 2 | News 0 (, ) | Event caution 0 | Macro -3 | Sector 0 | Analytics 0.85 (D) | Risk LOW/HIGH | Analytics: Trend 3, Momentum 1, Volume 0, Liquidity -2 (0.0cr), VolRisk HIGH, Sector UNKNOWN 0",0,0,LOW,,,,,,,0,0,,,0,,0,61.7,MEDIUM,1.02,NEUTRAL,"AI overlay from completed recommendation outcomes; use as probability/risk input, not standalone advice."
TVSMOTOR,2026-09-29,4091.1,63172.0,7,BUY,42.12,1.6509,22.64,4123.09,4257.4,3766.24,94.98,0.285,43.23,1.37,3948.63,4328.55,1.67,RSI in swing zone; MACD bullish; Trend strength acceptable; Long-term trend positive; Bollinger position healthy,AUTO,-1.06,-1.02,7.89,0.0,2.32,2,2,1,-2,1,LOW,-3,0.0,-1.69,-3,-1,0.65,1.25,B,"Trend 2, Momentum 2, Volume 1, Liquidity -2 (0.0cr), VolRisk LOW, Sector AUTO -3",5,5,5,WATCH_EVENT_RISK,News -2; event caution 0; risk HIGH; type REGULATORY_RISK; confidence HIGH; reason Regulatory/legal/credit risk event.. Negative catalyst: Suspension of Trading,-3,HIGH,RISK_OFF,Nifty 20D return -5.771924924783489; 60D return -6.141522169043611; India VIX latest; 20D change 27.715355370472096; USDINR 20D change 0.8995466772440563; Crude 20D change 4.302699067276294,-1.0,WATCH_MACRO_RISK,7,-0.35,AVOID_EVENT_RISK,"Tech 7 | News -2 (REGULATORY_RISK, HIGH) | Event caution 0 | Macro -3 | Sector -3 | Analytics 0.65 (B) | Risk HIGH/HIGH | Negative catalyst: Suspension of Trading | Analytics: Trend 2, Momentum 2, Volume 1, Liquidity -2 (0.0cr), VolRisk LOW, Sector AUTO -3 | News logic: Regulatory/legal/credit risk event.",-2,0,HIGH,Negative catalyst: Suspension of Trading,,Suspension of Trading,Negative catalyst: Suspension of Trading,NSE Corporate Announcements,-,2,0,REGULATORY_RISK,HIGH,3,Regulatory/legal/credit risk event.,-1,52.4,LOW,-0.11,AVOID_EVENT_RISK,"AI overlay from completed recommendation outcomes; use as probability/risk input, not standalone advice."
PVRINOX,2026-09-29,1190.1,49362.0,2,NEUTRAL,41.86,-13.9423,24.22,1253.8,1197.56,,49.22,0.203,5.04,1.25,1116.27,1313.15,1.67,RSI in swing zone; MACD weak; Trend strength acceptable; Bollinger position healthy; Volume expansion,UNKNOWN,-9.67,-3.02,18.52,0.0,4.14,2,0,1,-2,0,MEDIUM,0,,,0,-2,0.65,1.5,D,"Trend 2, Momentum 0, Volume 1, Liquidity -2 (0.0cr), VolRisk MEDIUM, Sector UNKNOWN 0",2,2,2,NEUTRAL,News 0; event caution 0; risk LOW; type ; confidence ; reason . ,-3,HIGH,RISK_OFF,Nifty 20D return -5.771924924783489; 60D return -6.141522169043611; India VIX latest; 20D change 27.715355370472096; USDINR 20D change 0.8995466772440563; Crude 20D change 4.302699067276294,-1.0,NEUTRAL,2,-0.35,NEUTRAL,"Tech 2 | News 0 (, ) | Event caution 0 | Macro -3 | Sector 0 | Analytics 0.65 (D) | Risk LOW/HIGH | Analytics: Trend 2, Momentum 0, Volume 1, Liquidity -2 (0.0cr), VolRisk MEDIUM, Sector UNKNOWN 0",0,0,LOW,,,,,,,0,0,,,0,,0,62.4,MEDIUM,0.89,NEUTRAL,"AI overlay from completed recommendation outcomes; use as probability/risk input, not standalone advice."
PIIND,2026-09-27,2400.0,27705.0,5,WATCH,42.25,3.3481,28.4,2460.7,2609.46,,101.19,0.394,59.04,0.74,2248.21,2652.98,1.67,RSI in swing zone; MACD bullish; Trend strength acceptable; Bollinger position healthy,CHEMICALS,6.24,-11.33,-21.34,0.0,4.22,1,2,0,-2,0,MEDIUM,-3,0.0,-2.26,-2,-2,-0.4,1.25,C,"Trend 1, Momentum 2, Volume 0, Liquidity -2 (0.0cr), VolRisk MEDIUM, Sector CHEMICALS -3",5,5,5,WATCH,News 0; event caution 0; risk LOW; type ; confidence ; reason . ,-3,HIGH,RISK_OFF,Nifty 20D return -5.771924924783489; 60D return -6.141522169043611; India VIX latest; 20D change 27.715355370472096; USDINR 20D change 0.8995466772440563; Crude 20D change 4.302699067276294,0.0,NEUTRAL,5,-0.4,NEUTRAL,"Tech 5 | News 0 (, ) | Event caution 0 | Macro -3 | Sector -2 | Analytics -0.4 (C) | Risk LOW/HIGH | Analytics: Trend 1, Momentum 2, Volume 0, Liquidity -2 (0.0cr), VolRisk MEDIUM, Sector CHEMICALS -3",0,0,LOW,,,,,,,0,0,,,0,,0,60.1,MEDIUM,0.61,NEUTRAL,"AI overlay from completed recommendation outcomes; use as probability/risk input, not standalone advice."
TORNTPOWER,2026-09-20,1258.8,27556.0,5,WATCH,40.36,6.1422,22.73,1265.33,1349.11,,43.55,0.456,46.57,0.76,1193.47,1367.68,1.67,RSI in swing zone; MACD bullish; Trend strength acceptable; Bollinger position healthy,POWER,-0.9,-6.81,-11.84,0.0,3.46,1,2,0,-2,0,MEDIUM,-3,18.2,-0.06,-2,-2,-0.4,1.25,C,"Trend 1, Momentum 2, Volume 0, Liquidity -2 (0.0cr), VolRisk MEDIUM, Sector POWER -3",5,5,5,WATCH,News 0; event caution 0; risk LOW; type ; confidence ; reason . ,-3,HIGH,RISK_OFF,Nifty 20D return -5.771924924783489; 60D return -6.141522169043611; India VIX latest; 20D change 27.715355370472096; USDINR 20D change 0.8995466772440563; Crude 20D change 4.302699067276294,0.0,NEUTRAL,5,-0.4,NEUTRAL,"Tech 5 | News 0 (, ) | Event caution 0 | Macro -3 | Sector -2 | Analytics -0.4 (C) | Risk LOW/HIGH | Analytics: Trend 1, Momentum 2, Volume 0, Liquidity -2 (0.0cr), VolRisk MEDIUM, Sector POWER -3",0,0,LOW,,,,,,,0,0,,,0,,0,64.6,MEDIUM,1.06,NEUTRAL,"AI overlay from completed recommendation outcomes; use as probability/risk input, not standalone advice."
LICHSGFIN,2026-09-29,548.5,33040.0,4,WATCH,49.93,-0.7643,30.28,556.72,530.93,,16.55,0.269,40.13,0.68,523.68,589.87,1.67,RSI in swing zone; MACD weak; Trend strength acceptable; Above SMA50; Bollinger position healthy,NBFC,0.06,1.34,0.91,0.0,3.02,4,1,0,-2,0,MEDIUM,-3,0.0,-3.02,-2,-2,0.6,1.25,C,"Trend 4, Momentum 1, Volume 0, Liquidity -2 (0.0cr), VolRisk MEDIUM, Sector NBFC -3",4,4,4,WATCH,News 0; event caution 0; risk LOW; type ; confidence ; reason . ,-3,HIGH,RISK_OFF,Nifty 20D return -5.771924924783489; 60D return -6.141522169043611; India VIX latest; 20D change 27.715355370472096; USDINR 20D change 0.8995466772440563; Crude 20D change 4.302699067276294,-1.0,NEUTRAL,4,-0.4,NEUTRAL,"Tech 4 | News 0 (, ) | Event caution 0 | Macro -3 | Sector -2 | Analytics 0.6 (C) | Risk LOW/HIGH | Analytics: Trend 4, Momentum 1, Volume 0, Liquidity -2 (0.0cr), VolRisk MEDIUM, Sector NBFC -3",0,0,LOW,,,,,,,0,0,,,0,,0,61.4,MEDIUM,0.74,NEUTRAL,"AI overlay from completed recommendation outcomes; use as probability/risk input, not standalone advice."
IDEAFORGE,2026-09-23,720.45,24170.0,2,NEUTRAL,47.14,-21.3096,32.6,795.83,624.85,,52.21,-0.064,1.44,0.58,642.14,850.97,1.67,RSI in swing zone; MACD weak; Trend strength acceptable; Above SMA50,UNKNOWN,-11.33,-11.3,,0.0,7.25,3,1,-1,-2,-1,HIGH,0,,,0,-3,0.6,1.0,D,"Trend 3, Momentum 1, Volume -1, Liquidity -2 (0.0cr), VolRisk HIGH, Sector UNKNOWN 0",2,2,2,NEUTRAL,News 0; event caution 0; risk LOW; type ; confidence ; reason . ,-3,HIGH,RISK_OFF,Nifty 20D return -5.771924924783489; 60D return -6.141522169043611; India VIX latest; 20D change 27.715355370472096; USDINR 20D change 0.8995466772440563; Crude 20D change 4.302699067276294,-1.0,NEUTRAL,2,-0.4,NEUTRAL,"Tech 2 | News 0 (, ) | Event caution 0 | Macro -3 | Sector 0 | Analytics 0.6 (D) | Risk LOW/HIGH | Analytics: Trend 3, Momentum 1, Volume -1, Liquidity -2 (0.0cr), VolRisk HIGH, Sector UNKNOWN 0",0,0,LOW,,,,,,,0,0,,,0,,0,60.3,MEDIUM,0.63,NEUTRAL,"AI overlay from completed recommendation outcomes; use as probability/risk input, not standalone advice."
CGCL,2026-09-28,248.9,21622.0,2,NEUTRAL,42.17,-2.587,28.25,266.83,248.86,,11.2,-0.042,4.81,0.46,232.1,276.9,1.67,RSI in swing zone; MACD weak; Trend strength acceptable; Above SMA50,UNKNOWN,-8.04,-0.8,9.73,0.0,4.5,3,0,-1,-2,0,MEDIUM,0,,,0,-2,0.6,1.5,D,"Trend 3, Momentum 0, Volume -1, Liquidity -2 (0.0cr), VolRisk MEDIUM, Sector UNKNOWN 0",2,2,2,NEUTRAL,News 0; event caution 0; risk LOW; type ; confidence ; reason . ,-3,HIGH,RISK_OFF,Nifty 20D return -5.771924924783489; 60D return -6.141522169043611; India VIX latest; 20D change 27.715355370472096; USDINR 20D change 0.8995466772440563; Crude 20D change 4.302699067276294,-1.0,NEUTRAL,2,-0.4,NEUTRAL,"Tech 2 | News 0 (, ) | Event caution 0 | Macro -3 | Sector 0 | Analytics 0.6 (D) | Risk LOW/HIGH | Analytics: Trend 3, Momentum 0, Volume -1, Liquidity -2 (0.0cr), VolRisk MEDIUM, Sector UNKNOWN 0",0,0,LOW,,,,,,,0,0,,,0,,0,59.8,MEDIUM,0.58,NEUTRAL,"AI overlay from completed recommendation outcomes; use as probability/risk input, not standalone advice."
IOB,2026-09-29,30.95,41056.0,2,NEUTRAL,37.83,0.1247,27.79,33.19,34.41,,1.81,0.073,7.31,1.22,28.23,35.48,1.67,MACD bullish; Trend strength acceptable; Volume expansion,UNKNOWN,-3.88,-9.18,,0.0,5.85,1,2,1,-2,-1,HIGH,0,,,0,-3,0.55,1.0,D,"Trend 1, Momentum 2, Volume 1, Liquidity -2 (0.0cr), VolRisk HIGH, Sector UNKNOWN 0",2,2,2,NEUTRAL,News 0; event caution 0; risk LOW; type ; confidence ; reason . ,-3,HIGH,RISK_OFF,Nifty 20D return -5.771924924783489; 60D return -6.141522169043611; India VIX latest; 20D change 27.715355370472096; USDINR 20D change 0.8995466772440563; Crude 20D change 4.302699067276294,-1.0,NEUTRAL,2,-0.45,NEUTRAL,"Tech 2 | News 0 (, ) | Event caution 0 | Macro -3 | Sector 0 | Analytics 0.55 (D) | Risk LOW/HIGH | Analytics: Trend 1, Momentum 2, Volume 1, Liquidity -2 (0.0cr), VolRisk HIGH, Sector UNKNOWN 0",0,0,LOW,,,,,,,0,0,,,0,,0,63.2,MEDIUM,0.87,NEUTRAL,"AI overlay from completed recommendation outcomes; use as probability/risk input, not standalone advice."
KSHINTL,2026-09-28,984.55,21890.0,2,NEUTRAL,43.94,-24.8276,27.46,1080.24,943.23,,64.53,0.149,4.02,0.73,887.75,1145.88,1.67,RSI in swing zone; MACD weak; Trend strength acceptable; Above SMA50,UNKNOWN,-7.02,-1.69,59.83,0.0,6.55,3,0,0,-2,-1,HIGH,0,,,0,-3,0.5,1.0,D,"Trend 3, Momentum 0, Volume 0, Liquidity -2 (0.0cr), VolRisk HIGH, Sector UNKNOWN 0",2,2,2,NEUTRAL,News 0; event caution 0; risk LOW; type ; confidence ; reason . ,-3,HIGH,RISK_OFF,Nifty 20D return -5.771924924783489; 60D return -6.141522169043611; India VIX latest; 20D change 27.715355370472096; USDINR 20D change 0.8995466772440563; Crude 20D change 4.302699067276294,-1.0,NEUTRAL,2,-0.5,NEUTRAL,"Tech 2 | News 0 (, ) | Event caution 0 | Macro -3 | Sector 0 | Analytics 0.5 (D) | Risk LOW/HIGH | Analytics: Trend 3, Momentum 0, Volume 0, Liquidity -2 (0.0cr), VolRisk HIGH, Sector UNKNOWN 0",0,0,LOW,,,,,,,0,0,,,0,,0,62.8,MEDIUM,0.78,NEUTRAL,"AI overlay from completed recommendation outcomes; use as probability/risk input, not standalone advice."
KOTAKBANK,2026-09-29,406.0,226111.0,4,WATCH,44.17,-1.9436,29.68,412.82,407.64,392.74,7.98,0.215,43.63,1.74,394.03,425.96,1.67,RSI in swing zone; MACD weak; Trend strength acceptable; Long-term trend positive; Bollinger position healthy,BANK,-1.75,-4.36,5.19,0.01,1.97,3,0,1,-2,1,LOW,-3,19.2,-0.29,-2,-1,0.4,1.25,C,"Trend 3, Momentum 0, Volume 1, Liquidity -2 (0.01cr), VolRisk LOW, Sector BANK -3",4,4,4,WATCH,News 0; event caution 0; risk LOW; type ; confidence ; reason . ,-3,HIGH,RISK_OFF,Nifty 20D return -5.771924924783489; 60D return -6.141522169043611; India VIX latest; 20D change 27.715355370472096; USDINR 20D change 0.8995466772440563; Crude 20D change 4.302699067276294,-1.0,NEUTRAL,4,-0.6,NEUTRAL,"Tech 4 | News 0 (, ) | Event caution 0 | Macro -3 | Sector -2 | Analytics 0.4 (C) | Risk LOW/HIGH | Analytics: Trend 3, Momentum 0, Volume 1, Liquidity -2 (0.01cr), VolRisk LOW, Sector BANK -3",0,0,LOW,,,,,,,0,0,,,0,,0,56.4,MEDIUM,0.04,NEUTRAL,"AI overlay from completed recommendation outcomes; use as probability/risk input, not standalone advice."
GSPL,2026-05-11,268.35,120652.0,6,WATCH,44.93,0.5734,40.62,274.33,271.12,,12.73,0.414,25.43,2.13,249.25,300.18,1.67,RSI in swing zone; MACD bullish; Trend strength acceptable; Bollinger position healthy; Volume expansion,UNKNOWN,-5.9,12.88,-12.0,0.0,4.74,3,3,2,-2,0,MEDIUM,0,,,0,-2,2.4,1.5,B,"Trend 3, Momentum 3, Volume 2, Liquidity -2 (0.0cr), VolRisk MEDIUM, Sector UNKNOWN 0",3,0,0,NEUTRAL,News -3; event caution -3; risk HIGH; type REGULATORY_RISK; confidence HIGH; reason Regulatory/legal/credit risk event.. Negative catalyst: Suspension of Trading,-3,HIGH,RISK_OFF,Nifty 20D return -5.771924924783489; 60D return -6.141522169043611; India VIX latest; 20D change 27.715355370472096; USDINR 20D change 0.8995466772440563; Crude 20D change 4.302699067276294,-3.0,SELL/AVOID,6,-0.6,AVOID_EVENT_RISK,"Tech 6 | News -3 (REGULATORY_RISK, HIGH) | Event caution -3 | Macro -3 | Sector 0 | Analytics 2.4 (B) | Risk HIGH/HIGH | Negative catalyst: Suspension of Trading | Analytics: Trend 3, Momentum 3, Volume 2, Liquidity -2 (0.0cr), VolRisk MEDIUM, Sector UNKNOWN 0 | News logic: Regulatory/legal/credit risk event. | Upcoming event caution: Record Date",-3,-3,HIGH,Negative catalyst: Suspension of Trading,Upcoming event caution: Record Date,Suspension of Trading,Negative catalyst: Suspension of Trading,NSE Corporate Announcements,-,1,4,REGULATORY_RISK,HIGH,3,Regulatory/legal/credit risk event.,0,62.5,MEDIUM,0.65,AVOID_EVENT_RISK,"AI overlay from completed recommendation outcomes; use as probability/risk input, not standalone advice."
KEC,2026-09-29,378.35,33489.0,2,NEUTRAL,31.23,0.339,51.5,409.71,450.86,,15.63,-0.026,5.96,0.95,354.9,417.43,1.67,RSI oversold rebound candidate; MACD bullish; Trend strength acceptable,UNKNOWN,-4.83,-13.29,-30.12,0.0,4.13,1,1,0,-2,0,MEDIUM,0,,,0,-2,0.3,1.5,D,"Trend 1, Momentum 1, Volume 0, Liquidity -2 (0.0cr), VolRisk MEDIUM, Sector UNKNOWN 0",2,2,2,NEUTRAL,News 0; event caution 0; risk LOW; type ; confidence ; reason . ,-3,HIGH,RISK_OFF,Nifty 20D return -5.771924924783489; 60D return -6.141522169043611; India VIX latest; 20D change 27.715355370472096; USDINR 20D change 0.8995466772440563; Crude 20D change 4.302699067276294,-1.0,NEUTRAL,2,-0.7,NEUTRAL,"Tech 2 | News 0 (, ) | Event caution 0 | Macro -3 | Sector 0 | Analytics 0.3 (D) | Risk LOW/HIGH | Analytics: Trend 1, Momentum 1, Volume 0, Liquidity -2 (0.0cr), VolRisk MEDIUM, Sector UNKNOWN 0",0,0,LOW,,,,,,,0,0,,,0,,0,59.0,MEDIUM,0.2,NEUTRAL,"AI overlay from completed recommendation outcomes; use as probability/risk input, not standalone advice."
ARE&M,2026-09-29,766.3,29582.0,2,NEUTRAL,24.05,0.1257,39.67,803.65,870.04,,17.96,0.023,3.83,1.1,739.35,811.21,1.67,RSI oversold rebound candidate; MACD bullish; Trend strength acceptable,UNKNOWN,-5.73,-11.33,-14.37,0.0,2.34,1,0,0,-2,1,LOW,0,,,0,-1,0.3,1.5,D,"Trend 1, Momentum 0, Volume 0, Liquidity -2 (0.0cr), VolRisk LOW, Sector UNKNOWN 0",2,2,2,NEUTRAL,News 0; event caution 0; risk LOW; type ; confidence ; reason . ,-3,HIGH,RISK_OFF,Nifty 20D return -5.771924924783489; 60D return -6.141522169043611; India VIX latest; 20D change 27.715355370472096; USDINR 20D change 0.8995466772440563; Crude 20D change 4.302699067276294,-1.0,NEUTRAL,2,-0.7,NEUTRAL,"Tech 2 | News 0 (, ) | Event caution 0 | Macro -3 | Sector 0 | Analytics 0.3 (D) | Risk LOW/HIGH | Analytics: Trend 1, Momentum 0, Volume 0, Liquidity -2 (0.0cr), VolRisk LOW, Sector UNKNOWN 0",0,0,LOW,,,,,,,0,0,,,0,,0,55.0,MEDIUM,-0.2,NEUTRAL,"AI overlay from completed recommendation outcomes; use as probability/risk input, not standalone advice."
KPIGREEN,2026-09-29,371.25,51106.0,3,NEUTRAL,63.6,10.5685,38.2,317.3,359.98,,17.87,0.996,97.57,0.96,344.44,415.94,1.67,MACD bullish; Trend strength acceptable; Above SMA20; Above SMA50; Near upper Bollinger band,POWER,6.06,22.48,-19.13,0.0,4.81,4,3,0,-2,0,MEDIUM,-3,18.2,-0.06,-2,-2,1.3,1.25,C,"Trend 4, Momentum 3, Volume 0, Liquidity -2 (0.0cr), VolRisk MEDIUM, Sector POWER -3",3,3,3,NEUTRAL,News 0; event caution 0; risk LOW; type ; confidence ; reason . ,-3,HIGH,RISK_OFF,Nifty 20D return -5.771924924783489; 60D return -6.141522169043611; India VIX latest; 20D change 27.715355370472096; USDINR 20D change 0.8995466772440563; Crude 20D change 4.302699067276294,-2.0,NEUTRAL,3,-0.7,NEUTRAL,"Tech 3 | News 0 (, ) | Event caution 0 | Macro -3 | Sector -2 | Analytics 1.3 (C) | Risk LOW/HIGH | Analytics: Trend 4, Momentum 3, Volume 0, Liquidity -2 (0.0cr), VolRisk MEDIUM, Sector POWER -3",0,0,LOW,,,,,,,0,0,,,0,,0,61.1,MEDIUM,0.41,NEUTRAL,"AI overlay from completed recommendation outcomes; use as probability/risk input, not standalone advice."
ASIANPAINT,2026-09-29,2415.0,53501.0,4,WATCH,36.18,4.7149,43.4,2451.13,2578.53,2524.01,43.63,0.206,36.13,1.3,2349.55,2524.09,1.67,MACD bullish; Trend strength acceptable; Bollinger position healthy; Volume expansion,PAINTS,-1.63,-4.44,-10.3,0.0,1.81,1,2,1,-2,1,LOW,-3,0.0,-4.74,-2,-1,0.2,1.25,C,"Trend 1, Momentum 2, Volume 1, Liquidity -2 (0.0cr), VolRisk LOW, Sector PAINTS -3",4,4,4,WATCH,News 0; event caution 0; risk LOW; type ; confidence ; reason . ,-3,HIGH,RISK_OFF,Nifty 20D return -5.771924924783489; 60D return -6.141522169043611; India VIX latest; 20D change 27.715355370472096; USDINR 20D change 0.8995466772440563; Crude 20D change 4.302699067276294,-1.0,NEUTRAL,4,-0.8,NEUTRAL,"Tech 4 | News 0 (, ) | Event caution 0 | Macro -3 | Sector -2 | Analytics 0.2 (C) | Risk LOW/HIGH | Analytics: Trend 1, Momentum 2, Volume 1, Liquidity -2 (0.0cr), VolRisk LOW, Sector PAINTS -3",0,0,LOW,,,,,,,0,0,,,0,,0,55.9,MEDIUM,-0.21,NEUTRAL,"AI overlay from completed recommendation outcomes; use as probability/risk input, not standalone advice."
BLUESTONE,2026-09-29,806.05,82220.0,2,NEUTRAL,46.29,-10.4319,21.5,847.21,829.21,,58.69,0.22,28.62,1.29,718.01,952.79,1.67,RSI in swing zone; MACD weak; Bollinger position healthy; Volume expansion,UNKNOWN,-5.78,-0.89,41.87,0.0,7.28,1,1,1,-2,-1,HIGH,0,,,0,-3,0.2,1.0,D,"Trend 1, Momentum 1, Volume 1, Liquidity -2 (0.0cr), VolRisk HIGH, Sector UNKNOWN 0",2,2,2,NEUTRAL,News 0; event caution 0; risk LOW; type ; confidence ; reason . ,-3,HIGH,RISK_OFF,Nifty 20D return -5.771924924783489; 60D return -6.141522169043611; India VIX latest; 20D change 27.715355370472096; USDINR 20D change 0.8995466772440563; Crude 20D change 4.302699067276294,-1.0,NEUTRAL,2,-0.8,NEUTRAL,"Tech 2 | News 0 (, ) | Event caution 0 | Macro -3 | Sector 0 | Analytics 0.2 (D) | Risk LOW/HIGH | Analytics: Trend 1, Momentum 1, Volume 1, Liquidity -2 (0.0cr), VolRisk HIGH, Sector UNKNOWN 0",0,0,LOW,,,,,,,0,0,,,0,,0,61.3,MEDIUM,0.33,NEUTRAL,"AI overlay from completed recommendation outcomes; use as probability/risk input, not standalone advice."
RICOAUTO,2026-08-13,131.84,44349.0,2,NEUTRAL,45.78,-1.2135,20.33,138.75,132.65,,10.44,0.28,23.02,1.33,116.17,157.95,1.67,RSI in swing zone; MACD weak; Bollinger position healthy; Volume expansion,UNKNOWN,-9.54,-9.25,15.94,0.0,7.92,1,1,1,-2,-1,HIGH,0,,,0,-3,0.2,1.0,D,"Trend 1, Momentum 1, Volume 1, Liquidity -2 (0.0cr), VolRisk HIGH, Sector UNKNOWN 0",2,2,2,NEUTRAL,News 0; event caution 0; risk LOW; type ; confidence ; reason . ,-3,HIGH,RISK_OFF,Nifty 20D return -5.771924924783489; 60D return -6.141522169043611; India VIX latest; 20D change 27.715355370472096; USDINR 20D change 0.8995466772440563; Crude 20D change 4.302699067276294,-1.0,NEUTRAL,2,-0.8,NEUTRAL,"Tech 2 | News 0 (, ) | Event caution 0 | Macro -3 | Sector 0 | Analytics 0.2 (D) | Risk LOW/HIGH | Analytics: Trend 1, Momentum 1, Volume 1, Liquidity -2 (0.0cr), VolRisk HIGH, Sector UNKNOWN 0",0,0,LOW,,,,,,,0,0,,,0,,0,63.0,MEDIUM,0.5,NEUTRAL,"AI overlay from completed recommendation outcomes; use as probability/risk input, not standalone advice."
KTKBANK,2026-09-28,321.85,24512.0,4,WATCH,48.72,-0.2081,26.73,327.57,316.37,,10.98,0.359,33.76,0.8,305.38,349.3,1.67,RSI in swing zone; MACD weak; Trend strength acceptable; Above SMA50; Bollinger position healthy,BANK,2.57,-2.57,16.46,0.0,3.41,3,1,0,-2,0,MEDIUM,-3,19.2,-0.29,-2,-2,0.15,1.25,C,"Trend 3, Momentum 1, Volume 0, Liquidity -2 (0.0cr), VolRisk MEDIUM, Sector BANK -3",4,4,4,WATCH,News 0; event caution 0; risk LOW; type ; confidence ; reason . ,-3,HIGH,RISK_OFF,Nifty 20D return -5.771924924783489; 60D return -6.141522169043611; India VIX latest; 20D change 27.715355370472096; USDINR 20D change 0.8995466772440563; Crude 20D change 4.302699067276294,-1.0,NEUTRAL,4,-0.85,NEUTRAL,"Tech 4 | News 0 (, ) | Event caution 0 | Macro -3 | Sector -2 | Analytics 0.15 (C) | Risk LOW/HIGH | Analytics: Trend 3, Momentum 1, Volume 0, Liquidity -2 (0.0cr), VolRisk MEDIUM, Sector BANK -3",0,0,LOW,,,,,,,0,0,,,0,,0,63.1,MEDIUM,0.46,NEUTRAL,"AI overlay from completed recommendation outcomes; use as probability/risk input, not standalone advice."
NLCINDIA,2026-09-29,255.75,48920.0,2,NEUTRAL,33.43,0.3555,21.1,266.87,278.76,290.89,7.14,0.011,19.16,1.36,245.04,273.6,1.67,RSI oversold rebound candidate; MACD bullish; Volume expansion,UNKNOWN,-4.85,-4.36,-15.66,0.0,2.79,0,1,1,-2,0,MEDIUM,0,,,0,-2,0.1,1.5,D,"Trend 0, Momentum 1, Volume 1, Liquidity -2 (0.0cr), VolRisk MEDIUM, Sector UNKNOWN 0",2,2,2,NEUTRAL,News 0; event caution 0; risk LOW; type ; confidence ; reason . ,-3,HIGH,RISK_OFF,Nifty 20D return -5.771924924783489; 60D return -6.141522169043611; India VIX latest; 20D change 27.715355370472096; USDINR 20D change 0.8995466772440563; Crude 20D change 4.302699067276294,-1.0,NEUTRAL,2,-0.9,NEUTRAL,"Tech 2 | News 0 (, ) | Event caution 0 | Macro -3 | Sector 0 | Analytics 0.1 (D) | Risk LOW/HIGH | Analytics: Trend 0, Momentum 1, Volume 1, Liquidity -2 (0.0cr), VolRisk MEDIUM, Sector UNKNOWN 0",0,0,LOW,,,,,,,0,0,,,0,,0,59.7,MEDIUM,0.07,NEUTRAL,"AI overlay from completed recommendation outcomes; use as probability/risk input, not standalone advice."
HUDCO,2026-09-29,165.57,40113.0,2,NEUTRAL,30.86,0.3193,18.03,174.83,189.82,,5.67,0.047,10.33,1.44,157.07,179.73,1.67,RSI oversold rebound candidate; MACD bullish; Volume expansion,UNKNOWN,-5.35,-9.34,-20.65,0.0,3.42,0,1,1,-2,0,MEDIUM,0,,,0,-2,0.1,1.5,D,"Trend 0, Momentum 1, Volume 1, Liquidity -2 (0.0cr), VolRisk MEDIUM, Sector UNKNOWN 0",2,2,2,NEUTRAL,News 0; event caution 0; risk LOW; type ; confidence ; reason . ,-3,HIGH,RISK_OFF,Nifty 20D return -5.771924924783489; 60D return -6.141522169043611; India VIX latest; 20D change 27.715355370472096; USDINR 20D change 0.8995466772440563; Crude 20D change 4.302699067276294,-1.0,NEUTRAL,2,-0.9,NEUTRAL,"Tech 2 | News 0 (, ) | Event caution 0 | Macro -3 | Sector 0 | Analytics 0.1 (D) | Risk LOW/HIGH | Analytics: Trend 0, Momentum 1, Volume 1, Liquidity -2 (0.0cr), VolRisk MEDIUM, Sector UNKNOWN 0",0,0,LOW,,,,,,,0,0,,,0,,0,59.5,MEDIUM,0.05,NEUTRAL,"AI overlay from completed recommendation outcomes; use as probability/risk input, not standalone advice."
BHARTIHEXA,2026-09-20,1540.1,28580.0,1,NEUTRAL,47.02,-2.9959,15.66,1566.08,1542.43,,71.18,0.398,33.79,0.94,1433.33,1718.05,1.67,RSI in swing zone; MACD weak; Bollinger position healthy,UNKNOWN,-5.0,6.94,-4.61,0.0,4.62,2,2,0,-2,0,MEDIUM,0,,,0,-2,1.1,1.5,D,"Trend 2, Momentum 2, Volume 0, Liquidity -2 (0.0cr), VolRisk MEDIUM, Sector UNKNOWN 0",1,1,1,NEUTRAL,News 0; event caution 0; risk LOW; type ; confidence ; reason . ,-3,HIGH,RISK_OFF,Nifty 20D return -5.771924924783489; 60D return -6.141522169043611; India VIX latest; 20D change 27.715355370472096; USDINR 20D change 0.8995466772440563; Crude 20D change 4.302699067276294,-2.0,NEUTRAL,1,-0.9,NEUTRAL,"Tech 1 | News 0 (, ) | Event caution 0 | Macro -3 | Sector 0 | Analytics 1.1 (D) | Risk LOW/HIGH | Analytics: Trend 2, Momentum 2, Volume 0, Liquidity -2 (0.0cr), VolRisk MEDIUM, Sector UNKNOWN 0",0,0,LOW,,,,,,,0,0,,,0,,0,61.3,MEDIUM,0.23,NEUTRAL,"AI overlay from completed recommendation outcomes; use as probability/risk input, not standalone advice."
KPRMILL,2026-09-21,1119.3,28454.0,1,NEUTRAL,49.15,-5.8576,17.75,1132.65,1132.15,,39.96,0.4,27.15,1.04,1059.35,1219.21,1.67,RSI in swing zone; MACD weak; Bollinger position healthy,UNKNOWN,-0.71,6.62,3.01,0.0,3.57,2,2,0,-2,0,MEDIUM,0,,,0,-2,1.1,1.5,D,"Trend 2, Momentum 2, Volume 0, Liquidity -2 (0.0cr), VolRisk MEDIUM, Sector UNKNOWN 0",1,1,1,NEUTRAL,News 0; event caution 0; risk LOW; type ; confidence ; reason . ,-3,HIGH,RISK_OFF,Nifty 20D return -5.771924924783489; 60D return -6.141522169043611; India VIX latest; 20D change 27.715355370472096; USDINR 20D change 0.8995466772440563; Crude 20D change 4.302699067276294,-2.0,NEUTRAL,1,-0.9,NEUTRAL,"Tech 1 | News 0 (, ) | Event caution 0 | Macro -3 | Sector 0 | Analytics 1.1 (D) | Risk LOW/HIGH | Analytics: Trend 2, Momentum 2, Volume 0, Liquidity -2 (0.0cr), VolRisk MEDIUM, Sector UNKNOWN 0",0,0,LOW,,,,,,,0,0,,,0,,0,62.9,MEDIUM,0.39,NEUTRAL,"AI overlay from completed recommendation outcomes; use as probability/risk input, not standalone advice."
ZYDUSWELL,2026-09-20,522.25,43609.0,2,NEUTRAL,43.79,-4.9764,24.53,554.31,534.11,,29.22,0.234,35.36,1.18,478.41,595.31,1.67,RSI in swing zone; MACD weak; Trend strength acceptable; Bollinger position healthy,UNKNOWN,-1.31,-10.38,22.98,0.0,5.6,2,0,0,-2,-1,HIGH,0,,,0,-3,0.05,1.0,D,"Trend 2, Momentum 0, Volume 0, Liquidity -2 (0.0cr), VolRisk HIGH, Sector UNKNOWN 0",2,2,2,NEUTRAL,News 0; event caution 0; risk LOW; type ; confidence ; reason . ,-3,HIGH,RISK_OFF,Nifty 20D return -5.771924924783489; 60D return -6.141522169043611; India VIX latest; 20D change 27.715355370472096; USDINR 20D change 0.8995466772440563; Crude 20D change 4.302699067276294,-1.0,NEUTRAL,2,-0.95,NEUTRAL,"Tech 2 | News 0 (, ) | Event caution 0 | Macro -3 | Sector 0 | Analytics 0.05 (D) | Risk LOW/HIGH | Analytics: Trend 2, Momentum 0, Volume 0, Liquidity -2 (0.0cr), VolRisk HIGH, Sector UNKNOWN 0",0,0,LOW,,,,,,,0,0,,,0,,0,61.4,MEDIUM,0.19,NEUTRAL,"AI overlay from completed recommendation outcomes; use as probability/risk input, not standalone advice."
RALLIS,2026-09-28,199.42,76298.0,2,NEUTRAL,26.67,0.1773,21.55,212.52,233.51,,6.47,-0.305,7.09,2.83,189.72,215.59,1.67,RSI oversold rebound candidate; MACD bullish; Volume expansion,UNKNOWN,-6.31,-8.11,,0.0,3.24,0,0,2,-2,0,MEDIUM,0,,,0,-2,0.0,1.5,D,"Trend 0, Momentum 0, Volume 2, Liquidity -2 (0.0cr), VolRisk MEDIUM, Sector UNKNOWN 0",2,2,2,NEUTRAL,News 0; event caution 0; risk LOW; type ; confidence ; reason . ,-3,HIGH,RISK_OFF,Nifty 20D return -5.771924924783489; 60D return -6.141522169043611; India VIX latest; 20D change 27.715355370472096; USDINR 20D change 0.8995466772440563; Crude 20D change 4.302699067276294,-1.0,NEUTRAL,2,-1.0,NEUTRAL,"Tech 2 | News 0 (, ) | Event caution 0 | Macro -3 | Sector 0 | Analytics 0 (D) | Risk LOW/HIGH | Analytics: Trend 0, Momentum 0, Volume 2, Liquidity -2 (0.0cr), VolRisk MEDIUM, Sector UNKNOWN 0",0,0,LOW,,,,,,,0,0,,,0,,0,64.3,MEDIUM,0.43,NEUTRAL,"AI overlay from completed recommendation outcomes; use as probability/risk input, not standalone advice."
GPIL,2026-09-15,237.16,25872.0,1,NEUTRAL,40.99,0.1282,14.38,244.81,249.58,,8.5,0.141,9.9,0.76,224.41,258.42,1.67,RSI in swing zone; MACD bullish; Weak trend,UNKNOWN,-6.28,3.57,-16.9,0.0,3.58,1,3,0,-2,0,MEDIUM,0,,,0,-2,1.0,1.5,D,"Trend 1, Momentum 3, Volume 0, Liquidity -2 (0.0cr), VolRisk MEDIUM, Sector UNKNOWN 0",1,1,1,NEUTRAL,News 0; event caution 0; risk LOW; type ; confidence ; reason . ,-3,HIGH,RISK_OFF,Nifty 20D return -5.771924924783489; 60D return -6.141522169043611; India VIX latest; 20D change 27.715355370472096; USDINR 20D change 0.8995466772440563; Crude 20D change 4.302699067276294,-2.0,NEUTRAL,1,-1.0,NEUTRAL,"Tech 1 | News 0 (, ) | Event caution 0 | Macro -3 | Sector 0 | Analytics 1 (D) | Risk LOW/HIGH | Analytics: Trend 1, Momentum 3, Volume 0, Liquidity -2 (0.0cr), VolRisk MEDIUM, Sector UNKNOWN 0",0,0,LOW,,,,,,,0,0,,,0,,0,59.4,MEDIUM,-0.06,NEUTRAL,"AI overlay from completed recommendation outcomes; use as probability/risk input, not standalone advice."
ZEEL,2026-09-29,74.14,56261.0,2,NEUTRAL,23.5,0.3429,48.07,79.27,91.04,92.26,3.19,0.104,8.02,0.93,69.35,82.12,1.67,RSI oversold rebound candidate; MACD bullish; Trend strength acceptable,UNKNOWN,-4.06,-19.07,-31.08,0.0,4.31,1,0,0,-2,0,MEDIUM,0,,,0,-2,-0.05,1.5,D,"Trend 1, Momentum 0, Volume 0, Liquidity -2 (0.0cr), VolRisk MEDIUM, Sector UNKNOWN 0",2,2,2,NEUTRAL,News 0; event caution 0; risk LOW; type ; confidence ; reason . ,-3,HIGH,RISK_OFF,Nifty 20D return -5.771924924783489; 60D return -6.141522169043611; India VIX latest; 20D change 27.715355370472096; USDINR 20D change 0.8995466772440563; Crude 20D change 4.302699067276294,-1.0,NEUTRAL,2,-1.05,NEUTRAL,"Tech 2 | News 0 (, ) | Event caution 0 | Macro -3 | Sector 0 | Analytics -0.05 (D) | Risk LOW/HIGH | Analytics: Trend 1, Momentum 0, Volume 0, Liquidity -2 (0.0cr), VolRisk MEDIUM, Sector UNKNOWN 0",0,0,LOW,,,,,,,0,0,,,0,,0,59.7,MEDIUM,-0.08,NEUTRAL,"AI overlay from completed recommendation outcomes; use as probability/risk input, not standalone advice."
COCHINSHIP,2026-09-29,1359.3,50278.0,2,NEUTRAL,40.37,-5.3733,23.23,1419.68,1449.84,1474.14,53.13,0.312,24.59,0.99,1279.61,1492.12,1.67,RSI in swing zone; MACD weak; Trend strength acceptable; Bollinger position healthy,UNKNOWN,-2.77,-11.45,-4.14,0.0,3.91,1,0,0,-2,0,MEDIUM,0,,,0,-2,-0.05,1.5,D,"Trend 1, Momentum 0, Volume 0, Liquidity -2 (0.0cr), VolRisk MEDIUM, Sector UNKNOWN 0",2,2,2,NEUTRAL,News 0; event caution 0; risk LOW; type ; confidence ; reason . ,-3,HIGH,RISK_OFF,Nifty 20D return -5.771924924783489; 60D return -6.141522169043611; India VIX latest; 20D change 27.715355370472096; USDINR 20D change 0.8995466772440563; Crude 20D change 4.302699067276294,-1.0,NEUTRAL,2,-1.05,NEUTRAL,"Tech 2 | News 0 (, ) | Event caution 0 | Macro -3 | Sector 0 | Analytics -0.05 (D) | Risk LOW/HIGH | Analytics: Trend 1, Momentum 0, Volume 0, Liquidity -2 (0.0cr), VolRisk MEDIUM, Sector UNKNOWN 0",0,0,LOW,,,,,,,0,0,,,0,,0,60.4,MEDIUM,-0.01,NEUTRAL,"AI overlay from completed recommendation outcomes; use as probability/risk input, not standalone advice."
NAUKRI,2026-09-29,1245.0,41369.0,2,NEUTRAL,42.58,-1.8096,21.46,1264.68,1299.45,1099.96,37.55,0.276,35.47,0.88,1188.67,1338.88,1.67,RSI in swing zone; MACD weak; Long-term trend positive; Bollinger position healthy,INTERNET,-4.01,-5.67,3.09,0.0,3.02,1,0,0,-2,0,MEDIUM,0,,,0,-2,-0.05,1.5,D,"Trend 1, Momentum 0, Volume 0, Liquidity -2 (0.0cr), VolRisk MEDIUM, Sector INTERNET 0",2,2,2,NEUTRAL,News 0; event caution 0; risk LOW; type ; confidence ; reason . ,-3,HIGH,RISK_OFF,Nifty 20D return -5.771924924783489; 60D return -6.141522169043611; India VIX latest; 20D change 27.715355370472096; USDINR 20D change 0.8995466772440563; Crude 20D change 4.302699067276294,-1.0,NEUTRAL,2,-1.05,NEUTRAL,"Tech 2 | News 0 (, ) | Event caution 0 | Macro -3 | Sector 0 | Analytics -0.05 (D) | Risk LOW/HIGH | Analytics: Trend 1, Momentum 0, Volume 0, Liquidity -2 (0.0cr), VolRisk MEDIUM, Sector INTERNET 0",0,0,LOW,,,,,,,0,0,,,0,,0,60.2,MEDIUM,-0.03,NEUTRAL,"AI overlay from completed recommendation outcomes; use as probability/risk input, not standalone advice."
THERMAX,2026-09-23,3464.9,34598.0,2,NEUTRAL,24.57,8.2136,51.92,3675.08,4100.18,,129.25,0.194,6.18,1.1,3271.03,3788.02,1.67,RSI oversold rebound candidate; MACD bullish; Trend strength acceptable,UNKNOWN,-2.93,-13.93,-28.25,0.0,3.73,1,0,0,-2,0,MEDIUM,0,,,0,-2,-0.05,1.5,D,"Trend 1, Momentum 0, Volume 0, Liquidity -2 (0.0cr), VolRisk MEDIUM, Sector UNKNOWN 0",2,2,2,NEUTRAL,News 0; event caution 0; risk LOW; type ; confidence ; reason . ,-3,HIGH,RISK_OFF,Nifty 20D return -5.771924924783489; 60D return -6.141522169043611; India VIX latest; 20D change 27.715355370472096; USDINR 20D change 0.8995466772440563; Crude 20D change 4.302699067276294,-1.0,NEUTRAL,2,-1.05,NEUTRAL,"Tech 2 | News 0 (, ) | Event caution 0 | Macro -3 | Sector 0 | Analytics -0.05 (D) | Risk LOW/HIGH | Analytics: Trend 1, Momentum 0, Volume 0, Liquidity -2 (0.0cr), VolRisk MEDIUM, Sector UNKNOWN 0",0,0,LOW,,,,,,,0,0,,,0,,0,59.3,MEDIUM,-0.12,NEUTRAL,"AI overlay from completed recommendation outcomes; use as probability/risk input, not standalone advice."
IRCON,2026-09-28,103.25,23126.0,2,NEUTRAL,19.05,0.1738,45.96,111.29,126.61,,3.5,0.084,3.56,0.91,98.0,111.99,1.66,RSI oversold rebound candidate; MACD bullish; Trend strength acceptable,UNKNOWN,-5.35,-18.41,-36.01,0.0,3.39,1,0,0,-2,0,MEDIUM,0,,,0,-2,-0.05,1.5,D,"Trend 1, Momentum 0, Volume 0, Liquidity -2 (0.0cr), VolRisk MEDIUM, Sector UNKNOWN 0",2,2,2,NEUTRAL,News 0; event caution 0; risk LOW; type ; confidence ; reason . ,-3,HIGH,RISK_OFF,Nifty 20D return -5.771924924783489; 60D return -6.141522169043611; India VIX latest; 20D change 27.715355370472096; USDINR 20D change 0.8995466772440563; Crude 20D change 4.302699067276294,-1.0,NEUTRAL,2,-1.05,NEUTRAL,"Tech 2 | News 0 (, ) | Event caution 0 | Macro -3 | Sector 0 | Analytics -0.05 (D) | Risk LOW/HIGH | Analytics: Trend 1, Momentum 0, Volume 0, Liquidity -2 (0.0cr), VolRisk MEDIUM, Sector UNKNOWN 0",0,0,LOW,,,,,,,0,0,,,0,,0,58.8,MEDIUM,-0.17,NEUTRAL,"AI overlay from completed recommendation outcomes; use as probability/risk input, not standalone advice."
CHAMBLFERT,2026-09-22,418.5,19778.0,2,NEUTRAL,40.19,-2.141,26.8,437.62,448.19,,13.36,0.314,36.54,0.76,398.46,451.9,1.67,RSI in swing zone; MACD weak; Trend strength acceptable; Bollinger position healthy,UNKNOWN,1.5,-14.59,0.71,0.0,3.19,1,0,0,-2,0,MEDIUM,0,,,0,-2,-0.05,1.5,D,"Trend 1, Momentum 0, Volume 0, Liquidity -2 (0.0cr), VolRisk MEDIUM, Sector UNKNOWN 0",2,2,2,NEUTRAL,News 0; event caution 0; risk LOW; type ; confidence ; reason . ,-3,HIGH,RISK_OFF,Nifty 20D return -5.771924924783489; 60D return -6.141522169043611; India VIX latest; 20D change 27.715355370472096; USDINR 20D change 0.8995466772440563; Crude 20D change 4.302699067276294,-1.0,NEUTRAL,2,-1.05,NEUTRAL,"Tech 2 | News 0 (, ) | Event caution 0 | Macro -3 | Sector 0 | Analytics -0.05 (D) | Risk LOW/HIGH | Analytics: Trend 1, Momentum 0, Volume 0, Liquidity -2 (0.0cr), VolRisk MEDIUM, Sector UNKNOWN 0",0,0,LOW,,,,,,,0,0,,,0,,0,60.6,MEDIUM,0.01,NEUTRAL,"AI overlay from completed recommendation outcomes; use as probability/risk input, not standalone advice."
DCBBANK,2026-09-28,207.46,42826.0,3,NEUTRAL,46.97,-1.8127,44.24,215.24,197.18,,8.7,0.323,2.74,1.03,194.41,229.21,1.67,RSI in swing zone; MACD weak; Trend strength acceptable; Above SMA50; Bollinger position healthy,BANK,-9.05,6.43,18.98,0.0,4.19,4,2,0,-2,0,MEDIUM,-3,19.2,-0.29,-2,-2,0.95,1.25,D,"Trend 4, Momentum 2, Volume 0, Liquidity -2 (0.0cr), VolRisk MEDIUM, Sector BANK -3",3,3,3,NEUTRAL,News 0; event caution 0; risk LOW; type ; confidence ; reason . ,-3,HIGH,RISK_OFF,Nifty 20D return -5.771924924783489; 60D return -6.141522169043611; India VIX latest; 20D change 27.715355370472096; USDINR 20D change 0.8995466772440563; Crude 20D change 4.302699067276294,-2.0,NEUTRAL,3,-1.05,NEUTRAL,"Tech 3 | News 0 (, ) | Event caution 0 | Macro -3 | Sector -2 | Analytics 0.95 (D) | Risk LOW/HIGH | Analytics: Trend 4, Momentum 2, Volume 0, Liquidity -2 (0.0cr), VolRisk MEDIUM, Sector BANK -3",0,0,LOW,,,,,,,0,0,,,0,,0,61.6,MEDIUM,0.11,NEUTRAL,"AI overlay from completed recommendation outcomes; use as probability/risk input, not standalone advice."
LODHA,2026-09-29,1106.6,64725.0,4,WATCH,38.07,1.1418,21.08,1144.95,1198.89,1006.79,40.18,0.275,45.46,1.44,1046.33,1207.06,1.67,MACD bullish; Long-term trend positive; Bollinger position healthy; Volume expansion,REALTY,-4.81,-10.32,-6.91,0.0,3.63,1,2,1,-2,0,MEDIUM,-3,33.3,-1.26,-2,-2,-0.15,1.25,D,"Trend 1, Momentum 2, Volume 1, Liquidity -2 (0.0cr), VolRisk MEDIUM, Sector REALTY -3",4,4,4,WATCH,News 0; event caution 0; risk LOW; type ; confidence ; reason . ,-3,HIGH,RISK_OFF,Nifty 20D return -5.771924924783489; 60D return -6.141522169043611; India VIX latest; 20D change 27.715355370472096; USDINR 20D change 0.8995466772440563; Crude 20D change 4.302699067276294,-1.0,NEUTRAL,4,-1.15,NEUTRAL,"Tech 4 | News 0 (, ) | Event caution 0 | Macro -3 | Sector -2 | Analytics -0.15 (D) | Risk LOW/HIGH | Analytics: Trend 1, Momentum 2, Volume 1, Liquidity -2 (0.0cr), VolRisk MEDIUM, Sector REALTY -3",0,0,LOW,,,,,,,0,0,,,0,,0,67.0,HIGH,0.55,NEUTRAL,"AI overlay from completed recommendation outcomes; use as probability/risk input, not standalone advice."
GUJENERGY,2026-09-29,236.61,46005.0,4,WATCH,37.09,0.1223,37.3,244.54,257.82,,8.26,0.3,33.38,1.28,224.22,257.25,1.67,MACD bullish; Trend strength acceptable; Bollinger position healthy; Volume expansion,POWER,2.7,-10.24,-15.6,0.0,3.49,1,2,1,-2,0,MEDIUM,-3,18.2,-0.06,-2,-2,-0.15,1.25,D,"Trend 1, Momentum 2, Volume 1, Liquidity -2 (0.0cr), VolRisk MEDIUM, Sector POWER -3",4,4,4,WATCH,News 0; event caution 0; risk LOW; type ; confidence ; reason . ,-3,HIGH,RISK_OFF,Nifty 20D return -5.771924924783489; 60D return -6.141522169043611; India VIX latest; 20D change 27.715355370472096; USDINR 20D change 0.8995466772440563; Crude 20D change 4.302699067276294,-1.0,NEUTRAL,4,-1.15,NEUTRAL,"Tech 4 | News 0 (, ) | Event caution 0 | Macro -3 | Sector -2 | Analytics -0.15 (D) | Risk LOW/HIGH | Analytics: Trend 1, Momentum 2, Volume 1, Liquidity -2 (0.0cr), VolRisk MEDIUM, Sector POWER -3",0,0,LOW,,,,,,,0,0,,,0,,0,63.4,MEDIUM,0.19,NEUTRAL,"AI overlay from completed recommendation outcomes; use as probability/risk input, not standalone advice."
NAVINFLUOR,2026-09-29,8234.5,39672.0,3,NEUTRAL,46.71,-42.0645,31.44,8486.1,8116.26,,275.59,0.184,15.83,1.22,7821.12,8923.47,1.67,RSI in swing zone; MACD weak; Trend strength acceptable; Above SMA50; Volume expansion,CHEMICALS,-4.14,0.34,16.86,0.0,3.35,4,1,1,-2,0,MEDIUM,-3,0.0,-2.26,-2,-2,0.85,1.25,D,"Trend 4, Momentum 1, Volume 1, Liquidity -2 (0.0cr), VolRisk MEDIUM, Sector CHEMICALS -3",3,3,3,NEUTRAL,News 0; event caution 0; risk LOW; type ; confidence ; reason . ,-3,HIGH,RISK_OFF,Nifty 20D return -5.771924924783489; 60D return -6.141522169043611; India VIX latest; 20D change 27.715355370472096; USDINR 20D change 0.8995466772440563; Crude 20D change 4.302699067276294,-2.0,NEUTRAL,3,-1.15,NEUTRAL,"Tech 3 | News 0 (, ) | Event caution 0 | Macro -3 | Sector -2 | Analytics 0.85 (D) | Risk LOW/HIGH | Analytics: Trend 4, Momentum 1, Volume 1, Liquidity -2 (0.0cr), VolRisk MEDIUM, Sector CHEMICALS -3",0,0,LOW,,,,,,,0,0,,,0,,0,61.0,MEDIUM,-0.05,NEUTRAL,"AI overlay from completed recommendation outcomes; use as probability/risk input, not standalone advice."
HEROMOTOCO,2026-09-29,5208.0,67374.0,4,WATCH,40.92,8.4729,20.39,5293.15,5497.81,5243.09,109.34,0.21,14.87,1.64,5043.98,5481.36,1.67,RSI in swing zone; MACD bullish; Bollinger position healthy; Volume expansion,AUTO,-3.45,-1.74,3.45,0.0,2.1,0,2,1,-2,1,LOW,-3,0.0,-1.69,-2,-1,-0.25,1.25,D,"Trend 0, Momentum 2, Volume 1, Liquidity -2 (0.0cr), VolRisk LOW, Sector AUTO -3",4,4,4,WATCH,News 0; event caution 0; risk LOW; type ; confidence ; reason . ,-3,HIGH,RISK_OFF,Nifty 20D return -5.771924924783489; 60D return -6.141522169043611; India VIX latest; 20D change 27.715355370472096; USDINR 20D change 0.8995466772440563; Crude 20D change 4.302699067276294,-1.0,NEUTRAL,4,-1.25,NEUTRAL,"Tech 4 | News 0 (, ) | Event caution 0 | Macro -3 | Sector -2 | Analytics -0.25 (D) | Risk LOW/HIGH | Analytics: Trend 0, Momentum 2, Volume 1, Liquidity -2 (0.0cr), VolRisk LOW, Sector AUTO -3",0,0,LOW,,,,,,,0,0,,,0,,0,66.2,HIGH,0.37,NEUTRAL,"AI overlay from completed recommendation outcomes; use as probability/risk input, not standalone advice."
TMCV,2026-09-29,430.15,136420.0,2,NEUTRAL,40.05,-0.2606,16.02,439.75,454.66,430.74,12.89,0.229,35.33,1.26,410.81,462.38,1.67,RSI in swing zone; MACD weak; Bollinger position healthy; Volume expansion,UNKNOWN,-4.45,-6.12,4.47,0.0,3.0,0,0,1,-2,0,MEDIUM,0,,,0,-2,-0.25,1.5,D,"Trend 0, Momentum 0, Volume 1, Liquidity -2 (0.0cr), VolRisk MEDIUM, Sector UNKNOWN 0",2,2,2,NEUTRAL,News 0; event caution 0; risk LOW; type ; confidence ; reason . ,-3,HIGH,RISK_OFF,Nifty 20D return -5.771924924783489; 60D return -6.141522169043611; India VIX latest; 20D change 27.715355370472096; USDINR 20D change 0.8995466772440563; Crude 20D change 4.302699067276294,-1.0,NEUTRAL,2,-1.25,NEUTRAL,"Tech 2 | News 0 (, ) | Event caution 0 | Macro -3 | Sector 0 | Analytics -0.25 (D) | Risk LOW/HIGH | Analytics: Trend 0, Momentum 0, Volume 1, Liquidity -2 (0.0cr), VolRisk MEDIUM, Sector UNKNOWN 0",0,0,LOW,,,,,,,0,0,,,0,,0,61.9,MEDIUM,-0.06,NEUTRAL,"AI overlay from completed recommendation outcomes; use as probability/risk input, not standalone advice."
VOGL,2026-09-29,33.96,76922.0,2,NEUTRAL,40.12,-0.1012,19.25,35.24,36.92,,1.41,0.225,22.84,1.41,31.84,37.49,1.67,RSI in swing zone; MACD weak; Bollinger position healthy; Volume expansion,UNKNOWN,-5.3,-10.68,-2.5,0.0,4.16,0,0,1,-2,0,MEDIUM,0,,,0,-2,-0.25,1.5,D,"Trend 0, Momentum 0, Volume 1, Liquidity -2 (0.0cr), VolRisk MEDIUM, Sector UNKNOWN 0",2,2,2,NEUTRAL,News 0; event caution 0; risk LOW; type ; confidence ; reason . ,-3,HIGH,RISK_OFF,Nifty 20D return -5.771924924783489; 60D return -6.141522169043611; India VIX latest; 20D change 27.715355370472096; USDINR 20D change 0.8995466772440563; Crude 20D change 4.302699067276294,-1.0,NEUTRAL,2,-1.25,NEUTRAL,"Tech 2 | News 0 (, ) | Event caution 0 | Macro -3 | Sector 0 | Analytics -0.25 (D) | Risk LOW/HIGH | Analytics: Trend 0, Momentum 0, Volume 1, Liquidity -2 (0.0cr), VolRisk MEDIUM, Sector UNKNOWN 0",0,0,LOW,,,,,,,0,0,,,0,,0,62.5,MEDIUM,0.0,NEUTRAL,"AI overlay from completed recommendation outcomes; use as probability/risk input, not standalone advice."
ATHERENERG,2026-09-29,1407.0,149661.0,1,NEUTRAL,32.68,-25.457,26.11,1567.04,1537.51,1077.6,61.57,-0.044,1.19,1.43,1314.65,1560.92,1.67,RSI oversold rebound candidate; MACD weak; Trend strength acceptable; Long-term trend positive; Volume expansion,UNKNOWN,-6.16,-11.17,9.21,0.01,4.38,3,-1,1,-2,0,MEDIUM,0,,,0,-2,0.75,1.5,D,"Trend 3, Momentum -1, Volume 1, Liquidity -2 (0.01cr), VolRisk MEDIUM, Sector UNKNOWN 0",1,1,1,NEUTRAL,News 0; event caution 0; risk LOW; type ; confidence ; reason . ,-3,HIGH,RISK_OFF,Nifty 20D return -5.771924924783489; 60D return -6.141522169043611; India VIX latest; 20D change 27.715355370472096; USDINR 20D change 0.8995466772440563; Crude 20D change 4.302699067276294,-2.0,NEUTRAL,1,-1.25,NEUTRAL,"Tech 1 | News 0 (, ) | Event caution 0 | Macro -3 | Sector 0 | Analytics 0.75 (D) | Risk LOW/HIGH | Analytics: Trend 3, Momentum -1, Volume 1, Liquidity -2 (0.01cr), VolRisk MEDIUM, Sector UNKNOWN 0",0,0,LOW,,,,,,,0,0,,,0,,0,61.4,MEDIUM,-0.11,NEUTRAL,"AI overlay from completed recommendation outcomes; use as probability/risk input, not standalone advice."
PFOCUS,2026-09-29,317.5,33360.0,1,NEUTRAL,49.06,-2.1746,16.55,321.67,317.59,,18.38,0.441,20.11,0.73,289.93,363.45,1.67,RSI in swing zone; MACD weak; Bollinger position healthy,UNKNOWN,-5.83,10.92,23.95,0.0,5.79,2,2,0,-2,-1,HIGH,0,,,0,-3,0.75,1.0,D,"Trend 2, Momentum 2, Volume 0, Liquidity -2 (0.0cr), VolRisk HIGH, Sector UNKNOWN 0",1,1,1,NEUTRAL,News 0; event caution 0; risk LOW; type ; confidence ; reason . ,-3,HIGH,RISK_OFF,Nifty 20D return -5.771924924783489; 60D return -6.141522169043611; India VIX latest; 20D change 27.715355370472096; USDINR 20D change 0.8995466772440563; Crude 20D change 4.302699067276294,-2.0,NEUTRAL,1,-1.25,NEUTRAL,"Tech 1 | News 0 (, ) | Event caution 0 | Macro -3 | Sector 0 | Analytics 0.75 (D) | Risk LOW/HIGH | Analytics: Trend 2, Momentum 2, Volume 0, Liquidity -2 (0.0cr), VolRisk HIGH, Sector UNKNOWN 0",0,0,LOW,,,,,,,0,0,,,0,,0,62.6,MEDIUM,0.01,NEUTRAL,"AI overlay from completed recommendation outcomes; use as probability/risk input, not standalone advice."
IIFL,2026-09-29,607.5,92103.0,7,BUY,46.73,0.586,22.52,608.82,626.59,526.46,21.86,0.48,56.6,1.56,574.71,662.15,1.67,RSI in swing zone; MACD bullish; Trend strength acceptable; Long-term trend positive; Bollinger position healthy,UNKNOWN,-4.07,-6.7,6.24,0.0,3.6,2,3,1,-2,0,MEDIUM,0,,,-1,-2,1.7,1.5,B,"Trend 2, Momentum 3, Volume 1, Liquidity -2 (0.0cr), VolRisk MEDIUM, Sector UNKNOWN 0",2,1,1,WATCH_EVENT_RISK,News -5; event caution -1; risk HIGH; type GOVERNANCE_RISK; confidence HIGH; reason Material management/auditor/governance risk.. Negative catalyst: Resignation of Director/KMP/SMP,-3,HIGH,RISK_OFF,Nifty 20D return -5.771924924783489; 60D return -6.141522169043611; India VIX latest; 20D change 27.715355370472096; USDINR 20D change 0.8995466772440563; Crude 20D change 4.302699067276294,-3.0,WATCH_MACRO_RISK,7,-1.3,AVOID_EVENT_RISK,"Tech 7 | News -5 (GOVERNANCE_RISK, HIGH) | Event caution -1 | Macro -3 | Sector -1 | Analytics 1.7 (B) | Risk HIGH/HIGH | Negative catalyst: Resignation of Director/KMP/SMP | Analytics: Trend 2, Momentum 3, Volume 1, Liquidity -2 (0.0cr), VolRisk MEDIUM, Sector UNKNOWN 0 | News logic: Material management/auditor/governance risk. | Upcoming event caution: Outcome of Board Meeting",-5,-1,HIGH,Negative catalyst: Resignation of Director/KMP/SMP,Upcoming event caution: Outcome of Board Meeting,Resignation of Director/KMP/SMP,Negative catalyst: Resignation of Director/KMP/SMP,NSE Corporate Announcements,https://nsearchives.nseindia.com/corporate/IIFL_ROID_98348_KMP_Doc.zip,3,1,GOVERNANCE_RISK,HIGH,3,Material management/auditor/governance risk.,-1,65.1,HIGH,0.21,AVOID_EVENT_RISK,"AI overlay from completed recommendation outcomes; use as probability/risk input, not standalone advice."
PETRONET,2026-09-29,282.95,41807.0,3,NEUTRAL,45.37,-0.5182,19.41,288.12,285.74,280.81,6.4,0.212,30.23,1.23,273.35,298.95,1.67,RSI in swing zone; MACD weak; Long-term trend positive; Bollinger position healthy; Volume expansion,OIL_GAS,-1.58,-3.1,1.43,0.0,2.26,2,1,1,-2,1,LOW,-2,0.0,1.4,-2,-1,0.65,1.25,D,"Trend 2, Momentum 1, Volume 1, Liquidity -2 (0.0cr), VolRisk LOW, Sector OIL_GAS -2",3,3,3,NEUTRAL,News 0; event caution 0; risk LOW; type ; confidence ; reason . ,-3,HIGH,RISK_OFF,Nifty 20D return -5.771924924783489; 60D return -6.141522169043611; India VIX latest; 20D change 27.715355370472096; USDINR 20D change 0.8995466772440563; Crude 20D change 4.302699067276294,-2.0,NEUTRAL,3,-1.35,NEUTRAL,"Tech 3 | News 0 (, ) | Event caution 0 | Macro -3 | Sector -2 | Analytics 0.65 (D) | Risk LOW/HIGH | Analytics: Trend 2, Momentum 1, Volume 1, Liquidity -2 (0.0cr), VolRisk LOW, Sector OIL_GAS -2",0,0,LOW,,,,,,,0,0,,,0,,0,56.1,MEDIUM,-0.74,NEUTRAL,"AI overlay from completed recommendation outcomes; use as probability/risk input, not standalone advice."
KARURVYSYA,2026-09-29,318.15,55778.0,1,NEUTRAL,35.08,-1.3038,25.84,331.57,336.57,308.24,8.67,0.117,20.04,1.55,305.15,339.81,1.67,MACD weak; Trend strength acceptable; Long-term trend positive; Volume expansion,UNKNOWN,-1.94,-9.1,2.7,0.0,2.72,2,0,1,-2,0,MEDIUM,0,,,0,-2,0.65,1.5,D,"Trend 2, Momentum 0, Volume 1, Liquidity -2 (0.0cr), VolRisk MEDIUM, Sector UNKNOWN 0",1,1,1,NEUTRAL,News 0; event caution 0; risk LOW; type ; confidence ; reason . ,-3,HIGH,RISK_OFF,Nifty 20D return -5.771924924783489; 60D return -6.141522169043611; India VIX latest; 20D change 27.715355370472096; USDINR 20D change 0.8995466772440563; Crude 20D change 4.302699067276294,-2.0,NEUTRAL,1,-1.35,NEUTRAL,"Tech 1 | News 0 (, ) | Event caution 0 | Macro -3 | Sector 0 | Analytics 0.65 (D) | Risk LOW/HIGH | Analytics: Trend 2, Momentum 0, Volume 1, Liquidity -2 (0.0cr), VolRisk MEDIUM, Sector UNKNOWN 0",0,0,LOW,,,,,,,0,0,,,0,,0,62.8,MEDIUM,-0.07,NEUTRAL,"AI overlay from completed recommendation outcomes; use as probability/risk input, not standalone advice."
GRASIM,2026-09-29,3100.0,38870.0,1,NEUTRAL,34.89,-10.6774,25.68,3223.03,3256.96,3004.54,57.48,0.057,5.15,1.23,3013.78,3243.7,1.67,RSI oversold rebound candidate; MACD weak; Trend strength acceptable; Long-term trend positive; Volume expansion,UNKNOWN,-2.78,-6.68,-1.39,0.0,1.85,2,-1,1,-2,1,LOW,0,,,0,-1,0.65,1.5,D,"Trend 2, Momentum -1, Volume 1, Liquidity -2 (0.0cr), VolRisk LOW, Sector UNKNOWN 0",1,1,1,NEUTRAL,News 0; event caution 0; risk LOW; type ; confidence ; reason . ,-3,HIGH,RISK_OFF,Nifty 20D return -5.771924924783489; 60D return -6.141522169043611; India VIX latest; 20D change 27.715355370472096; USDINR 20D change 0.8995466772440563; Crude 20D change 4.302699067276294,-2.0,NEUTRAL,1,-1.35,NEUTRAL,"Tech 1 | News 0 (, ) | Event caution 0 | Macro -3 | Sector 0 | Analytics 0.65 (D) | Risk LOW/HIGH | Analytics: Trend 2, Momentum -1, Volume 1, Liquidity -2 (0.0cr), VolRisk LOW, Sector UNKNOWN 0",0,0,LOW,,,,,,,0,0,,,0,,0,57.5,MEDIUM,-0.6,NEUTRAL,"AI overlay from completed recommendation outcomes; use as probability/risk input, not standalone advice."
THANGAMAYL,2026-09-29,5204.5,32305.0,2,NEUTRAL,40.71,-0.1689,29.31,5595.52,5956.7,,317.06,0.369,53.4,0.91,4728.92,5997.14,1.67,RSI in swing zone; MACD weak; Trend strength acceptable; Bollinger position healthy,UNKNOWN,-0.45,-24.64,37.66,0.0,6.09,1,0,0,-2,-1,HIGH,0,,,0,-3,-0.4,1.0,D,"Trend 1, Momentum 0, Volume 0, Liquidity -2 (0.0cr), VolRisk HIGH, Sector UNKNOWN 0",2,2,2,NEUTRAL,News 0; event caution 0; risk LOW; type ; confidence ; reason . ,-3,HIGH,RISK_OFF,Nifty 20D return -5.771924924783489; 60D return -6.141522169043611; India VIX latest; 20D change 27.715355370472096; USDINR 20D change 0.8995466772440563; Crude 20D change 4.302699067276294,-1.0,NEUTRAL,2,-1.4,NEUTRAL,"Tech 2 | News 0 (, ) | Event caution 0 | Macro -3 | Sector 0 | Analytics -0.4 (D) | Risk LOW/HIGH | Analytics: Trend 1, Momentum 0, Volume 0, Liquidity -2 (0.0cr), VolRisk HIGH, Sector UNKNOWN 0",0,0,LOW,,,,,,,0,0,,,0,,0,61.9,MEDIUM,-0.21,NEUTRAL,"AI overlay from completed recommendation outcomes; use as probability/risk input, not standalone advice."
SPARC,2026-09-29,208.85,29753.0,2,NEUTRAL,43.17,-1.0079,29.23,216.56,225.27,,12.82,0.375,46.86,1.01,189.62,240.91,1.67,RSI in swing zone; MACD weak; Trend strength acceptable; Bollinger position healthy,UNKNOWN,1.45,-19.49,25.49,0.0,6.14,1,0,0,-2,-1,HIGH,0,,,0,-3,-0.4,1.0,D,"Trend 1, Momentum 0, Volume 0, Liquidity -2 (0.0cr), VolRisk HIGH, Sector UNKNOWN 0",2,2,2,NEUTRAL,News 0; event caution 0; risk LOW; type ; confidence ; reason . ,-3,HIGH,RISK_OFF,Nifty 20D return -5.771924924783489; 60D return -6.141522169043611; India VIX latest; 20D change 27.715355370472096; USDINR 20D change 0.8995466772440563; Crude 20D change 4.302699067276294,-1.0,NEUTRAL,2,-1.4,NEUTRAL,"Tech 2 | News 0 (, ) | Event caution 0 | Macro -3 | Sector 0 | Analytics -0.4 (D) | Risk LOW/HIGH | Analytics: Trend 1, Momentum 0, Volume 0, Liquidity -2 (0.0cr), VolRisk HIGH, Sector UNKNOWN 0",0,0,LOW,,,,,,,0,0,,,0,,0,60.6,MEDIUM,-0.34,NEUTRAL,"AI overlay from completed recommendation outcomes; use as probability/risk input, not standalone advice."
PWL,2026-09-29,125.15,40178.0,1,NEUTRAL,42.85,-0.9415,24.96,131.89,126.31,113.67,5.98,0.11,4.87,0.52,116.18,140.1,1.67,RSI in swing zone; MACD weak; Trend strength acceptable; Long-term trend positive,UNKNOWN,-8.05,-1.0,-5.92,0.0,4.78,3,0,-1,-2,0,MEDIUM,0,,,0,-2,0.6,1.5,D,"Trend 3, Momentum 0, Volume -1, Liquidity -2 (0.0cr), VolRisk MEDIUM, Sector UNKNOWN 0",1,1,1,NEUTRAL,News 0; event caution 0; risk LOW; type ; confidence ; reason . ,-3,HIGH,RISK_OFF,Nifty 20D return -5.771924924783489; 60D return -6.141522169043611; India VIX latest; 20D change 27.715355370472096; USDINR 20D change 0.8995466772440563; Crude 20D change 4.302699067276294,-2.0,NEUTRAL,1,-1.4,NEUTRAL,"Tech 1 | News 0 (, ) | Event caution 0 | Macro -3 | Sector 0 | Analytics 0.6 (D) | Risk LOW/HIGH | Analytics: Trend 3, Momentum 0, Volume -1, Liquidity -2 (0.0cr), VolRisk MEDIUM, Sector UNKNOWN 0",0,0,LOW,,,,,,,0,0,,,0,,0,60.3,MEDIUM,-0.37,NEUTRAL,"AI overlay from completed recommendation outcomes; use as probability/risk input, not standalone advice."
ELGIEQUIP,2026-09-22,608.95,35254.0,1,NEUTRAL,47.8,-4.3413,14.49,620.54,610.21,,22.8,0.309,35.01,1.27,574.75,665.94,1.67,RSI in swing zone; MACD weak; Weak trend; Bollinger position healthy; Volume expansion,UNKNOWN,-1.42,-3.72,5.37,0.0,3.74,1,1,1,-2,0,MEDIUM,0,,,0,-2,0.55,1.5,D,"Trend 1, Momentum 1, Volume 1, Liquidity -2 (0.0cr), VolRisk MEDIUM, Sector UNKNOWN 0",1,1,1,NEUTRAL,News 0; event caution 0; risk LOW; type ; confidence ; reason . ,-3,HIGH,RISK_OFF,Nifty 20D return -5.771924924783489; 60D return -6.141522169043611; India VIX latest; 20D change 27.715355370472096; USDINR 20D change 0.8995466772440563; Crude 20D change 4.302699067276294,-2.0,NEUTRAL,1,-1.45,NEUTRAL,"Tech 1 | News 0 (, ) | Event caution 0 | Macro -3 | Sector 0 | Analytics 0.55 (D) | Risk LOW/HIGH | Analytics: Trend 1, Momentum 1, Volume 1, Liquidity -2 (0.0cr), VolRisk MEDIUM, Sector UNKNOWN 0",0,0,LOW,,,,,,,0,0,,,0,,0,60.4,MEDIUM,-0.41,NEUTRAL,"AI overlay from completed recommendation outcomes; use as probability/risk input, not standalone advice."
AEGISLOG,2026-09-29,1299.8,44091.0,1,NEUTRAL,43.75,-10.4685,22.89,1357.32,1334.05,,67.91,0.242,8.04,0.91,1197.94,1469.57,1.67,RSI in swing zone; MACD weak; Trend strength acceptable; Bollinger position healthy,UNKNOWN,-7.45,2.33,-3.65,0.0,5.22,3,0,0,-2,-1,HIGH,0,,,0,-3,0.5,1.0,D,"Trend 3, Momentum 0, Volume 0, Liquidity -2 (0.0cr), VolRisk HIGH, Sector UNKNOWN 0",1,1,1,NEUTRAL,News 0; event caution 0; risk LOW; type ; confidence ; reason . ,-3,HIGH,RISK_OFF,Nifty 20D return -5.771924924783489; 60D return -6.141522169043611; India VIX latest; 20D change 27.715355370472096; USDINR 20D change 0.8995466772440563; Crude 20D change 4.302699067276294,-2.0,NEUTRAL,1,-1.5,NEUTRAL,"Tech 1 | News 0 (, ) | Event caution 0 | Macro -3 | Sector 0 | Analytics 0.5 (D) | Risk LOW/HIGH | Analytics: Trend 3, Momentum 0, Volume 0, Liquidity -2 (0.0cr), VolRisk HIGH, Sector UNKNOWN 0",0,0,LOW,,,,,,,0,0,,,0,,0,61.1,MEDIUM,-0.39,NEUTRAL,"AI overlay from completed recommendation outcomes; use as probability/risk input, not standalone advice."
DBREALTY,2026-08-20,104.7,25188.0,1,NEUTRAL,40.81,-1.7526,29.61,116.86,112.51,,10.13,0.301,13.29,0.73,89.5,130.03,1.67,RSI in swing zone; MACD weak; Trend strength acceptable; Bollinger position healthy,UNKNOWN,-26.26,14.09,,0.0,9.68,3,1,0,-2,-2,VERY_HIGH,0,,,0,-3,0.5,1.0,D,"Trend 3, Momentum 1, Volume 0, Liquidity -2 (0.0cr), VolRisk VERY_HIGH, Sector UNKNOWN 0",1,1,1,NEUTRAL,News 0; event caution 0; risk LOW; type ; confidence ; reason . ,-3,HIGH,RISK_OFF,Nifty 20D return -5.771924924783489; 60D return -6.141522169043611; India VIX latest; 20D change 27.715355370472096; USDINR 20D change 0.8995466772440563; Crude 20D change 4.302699067276294,-2.0,NEUTRAL,1,-1.5,NEUTRAL,"Tech 1 | News 0 (, ) | Event caution 0 | Macro -3 | Sector 0 | Analytics 0.5 (D) | Risk LOW/HIGH | Analytics: Trend 3, Momentum 1, Volume 0, Liquidity -2 (0.0cr), VolRisk VERY_HIGH, Sector UNKNOWN 0",0,0,LOW,,,,,,,0,0,,,0,,0,63.4,MEDIUM,-0.16,NEUTRAL,"AI overlay from completed recommendation outcomes; use as probability/risk input, not standalone advice."
MOSCHIP,2026-09-17,208.06,58502.0,2,NEUTRAL,43.03,-1.124,19.68,214.38,220.49,,10.53,0.332,45.0,1.56,192.26,234.4,1.67,RSI in swing zone; MACD weak; Bollinger position healthy; Volume expansion,UNKNOWN,-2.14,-14.69,0.04,0.0,5.06,0,0,1,-2,-1,HIGH,0,,,0,-3,-0.6,1.0,D,"Trend 0, Momentum 0, Volume 1, Liquidity -2 (0.0cr), VolRisk HIGH, Sector UNKNOWN 0",2,2,2,NEUTRAL,News 0; event caution 0; risk LOW; type ; confidence ; reason . ,-3,HIGH,RISK_OFF,Nifty 20D return -5.771924924783489; 60D return -6.141522169043611; India VIX latest; 20D change 27.715355370472096; USDINR 20D change 0.8995466772440563; Crude 20D change 4.302699067276294,-1.0,NEUTRAL,2,-1.6,NEUTRAL,"Tech 2 | News 0 (, ) | Event caution 0 | Macro -3 | Sector 0 | Analytics -0.6 (D) | Risk LOW/HIGH | Analytics: Trend 0, Momentum 0, Volume 1, Liquidity -2 (0.0cr), VolRisk HIGH, Sector UNKNOWN 0",0,0,LOW,,,,,,,0,0,,,0,,0,60.9,MEDIUM,-0.51,NEUTRAL,"AI overlay from completed recommendation outcomes; use as probability/risk input, not standalone advice."
NETWEB,2026-09-29,4613.0,70746.0,1,NEUTRAL,39.93,-16.961,27.71,4776.15,4990.35,4195.65,184.2,0.305,33.73,0.89,4336.69,5073.51,1.67,MACD weak; Trend strength acceptable; Long-term trend positive; Bollinger position healthy,UNKNOWN,-2.6,-11.17,8.36,0.0,3.99,2,0,0,-2,0,MEDIUM,0,,,0,-2,0.4,1.5,D,"Trend 2, Momentum 0, Volume 0, Liquidity -2 (0.0cr), VolRisk MEDIUM, Sector UNKNOWN 0",1,1,1,NEUTRAL,News 0; event caution 0; risk LOW; type ; confidence ; reason . ,-3,HIGH,RISK_OFF,Nifty 20D return -5.771924924783489; 60D return -6.141522169043611; India VIX latest; 20D change 27.715355370472096; USDINR 20D change 0.8995466772440563; Crude 20D change 4.302699067276294,-2.0,NEUTRAL,1,-1.6,NEUTRAL,"Tech 1 | News 0 (, ) | Event caution 0 | Macro -3 | Sector 0 | Analytics 0.4 (D) | Risk LOW/HIGH | Analytics: Trend 2, Momentum 0, Volume 0, Liquidity -2 (0.0cr), VolRisk MEDIUM, Sector UNKNOWN 0",0,0,LOW,,,,,,,0,0,,,0,,0,62.4,MEDIUM,-0.36,NEUTRAL,"AI overlay from completed recommendation outcomes; use as probability/risk input, not standalone advice."
TRITURBINE,2026-09-29,543.55,57059.0,1,NEUTRAL,38.79,0.1449,17.18,559.39,579.99,,17.38,0.12,28.13,0.85,517.49,586.99,1.67,MACD bullish,UNKNOWN,-3.3,-5.85,-11.86,0.0,3.2,0,2,0,-2,0,MEDIUM,0,,,0,-2,0.2,1.5,D,"Trend 0, Momentum 2, Volume 0, Liquidity -2 (0.0cr), VolRisk MEDIUM, Sector UNKNOWN 0",1,1,1,NEUTRAL,News 0; event caution 0; risk LOW; type ; confidence ; reason . ,-3,HIGH,RISK_OFF,Nifty 20D return -5.771924924783489; 60D return -6.141522169043611; India VIX latest; 20D change 27.715355370472096; USDINR 20D change 0.8995466772440563; Crude 20D change 4.302699067276294,-2.0,NEUTRAL,1,-1.8,NEUTRAL,"Tech 1 | News 0 (, ) | Event caution 0 | Macro -3 | Sector 0 | Analytics 0.2 (D) | Risk LOW/HIGH | Analytics: Trend 0, Momentum 2, Volume 0, Liquidity -2 (0.0cr), VolRisk MEDIUM, Sector UNKNOWN 0",0,0,LOW,,,,,,,0,0,,,0,,0,62.3,MEDIUM,-0.57,NEUTRAL,"AI overlay from completed recommendation outcomes; use as probability/risk input, not standalone advice."
ASTRAL,2026-09-29,1375.0,49570.0,1,NEUTRAL,32.51,-3.5574,25.5,1431.51,1469.91,1521.03,33.33,0.187,22.21,1.43,1325.01,1458.32,1.67,RSI oversold rebound candidate; MACD weak; Trend strength acceptable; Volume expansion,UNKNOWN,-3.69,-7.53,2.92,0.0,2.42,1,-1,1,-2,1,LOW,0,,,0,-1,0.2,1.5,D,"Trend 1, Momentum -1, Volume 1, Liquidity -2 (0.0cr), VolRisk LOW, Sector UNKNOWN 0",1,1,1,NEUTRAL,News 0; event caution 0; risk LOW; type ; confidence ; reason . ,-3,HIGH,RISK_OFF,Nifty 20D return -5.771924924783489; 60D return -6.141522169043611; India VIX latest; 20D change 27.715355370472096; USDINR 20D change 0.8995466772440563; Crude 20D change 4.302699067276294,-2.0,NEUTRAL,1,-1.8,NEUTRAL,"Tech 1 | News 0 (, ) | Event caution 0 | Macro -3 | Sector 0 | Analytics 0.2 (D) | Risk LOW/HIGH | Analytics: Trend 1, Momentum -1, Volume 1, Liquidity -2 (0.0cr), VolRisk LOW, Sector UNKNOWN 0",0,0,LOW,,,,,,,0,0,,,0,,0,59.0,MEDIUM,-0.9,NEUTRAL,"AI overlay from completed recommendation outcomes; use as probability/risk input, not standalone advice."
BHARATCOAL,2026-09-29,33.5,35029.0,1,NEUTRAL,35.92,-0.1785,32.05,35.7,38.24,,1.55,0.203,21.9,1.2,31.17,37.38,1.67,MACD weak; Trend strength acceptable; Bollinger position healthy; Volume expansion,UNKNOWN,-3.76,-14.5,-9.34,0.0,4.63,1,0,1,-2,0,MEDIUM,0,,,0,-2,0.2,1.5,D,"Trend 1, Momentum 0, Volume 1, Liquidity -2 (0.0cr), VolRisk MEDIUM, Sector UNKNOWN 0",1,1,1,NEUTRAL,News 0; event caution 0; risk LOW; type ; confidence ; reason . ,-3,HIGH,RISK_OFF,Nifty 20D return -5.771924924783489; 60D return -6.141522169043611; India VIX latest; 20D change 27.715355370472096; USDINR 20D change 0.8995466772440563; Crude 20D change 4.302699067276294,-2.0,NEUTRAL,1,-1.8,NEUTRAL,"Tech 1 | News 0 (, ) | Event caution 0 | Macro -3 | Sector 0 | Analytics 0.2 (D) | Risk LOW/HIGH | Analytics: Trend 1, Momentum 0, Volume 1, Liquidity -2 (0.0cr), VolRisk MEDIUM, Sector UNKNOWN 0",0,0,LOW,,,,,,,0,0,,,0,,0,62.7,MEDIUM,-0.53,NEUTRAL,"AI overlay from completed recommendation outcomes; use as probability/risk input, not standalone advice."
GICRE,2026-09-09,349.9,20384.0,1,NEUTRAL,39.3,0.3853,19.97,356.82,372.29,,11.59,0.187,39.81,0.77,332.52,378.87,1.67,MACD bullish,UNKNOWN,-1.56,-5.1,,0.0,3.31,0,2,0,-2,0,MEDIUM,0,,,0,-2,0.2,1.5,D,"Trend 0, Momentum 2, Volume 0, Liquidity -2 (0.0cr), VolRisk MEDIUM, Sector UNKNOWN 0",1,1,1,NEUTRAL,News 0; event caution 0; risk LOW; type ; confidence ; reason . ,-3,HIGH,RISK_OFF,Nifty 20D return -5.771924924783489; 60D return -6.141522169043611; India VIX latest; 20D change 27.715355370472096; USDINR 20D change 0.8995466772440563; Crude 20D change 4.302699067276294,-2.0,NEUTRAL,1,-1.8,NEUTRAL,"Tech 1 | News 0 (, ) | Event caution 0 | Macro -3 | Sector 0 | Analytics 0.2 (D) | Risk LOW/HIGH | Analytics: Trend 0, Momentum 2, Volume 0, Liquidity -2 (0.0cr), VolRisk MEDIUM, Sector UNKNOWN 0",0,0,LOW,,,,,,,0,0,,,0,,0,63.7,MEDIUM,-0.43,NEUTRAL,"AI overlay from completed recommendation outcomes; use as probability/risk input, not standalone advice."
V2RETAIL,2026-09-21,210.85,19625.0,1,NEUTRAL,36.26,2.263,21.67,218.76,226.32,,10.27,-0.015,27.92,0.77,195.45,236.52,1.67,MACD bullish,UNKNOWN,-2.61,-8.24,8.45,0.0,4.87,0,2,0,-2,0,MEDIUM,0,,,0,-2,0.2,1.5,D,"Trend 0, Momentum 2, Volume 0, Liquidity -2 (0.0cr), VolRisk MEDIUM, Sector UNKNOWN 0",1,1,1,NEUTRAL,News 0; event caution 0; risk LOW; type ; confidence ; reason . ,-3,HIGH,RISK_OFF,Nifty 20D return -5.771924924783489; 60D return -6.141522169043611; India VIX latest; 20D change 27.715355370472096; USDINR 20D change 0.8995466772440563; Crude 20D change 4.302699067276294,-2.0,NEUTRAL,1,-1.8,NEUTRAL,"Tech 1 | News 0 (, ) | Event caution 0 | Macro -3 | Sector 0 | Analytics 0.2 (D) | Risk LOW/HIGH | Analytics: Trend 0, Momentum 2, Volume 0, Liquidity -2 (0.0cr), VolRisk MEDIUM, Sector UNKNOWN 0",0,0,LOW,,,,,,,0,0,,,0,,0,63.4,MEDIUM,-0.46,NEUTRAL,"AI overlay from completed recommendation outcomes; use as probability/risk input, not standalone advice."
NTPCGREEN,2026-09-29,89.99,34011.0,4,WATCH,44.0,0.3278,17.71,90.99,92.73,,2.49,0.4,41.45,0.94,86.25,96.22,1.67,RSI in swing zone; MACD bullish; Bollinger position healthy,POWER,-5.69,-0.04,-8.48,0.0,2.77,0,2,0,-2,0,MEDIUM,-3,18.2,-0.06,-2,-2,-0.85,1.25,D,"Trend 0, Momentum 2, Volume 0, Liquidity -2 (0.0cr), VolRisk MEDIUM, Sector POWER -3",4,4,4,WATCH,News 0; event caution 0; risk LOW; type ; confidence ; reason . ,-3,HIGH,RISK_OFF,Nifty 20D return -5.771924924783489; 60D return -6.141522169043611; India VIX latest; 20D change 27.715355370472096; USDINR 20D change 0.8995466772440563; Crude 20D change 4.302699067276294,-1.0,NEUTRAL,4,-1.85,NEUTRAL,"Tech 4 | News 0 (, ) | Event caution 0 | Macro -3 | Sector -2 | Analytics -0.85 (D) | Risk LOW/HIGH | Analytics: Trend 0, Momentum 2, Volume 0, Liquidity -2 (0.0cr), VolRisk MEDIUM, Sector POWER -3",0,0,LOW,,,,,,,0,0,,,0,,0,65.4,HIGH,-0.31,NEUTRAL,"AI overlay from completed recommendation outcomes; use as probability/risk input, not standalone advice."
CSBBANK,2026-09-20,336.15,27069.0,4,WATCH,47.3,1.8746,16.13,338.61,354.58,,20.14,0.463,66.41,0.83,305.94,386.5,1.67,RSI in swing zone; MACD bullish; Bollinger position healthy,BANK,-3.63,-4.56,-20.4,0.0,5.99,0,3,0,-2,-1,HIGH,-3,19.2,-0.29,-2,-3,-0.85,0.75,D,"Trend 0, Momentum 3, Volume 0, Liquidity -2 (0.0cr), VolRisk HIGH, Sector BANK -3",4,4,4,WATCH,News 0; event caution 0; risk LOW; type ; confidence ; reason . ,-3,HIGH,RISK_OFF,Nifty 20D return -5.771924924783489; 60D return -6.141522169043611; India VIX latest; 20D change 27.715355370472096; USDINR 20D change 0.8995466772440563; Crude 20D change 4.302699067276294,-1.0,NEUTRAL,4,-1.85,NEUTRAL,"Tech 4 | News 0 (, ) | Event caution 0 | Macro -3 | Sector -2 | Analytics -0.85 (D) | Risk LOW/HIGH | Analytics: Trend 0, Momentum 3, Volume 0, Liquidity -2 (0.0cr), VolRisk HIGH, Sector BANK -3",0,0,LOW,,,,,,,0,0,,,0,,0,60.6,MEDIUM,-0.79,NEUTRAL,"AI overlay from completed recommendation outcomes; use as probability/risk input, not standalone advice."
COLPAL,2026-09-27,1855.8,19392.0,4,WATCH,43.5,8.6953,19.39,1857.75,1971.19,,47.11,0.485,51.94,0.65,1785.14,1973.57,1.67,RSI in swing zone; MACD bullish; Bollinger position healthy,FMCG,-3.23,-1.76,-8.46,0.0,2.54,0,2,0,-2,0,MEDIUM,-3,16.7,-0.23,-2,-2,-0.85,1.25,D,"Trend 0, Momentum 2, Volume 0, Liquidity -2 (0.0cr), VolRisk MEDIUM, Sector FMCG -3",4,4,4,WATCH,News 0; event caution 0; risk LOW; type ; confidence ; reason . ,-3,HIGH,RISK_OFF,Nifty 20D return -5.771924924783489; 60D return -6.141522169043611; India VIX latest; 20D change 27.715355370472096; USDINR 20D change 0.8995466772440563; Crude 20D change 4.302699067276294,-1.0,NEUTRAL,4,-1.85,NEUTRAL,"Tech 4 | News 0 (, ) | Event caution 0 | Macro -3 | Sector -2 | Analytics -0.85 (D) | Risk LOW/HIGH | Analytics: Trend 0, Momentum 2, Volume 0, Liquidity -2 (0.0cr), VolRisk MEDIUM, Sector FMCG -3",0,0,LOW,,,,,,,0,0,,,0,,0,67.3,HIGH,-0.12,NEUTRAL,"AI overlay from completed recommendation outcomes; use as probability/risk input, not standalone advice."
ASTRAMICRO,2026-09-29,1652.6,43209.0,1,NEUTRAL,45.13,-7.709,14.71,1681.83,1729.66,,68.82,0.326,44.96,1.59,1549.37,1824.66,1.67,RSI in swing zone; MACD weak; Weak trend; Bollinger position healthy; Volume expansion,UNKNOWN,-1.67,-2.85,-4.01,0.0,4.16,0,1,1,-2,0,MEDIUM,0,,,0,-2,0.1,1.5,D,"Trend 0, Momentum 1, Volume 1, Liquidity -2 (0.0cr), VolRisk MEDIUM, Sector UNKNOWN 0",1,1,1,NEUTRAL,News 0; event caution 0; risk LOW; type ; confidence ; reason . ,-3,HIGH,RISK_OFF,Nifty 20D return -5.771924924783489; 60D return -6.141522169043611; India VIX latest; 20D change 27.715355370472096; USDINR 20D change 0.8995466772440563; Crude 20D change 4.302699067276294,-2.0,NEUTRAL,1,-1.9,NEUTRAL,"Tech 1 | News 0 (, ) | Event caution 0 | Macro -3 | Sector 0 | Analytics 0.1 (D) | Risk LOW/HIGH | Analytics: Trend 0, Momentum 1, Volume 1, Liquidity -2 (0.0cr), VolRisk MEDIUM, Sector UNKNOWN 0",0,0,LOW,,,,,,,0,0,,,0,,0,60.8,MEDIUM,-0.82,NEUTRAL,"AI overlay from completed recommendation outcomes; use as probability/risk input, not standalone advice."
APOLLOHOSP,2026-09-29,8659.0,61576.0,1,NEUTRAL,41.2,-13.0479,16.12,8852.12,8822.0,8242.51,154.85,0.01,0.36,1.59,8426.72,9046.13,1.67,RSI in swing zone; MACD weak; Long-term trend positive; Volume expansion,HEALTHCARE,-4.52,0.1,-3.0,0.0,1.79,3,0,1,-2,1,LOW,-1,25.0,4.4,-1,-1,1.1,1.25,D,"Trend 3, Momentum 0, Volume 1, Liquidity -2 (0.0cr), VolRisk LOW, Sector HEALTHCARE -1",1,1,1,NEUTRAL,News 0; event caution 0; risk LOW; type ; confidence ; reason . ,-3,HIGH,RISK_OFF,Nifty 20D return -5.771924924783489; 60D return -6.141522169043611; India VIX latest; 20D change 27.715355370472096; USDINR 20D change 0.8995466772440563; Crude 20D change 4.302699067276294,-3.0,SELL/AVOID,1,-1.9,NEUTRAL,"Tech 1 | News 0 (, ) | Event caution 0 | Macro -3 | Sector -1 | Analytics 1.1 (D) | Risk LOW/HIGH | Analytics: Trend 3, Momentum 0, Volume 1, Liquidity -2 (0.0cr), VolRisk LOW, Sector HEALTHCARE -1",0,0,LOW,,,,,,,0,0,,,0,,0,53.9,LOW,-1.51,NEUTRAL,"AI overlay from completed recommendation outcomes; use as probability/risk input, not standalone advice."
JUBLINGREA,2026-09-28,654.8,32383.0,1,NEUTRAL,40.86,-13.9775,22.34,715.33,689.51,,35.34,0.144,27.14,0.97,601.79,743.16,1.67,RSI in swing zone; MACD weak; Trend strength acceptable,UNKNOWN,-7.54,-9.35,,0.0,5.4,2,0,0,-2,-1,HIGH,0,,,0,-3,0.05,1.0,D,"Trend 2, Momentum 0, Volume 0, Liquidity -2 (0.0cr), VolRisk HIGH, Sector UNKNOWN 0",1,1,1,NEUTRAL,News 0; event caution 0; risk LOW; type ; confidence ; reason . ,-3,HIGH,RISK_OFF,Nifty 20D return -5.771924924783489; 60D return -6.141522169043611; India VIX latest; 20D change 27.715355370472096; USDINR 20D change 0.8995466772440563; Crude 20D change 4.302699067276294,-2.0,NEUTRAL,1,-1.95,NEUTRAL,"Tech 1 | News 0 (, ) | Event caution 0 | Macro -3 | Sector 0 | Analytics 0.05 (D) | Risk LOW/HIGH | Analytics: Trend 2, Momentum 0, Volume 0, Liquidity -2 (0.0cr), VolRisk HIGH, Sector UNKNOWN 0",0,0,LOW,,,,,,,0,0,,,0,,0,61.2,MEDIUM,-0.83,NEUTRAL,"AI overlay from completed recommendation outcomes; use as probability/risk input, not standalone advice."
BLUEJET,2026-09-29,549.6,31087.0,1,NEUTRAL,43.16,-7.7107,21.42,588.9,540.84,,29.12,-0.005,5.62,0.86,505.92,622.39,1.67,RSI in swing zone; MACD weak; Above SMA50,UNKNOWN,-5.49,-6.12,38.33,0.0,5.3,2,0,0,-2,-1,HIGH,0,,,0,-3,0.05,1.0,D,"Trend 2, Momentum 0, Volume 0, Liquidity -2 (0.0cr), VolRisk HIGH, Sector UNKNOWN 0",1,1,1,NEUTRAL,News 0; event caution 0; risk LOW; type ; confidence ; reason . ,-3,HIGH,RISK_OFF,Nifty 20D return -5.771924924783489; 60D return -6.141522169043611; India VIX latest; 20D change 27.715355370472096; USDINR 20D change 0.8995466772440563; Crude 20D change 4.302699067276294,-2.0,NEUTRAL,1,-1.95,NEUTRAL,"Tech 1 | News 0 (, ) | Event caution 0 | Macro -3 | Sector 0 | Analytics 0.05 (D) | Risk LOW/HIGH | Analytics: Trend 2, Momentum 0, Volume 0, Liquidity -2 (0.0cr), VolRisk HIGH, Sector UNKNOWN 0",0,0,LOW,,,,,,,0,0,,,0,,0,64.2,MEDIUM,-0.53,NEUTRAL,"AI overlay from completed recommendation outcomes; use as probability/risk input, not standalone advice."
POLYCAB,2026-09-29,8102.5,76938.0,3,NEUTRAL,33.07,16.0196,27.15,8297.83,8766.17,8598.2,169.15,0.033,7.8,1.8,7848.77,8525.38,1.67,RSI oversold rebound candidate; MACD bullish; Trend strength acceptable; Volume expansion,CAPITAL_GOODS,-3.74,-2.38,-9.0,0.0,2.09,1,1,1,-2,1,LOW,-3,0.0,-0.93,-2,-1,-0.15,1.25,D,"Trend 1, Momentum 1, Volume 1, Liquidity -2 (0.0cr), VolRisk LOW, Sector CAPITAL_GOODS -3",3,3,3,NEUTRAL,News 0; event caution 0; risk LOW; type ; confidence ; reason . ,-3,HIGH,RISK_OFF,Nifty 20D return -5.771924924783489; 60D return -6.141522169043611; India VIX latest; 20D change 27.715355370472096; USDINR 20D change 0.8995466772440563; Crude 20D change 4.302699067276294,-2.0,NEUTRAL,3,-2.15,NEUTRAL,"Tech 3 | News 0 (, ) | Event caution 0 | Macro -3 | Sector -2 | Analytics -0.15 (D) | Risk LOW/HIGH | Analytics: Trend 1, Momentum 1, Volume 1, Liquidity -2 (0.0cr), VolRisk LOW, Sector CAPITAL_GOODS -3",0,0,LOW,,,,,,,0,0,,,0,,0,67.4,HIGH,-0.41,NEUTRAL,"AI overlay from completed recommendation outcomes; use as probability/risk input, not standalone advice."
LEMONTREE,2026-09-28,103.82,22144.0,3,NEUTRAL,40.65,0.1509,19.1,106.15,108.37,113.73,2.6,0.194,36.8,0.83,99.92,110.32,1.67,RSI in swing zone; MACD bullish,HOTELS,0.54,-4.37,-13.93,0.0,2.5,0,2,0,-2,1,LOW,-2,0.0,1.92,-2,-1,-0.15,1.25,D,"Trend 0, Momentum 2, Volume 0, Liquidity -2 (0.0cr), VolRisk LOW, Sector HOTELS -2",3,3,3,NEUTRAL,News 0; event caution 0; risk LOW; type ; confidence ; reason . ,-3,HIGH,RISK_OFF,Nifty 20D return -5.771924924783489; 60D return -6.141522169043611; India VIX latest; 20D change 27.715355370472096; USDINR 20D change 0.8995466772440563; Crude 20D change 4.302699067276294,-2.0,NEUTRAL,3,-2.15,NEUTRAL,"Tech 3 | News 0 (, ) | Event caution 0 | Macro -3 | Sector -2 | Analytics -0.15 (D) | Risk LOW/HIGH | Analytics: Trend 0, Momentum 2, Volume 0, Liquidity -2 (0.0cr), VolRisk LOW, Sector HOTELS -2",0,0,LOW,,,,,,,0,0,,,0,,0,65.5,HIGH,-0.6,NEUTRAL,"AI overlay from completed recommendation outcomes; use as probability/risk input, not standalone advice."
BALUFORGE,2026-09-27,506.8,19175.0,1,NEUTRAL,41.99,-12.2608,27.75,570.8,517.12,,31.75,0.198,20.44,0.46,459.18,586.17,1.67,RSI in swing zone; MACD weak; Trend strength acceptable,UNKNOWN,4.87,-8.75,-1.29,0.0,6.26,2,0,-1,-2,-1,HIGH,0,,,0,-3,-0.2,1.0,E,"Trend 2, Momentum 0, Volume -1, Liquidity -2 (0.0cr), VolRisk HIGH, Sector UNKNOWN 0",1,1,1,NEUTRAL,News 0; event caution 0; risk LOW; type ; confidence ; reason . ,-3,HIGH,RISK_OFF,Nifty 20D return -5.771924924783489; 60D return -6.141522169043611; India VIX latest; 20D change 27.715355370472096; USDINR 20D change 0.8995466772440563; Crude 20D change 4.302699067276294,-2.0,NEUTRAL,1,-2.2,NEUTRAL,"Tech 1 | News 0 (, ) | Event caution 0 | Macro -3 | Sector 0 | Analytics -0.2 (E) | Risk LOW/HIGH | Analytics: Trend 2, Momentum 0, Volume -1, Liquidity -2 (0.0cr), VolRisk HIGH, Sector UNKNOWN 0",0,0,LOW,,,,,,,0,0,,,0,,0,61.5,MEDIUM,-1.05,NEUTRAL,"AI overlay from completed recommendation outcomes; use as probability/risk input, not standalone advice."
ULTRACEMCO,2026-09-29,10829.0,54709.0,3,NEUTRAL,38.21,25.1926,21.27,10986.35,11415.94,11617.4,194.33,0.226,33.99,1.46,10537.5,11314.83,1.67,MACD bullish; Bollinger position healthy; Volume expansion,CEMENT,-2.92,-5.08,-9.02,0.0,1.79,0,2,1,-2,1,LOW,-3,14.3,-0.59,-2,-1,-0.25,1.25,D,"Trend 0, Momentum 2, Volume 1, Liquidity -2 (0.0cr), VolRisk LOW, Sector CEMENT -3",3,3,3,NEUTRAL,News 0; event caution 0; risk LOW; type ; confidence ; reason . ,-3,HIGH,RISK_OFF,Nifty 20D return -5.771924924783489; 60D return -6.141522169043611; India VIX latest; 20D change 27.715355370472096; USDINR 20D change 0.8995466772440563; Crude 20D change 4.302699067276294,-2.0,NEUTRAL,3,-2.25,NEUTRAL,"Tech 3 | News 0 (, ) | Event caution 0 | Macro -3 | Sector -2 | Analytics -0.25 (D) | Risk LOW/HIGH | Analytics: Trend 0, Momentum 2, Volume 1, Liquidity -2 (0.0cr), VolRisk LOW, Sector CEMENT -3",0,0,LOW,,,,,,,0,0,,,0,,0,66.8,HIGH,-0.57,NEUTRAL,"AI overlay from completed recommendation outcomes; use as probability/risk input, not standalone advice."
BALAMINES,2026-09-27,2189.6,20135.0,0,NEUTRAL,45.93,-33.7243,17.51,2301.7,2241.63,,137.53,0.331,19.79,0.63,1983.3,2533.43,1.67,RSI in swing zone; MACD weak; Bollinger position healthy,UNKNOWN,3.98,8.12,28.33,0.0,6.28,2,2,0,-2,-1,HIGH,0,,,0,-3,0.75,1.0,E,"Trend 2, Momentum 2, Volume 0, Liquidity -2 (0.0cr), VolRisk HIGH, Sector UNKNOWN 0",0,0,0,NEUTRAL,News 0; event caution 0; risk LOW; type ; confidence ; reason . ,-3,HIGH,RISK_OFF,Nifty 20D return -5.771924924783489; 60D return -6.141522169043611; India VIX latest; 20D change 27.715355370472096; USDINR 20D change 0.8995466772440563; Crude 20D change 4.302699067276294,-3.0,SELL/AVOID,0,-2.25,NEUTRAL,"Tech 0 | News 0 (, ) | Event caution 0 | Macro -3 | Sector 0 | Analytics 0.75 (E) | Risk LOW/HIGH | Analytics: Trend 2, Momentum 2, Volume 0, Liquidity -2 (0.0cr), VolRisk HIGH, Sector UNKNOWN 0",0,0,LOW,,,,,,,0,0,,,0,,0,62.1,MEDIUM,-1.04,NEUTRAL,"AI overlay from completed recommendation outcomes; use as probability/risk input, not standalone advice."
JINDALSTEL,2026-09-28,1139.6,20929.0,3,NEUTRAL,51.17,-0.1885,21.87,1144.84,1116.42,1153.19,31.8,0.437,63.06,0.74,1091.9,1219.1,1.67,RSI in swing zone; MACD weak; Above SMA50; Bollinger position healthy,METALS,1.8,-2.6,8.12,0.0,2.79,2,1,0,-2,0,MEDIUM,-3,30.0,-0.49,-2,-2,-0.3,1.25,D,"Trend 2, Momentum 1, Volume 0, Liquidity -2 (0.0cr), VolRisk MEDIUM, Sector METALS -3",3,3,3,NEUTRAL,News 0; event caution 0; risk LOW; type ; confidence ; reason . ,-3,HIGH,RISK_OFF,Nifty 20D return -5.771924924783489; 60D return -6.141522169043611; India VIX latest; 20D change 27.715355370472096; USDINR 20D change 0.8995466772440563; Crude 20D change 4.302699067276294,-2.0,NEUTRAL,3,-2.3,NEUTRAL,"Tech 3 | News 0 (, ) | Event caution 0 | Macro -3 | Sector -2 | Analytics -0.3 (D) | Risk LOW/HIGH | Analytics: Trend 2, Momentum 1, Volume 0, Liquidity -2 (0.0cr), VolRisk MEDIUM, Sector METALS -3",0,0,LOW,,,,,,,0,0,,,0,,0,64.4,MEDIUM,-0.86,NEUTRAL,"AI overlay from completed recommendation outcomes; use as probability/risk input, not standalone advice."
MIDHANI,2026-09-28,416.0,28041.0,1,NEUTRAL,46.4,-3.0917,17.57,429.98,428.43,,22.88,0.342,30.07,0.38,381.68,473.2,1.67,RSI in swing zone; MACD weak; Bollinger position healthy,UNKNOWN,4.2,-4.2,1.95,0.0,5.5,1,1,-1,-2,-1,HIGH,0,,,0,-3,-0.3,1.0,E,"Trend 1, Momentum 1, Volume -1, Liquidity -2 (0.0cr), VolRisk HIGH, Sector UNKNOWN 0",1,1,1,NEUTRAL,News 0; event caution 0; risk LOW; type ; confidence ; reason . ,-3,HIGH,RISK_OFF,Nifty 20D return -5.771924924783489; 60D return -6.141522169043611; India VIX latest; 20D change 27.715355370472096; USDINR 20D change 0.8995466772440563; Crude 20D change 4.302699067276294,-2.0,NEUTRAL,1,-2.3,NEUTRAL,"Tech 1 | News 0 (, ) | Event caution 0 | Macro -3 | Sector 0 | Analytics -0.3 (E) | Risk LOW/HIGH | Analytics: Trend 1, Momentum 1, Volume -1, Liquidity -2 (0.0cr), VolRisk HIGH, Sector UNKNOWN 0",0,0,LOW,,,,,,,0,0,,,0,,0,61.9,MEDIUM,-1.11,NEUTRAL,"AI overlay from completed recommendation outcomes; use as probability/risk input, not standalone advice."
ELECTCAST,2026-09-29,76.53,121703.0,1,NEUTRAL,44.61,-0.2398,14.75,79.94,81.44,,5.18,0.248,36.37,3.92,68.77,89.47,1.67,RSI in swing zone; MACD weak; Weak trend; Bollinger position healthy; Volume expansion,UNKNOWN,-8.28,-2.12,7.03,0.0,6.76,0,0,2,-2,-1,HIGH,0,,,0,-3,-0.35,1.0,E,"Trend 0, Momentum 0, Volume 2, Liquidity -2 (0.0cr), VolRisk HIGH, Sector UNKNOWN 0",1,1,1,NEUTRAL,News 0; event caution 0; risk LOW; type ; confidence ; reason . ,-3,HIGH,RISK_OFF,Nifty 20D return -5.771924924783489; 60D return -6.141522169043611; India VIX latest; 20D change 27.715355370472096; USDINR 20D change 0.8995466772440563; Crude 20D change 4.302699067276294,-2.0,NEUTRAL,1,-2.35,NEUTRAL,"Tech 1 | News 0 (, ) | Event caution 0 | Macro -3 | Sector 0 | Analytics -0.35 (E) | Risk LOW/HIGH | Analytics: Trend 0, Momentum 0, Volume 2, Liquidity -2 (0.0cr), VolRisk HIGH, Sector UNKNOWN 0",0,0,LOW,,,,,,,0,0,,,0,,0,61.5,MEDIUM,-1.2,NEUTRAL,"AI overlay from completed recommendation outcomes; use as probability/risk input, not standalone advice."
KALYANKJIL,2026-09-29,568.85,104008.0,0,NEUTRAL,39.13,-2.7068,24.46,588.07,596.38,460.04,17.01,0.183,16.92,1.6,543.33,611.38,1.67,MACD weak; Trend strength acceptable; Long-term trend positive; Volume expansion,UNKNOWN,-2.64,-5.0,-1.41,0.0,2.99,2,0,1,-2,0,MEDIUM,0,,,0,-2,0.65,1.5,E,"Trend 2, Momentum 0, Volume 1, Liquidity -2 (0.0cr), VolRisk MEDIUM, Sector UNKNOWN 0",0,0,0,NEUTRAL,News 0; event caution 0; risk LOW; type ; confidence ; reason . ,-3,HIGH,RISK_OFF,Nifty 20D return -5.771924924783489; 60D return -6.141522169043611; India VIX latest; 20D change 27.715355370472096; USDINR 20D change 0.8995466772440563; Crude 20D change 4.302699067276294,-3.0,SELL/AVOID,0,-2.35,NEUTRAL,"Tech 0 | News 0 (, ) | Event caution 0 | Macro -3 | Sector 0 | Analytics 0.65 (E) | Risk LOW/HIGH | Analytics: Trend 2, Momentum 0, Volume 1, Liquidity -2 (0.0cr), VolRisk MEDIUM, Sector UNKNOWN 0",0,0,LOW,,,,,,,0,0,,,0,,0,62.8,MEDIUM,-1.07,NEUTRAL,"AI overlay from completed recommendation outcomes; use as probability/risk input, not standalone advice."
NIFTYIETF,2026-09-15,263.36,32580.0,0,NEUTRAL,41.47,-0.1723,18.85,270.34,269.94,,6.34,0.134,15.98,1.35,253.85,279.21,1.67,RSI in swing zone; MACD weak; Volume expansion,UNKNOWN,-3.94,-2.95,,0.0,2.41,1,0,1,-2,1,LOW,0,,,0,-1,0.55,1.5,E,"Trend 1, Momentum 0, Volume 1, Liquidity -2 (0.0cr), VolRisk LOW, Sector UNKNOWN 0",0,0,0,NEUTRAL,News 0; event caution 0; risk LOW; type ; confidence ; reason . ,-3,HIGH,RISK_OFF,Nifty 20D return -5.771924924783489; 60D return -6.141522169043611; India VIX latest; 20D change 27.715355370472096; USDINR 20D change 0.8995466772440563; Crude 20D change 4.302699067276294,-3.0,SELL/AVOID,0,-2.45,NEUTRAL,"Tech 0 | News 0 (, ) | Event caution 0 | Macro -3 | Sector 0 | Analytics 0.55 (E) | Risk LOW/HIGH | Analytics: Trend 1, Momentum 0, Volume 1, Liquidity -2 (0.0cr), VolRisk LOW, Sector UNKNOWN 0",0,0,LOW,,,,,,,0,0,,,0,,0,59.8,MEDIUM,-1.47,NEUTRAL,"AI overlay from completed recommendation outcomes; use as probability/risk input, not standalone advice."
MARUTI,2026-09-29,11877.0,60480.0,3,NEUTRAL,25.28,14.6468,57.9,12266.4,13084.12,13453.76,207.43,0.101,6.48,1.25,11565.85,12395.58,1.67,RSI oversold rebound candidate; MACD bullish; Trend strength acceptable; Volume expansion,AUTO,-2.89,-6.44,-12.65,0.0,1.75,1,0,1,-2,1,LOW,-3,0.0,-1.69,-2,-1,-0.5,1.25,D,"Trend 1, Momentum 0, Volume 1, Liquidity -2 (0.0cr), VolRisk LOW, Sector AUTO -3",3,3,3,NEUTRAL,News 0; event caution 0; risk LOW; type ; confidence ; reason . ,-3,HIGH,RISK_OFF,Nifty 20D return -5.771924924783489; 60D return -6.141522169043611; India VIX latest; 20D change 27.715355370472096; USDINR 20D change 0.8995466772440563; Crude 20D change 4.302699067276294,-2.0,NEUTRAL,3,-2.5,NEUTRAL,"Tech 3 | News 0 (, ) | Event caution 0 | Macro -3 | Sector -2 | Analytics -0.5 (D) | Risk LOW/HIGH | Analytics: Trend 1, Momentum 0, Volume 1, Liquidity -2 (0.0cr), VolRisk LOW, Sector AUTO -3",0,0,LOW,,,,,,,0,0,,,0,,0,69.0,HIGH,-0.6,NEUTRAL,"AI overlay from completed recommendation outcomes; use as probability/risk input, not standalone advice."
TITAGARH,2026-09-28,818.65,33162.0,1,NEUTRAL,42.17,-2.92,15.32,845.22,861.47,,31.02,0.222,25.31,0.93,772.12,896.2,1.67,RSI in swing zone; MACD weak; Bollinger position healthy,UNKNOWN,0.68,-2.7,-0.91,0.0,3.79,0,0,0,-2,0,MEDIUM,0,,,0,-2,-0.5,1.5,E,"Trend 0, Momentum 0, Volume 0, Liquidity -2 (0.0cr), VolRisk MEDIUM, Sector UNKNOWN 0",1,1,1,NEUTRAL,News 0; event caution 0; risk LOW; type ; confidence ; reason . ,-3,HIGH,RISK_OFF,Nifty 20D return -5.771924924783489; 60D return -6.141522169043611; India VIX latest; 20D change 27.715355370472096; USDINR 20D change 0.8995466772440563; Crude 20D change 4.302699067276294,-2.0,NEUTRAL,1,-2.5,NEUTRAL,"Tech 1 | News 0 (, ) | Event caution 0 | Macro -3 | Sector 0 | Analytics -0.5 (E) | Risk LOW/HIGH | Analytics: Trend 0, Momentum 0, Volume 0, Liquidity -2 (0.0cr), VolRisk MEDIUM, Sector UNKNOWN 0",0,0,LOW,,,,,,,0,0,,,0,,0,61.1,MEDIUM,-1.39,NEUTRAL,"AI overlay from completed recommendation outcomes; use as probability/risk input, not standalone advice."
GODFRYPHLP,2026-09-20,2018.0,26408.0,1,NEUTRAL,41.0,-20.9626,19.77,2138.42,2189.02,,84.22,0.272,22.11,0.82,1891.67,2228.54,1.67,RSI in swing zone; MACD weak; Bollinger position healthy,UNKNOWN,-6.28,-0.65,-16.78,0.0,4.17,0,0,0,-2,0,MEDIUM,0,,,0,-2,-0.5,1.5,E,"Trend 0, Momentum 0, Volume 0, Liquidity -2 (0.0cr), VolRisk MEDIUM, Sector UNKNOWN 0",1,1,1,NEUTRAL,News 0; event caution 0; risk LOW; type ; confidence ; reason . ,-3,HIGH,RISK_OFF,Nifty 20D return -5.771924924783489; 60D return -6.141522169043611; India VIX latest; 20D change 27.715355370472096; USDINR 20D change 0.8995466772440563; Crude 20D change 4.302699067276294,-2.0,NEUTRAL,1,-2.5,NEUTRAL,"Tech 1 | News 0 (, ) | Event caution 0 | Macro -3 | Sector 0 | Analytics -0.5 (E) | Risk LOW/HIGH | Analytics: Trend 0, Momentum 0, Volume 0, Liquidity -2 (0.0cr), VolRisk MEDIUM, Sector UNKNOWN 0",0,0,LOW,,,,,,,0,0,,,0,,0,59.7,MEDIUM,-1.53,NEUTRAL,"AI overlay from completed recommendation outcomes; use as probability/risk input, not standalone advice."
TARIL,2026-09-23,289.0,25962.0,1,NEUTRAL,43.52,-0.695,18.61,294.19,317.76,,12.71,0.378,33.89,0.71,269.94,320.77,1.67,RSI in swing zone; MACD weak; Bollinger position healthy,UNKNOWN,0.17,-4.46,-10.0,0.0,4.4,0,0,0,-2,0,MEDIUM,0,,,0,-2,-0.5,1.5,E,"Trend 0, Momentum 0, Volume 0, Liquidity -2 (0.0cr), VolRisk MEDIUM, Sector UNKNOWN 0",1,1,1,NEUTRAL,News 0; event caution 0; risk LOW; type ; confidence ; reason . ,-3,HIGH,RISK_OFF,Nifty 20D return -5.771924924783489; 60D return -6.141522169043611; India VIX latest; 20D change 27.715355370472096; USDINR 20D change 0.8995466772440563; Crude 20D change 4.302699067276294,-2.0,NEUTRAL,1,-2.5,NEUTRAL,"Tech 1 | News 0 (, ) | Event caution 0 | Macro -3 | Sector 0 | Analytics -0.5 (E) | Risk LOW/HIGH | Analytics: Trend 0, Momentum 0, Volume 0, Liquidity -2 (0.0cr), VolRisk MEDIUM, Sector UNKNOWN 0",0,0,LOW,,,,,,,0,0,,,0,,0,62.8,MEDIUM,-1.22,NEUTRAL,"AI overlay from completed recommendation outcomes; use as probability/risk input, not standalone advice."
CUMMINSIND,2026-09-29,4800.0,93660.0,0,NEUTRAL,31.86,-11.3757,25.51,5012.9,5186.83,5183.72,116.86,-0.045,1.4,2.51,4624.71,5092.15,1.67,RSI oversold rebound candidate; MACD weak; Trend strength acceptable; Volume expansion,UNKNOWN,-3.27,-4.67,-11.89,0.0,2.43,1,-1,2,-2,1,LOW,0,,,0,-1,0.45,1.5,E,"Trend 1, Momentum -1, Volume 2, Liquidity -2 (0.0cr), VolRisk LOW, Sector UNKNOWN 0",0,0,0,NEUTRAL,News 0; event caution 0; risk LOW; type ; confidence ; reason . ,-3,HIGH,RISK_OFF,Nifty 20D return -5.771924924783489; 60D return -6.141522169043611; India VIX latest; 20D change 27.715355370472096; USDINR 20D change 0.8995466772440563; Crude 20D change 4.302699067276294,-3.0,SELL/AVOID,0,-2.55,NEUTRAL,"Tech 0 | News 0 (, ) | Event caution 0 | Macro -3 | Sector 0 | Analytics 0.45 (E) | Risk LOW/HIGH | Analytics: Trend 1, Momentum -1, Volume 2, Liquidity -2 (0.0cr), VolRisk LOW, Sector UNKNOWN 0",0,0,LOW,,,,,,,0,0,,,0,,0,61.0,MEDIUM,-1.45,NEUTRAL,"AI overlay from completed recommendation outcomes; use as probability/risk input, not standalone advice."
ANTHEM,2026-09-29,869.75,51011.0,0,NEUTRAL,40.18,-9.8782,26.89,913.98,893.35,,28.48,0.151,18.36,1.14,827.03,940.96,1.67,RSI in swing zone; MACD weak; Trend strength acceptable,UNKNOWN,-1.38,-6.88,11.94,0.0,3.27,2,0,0,-2,0,MEDIUM,0,,,0,-2,0.4,1.5,E,"Trend 2, Momentum 0, Volume 0, Liquidity -2 (0.0cr), VolRisk MEDIUM, Sector UNKNOWN 0",0,0,0,NEUTRAL,News 0; event caution 0; risk LOW; type ; confidence ; reason . ,-3,HIGH,RISK_OFF,Nifty 20D return -5.771924924783489; 60D return -6.141522169043611; India VIX latest; 20D change 27.715355370472096; USDINR 20D change 0.8995466772440563; Crude 20D change 4.302699067276294,-3.0,SELL/AVOID,0,-2.6,NEUTRAL,"Tech 0 | News 0 (, ) | Event caution 0 | Macro -3 | Sector 0 | Analytics 0.4 (E) | Risk LOW/HIGH | Analytics: Trend 2, Momentum 0, Volume 0, Liquidity -2 (0.0cr), VolRisk MEDIUM, Sector UNKNOWN 0",0,0,LOW,,,,,,,0,0,,,0,,0,63.0,MEDIUM,-1.3,NEUTRAL,"AI overlay from completed recommendation outcomes; use as probability/risk input, not standalone advice."
MINDACORP,2026-09-29,672.75,41740.0,0,NEUTRAL,41.57,-7.4796,33.06,711.19,680.98,,28.88,0.031,10.88,1.04,629.43,744.96,1.67,RSI in swing zone; MACD weak; Trend strength acceptable,UNKNOWN,-4.38,-0.55,25.06,0.0,4.29,2,0,0,-2,0,MEDIUM,0,,,0,-2,0.4,1.5,E,"Trend 2, Momentum 0, Volume 0, Liquidity -2 (0.0cr), VolRisk MEDIUM, Sector UNKNOWN 0",0,0,0,NEUTRAL,News 0; event caution 0; risk LOW; type ; confidence ; reason . ,-3,HIGH,RISK_OFF,Nifty 20D return -5.771924924783489; 60D return -6.141522169043611; India VIX latest; 20D change 27.715355370472096; USDINR 20D change 0.8995466772440563; Crude 20D change 4.302699067276294,-3.0,SELL/AVOID,0,-2.6,NEUTRAL,"Tech 0 | News 0 (, ) | Event caution 0 | Macro -3 | Sector 0 | Analytics 0.4 (E) | Risk LOW/HIGH | Analytics: Trend 2, Momentum 0, Volume 0, Liquidity -2 (0.0cr), VolRisk MEDIUM, Sector UNKNOWN 0",0,0,LOW,,,,,,,0,0,,,0,,0,63.6,MEDIUM,-1.24,NEUTRAL,"AI overlay from completed recommendation outcomes; use as probability/risk input, not standalone advice."
BECTORFOOD,2026-09-22,217.81,26455.0,0,NEUTRAL,40.05,-2.9792,23.95,232.29,224.74,,10.62,0.166,10.75,0.92,201.88,244.35,1.67,RSI in swing zone; MACD weak; Trend strength acceptable,UNKNOWN,-1.07,-15.58,20.88,0.0,4.87,2,0,0,-2,0,MEDIUM,0,,,0,-2,0.4,1.5,E,"Trend 2, Momentum 0, Volume 0, Liquidity -2 (0.0cr), VolRisk MEDIUM, Sector UNKNOWN 0",0,0,0,NEUTRAL,News 0; event caution 0; risk LOW; type ; confidence ; reason . ,-3,HIGH,RISK_OFF,Nifty 20D return -5.771924924783489; 60D return -6.141522169043611; India VIX latest; 20D change 27.715355370472096; USDINR 20D change 0.8995466772440563; Crude 20D change 4.302699067276294,-3.0,SELL/AVOID,0,-2.6,NEUTRAL,"Tech 0 | News 0 (, ) | Event caution 0 | Macro -3 | Sector 0 | Analytics 0.4 (E) | Risk LOW/HIGH | Analytics: Trend 2, Momentum 0, Volume 0, Liquidity -2 (0.0cr), VolRisk MEDIUM, Sector UNKNOWN 0",0,0,LOW,,,,,,,0,0,,,0,,0,63.6,MEDIUM,-1.24,NEUTRAL,"AI overlay from completed recommendation outcomes; use as probability/risk input, not standalone advice."
MANAPPURAM,2026-09-29,316.45,54758.0,7,BUY,40.6,0.7524,33.43,322.94,341.02,310.77,10.28,0.244,30.74,1.4,301.03,342.15,1.67,RSI in swing zone; MACD bullish; Trend strength acceptable; Long-term trend positive; Bollinger position healthy,NBFC,-1.23,-6.84,-10.04,0.0,3.25,2,2,1,-2,0,MEDIUM,-3,0.0,-3.02,-3,-2,0.3,1.25,B,"Trend 2, Momentum 2, Volume 1, Liquidity -2 (0.0cr), VolRisk MEDIUM, Sector NBFC -3",3,3,3,WATCH_EVENT_RISK,News -4; event caution 0; risk HIGH; type GOVERNANCE_RISK; confidence HIGH; reason Material management/auditor/governance risk.. Negative catalyst: Resignation of Director/KMP/SMP,-3,HIGH,RISK_OFF,Nifty 20D return -5.771924924783489; 60D return -6.141522169043611; India VIX latest; 20D change 27.715355370472096; USDINR 20D change 0.8995466772440563; Crude 20D change 4.302699067276294,-3.0,WATCH_MACRO_RISK,7,-2.7,AVOID_EVENT_RISK,"Tech 7 | News -4 (GOVERNANCE_RISK, HIGH) | Event caution 0 | Macro -3 | Sector -3 | Analytics 0.3 (B) | Risk HIGH/HIGH | Negative catalyst: Resignation of Director/KMP/SMP | Analytics: Trend 2, Momentum 2, Volume 1, Liquidity -2 (0.0cr), VolRisk MEDIUM, Sector NBFC -3 | News logic: Material management/auditor/governance risk.",-4,0,HIGH,Negative catalyst: Resignation of Director/KMP/SMP,,Resignation of Director/KMP/SMP,Negative catalyst: Resignation of Director/KMP/SMP,NSE Corporate Announcements,https://nsearchives.nseindia.com/corporate/MANAPPURAM_ROID_98394_KMP_Doc.zip,3,0,GOVERNANCE_RISK,HIGH,3,Material management/auditor/governance risk.,-1,63.1,MEDIUM,-1.39,AVOID_EVENT_RISK,"AI overlay from completed recommendation outcomes; use as probability/risk input, not standalone advice."
AADHARHFC,2026-09-20,461.65,35941.0,0,NEUTRAL,34.22,-7.6013,26.9,509.34,494.92,,20.07,0.137,9.21,1.3,431.55,511.81,1.67,RSI oversold rebound candidate; MACD weak; Trend strength acceptable; Volume expansion,UNKNOWN,-5.28,-10.84,-3.18,0.0,4.35,2,-1,1,-2,0,MEDIUM,0,,,0,-2,0.3,1.5,E,"Trend 2, Momentum -1, Volume 1, Liquidity -2 (0.0cr), VolRisk MEDIUM, Sector UNKNOWN 0",0,0,0,NEUTRAL,News 0; event caution 0; risk LOW; type ; confidence ; reason . ,-3,HIGH,RISK_OFF,Nifty 20D return -5.771924924783489; 60D return -6.141522169043611; India VIX latest; 20D change 27.715355370472096; USDINR 20D change 0.8995466772440563; Crude 20D change 4.302699067276294,-3.0,SELL/AVOID,0,-2.7,NEUTRAL,"Tech 0 | News 0 (, ) | Event caution 0 | Macro -3 | Sector 0 | Analytics 0.3 (E) | Risk LOW/HIGH | Analytics: Trend 2, Momentum -1, Volume 1, Liquidity -2 (0.0cr), VolRisk MEDIUM, Sector UNKNOWN 0",0,0,LOW,,,,,,,0,0,,,0,,0,64.3,MEDIUM,-1.27,NEUTRAL,"AI overlay from completed recommendation outcomes; use as probability/risk input, not standalone advice."
PACEDIGITK,2026-09-22,167.74,195800.0,0,NEUTRAL,30.64,-5.5358,27.08,203.14,188.15,,11.67,-0.146,4.29,4.35,150.23,196.92,1.67,RSI oversold rebound candidate; MACD weak; Trend strength acceptable; Volume expansion,UNKNOWN,-22.41,-18.6,,0.0,6.96,2,-1,2,-2,-1,HIGH,0,,,0,-3,0.2,1.0,E,"Trend 2, Momentum -1, Volume 2, Liquidity -2 (0.0cr), VolRisk HIGH, Sector UNKNOWN 0",0,0,0,NEUTRAL,News 0; event caution 0; risk LOW; type ; confidence ; reason . ,-3,HIGH,RISK_OFF,Nifty 20D return -5.771924924783489; 60D return -6.141522169043611; India VIX latest; 20D change 27.715355370472096; USDINR 20D change 0.8995466772440563; Crude 20D change 4.302699067276294,-3.0,SELL/AVOID,0,-2.8,NEUTRAL,"Tech 0 | News 0 (, ) | Event caution 0 | Macro -3 | Sector 0 | Analytics 0.2 (E) | Risk LOW/HIGH | Analytics: Trend 2, Momentum -1, Volume 2, Liquidity -2 (0.0cr), VolRisk HIGH, Sector UNKNOWN 0",0,0,LOW,,,,,,,0,0,,,0,,0,64.0,MEDIUM,-1.4,NEUTRAL,"AI overlay from completed recommendation outcomes; use as probability/risk input, not standalone advice."
SENCO,2026-09-29,328.3,42862.0,0,NEUTRAL,38.33,-2.9171,22.94,346.69,366.49,,15.84,0.163,26.85,1.36,304.54,367.91,1.67,MACD weak; Trend strength acceptable; Volume expansion,UNKNOWN,-5.23,-5.02,-2.16,0.0,4.83,1,0,1,-2,0,MEDIUM,0,,,0,-2,0.2,1.5,E,"Trend 1, Momentum 0, Volume 1, Liquidity -2 (0.0cr), VolRisk MEDIUM, Sector UNKNOWN 0",0,0,0,NEUTRAL,News 0; event caution 0; risk LOW; type ; confidence ; reason . ,-3,HIGH,RISK_OFF,Nifty 20D return -5.771924924783489; 60D return -6.141522169043611; India VIX latest; 20D change 27.715355370472096; USDINR 20D change 0.8995466772440563; Crude 20D change 4.302699067276294,-3.0,SELL/AVOID,0,-2.8,NEUTRAL,"Tech 0 | News 0 (, ) | Event caution 0 | Macro -3 | Sector 0 | Analytics 0.2 (E) | Risk LOW/HIGH | Analytics: Trend 1, Momentum 0, Volume 1, Liquidity -2 (0.0cr), VolRisk MEDIUM, Sector UNKNOWN 0",0,0,LOW,,,,,,,0,0,,,0,,0,64.0,MEDIUM,-1.4,NEUTRAL,"AI overlay from completed recommendation outcomes; use as probability/risk input, not standalone advice."
POWERINDIA,2026-09-29,30735.0,46556.0,3,NEUTRAL,40.5,-52.9376,16.69,31615.5,32522.9,29931.54,1033.83,0.249,35.68,1.49,29184.26,33319.57,1.67,RSI in swing zone; MACD weak; Long-term trend positive; Bollinger position healthy; Volume expansion,POWER,-2.16,-7.7,-3.7,0.0,3.36,1,0,1,-2,0,MEDIUM,-3,18.2,-0.06,-2,-2,-0.85,1.25,D,"Trend 1, Momentum 0, Volume 1, Liquidity -2 (0.0cr), VolRisk MEDIUM, Sector POWER -3",3,3,3,NEUTRAL,News 0; event caution 0; risk LOW; type ; confidence ; reason . ,-3,HIGH,RISK_OFF,Nifty 20D return -5.771924924783489; 60D return -6.141522169043611; India VIX latest; 20D change 27.715355370472096; USDINR 20D change 0.8995466772440563; Crude 20D change 4.302699067276294,-2.0,NEUTRAL,3,-2.85,NEUTRAL,"Tech 3 | News 0 (, ) | Event caution 0 | Macro -3 | Sector -2 | Analytics -0.85 (D) | Risk LOW/HIGH | Analytics: Trend 1, Momentum 0, Volume 1, Liquidity -2 (0.0cr), VolRisk MEDIUM, Sector POWER -3",0,0,LOW,,,,,,,0,0,,,0,,0,62.4,MEDIUM,-1.61,NEUTRAL,"AI overlay from completed recommendation outcomes; use as probability/risk input, not standalone advice."
NSLNISP,2026-09-28,41.78,26355.0,1,NEUTRAL,41.4,-0.1404,18.21,44.2,45.55,,2.49,0.265,24.55,0.62,38.05,48.0,1.67,RSI in swing zone; MACD weak; Bollinger position healthy,UNKNOWN,-8.4,-6.03,3.57,0.0,5.95,0,0,0,-2,-1,HIGH,0,,,0,-3,-0.85,1.0,E,"Trend 0, Momentum 0, Volume 0, Liquidity -2 (0.0cr), VolRisk HIGH, Sector UNKNOWN 0",1,1,1,NEUTRAL,News 0; event caution 0; risk LOW; type ; confidence ; reason . ,-3,HIGH,RISK_OFF,Nifty 20D return -5.771924924783489; 60D return -6.141522169043611; India VIX latest; 20D change 27.715355370472096; USDINR 20D change 0.8995466772440563; Crude 20D change 4.302699067276294,-2.0,NEUTRAL,1,-2.85,NEUTRAL,"Tech 1 | News 0 (, ) | Event caution 0 | Macro -3 | Sector 0 | Analytics -0.85 (E) | Risk LOW/HIGH | Analytics: Trend 0, Momentum 0, Volume 0, Liquidity -2 (0.0cr), VolRisk HIGH, Sector UNKNOWN 0",0,0,LOW,,,,,,,0,0,,,0,,0,64.2,MEDIUM,-1.43,NEUTRAL,"AI overlay from completed recommendation outcomes; use as probability/risk input, not standalone advice."
RBLBANK,2026-09-29,402.0,43026.0,2,NEUTRAL,46.84,-2.0324,20.27,412.89,397.3,349.62,10.4,0.089,17.98,0.96,386.4,428.0,1.67,RSI in swing zone; MACD weak; Above SMA50; Long-term trend positive,BANK,-6.07,-2.98,9.21,0.0,2.59,3,1,0,-2,0,MEDIUM,-3,19.2,-0.29,-2,-2,0.15,1.25,D,"Trend 3, Momentum 1, Volume 0, Liquidity -2 (0.0cr), VolRisk MEDIUM, Sector BANK -3",2,2,2,NEUTRAL,News 0; event caution 0; risk LOW; type ; confidence ; reason . ,-3,HIGH,RISK_OFF,Nifty 20D return -5.771924924783489; 60D return -6.141522169043611; India VIX latest; 20D change 27.715355370472096; USDINR 20D change 0.8995466772440563; Crude 20D change 4.302699067276294,-3.0,SELL/AVOID,2,-2.85,NEUTRAL,"Tech 2 | News 0 (, ) | Event caution 0 | Macro -3 | Sector -2 | Analytics 0.15 (D) | Risk LOW/HIGH | Analytics: Trend 3, Momentum 1, Volume 0, Liquidity -2 (0.0cr), VolRisk MEDIUM, Sector BANK -3",0,0,LOW,,,,,,,0,0,,,0,,0,61.0,MEDIUM,-1.75,NEUTRAL,"AI overlay from completed recommendation outcomes; use as probability/risk input, not standalone advice."
SKIPPER,2026-09-24,552.35,23489.0,0,NEUTRAL,48.99,-1.6385,13.36,563.63,554.02,,30.42,0.383,37.91,0.42,506.72,628.4,1.67,RSI in swing zone; MACD weak; Weak trend; Bollinger position healthy,UNKNOWN,3.72,0.57,22.3,0.0,5.51,2,1,-1,-2,-1,HIGH,0,,,0,-3,0.15,1.0,E,"Trend 2, Momentum 1, Volume -1, Liquidity -2 (0.0cr), VolRisk HIGH, Sector UNKNOWN 0",0,0,0,NEUTRAL,News 0; event caution 0; risk LOW; type ; confidence ; reason . ,-3,HIGH,RISK_OFF,Nifty 20D return -5.771924924783489; 60D return -6.141522169043611; India VIX latest; 20D change 27.715355370472096; USDINR 20D change 0.8995466772440563; Crude 20D change 4.302699067276294,-3.0,SELL/AVOID,0,-2.85,NEUTRAL,"Tech 0 | News 0 (, ) | Event caution 0 | Macro -3 | Sector 0 | Analytics 0.15 (E) | Risk LOW/HIGH | Analytics: Trend 2, Momentum 1, Volume -1, Liquidity -2 (0.0cr), VolRisk HIGH, Sector UNKNOWN 0",0,0,LOW,,,,,,,0,0,,,0,,0,62.7,MEDIUM,-1.58,NEUTRAL,"AI overlay from completed recommendation outcomes; use as probability/risk input, not standalone advice."
INDHOTEL,2026-09-29,714.35,95515.0,2,NEUTRAL,43.59,-1.4168,18.33,724.17,727.11,681.85,15.23,0.252,19.35,2.47,691.5,752.43,1.67,RSI in swing zone; MACD weak; Long-term trend positive; Bollinger position healthy; Volume expansion,HOTELS,-3.95,-0.78,-3.88,0.0,2.13,1,0,2,-2,1,LOW,-2,0.0,1.92,-2,-1,0.1,1.25,D,"Trend 1, Momentum 0, Volume 2, Liquidity -2 (0.0cr), VolRisk LOW, Sector HOTELS -2",2,2,2,NEUTRAL,News 0; event caution 0; risk LOW; type ; confidence ; reason . ,-3,HIGH,RISK_OFF,Nifty 20D return -5.771924924783489; 60D return -6.141522169043611; India VIX latest; 20D change 27.715355370472096; USDINR 20D change 0.8995466772440563; Crude 20D change 4.302699067276294,-3.0,SELL/AVOID,2,-2.9,NEUTRAL,"Tech 2 | News 0 (, ) | Event caution 0 | Macro -3 | Sector -2 | Analytics 0.1 (D) | Risk LOW/HIGH | Analytics: Trend 1, Momentum 0, Volume 2, Liquidity -2 (0.0cr), VolRisk LOW, Sector HOTELS -2",0,0,LOW,,,,,,,0,0,,,0,,0,59.1,MEDIUM,-1.99,NEUTRAL,"AI overlay from completed recommendation outcomes; use as probability/risk input, not standalone advice."
RECLTD,2026-09-29,292.45,130946.0,0,NEUTRAL,27.02,-0.2938,57.24,310.75,325.92,343.57,6.24,-0.35,1.07,3.46,283.09,308.05,1.67,RSI oversold rebound candidate; MACD weak; Trend strength acceptable; Volume expansion,UNKNOWN,-6.12,-8.24,-19.22,0.0,2.13,1,-2,2,-2,1,LOW,0,,,0,-1,0.1,1.5,E,"Trend 1, Momentum -2, Volume 2, Liquidity -2 (0.0cr), VolRisk LOW, Sector UNKNOWN 0",0,0,0,NEUTRAL,News 0; event caution 0; risk LOW; type ; confidence ; reason . ,-3,HIGH,RISK_OFF,Nifty 20D return -5.771924924783489; 60D return -6.141522169043611; India VIX latest; 20D change 27.715355370472096; USDINR 20D change 0.8995466772440563; Crude 20D change 4.302699067276294,-3.0,SELL/AVOID,0,-2.9,NEUTRAL,"Tech 0 | News 0 (, ) | Event caution 0 | Macro -3 | Sector 0 | Analytics 0.1 (E) | Risk LOW/HIGH | Analytics: Trend 1, Momentum -2, Volume 2, Liquidity -2 (0.0cr), VolRisk LOW, Sector UNKNOWN 0",0,0,LOW,,,,,,,0,0,,,0,,0,62.0,MEDIUM,-1.7,NEUTRAL,"AI overlay from completed recommendation outcomes; use as probability/risk input, not standalone advice."
CMSINFO,2026-09-16,232.39,80194.0,0,NEUTRAL,32.31,-1.2206,25.25,251.64,270.07,,10.25,0.178,14.91,2.67,217.02,258.01,1.67,RSI oversold rebound candidate; MACD weak; Trend strength acceptable; Volume expansion,UNKNOWN,-4.19,-15.69,-22.91,0.0,4.41,1,-1,2,-2,0,MEDIUM,0,,,0,-2,0.1,1.5,E,"Trend 1, Momentum -1, Volume 2, Liquidity -2 (0.0cr), VolRisk MEDIUM, Sector UNKNOWN 0",0,0,0,NEUTRAL,News 0; event caution 0; risk LOW; type ; confidence ; reason . ,-3,HIGH,RISK_OFF,Nifty 20D return -5.771924924783489; 60D return -6.141522169043611; India VIX latest; 20D change 27.715355370472096; USDINR 20D change 0.8995466772440563; Crude 20D change 4.302699067276294,-3.0,SELL/AVOID,0,-2.9,NEUTRAL,"Tech 0 | News 0 (, ) | Event caution 0 | Macro -3 | Sector 0 | Analytics 0.1 (E) | Risk LOW/HIGH | Analytics: Trend 1, Momentum -1, Volume 2, Liquidity -2 (0.0cr), VolRisk MEDIUM, Sector UNKNOWN 0",0,0,LOW,,,,,,,0,0,,,0,,0,60.5,MEDIUM,-1.85,NEUTRAL,"AI overlay from completed recommendation outcomes; use as probability/risk input, not standalone advice."
TEJASNET,2026-09-29,490.4,40468.0,0,NEUTRAL,32.73,-4.9179,22.89,530.97,532.09,486.77,20.07,0.166,12.23,0.99,460.3,540.57,1.67,RSI oversold rebound candidate; MACD weak; Trend strength acceptable; Long-term trend positive,UNKNOWN,-5.97,-20.15,-10.4,0.0,4.09,2,-1,0,-2,0,MEDIUM,0,,,0,-2,0.05,1.5,E,"Trend 2, Momentum -1, Volume 0, Liquidity -2 (0.0cr), VolRisk MEDIUM, Sector UNKNOWN 0",0,0,0,NEUTRAL,News 0; event caution 0; risk LOW; type ; confidence ; reason . ,-3,HIGH,RISK_OFF,Nifty 20D return -5.771924924783489; 60D return -6.141522169043611; India VIX latest; 20D change 27.715355370472096; USDINR 20D change 0.8995466772440563; Crude 20D change 4.302699067276294,-3.0,SELL/AVOID,0,-2.95,NEUTRAL,"Tech 0 | News 0 (, ) | Event caution 0 | Macro -3 | Sector 0 | Analytics 0.05 (E) | Risk LOW/HIGH | Analytics: Trend 2, Momentum -1, Volume 0, Liquidity -2 (0.0cr), VolRisk MEDIUM, Sector UNKNOWN 0",0,0,LOW,,,,,,,0,0,,,0,,0,65.1,HIGH,-1.44,NEUTRAL,"AI overlay from completed recommendation outcomes; use as probability/risk input, not standalone advice."
NAM-INDIA,2026-09-29,1068.0,32107.0,0,NEUTRAL,30.22,-7.0539,22.81,1154.75,1176.8,1058.46,34.54,-0.151,0.0,0.74,1016.19,1154.34,1.67,RSI oversold rebound candidate; MACD weak; Trend strength acceptable; Long-term trend positive,UNKNOWN,-7.85,-7.92,-9.99,0.0,3.23,2,-1,0,-2,0,MEDIUM,0,,,0,-2,0.05,1.5,E,"Trend 2, Momentum -1, Volume 0, Liquidity -2 (0.0cr), VolRisk MEDIUM, Sector UNKNOWN 0",0,0,0,NEUTRAL,News 0; event caution 0; risk LOW; type ; confidence ; reason . ,-3,HIGH,RISK_OFF,Nifty 20D return -5.771924924783489; 60D return -6.141522169043611; India VIX latest; 20D change 27.715355370472096; USDINR 20D change 0.8995466772440563; Crude 20D change 4.302699067276294,-3.0,SELL/AVOID,0,-2.95,NEUTRAL,"Tech 0 | News 0 (, ) | Event caution 0 | Macro -3 | Sector 0 | Analytics 0.05 (E) | Risk LOW/HIGH | Analytics: Trend 2, Momentum -1, Volume 0, Liquidity -2 (0.0cr), VolRisk MEDIUM, Sector UNKNOWN 0",0,0,LOW,,,,,,,0,0,,,0,,0,64.5,MEDIUM,-1.5,NEUTRAL,"AI overlay from completed recommendation outcomes; use as probability/risk input, not standalone advice."
RATEGAIN,2026-09-21,842.3,29638.0,0,NEUTRAL,40.55,-11.3039,24.14,906.39,884.84,,44.82,0.164,5.71,1.17,775.07,954.36,1.67,RSI in swing zone; MACD weak; Trend strength acceptable,UNKNOWN,-1.04,-9.68,51.1,0.0,5.32,2,0,0,-2,-1,HIGH,0,,,0,-3,0.05,1.0,E,"Trend 2, Momentum 0, Volume 0, Liquidity -2 (0.0cr), VolRisk HIGH, Sector UNKNOWN 0",0,0,0,NEUTRAL,News 0; event caution 0; risk LOW; type ; confidence ; reason . ,-3,HIGH,RISK_OFF,Nifty 20D return -5.771924924783489; 60D return -6.141522169043611; India VIX latest; 20D change 27.715355370472096; USDINR 20D change 0.8995466772440563; Crude 20D change 4.302699067276294,-3.0,SELL/AVOID,0,-2.95,NEUTRAL,"Tech 0 | News 0 (, ) | Event caution 0 | Macro -3 | Sector 0 | Analytics 0.05 (E) | Risk LOW/HIGH | Analytics: Trend 2, Momentum 0, Volume 0, Liquidity -2 (0.0cr), VolRisk HIGH, Sector UNKNOWN 0",0,0,LOW,,,,,,,0,0,,,0,,0,63.6,MEDIUM,-1.59,NEUTRAL,"AI overlay from completed recommendation outcomes; use as probability/risk input, not standalone advice."
SHAILY,2026-09-28,3033.5,20452.0,0,NEUTRAL,43.9,-39.9249,25.99,3264.35,3041.42,,164.64,-0.011,2.43,0.62,2786.54,3445.1,1.67,RSI in swing zone; MACD weak; Trend strength acceptable,UNKNOWN,-7.5,-9.89,-1.11,0.0,5.43,2,0,0,-2,-1,HIGH,0,,,0,-3,0.05,1.0,E,"Trend 2, Momentum 0, Volume 0, Liquidity -2 (0.0cr), VolRisk HIGH, Sector UNKNOWN 0",0,0,0,NEUTRAL,News 0; event caution 0; risk LOW; type ; confidence ; reason . ,-3,HIGH,RISK_OFF,Nifty 20D return -5.771924924783489; 60D return -6.141522169043611; India VIX latest; 20D change 27.715355370472096; USDINR 20D change 0.8995466772440563; Crude 20D change 4.302699067276294,-3.0,SELL/AVOID,0,-2.95,NEUTRAL,"Tech 0 | News 0 (, ) | Event caution 0 | Macro -3 | Sector 0 | Analytics 0.05 (E) | Risk LOW/HIGH | Analytics: Trend 2, Momentum 0, Volume 0, Liquidity -2 (0.0cr), VolRisk HIGH, Sector UNKNOWN 0",0,0,LOW,,,,,,,0,0,,,0,,0,61.5,MEDIUM,-1.8,NEUTRAL,"AI overlay from completed recommendation outcomes; use as probability/risk input, not standalone advice."
NEWGEN,2026-09-29,473.0,68616.0,0,NEUTRAL,33.96,-8.5348,22.26,537.81,524.75,,29.39,-0.143,6.88,1.37,428.91,546.48,1.67,RSI oversold rebound candidate; MACD weak; Trend strength acceptable; Volume expansion,UNKNOWN,-11.1,-14.88,5.04,0.0,6.21,2,-1,1,-2,-1,HIGH,0,,,0,-3,-0.05,1.0,E,"Trend 2, Momentum -1, Volume 1, Liquidity -2 (0.0cr), VolRisk HIGH, Sector UNKNOWN 0",0,0,0,NEUTRAL,News 0; event caution 0; risk LOW; type ; confidence ; reason . ,-3,HIGH,RISK_OFF,Nifty 20D return -5.771924924783489; 60D return -6.141522169043611; India VIX latest; 20D change 27.715355370472096; USDINR 20D change 0.8995466772440563; Crude 20D change 4.302699067276294,-3.0,SELL/AVOID,0,-3.05,SELL/AVOID,"Tech 0 | News 0 (, ) | Event caution 0 | Macro -3 | Sector 0 | Analytics -0.05 (E) | Risk LOW/HIGH | Analytics: Trend 2, Momentum -1, Volume 1, Liquidity -2 (0.0cr), VolRisk HIGH, Sector UNKNOWN 0",0,0,LOW,,,,,,,0,0,,,0,,0,65.3,HIGH,-1.52,SELL/AVOID,"AI overlay from completed recommendation outcomes; use as probability/risk input, not standalone advice."
GUJGASLTD,2026-06-30,327.05,45244.0,0,NEUTRAL,29.06,-7.7238,27.09,376.23,361.51,,15.1,0.019,2.17,1.34,304.4,364.8,1.67,RSI oversold rebound candidate; MACD weak; Trend strength acceptable; Volume expansion,UNKNOWN,-7.31,-18.47,-7.69,0.0,4.62,2,-2,1,-2,0,MEDIUM,0,,,0,-2,-0.05,1.5,E,"Trend 2, Momentum -2, Volume 1, Liquidity -2 (0.0cr), VolRisk MEDIUM, Sector UNKNOWN 0",0,0,0,NEUTRAL,News 0; event caution 0; risk LOW; type ; confidence ; reason . ,-3,HIGH,RISK_OFF,Nifty 20D return -5.771924924783489; 60D return -6.141522169043611; India VIX latest; 20D change 27.715355370472096; USDINR 20D change 0.8995466772440563; Crude 20D change 4.302699067276294,-3.0,SELL/AVOID,0,-3.05,SELL/AVOID,"Tech 0 | News 0 (, ) | Event caution 0 | Macro -3 | Sector 0 | Analytics -0.05 (E) | Risk LOW/HIGH | Analytics: Trend 2, Momentum -2, Volume 1, Liquidity -2 (0.0cr), VolRisk MEDIUM, Sector UNKNOWN 0",0,0,LOW,,,,,,,0,0,,,0,,0,66.0,HIGH,-1.45,SELL/AVOID,"AI overlay from completed recommendation outcomes; use as probability/risk input, not standalone advice."
POONAWALLA,2026-09-29,443.0,43657.0,0,NEUTRAL,39.95,-0.9706,22.24,456.75,470.38,,17.77,0.284,23.32,0.99,416.34,487.43,1.67,MACD weak; Trend strength acceptable; Bollinger position healthy,UNKNOWN,-7.49,-3.89,0.61,0.0,4.01,1,0,0,-2,0,MEDIUM,0,,,0,-2,-0.05,1.5,E,"Trend 1, Momentum 0, Volume 0, Liquidity -2 (0.0cr), VolRisk MEDIUM, Sector UNKNOWN 0",0,0,0,NEUTRAL,News 0; event caution 0; risk LOW; type ; confidence ; reason . ,-3,HIGH,RISK_OFF,Nifty 20D return -5.771924924783489; 60D return -6.141522169043611; India VIX latest; 20D change 27.715355370472096; USDINR 20D change 0.8995466772440563; Crude 20D change 4.302699067276294,-3.0,SELL/AVOID,0,-3.05,SELL/AVOID,"Tech 0 | News 0 (, ) | Event caution 0 | Macro -3 | Sector 0 | Analytics -0.05 (E) | Risk LOW/HIGH | Analytics: Trend 1, Momentum 0, Volume 0, Liquidity -2 (0.0cr), VolRisk MEDIUM, Sector UNKNOWN 0",0,0,LOW,,,,,,,0,0,,,0,,0,64.9,MEDIUM,-1.56,SELL/AVOID,"AI overlay from completed recommendation outcomes; use as probability/risk input, not standalone advice."
KAJARIACER,2026-09-29,1190.5,31965.0,0,NEUTRAL,42.44,-7.05,20.74,1226.47,1190.9,,40.48,0.142,21.76,1.12,1129.78,1291.7,1.67,RSI in swing zone; MACD weak,UNKNOWN,-5.6,-3.18,20.03,0.0,3.4,1,0,0,-2,0,MEDIUM,0,,,0,-2,-0.05,1.5,E,"Trend 1, Momentum 0, Volume 0, Liquidity -2 (0.0cr), VolRisk MEDIUM, Sector UNKNOWN 0",0,0,0,NEUTRAL,News 0; event caution 0; risk LOW; type ; confidence ; reason . ,-3,HIGH,RISK_OFF,Nifty 20D return -5.771924924783489; 60D return -6.141522169043611; India VIX latest; 20D change 27.715355370472096; USDINR 20D change 0.8995466772440563; Crude 20D change 4.302699067276294,-3.0,SELL/AVOID,0,-3.05,SELL/AVOID,"Tech 0 | News 0 (, ) | Event caution 0 | Macro -3 | Sector 0 | Analytics -0.05 (E) | Risk LOW/HIGH | Analytics: Trend 1, Momentum 0, Volume 0, Liquidity -2 (0.0cr), VolRisk MEDIUM, Sector UNKNOWN 0",0,0,LOW,,,,,,,0,0,,,0,,0,64.9,MEDIUM,-1.56,SELL/AVOID,"AI overlay from completed recommendation outcomes; use as probability/risk input, not standalone advice."
PTC,2026-09-17,155.93,24087.0,0,NEUTRAL,38.24,-0.189,31.51,167.65,185.9,,6.28,0.341,26.03,0.65,146.51,171.64,1.67,MACD weak; Trend strength acceptable; Bollinger position healthy,UNKNOWN,-0.58,-15.0,-15.6,0.0,4.03,1,0,0,-2,0,MEDIUM,0,,,0,-2,-0.05,1.5,E,"Trend 1, Momentum 0, Volume 0, Liquidity -2 (0.0cr), VolRisk MEDIUM, Sector UNKNOWN 0",0,0,0,NEUTRAL,News 0; event caution 0; risk LOW; type ; confidence ; reason . ,-3,HIGH,RISK_OFF,Nifty 20D return -5.771924924783489; 60D return -6.141522169043611; India VIX latest; 20D change 27.715355370472096; USDINR 20D change 0.8995466772440563; Crude 20D change 4.302699067276294,-3.0,SELL/AVOID,0,-3.05,SELL/AVOID,"Tech 0 | News 0 (, ) | Event caution 0 | Macro -3 | Sector 0 | Analytics -0.05 (E) | Risk LOW/HIGH | Analytics: Trend 1, Momentum 0, Volume 0, Liquidity -2 (0.0cr), VolRisk MEDIUM, Sector UNKNOWN 0",0,0,LOW,,,,,,,0,0,,,0,,0,65.3,HIGH,-1.52,SELL/AVOID,"AI overlay from completed recommendation outcomes; use as probability/risk input, not standalone advice."
SWANCORP,2026-09-22,302.75,24775.0,1,NEUTRAL,42.47,-0.6285,19.79,310.99,325.31,,16.84,0.358,39.62,0.41,277.48,344.86,1.67,RSI in swing zone; MACD weak; Bollinger position healthy,UNKNOWN,2.13,-4.75,-7.03,0.0,5.56,0,0,-1,-2,-1,HIGH,0,,,0,-3,-1.1,1.0,E,"Trend 0, Momentum 0, Volume -1, Liquidity -2 (0.0cr), VolRisk HIGH, Sector UNKNOWN 0",1,1,1,NEUTRAL,News 0; event caution 0; risk LOW; type ; confidence ; reason . ,-3,HIGH,RISK_OFF,Nifty 20D return -5.771924924783489; 60D return -6.141522169043611; India VIX latest; 20D change 27.715355370472096; USDINR 20D change 0.8995466772440563; Crude 20D change 4.302699067276294,-2.0,NEUTRAL,1,-3.1,SELL/AVOID,"Tech 1 | News 0 (, ) | Event caution 0 | Macro -3 | Sector 0 | Analytics -1.1 (E) | Risk LOW/HIGH | Analytics: Trend 0, Momentum 0, Volume -1, Liquidity -2 (0.0cr), VolRisk HIGH, Sector UNKNOWN 0",0,0,LOW,,,,,,,0,0,,,0,,0,65.0,MEDIUM,-1.6,SELL/AVOID,"AI overlay from completed recommendation outcomes; use as probability/risk input, not standalone advice."
TECHNOE,2026-09-21,1012.25,20340.0,1,NEUTRAL,40.2,-4.9973,20.96,1052.37,1119.8,,63.66,0.217,34.33,0.56,916.76,1171.4,1.67,RSI in swing zone; MACD weak; Bollinger position healthy,UNKNOWN,-5.06,-15.73,-3.48,0.0,6.29,0,0,-1,-2,-1,HIGH,0,,,0,-3,-1.1,1.0,E,"Trend 0, Momentum 0, Volume -1, Liquidity -2 (0.0cr), VolRisk HIGH, Sector UNKNOWN 0",1,1,1,NEUTRAL,News 0; event caution 0; risk LOW; type ; confidence ; reason . ,-3,HIGH,RISK_OFF,Nifty 20D return -5.771924924783489; 60D return -6.141522169043611; India VIX latest; 20D change 27.715355370472096; USDINR 20D change 0.8995466772440563; Crude 20D change 4.302699067276294,-2.0,NEUTRAL,1,-3.1,SELL/AVOID,"Tech 1 | News 0 (, ) | Event caution 0 | Macro -3 | Sector 0 | Analytics -1.1 (E) | Risk LOW/HIGH | Analytics: Trend 0, Momentum 0, Volume -1, Liquidity -2 (0.0cr), VolRisk HIGH, Sector UNKNOWN 0",0,0,LOW,,,,,,,0,0,,,0,,0,61.3,MEDIUM,-1.97,SELL/AVOID,"AI overlay from completed recommendation outcomes; use as probability/risk input, not standalone advice."
APEX,2026-08-19,400.05,22531.0,0,NEUTRAL,40.85,-10.8987,34.15,446.39,409.59,,36.11,0.15,4.15,0.46,345.88,490.33,1.67,RSI in swing zone; MACD weak; Trend strength acceptable,UNKNOWN,-6.88,0.96,,0.0,9.03,3,0,-1,-2,-2,VERY_HIGH,0,,,0,-3,-0.1,1.0,E,"Trend 3, Momentum 0, Volume -1, Liquidity -2 (0.0cr), VolRisk VERY_HIGH, Sector UNKNOWN 0",0,0,0,NEUTRAL,News 0; event caution 0; risk LOW; type ; confidence ; reason . ,-3,HIGH,RISK_OFF,Nifty 20D return -5.771924924783489; 60D return -6.141522169043611; India VIX latest; 20D change 27.715355370472096; USDINR 20D change 0.8995466772440563; Crude 20D change 4.302699067276294,-3.0,SELL/AVOID,0,-3.1,SELL/AVOID,"Tech 0 | News 0 (, ) | Event caution 0 | Macro -3 | Sector 0 | Analytics -0.1 (E) | Risk LOW/HIGH | Analytics: Trend 3, Momentum 0, Volume -1, Liquidity -2 (0.0cr), VolRisk VERY_HIGH, Sector UNKNOWN 0",0,0,LOW,,,,,,,0,0,,,0,,0,64.2,MEDIUM,-1.68,SELL/AVOID,"AI overlay from completed recommendation outcomes; use as probability/risk input, not standalone advice."
RELIANCE,2026-09-29,1182.0,310251.0,0,NEUTRAL,27.3,-4.33,42.73,1244.42,1284.22,1335.78,20.03,-0.013,0.23,1.5,1151.96,1232.07,1.67,RSI oversold rebound candidate; MACD weak; Trend strength acceptable; Volume expansion,ENERGY,-5.29,-10.59,-9.33,0.01,1.69,1,-2,1,-2,1,LOW,0,,,0,-1,-0.15,1.5,E,"Trend 1, Momentum -2, Volume 1, Liquidity -2 (0.01cr), VolRisk LOW, Sector ENERGY 0",0,0,0,NEUTRAL,News 0; event caution 0; risk LOW; type ; confidence ; reason . ,-3,HIGH,RISK_OFF,Nifty 20D return -5.771924924783489; 60D return -6.141522169043611; India VIX latest; 20D change 27.715355370472096; USDINR 20D change 0.8995466772440563; Crude 20D change 4.302699067276294,-3.0,SELL/AVOID,0,-3.15,SELL/AVOID,"Tech 0 | News 0 (, ) | Event caution 0 | Macro -3 | Sector 0 | Analytics -0.15 (E) | Risk LOW/HIGH | Analytics: Trend 1, Momentum -2, Volume 1, Liquidity -2 (0.01cr), VolRisk LOW, Sector ENERGY 0",0,0,LOW,,,,,,,0,0,,,0,,0,72.7,HIGH,-0.88,SELL/AVOID,"AI overlay from completed recommendation outcomes; use as probability/risk input, not standalone advice."
PFC,2026-09-29,324.1,91810.0,0,NEUTRAL,21.28,-0.7675,47.7,344.98,362.88,409.37,6.63,-0.129,10.11,1.49,314.16,340.67,1.67,RSI oversold rebound candidate; MACD weak; Trend strength acceptable; Volume expansion,UNKNOWN,-6.33,-8.86,-21.88,0.0,2.05,1,-2,1,-2,1,LOW,0,,,0,-1,-0.15,1.5,E,"Trend 1, Momentum -2, Volume 1, Liquidity -2 (0.0cr), VolRisk LOW, Sector UNKNOWN 0",0,0,0,NEUTRAL,News 0; event caution 0; risk LOW; type ; confidence ; reason . ,-3,HIGH,RISK_OFF,Nifty 20D return -5.771924924783489; 60D return -6.141522169043611; India VIX latest; 20D change 27.715355370472096; USDINR 20D change 0.8995466772440563; Crude 20D change 4.302699067276294,-3.0,SELL/AVOID,0,-3.15,SELL/AVOID,"Tech 0 | News 0 (, ) | Event caution 0 | Macro -3 | Sector 0 | Analytics -0.15 (E) | Risk LOW/HIGH | Analytics: Trend 1, Momentum -2, Volume 1, Liquidity -2 (0.0cr), VolRisk LOW, Sector UNKNOWN 0",0,0,LOW,,,,,,,0,0,,,0,,0,71.4,HIGH,-1.01,SELL/AVOID,"AI overlay from completed recommendation outcomes; use as probability/risk input, not standalone advice."
360ONE,2026-09-29,1029.2,80383.0,0,NEUTRAL,30.72,-1.4861,33.83,1078.13,1136.09,1098.7,30.48,0.011,9.55,1.75,983.48,1105.4,1.67,RSI oversold rebound candidate; MACD weak; Trend strength acceptable; Volume expansion,UNKNOWN,-7.11,-9.48,-7.59,0.0,2.96,1,-1,1,-2,0,MEDIUM,0,,,0,-2,-0.15,1.5,E,"Trend 1, Momentum -1, Volume 1, Liquidity -2 (0.0cr), VolRisk MEDIUM, Sector UNKNOWN 0",0,0,0,NEUTRAL,News 0; event caution 0; risk LOW; type ; confidence ; reason . ,-3,HIGH,RISK_OFF,Nifty 20D return -5.771924924783489; 60D return -6.141522169043611; India VIX latest; 20D change 27.715355370472096; USDINR 20D change 0.8995466772440563; Crude 20D change 4.302699067276294,-3.0,SELL/AVOID,0,-3.15,SELL/AVOID,"Tech 0 | News 0 (, ) | Event caution 0 | Macro -3 | Sector 0 | Analytics -0.15 (E) | Risk LOW/HIGH | Analytics: Trend 1, Momentum -1, Volume 1, Liquidity -2 (0.0cr), VolRisk MEDIUM, Sector UNKNOWN 0",0,0,LOW,,,,,,,0,0,,,0,,0,68.9,HIGH,-1.26,SELL/AVOID,"AI overlay from completed recommendation outcomes; use as probability/risk input, not standalone advice."
ADANIENSOL,2026-09-29,1305.8,77892.0,0,NEUTRAL,32.84,-2.2964,32.47,1372.92,1484.15,1355.09,42.81,0.075,18.97,1.84,1241.59,1412.82,1.67,RSI oversold rebound candidate; MACD weak; Trend strength acceptable; Volume expansion,UNKNOWN,-5.38,-7.36,-25.02,0.0,3.28,1,-1,1,-2,0,MEDIUM,0,,,0,-2,-0.15,1.5,E,"Trend 1, Momentum -1, Volume 1, Liquidity -2 (0.0cr), VolRisk MEDIUM, Sector UNKNOWN 0",0,0,0,NEUTRAL,News 0; event caution 0; risk LOW; type ; confidence ; reason . ,-3,HIGH,RISK_OFF,Nifty 20D return -5.771924924783489; 60D return -6.141522169043611; India VIX latest; 20D change 27.715355370472096; USDINR 20D change 0.8995466772440563; Crude 20D change 4.302699067276294,-3.0,SELL/AVOID,0,-3.15,SELL/AVOID,"Tech 0 | News 0 (, ) | Event caution 0 | Macro -3 | Sector 0 | Analytics -0.15 (E) | Risk LOW/HIGH | Analytics: Trend 1, Momentum -1, Volume 1, Liquidity -2 (0.0cr), VolRisk MEDIUM, Sector UNKNOWN 0",0,0,LOW,,,,,,,0,0,,,0,,0,67.0,HIGH,-1.45,SELL/AVOID,"AI overlay from completed recommendation outcomes; use as probability/risk input, not standalone advice."
IEX,2026-09-29,106.39,61589.0,0,NEUTRAL,21.6,-0.2673,33.37,114.28,121.14,123.46,2.47,-0.108,0.33,1.64,102.68,112.57,1.67,RSI oversold rebound candidate; MACD weak; Trend strength acceptable; Volume expansion,UNKNOWN,-5.77,-10.49,-10.51,0.0,2.32,1,-2,1,-2,1,LOW,0,,,0,-1,-0.15,1.5,E,"Trend 1, Momentum -2, Volume 1, Liquidity -2 (0.0cr), VolRisk LOW, Sector UNKNOWN 0",0,0,0,NEUTRAL,News 0; event caution 0; risk LOW; type ; confidence ; reason . ,-3,HIGH,RISK_OFF,Nifty 20D return -5.771924924783489; 60D return -6.141522169043611; India VIX latest; 20D change 27.715355370472096; USDINR 20D change 0.8995466772440563; Crude 20D change 4.302699067276294,-3.0,SELL/AVOID,0,-3.15,SELL/AVOID,"Tech 0 | News 0 (, ) | Event caution 0 | Macro -3 | Sector 0 | Analytics -0.15 (E) | Risk LOW/HIGH | Analytics: Trend 1, Momentum -2, Volume 1, Liquidity -2 (0.0cr), VolRisk LOW, Sector UNKNOWN 0",0,0,LOW,,,,,,,0,0,,,0,,0,73.1,HIGH,-0.84,SELL/AVOID,"AI overlay from completed recommendation outcomes; use as probability/risk input, not standalone advice."
CHOLAHLDNG,2026-09-29,1371.8,48815.0,0,NEUTRAL,32.19,-18.6901,22.32,1512.5,1539.59,,66.69,0.018,9.81,1.41,1271.77,1538.52,1.67,RSI oversold rebound candidate; MACD weak; Trend strength acceptable; Volume expansion,UNKNOWN,-9.01,-11.68,-11.72,0.0,4.86,1,-1,1,-2,0,MEDIUM,0,,,0,-2,-0.15,1.5,E,"Trend 1, Momentum -1, Volume 1, Liquidity -2 (0.0cr), VolRisk MEDIUM, Sector UNKNOWN 0",0,0,0,NEUTRAL,News 0; event caution 0; risk LOW; type ; confidence ; reason . ,-3,HIGH,RISK_OFF,Nifty 20D return -5.771924924783489; 60D return -6.141522169043611; India VIX latest; 20D change 27.715355370472096; USDINR 20D change 0.8995466772440563; Crude 20D change 4.302699067276294,-3.0,SELL/AVOID,0,-3.15,SELL/AVOID,"Tech 0 | News 0 (, ) | Event caution 0 | Macro -3 | Sector 0 | Analytics -0.15 (E) | Risk LOW/HIGH | Analytics: Trend 1, Momentum -1, Volume 1, Liquidity -2 (0.0cr), VolRisk MEDIUM, Sector UNKNOWN 0",0,0,LOW,,,,,,,0,0,,,0,,0,66.0,HIGH,-1.55,SELL/AVOID,"AI overlay from completed recommendation outcomes; use as probability/risk input, not standalone advice."
HOMEFIRST,2026-09-27,1123.1,44056.0,0,NEUTRAL,42.19,-11.1598,21.07,1202.89,1140.96,,73.3,0.02,14.61,1.63,1013.15,1306.35,1.67,RSI in swing zone; MACD weak; Volume expansion,UNKNOWN,-5.18,-3.84,14.0,0.0,6.53,1,0,1,-2,-1,HIGH,0,,,0,-3,-0.15,1.0,E,"Trend 1, Momentum 0, Volume 1, Liquidity -2 (0.0cr), VolRisk HIGH, Sector UNKNOWN 0",0,0,0,NEUTRAL,News 0; event caution 0; risk LOW; type ; confidence ; reason . ,-3,HIGH,RISK_OFF,Nifty 20D return -5.771924924783489; 60D return -6.141522169043611; India VIX latest; 20D change 27.715355370472096; USDINR 20D change 0.8995466772440563; Crude 20D change 4.302699067276294,-3.0,SELL/AVOID,0,-3.15,SELL/AVOID,"Tech 0 | News 0 (, ) | Event caution 0 | Macro -3 | Sector 0 | Analytics -0.15 (E) | Risk LOW/HIGH | Analytics: Trend 1, Momentum 0, Volume 1, Liquidity -2 (0.0cr), VolRisk HIGH, Sector UNKNOWN 0",0,0,LOW,,,,,,,0,0,,,0,,0,64.0,MEDIUM,-1.75,SELL/AVOID,"AI overlay from completed recommendation outcomes; use as probability/risk input, not standalone advice."
INDIANB,2026-09-29,795.25,39698.0,0,NEUTRAL,20.21,-4.393,25.69,840.76,859.73,869.96,17.77,-0.14,0.77,1.34,768.6,839.67,1.67,RSI oversold rebound candidate; MACD weak; Trend strength acceptable; Volume expansion,UNKNOWN,-5.55,-9.6,-4.25,0.0,2.23,1,-2,1,-2,1,LOW,0,,,0,-1,-0.15,1.5,E,"Trend 1, Momentum -2, Volume 1, Liquidity -2 (0.0cr), VolRisk LOW, Sector UNKNOWN 0",0,0,0,NEUTRAL,News 0; event caution 0; risk LOW; type ; confidence ; reason . ,-3,HIGH,RISK_OFF,Nifty 20D return -5.771924924783489; 60D return -6.141522169043611; India VIX latest; 20D change 27.715355370472096; USDINR 20D change 0.8995466772440563; Crude 20D change 4.302699067276294,-3.0,SELL/AVOID,0,-3.15,SELL/AVOID,"Tech 0 | News 0 (, ) | Event caution 0 | Macro -3 | Sector 0 | Analytics -0.15 (E) | Risk LOW/HIGH | Analytics: Trend 1, Momentum -2, Volume 1, Liquidity -2 (0.0cr), VolRisk LOW, Sector UNKNOWN 0",0,0,LOW,,,,,,,0,0,,,0,,0,74.0,HIGH,-0.75,SELL/AVOID,"AI overlay from completed recommendation outcomes; use as probability/risk input, not standalone advice."
SILVER,2026-06-28,216.36,34008.0,0,NEUTRAL,37.46,-3.722,22.23,239.96,245.21,,13.96,0.217,5.73,1.33,195.43,251.25,1.67,MACD weak; Trend strength acceptable; Bollinger position healthy; Volume expansion,UNKNOWN,-6.39,-7.68,-15.91,0.0,6.45,1,0,1,-2,-1,HIGH,0,,,0,-3,-0.15,1.0,E,"Trend 1, Momentum 0, Volume 1, Liquidity -2 (0.0cr), VolRisk HIGH, Sector UNKNOWN 0",0,0,0,NEUTRAL,News 0; event caution 0; risk LOW; type ; confidence ; reason . ,-3,HIGH,RISK_OFF,Nifty 20D return -5.771924924783489; 60D return -6.141522169043611; India VIX latest; 20D change 27.715355370472096; USDINR 20D change 0.8995466772440563; Crude 20D change 4.302699067276294,-3.0,SELL/AVOID,0,-3.15,SELL/AVOID,"Tech 0 | News 0 (, ) | Event caution 0 | Macro -3 | Sector 0 | Analytics -0.15 (E) | Risk LOW/HIGH | Analytics: Trend 1, Momentum 0, Volume 1, Liquidity -2 (0.0cr), VolRisk HIGH, Sector UNKNOWN 0",0,0,LOW,,,,,,,0,0,,,0,,0,64.8,MEDIUM,-1.67,SELL/AVOID,"AI overlay from completed recommendation outcomes; use as probability/risk input, not standalone advice."
JINDALSAW,2026-09-28,276.15,30169.0,-1,NEUTRAL,38.61,-3.0666,28.0,296.79,285.62,234.23,11.31,0.106,2.21,0.86,259.19,304.42,1.67,MACD weak; Trend strength acceptable; Long-term trend positive,UNKNOWN,-3.6,-10.67,5.58,0.0,4.1,3,0,0,-2,0,MEDIUM,0,,,0,-2,0.85,1.5,E,"Trend 3, Momentum 0, Volume 0, Liquidity -2 (0.0cr), VolRisk MEDIUM, Sector UNKNOWN 0",-1,-1,-1,NEUTRAL,News 0; event caution 0; risk LOW; type ; confidence ; reason . ,-3,HIGH,RISK_OFF,Nifty 20D return -5.771924924783489; 60D return -6.141522169043611; India VIX latest; 20D change 27.715355370472096; USDINR 20D change 0.8995466772440563; Crude 20D change 4.302699067276294,-4.0,SELL/AVOID,-1,-3.15,SELL/AVOID,"Tech -1 | News 0 (, ) | Event caution 0 | Macro -3 | Sector 0 | Analytics 0.85 (E) | Risk LOW/HIGH | Analytics: Trend 3, Momentum 0, Volume 0, Liquidity -2 (0.0cr), VolRisk MEDIUM, Sector UNKNOWN 0",0,0,LOW,,,,,,,0,0,,,0,,0,69.3,HIGH,-1.22,SELL/AVOID,"AI overlay from completed recommendation outcomes; use as probability/risk input, not standalone advice."
CEMPRO,2026-09-16,1235.1,37969.0,3,NEUTRAL,43.56,-9.5296,24.77,1286.98,1311.25,,75.1,0.253,38.73,1.43,1122.45,1422.85,1.67,RSI in swing zone; MACD weak; Trend strength acceptable; Bollinger position healthy; Volume expansion,CEMENT,-4.8,-9.1,37.3,0.0,6.08,1,0,1,-2,-1,HIGH,-3,14.3,-0.59,-2,-3,-1.2,0.75,D,"Trend 1, Momentum 0, Volume 1, Liquidity -2 (0.0cr), VolRisk HIGH, Sector CEMENT -3",3,3,3,NEUTRAL,News 0; event caution 0; risk LOW; type ; confidence ; reason . ,-3,HIGH,RISK_OFF,Nifty 20D return -5.771924924783489; 60D return -6.141522169043611; India VIX latest; 20D change 27.715355370472096; USDINR 20D change 0.8995466772440563; Crude 20D change 4.302699067276294,-2.0,NEUTRAL,3,-3.2,SELL/AVOID,"Tech 3 | News 0 (, ) | Event caution 0 | Macro -3 | Sector -2 | Analytics -1.2 (D) | Risk LOW/HIGH | Analytics: Trend 1, Momentum 0, Volume 1, Liquidity -2 (0.0cr), VolRisk HIGH, Sector CEMENT -3",0,0,LOW,,,,,,,0,0,,,0,,0,61.6,MEDIUM,-2.04,SELL/AVOID,"AI overlay from completed recommendation outcomes; use as probability/risk input, not standalone advice."
IFCI,2026-09-29,70.97,109229.0,0,NEUTRAL,35.2,-1.0251,22.58,79.63,81.5,69.25,4.31,0.224,8.97,0.48,64.51,81.74,1.67,MACD weak; Trend strength acceptable; Long-term trend positive; Bollinger position healthy,UNKNOWN,-10.72,-30.0,-2.61,0.01,6.07,2,0,-1,-2,-1,HIGH,0,,,0,-3,-0.2,1.0,E,"Trend 2, Momentum 0, Volume -1, Liquidity -2 (0.01cr), VolRisk HIGH, Sector UNKNOWN 0",0,0,0,NEUTRAL,News 0; event caution 0; risk LOW; type ; confidence ; reason . ,-3,HIGH,RISK_OFF,Nifty 20D return -5.771924924783489; 60D return -6.141522169043611; India VIX latest; 20D change 27.715355370472096; USDINR 20D change 0.8995466772440563; Crude 20D change 4.302699067276294,-3.0,SELL/AVOID,0,-3.2,SELL/AVOID,"Tech 0 | News 0 (, ) | Event caution 0 | Macro -3 | Sector 0 | Analytics -0.2 (E) | Risk LOW/HIGH | Analytics: Trend 2, Momentum 0, Volume -1, Liquidity -2 (0.01cr), VolRisk HIGH, Sector UNKNOWN 0",0,0,LOW,,,,,,,0,0,,,0,,0,66.6,HIGH,-1.54,SELL/AVOID,"AI overlay from completed recommendation outcomes; use as probability/risk input, not standalone advice."
HEXT,2026-09-15,517.5,26504.0,0,NEUTRAL,41.3,-8.0338,22.09,558.65,527.82,,28.42,0.059,15.79,0.52,474.87,588.54,1.67,RSI in swing zone; MACD weak; Trend strength acceptable,UNKNOWN,-7.56,-5.32,16.82,0.0,5.49,2,0,-1,-2,-1,HIGH,0,,,0,-3,-0.2,1.0,E,"Trend 2, Momentum 0, Volume -1, Liquidity -2 (0.0cr), VolRisk HIGH, Sector UNKNOWN 0",0,0,0,NEUTRAL,News 0; event caution 0; risk LOW; type ; confidence ; reason . ,-3,HIGH,RISK_OFF,Nifty 20D return -5.771924924783489; 60D return -6.141522169043611; India VIX latest; 20D change 27.715355370472096; USDINR 20D change 0.8995466772440563; Crude 20D change 4.302699067276294,-3.0,SELL/AVOID,0,-3.2,SELL/AVOID,"Tech 0 | News 0 (, ) | Event caution 0 | Macro -3 | Sector 0 | Analytics -0.2 (E) | Risk LOW/HIGH | Analytics: Trend 2, Momentum 0, Volume -1, Liquidity -2 (0.0cr), VolRisk HIGH, Sector UNKNOWN 0",0,0,LOW,,,,,,,0,0,,,0,,0,65.6,HIGH,-1.64,SELL/AVOID,"AI overlay from completed recommendation outcomes; use as probability/risk input, not standalone advice."
NAZARA,2026-09-29,388.4,30342.0,-2,NEUTRAL,72.52,-0.7533,30.0,371.02,334.81,,15.0,1.031,94.07,0.95,365.9,425.9,1.67,RSI overbought; MACD weak; Trend strength acceptable; Above SMA20; Above SMA50,UNKNOWN,5.16,9.56,29.49,0.0,3.86,5,0,0,-2,0,MEDIUM,0,,,0,-2,1.75,1.5,E,"Trend 5, Momentum 0, Volume 0, Liquidity -2 (0.0cr), VolRisk MEDIUM, Sector UNKNOWN 0",-2,-2,-2,NEUTRAL,News 0; event caution 0; risk LOW; type ; confidence ; reason . ,-3,HIGH,RISK_OFF,Nifty 20D return -5.771924924783489; 60D return -6.141522169043611; India VIX latest; 20D change 27.715355370472096; USDINR 20D change 0.8995466772440563; Crude 20D change 4.302699067276294,-5.0,SELL/AVOID,-2,-3.25,SELL/AVOID,"Tech -2 | News 0 (, ) | Event caution 0 | Macro -3 | Sector 0 | Analytics 1.75 (E) | Risk LOW/HIGH | Analytics: Trend 5, Momentum 0, Volume 0, Liquidity -2 (0.0cr), VolRisk MEDIUM, Sector UNKNOWN 0",0,0,LOW,,,,,,,0,0,,,0,,0,64.3,MEDIUM,-1.82,SELL/AVOID,"AI overlay from completed recommendation outcomes; use as probability/risk input, not standalone advice."
AARTIIND,2026-09-22,496.0,22353.0,2,NEUTRAL,46.3,-2.8567,22.91,510.9,505.69,,18.26,0.333,40.13,0.84,468.61,541.64,1.67,RSI in swing zone; MACD weak; Trend strength acceptable; Bollinger position healthy,CHEMICALS,0.67,-5.92,8.29,0.0,3.68,2,1,0,-2,0,MEDIUM,-3,0.0,-2.26,-2,-2,-0.3,1.25,D,"Trend 2, Momentum 1, Volume 0, Liquidity -2 (0.0cr), VolRisk MEDIUM, Sector CHEMICALS -3",2,2,2,NEUTRAL,News 0; event caution 0; risk LOW; type ; confidence ; reason . ,-3,HIGH,RISK_OFF,Nifty 20D return -5.771924924783489; 60D return -6.141522169043611; India VIX latest; 20D change 27.715355370472096; USDINR 20D change 0.8995466772440563; Crude 20D change 4.302699067276294,-3.0,SELL/AVOID,2,-3.3,SELL/AVOID,"Tech 2 | News 0 (, ) | Event caution 0 | Macro -3 | Sector -2 | Analytics -0.3 (D) | Risk LOW/HIGH | Analytics: Trend 2, Momentum 1, Volume 0, Liquidity -2 (0.0cr), VolRisk MEDIUM, Sector CHEMICALS -3",0,0,LOW,,,,,,,0,0,,,0,,0,62.2,MEDIUM,-2.08,SELL/AVOID,"AI overlay from completed recommendation outcomes; use as probability/risk input, not standalone advice."
TATATECH,2026-09-29,686.75,44669.0,0,NEUTRAL,24.11,-3.9206,23.64,741.13,789.91,680.64,24.7,0.087,2.87,1.05,649.7,748.51,1.67,RSI oversold rebound candidate; MACD weak; Trend strength acceptable; Long-term trend positive,UNKNOWN,-4.15,-14.16,-10.29,0.0,3.6,2,-2,0,-2,0,MEDIUM,0,,,0,-2,-0.3,1.5,E,"Trend 2, Momentum -2, Volume 0, Liquidity -2 (0.0cr), VolRisk MEDIUM, Sector UNKNOWN 0",0,0,0,NEUTRAL,News 0; event caution 0; risk LOW; type ; confidence ; reason . ,-3,HIGH,RISK_OFF,Nifty 20D return -5.771924924783489; 60D return -6.141522169043611; India VIX latest; 20D change 27.715355370472096; USDINR 20D change 0.8995466772440563; Crude 20D change 4.302699067276294,-3.0,SELL/AVOID,0,-3.3,SELL/AVOID,"Tech 0 | News 0 (, ) | Event caution 0 | Macro -3 | Sector 0 | Analytics -0.3 (E) | Risk LOW/HIGH | Analytics: Trend 2, Momentum -2, Volume 0, Liquidity -2 (0.0cr), VolRisk MEDIUM, Sector UNKNOWN 0",0,0,LOW,,,,,,,0,0,,,0,,0,67.5,HIGH,-1.55,SELL/AVOID,"AI overlay from completed recommendation outcomes; use as probability/risk input, not standalone advice."
MOBIKWIK,2026-09-24,203.8,21676.0,0,NEUTRAL,45.74,-0.5003,13.86,211.38,208.19,,14.72,0.277,39.21,0.3,181.71,240.61,1.67,RSI in swing zone; MACD weak; Weak trend; Bollinger position healthy,UNKNOWN,2.6,-7.97,2.21,0.0,7.22,1,1,-1,-2,-1,HIGH,0,,,0,-3,-0.3,1.0,E,"Trend 1, Momentum 1, Volume -1, Liquidity -2 (0.0cr), VolRisk HIGH, Sector UNKNOWN 0",0,0,0,NEUTRAL,News 0; event caution 0; risk LOW; type ; confidence ; reason . ,-3,HIGH,RISK_OFF,Nifty 20D return -5.771924924783489; 60D return -6.141522169043611; India VIX latest; 20D change 27.715355370472096; USDINR 20D change 0.8995466772440563; Crude 20D change 4.302699067276294,-3.0,SELL/AVOID,0,-3.3,SELL/AVOID,"Tech 0 | News 0 (, ) | Event caution 0 | Macro -3 | Sector 0 | Analytics -0.3 (E) | Risk LOW/HIGH | Analytics: Trend 1, Momentum 1, Volume -1, Liquidity -2 (0.0cr), VolRisk HIGH, Sector UNKNOWN 0",0,0,LOW,,,,,,,0,0,,,0,,0,64.0,MEDIUM,-1.9,SELL/AVOID,"AI overlay from completed recommendation outcomes; use as probability/risk input, not standalone advice."
AWL,2026-09-29,178.75,95861.0,0,NEUTRAL,31.57,-0.9843,20.11,189.79,190.15,,5.54,0.085,26.86,2.44,170.45,192.59,1.67,RSI oversold rebound candidate; MACD weak; Volume expansion,UNKNOWN,-2.87,-7.8,-2.76,0.0,3.1,0,-1,2,-2,0,MEDIUM,0,,,0,-2,-0.35,1.5,E,"Trend 0, Momentum -1, Volume 2, Liquidity -2 (0.0cr), VolRisk MEDIUM, Sector UNKNOWN 0",0,0,0,NEUTRAL,News 0; event caution 0; risk LOW; type ; confidence ; reason . ,-3,HIGH,RISK_OFF,Nifty 20D return -5.771924924783489; 60D return -6.141522169043611; India VIX latest; 20D change 27.715355370472096; USDINR 20D change 0.8995466772440563; Crude 20D change 4.302699067276294,-3.0,SELL/AVOID,0,-3.35,SELL/AVOID,"Tech 0 | News 0 (, ) | Event caution 0 | Macro -3 | Sector 0 | Analytics -0.35 (E) | Risk LOW/HIGH | Analytics: Trend 0, Momentum -1, Volume 2, Liquidity -2 (0.0cr), VolRisk MEDIUM, Sector UNKNOWN 0",0,0,LOW,,,,,,,0,0,,,0,,0,70.3,HIGH,-1.32,SELL/AVOID,"AI overlay from completed recommendation outcomes; use as probability/risk input, not standalone advice."
ANANDRATHI,2026-09-29,2100.6,67605.0,-1,NEUTRAL,37.59,-6.3207,14.47,2192.37,2058.63,,63.29,-0.245,12.19,1.96,2005.67,2258.82,1.67,MACD weak; Weak trend; Above SMA50; Volume expansion,UNKNOWN,-5.78,-2.66,-40.49,0.0,3.01,2,0,1,-2,0,MEDIUM,0,,,0,-2,0.65,1.5,E,"Trend 2, Momentum 0, Volume 1, Liquidity -2 (0.0cr), VolRisk MEDIUM, Sector UNKNOWN 0",-1,-1,-1,NEUTRAL,News 0; event caution 0; risk LOW; type ; confidence ; reason . ,-3,HIGH,RISK_OFF,Nifty 20D return -5.771924924783489; 60D return -6.141522169043611; India VIX latest; 20D change 27.715355370472096; USDINR 20D change 0.8995466772440563; Crude 20D change 4.302699067276294,-4.0,SELL/AVOID,-1,-3.35,SELL/AVOID,"Tech -1 | News 0 (, ) | Event caution 0 | Macro -3 | Sector 0 | Analytics 0.65 (E) | Risk LOW/HIGH | Analytics: Trend 2, Momentum 0, Volume 1, Liquidity -2 (0.0cr), VolRisk MEDIUM, Sector UNKNOWN 0",0,0,LOW,,,,,,,0,0,,,0,,0,65.0,MEDIUM,-1.85,SELL/AVOID,"AI overlay from completed recommendation outcomes; use as probability/risk input, not standalone advice."
BHEL,2026-09-29,413.35,101664.0,2,NEUTRAL,42.97,-2.1911,18.83,424.65,421.86,361.93,12.27,0.191,28.82,1.68,394.95,444.01,1.67,RSI in swing zone; MACD weak; Long-term trend positive; Volume expansion,CAPITAL_GOODS,-2.3,-4.12,0.01,0.0,2.97,2,0,1,-2,0,MEDIUM,-3,0.0,-0.93,-2,-2,-0.4,1.25,D,"Trend 2, Momentum 0, Volume 1, Liquidity -2 (0.0cr), VolRisk MEDIUM, Sector CAPITAL_GOODS -3",2,2,2,NEUTRAL,News 0; event caution 0; risk LOW; type ; confidence ; reason . ,-3,HIGH,RISK_OFF,Nifty 20D return -5.771924924783489; 60D return -6.141522169043611; India VIX latest; 20D change 27.715355370472096; USDINR 20D change 0.8995466772440563; Crude 20D change 4.302699067276294,-3.0,SELL/AVOID,2,-3.4,SELL/AVOID,"Tech 2 | News 0 (, ) | Event caution 0 | Macro -3 | Sector -2 | Analytics -0.4 (D) | Risk LOW/HIGH | Analytics: Trend 2, Momentum 0, Volume 1, Liquidity -2 (0.0cr), VolRisk MEDIUM, Sector CAPITAL_GOODS -3",0,0,LOW,,,,,,,0,0,,,0,,0,63.1,MEDIUM,-2.09,SELL/AVOID,"AI overlay from completed recommendation outcomes; use as probability/risk input, not standalone advice."
NYKAA,2026-09-29,327.35,85962.0,2,NEUTRAL,43.47,-1.1427,16.06,335.4,334.46,289.64,8.57,0.198,30.11,1.58,314.5,348.77,1.67,RSI in swing zone; MACD weak; Long-term trend positive; Volume expansion,RETAIL,-3.96,-2.05,1.33,0.0,2.62,2,0,1,-2,0,MEDIUM,-3,0.0,-0.35,-2,-2,-0.4,1.25,D,"Trend 2, Momentum 0, Volume 1, Liquidity -2 (0.0cr), VolRisk MEDIUM, Sector RETAIL -3",2,2,2,NEUTRAL,News 0; event caution 0; risk LOW; type ; confidence ; reason . ,-3,HIGH,RISK_OFF,Nifty 20D return -5.771924924783489; 60D return -6.141522169043611; India VIX latest; 20D change 27.715355370472096; USDINR 20D change 0.8995466772440563; Crude 20D change 4.302699067276294,-3.0,SELL/AVOID,2,-3.4,SELL/AVOID,"Tech 2 | News 0 (, ) | Event caution 0 | Macro -3 | Sector -2 | Analytics -0.4 (D) | Risk LOW/HIGH | Analytics: Trend 2, Momentum 0, Volume 1, Liquidity -2 (0.0cr), VolRisk MEDIUM, Sector RETAIL -3",0,0,LOW,,,,,,,0,0,,,0,,0,64.1,MEDIUM,-1.99,SELL/AVOID,"AI overlay from completed recommendation outcomes; use as probability/risk input, not standalone advice."
PIRAMALFIN,2026-09-29,2127.5,75829.0,2,NEUTRAL,42.9,-19.868,30.87,2224.53,2174.43,,106.22,0.132,63.52,1.93,1968.17,2393.06,1.67,RSI in swing zone; MACD weak; Trend strength acceptable; Volume expansion,FINANCIALS,-4.45,-6.62,5.47,0.0,4.99,2,0,1,-2,0,MEDIUM,-3,22.7,-2.14,-2,-2,-0.4,1.25,D,"Trend 2, Momentum 0, Volume 1, Liquidity -2 (0.0cr), VolRisk MEDIUM, Sector FINANCIALS -3",2,2,2,NEUTRAL,News 0; event caution 0; risk LOW; type ; confidence ; reason . ,-3,HIGH,RISK_OFF,Nifty 20D return -5.771924924783489; 60D return -6.141522169043611; India VIX latest; 20D change 27.715355370472096; USDINR 20D change 0.8995466772440563; Crude 20D change 4.302699067276294,-3.0,SELL/AVOID,2,-3.4,SELL/AVOID,"Tech 2 | News 0 (, ) | Event caution 0 | Macro -3 | Sector -2 | Analytics -0.4 (D) | Risk LOW/HIGH | Analytics: Trend 2, Momentum 0, Volume 1, Liquidity -2 (0.0cr), VolRisk MEDIUM, Sector FINANCIALS -3",0,0,LOW,,,,,,,0,0,,,0,,0,61.6,MEDIUM,-2.24,SELL/AVOID,"AI overlay from completed recommendation outcomes; use as probability/risk input, not standalone advice."
SWSOLAR,2026-09-22,178.42,65534.0,0,NEUTRAL,22.99,-7.3316,27.04,227.28,217.54,,12.97,-0.09,3.14,1.85,158.97,210.84,1.67,RSI oversold rebound candidate; MACD weak; Trend strength acceptable; Volume expansion,UNKNOWN,-19.7,-27.67,7.83,0.0,7.27,2,-2,1,-2,-1,HIGH,0,,,0,-3,-0.4,1.0,E,"Trend 2, Momentum -2, Volume 1, Liquidity -2 (0.0cr), VolRisk HIGH, Sector UNKNOWN 0",0,0,0,NEUTRAL,News 0; event caution 0; risk LOW; type ; confidence ; reason . ,-3,HIGH,RISK_OFF,Nifty 20D return -5.771924924783489; 60D return -6.141522169043611; India VIX latest; 20D change 27.715355370472096; USDINR 20D change 0.8995466772440563; Crude 20D change 4.302699067276294,-3.0,SELL/AVOID,0,-3.4,SELL/AVOID,"Tech 0 | News 0 (, ) | Event caution 0 | Macro -3 | Sector 0 | Analytics -0.4 (E) | Risk LOW/HIGH | Analytics: Trend 2, Momentum -2, Volume 1, Liquidity -2 (0.0cr), VolRisk HIGH, Sector UNKNOWN 0",0,0,LOW,,,,,,,0,0,,,0,,0,65.6,HIGH,-1.84,SELL/AVOID,"AI overlay from completed recommendation outcomes; use as probability/risk input, not standalone advice."
EIEL,2026-09-10,211.65,54611.0,0,NEUTRAL,44.26,-3.6661,19.0,226.87,218.09,,12.53,0.168,24.05,1.12,192.86,242.96,1.67,RSI in swing zone; MACD weak,UNKNOWN,-7.76,-4.54,50.76,0.0,5.92,1,0,0,-2,-1,HIGH,0,,,0,-3,-0.4,1.0,E,"Trend 1, Momentum 0, Volume 0, Liquidity -2 (0.0cr), VolRisk HIGH, Sector UNKNOWN 0",0,0,0,NEUTRAL,News 0; event caution 0; risk LOW; type ; confidence ; reason . ,-3,HIGH,RISK_OFF,Nifty 20D return -5.771924924783489; 60D return -6.141522169043611; India VIX latest; 20D change 27.715355370472096; USDINR 20D change 0.8995466772440563; Crude 20D change 4.302699067276294,-3.0,SELL/AVOID,0,-3.4,SELL/AVOID,"Tech 0 | News 0 (, ) | Event caution 0 | Macro -3 | Sector 0 | Analytics -0.4 (E) | Risk LOW/HIGH | Analytics: Trend 1, Momentum 0, Volume 0, Liquidity -2 (0.0cr), VolRisk HIGH, Sector UNKNOWN 0",0,0,LOW,,,,,,,0,0,,,0,,0,64.6,MEDIUM,-1.94,SELL/AVOID,"AI overlay from completed recommendation outcomes; use as probability/risk input, not standalone advice."
CMPDI,2026-09-29,213.12,33764.0,0,NEUTRAL,37.07,-0.8314,37.12,225.64,243.37,,10.67,0.262,24.71,1.02,197.11,239.8,1.67,MACD weak; Trend strength acceptable; Bollinger position healthy,UNKNOWN,4.6,-9.38,-15.77,0.0,5.01,1,0,0,-2,-1,HIGH,0,,,0,-3,-0.4,1.0,E,"Trend 1, Momentum 0, Volume 0, Liquidity -2 (0.0cr), VolRisk HIGH, Sector UNKNOWN 0",0,0,0,NEUTRAL,News 0; event caution 0; risk LOW; type ; confidence ; reason . ,-3,HIGH,RISK_OFF,Nifty 20D return -5.771924924783489; 60D return -6.141522169043611; India VIX latest; 20D change 27.715355370472096; USDINR 20D change 0.8995466772440563; Crude 20D change 4.302699067276294,-3.0,SELL/AVOID,0,-3.4,SELL/AVOID,"Tech 0 | News 0 (, ) | Event caution 0 | Macro -3 | Sector 0 | Analytics -0.4 (E) | Risk LOW/HIGH | Analytics: Trend 1, Momentum 0, Volume 0, Liquidity -2 (0.0cr), VolRisk HIGH, Sector UNKNOWN 0",0,0,LOW,,,,,,,0,0,,,0,,0,65.6,HIGH,-1.84,SELL/AVOID,"AI overlay from completed recommendation outcomes; use as probability/risk input, not standalone advice."
VIKRAMSOLR,2026-09-29,160.05,32823.0,0,NEUTRAL,35.88,0.4294,15.66,168.29,186.0,,8.27,0.198,4.06,0.56,147.65,180.71,1.67,MACD bullish,UNKNOWN,-6.96,-11.1,-24.81,0.0,5.16,0,2,-1,-2,-1,HIGH,0,,,0,-3,-0.4,1.0,E,"Trend 0, Momentum 2, Volume -1, Liquidity -2 (0.0cr), VolRisk HIGH, Sector UNKNOWN 0",0,0,0,NEUTRAL,News 0; event caution 0; risk LOW; type ; confidence ; reason . ,-3,HIGH,RISK_OFF,Nifty 20D return -5.771924924783489; 60D return -6.141522169043611; India VIX latest; 20D change 27.715355370472096; USDINR 20D change 0.8995466772440563; Crude 20D change 4.302699067276294,-3.0,SELL/AVOID,0,-3.4,SELL/AVOID,"Tech 0 | News 0 (, ) | Event caution 0 | Macro -3 | Sector 0 | Analytics -0.4 (E) | Risk LOW/HIGH | Analytics: Trend 0, Momentum 2, Volume -1, Liquidity -2 (0.0cr), VolRisk HIGH, Sector UNKNOWN 0",0,0,LOW,,,,,,,0,0,,,0,,0,59.5,MEDIUM,-2.45,SELL/AVOID,"AI overlay from completed recommendation outcomes; use as probability/risk input, not standalone advice."
BORORENEW,2026-09-22,474.7,28556.0,0,NEUTRAL,36.32,-10.9804,33.72,542.19,547.97,,28.61,0.239,24.92,0.93,431.78,546.23,1.67,MACD weak; Trend strength acceptable; Bollinger position healthy,UNKNOWN,-7.58,-27.15,1.53,0.0,6.03,1,0,0,-2,-1,HIGH,0,,,0,-3,-0.4,1.0,E,"Trend 1, Momentum 0, Volume 0, Liquidity -2 (0.0cr), VolRisk HIGH, Sector UNKNOWN 0",0,0,0,NEUTRAL,News 0; event caution 0; risk LOW; type ; confidence ; reason . ,-3,HIGH,RISK_OFF,Nifty 20D return -5.771924924783489; 60D return -6.141522169043611; India VIX latest; 20D change 27.715355370472096; USDINR 20D change 0.8995466772440563; Crude 20D change 4.302699067276294,-3.0,SELL/AVOID,0,-3.4,SELL/AVOID,"Tech 0 | News 0 (, ) | Event caution 0 | Macro -3 | Sector 0 | Analytics -0.4 (E) | Risk LOW/HIGH | Analytics: Trend 1, Momentum 0, Volume 0, Liquidity -2 (0.0cr), VolRisk HIGH, Sector UNKNOWN 0",0,0,LOW,,,,,,,0,0,,,0,,0,67.8,HIGH,-1.62,SELL/AVOID,"AI overlay from completed recommendation outcomes; use as probability/risk input, not standalone advice."
JSWSTEEL,2026-09-29,1272.4,61456.0,6,WATCH,47.46,0.5837,17.14,1274.41,1291.72,1252.25,24.35,0.475,58.96,1.24,1235.88,1333.27,1.67,RSI in swing zone; MACD bullish; Long-term trend positive; Bollinger position healthy; Volume expansion,METALS,-1.96,-3.97,0.39,0.0,1.91,1,3,1,-2,1,LOW,-3,30.0,-0.49,-2,-1,0.55,1.25,C,"Trend 1, Momentum 3, Volume 1, Liquidity -2 (0.0cr), VolRisk LOW, Sector METALS -3",3,1,1,NEUTRAL,News -3; event caution -2; risk HIGH; type GOVERNANCE_RISK; confidence HIGH; reason Material management/auditor/governance risk.. Negative catalyst: Resignation of Director/KMP/SMP,-3,HIGH,RISK_OFF,Nifty 20D return -5.771924924783489; 60D return -6.141522169043611; India VIX latest; 20D change 27.715355370472096; USDINR 20D change 0.8995466772440563; Crude 20D change 4.302699067276294,-4.0,SELL/AVOID,6,-3.45,AVOID_EVENT_RISK,"Tech 6 | News -3 (GOVERNANCE_RISK, HIGH) | Event caution -2 | Macro -3 | Sector -2 | Analytics 0.55 (C) | Risk HIGH/HIGH | Negative catalyst: Resignation of Director/KMP/SMP | Analytics: Trend 1, Momentum 3, Volume 1, Liquidity -2 (0.0cr), VolRisk LOW, Sector METALS -3 | News logic: Material management/auditor/governance risk. | Upcoming event caution: Q3 Results: JSW Steel, Shriram Finance, IndusInd Bank, BPCL, Adani Green, Urban Company, others to declare earnings on Jan 23; check lis",-3,-2,HIGH,Negative catalyst: Resignation of Director/KMP/SMP,"Upcoming event caution: Q3 Results: JSW Steel, Shriram Finance, IndusInd Bank, BPCL, Adani Green, Urban Company, others to declare earnings on Jan 23; check list",Resignation of Director/KMP/SMP,Negative catalyst: Resignation of Director/KMP/SMP,NSE Corporate Announcements,https://nsearchives.nseindia.com/corporate/JSWSTEEL_ROID_95553_KMP_Doc.zip,1,1,GOVERNANCE_RISK,HIGH,3,Material management/auditor/governance risk.,0,55.3,MEDIUM,-2.92,AVOID_EVENT_RISK,"AI overlay from completed recommendation outcomes; use as probability/risk input, not standalone advice."
TATAPOWER,2026-09-29,359.0,52122.0,2,NEUTRAL,40.66,-0.4421,24.88,366.33,369.84,390.57,7.16,0.048,21.31,1.42,348.25,376.91,1.67,RSI in swing zone; MACD weak; Trend strength acceptable; Volume expansion,POWER,-2.71,-2.45,-5.89,0.0,2.0,1,0,1,-2,1,LOW,-3,18.2,-0.06,-2,-1,-0.5,1.25,D,"Trend 1, Momentum 0, Volume 1, Liquidity -2 (0.0cr), VolRisk LOW, Sector POWER -3",2,2,2,NEUTRAL,News 0; event caution 0; risk LOW; type ; confidence ; reason . ,-3,HIGH,RISK_OFF,Nifty 20D return -5.771924924783489; 60D return -6.141522169043611; India VIX latest; 20D change 27.715355370472096; USDINR 20D change 0.8995466772440563; Crude 20D change 4.302699067276294,-3.0,SELL/AVOID,2,-3.5,SELL/AVOID,"Tech 2 | News 0 (, ) | Event caution 0 | Macro -3 | Sector -2 | Analytics -0.5 (D) | Risk LOW/HIGH | Analytics: Trend 1, Momentum 0, Volume 1, Liquidity -2 (0.0cr), VolRisk LOW, Sector POWER -3",0,0,LOW,,,,,,,0,0,,,0,,0,75.4,HIGH,-0.96,SELL/AVOID,"AI overlay from completed recommendation outcomes; use as probability/risk input, not standalone advice."
TMPV,2026-09-29,280.95,170170.0,0,NEUTRAL,24.18,-1.4475,27.74,299.39,316.49,342.41,8.25,-0.067,18.25,1.57,268.57,301.58,1.67,RSI oversold rebound candidate; MACD weak; Trend strength acceptable; Volume expansion,UNKNOWN,-6.51,-9.81,-15.83,0.0,2.94,1,-2,1,-2,0,MEDIUM,0,,,0,-2,-0.5,1.5,E,"Trend 1, Momentum -2, Volume 1, Liquidity -2 (0.0cr), VolRisk MEDIUM, Sector UNKNOWN 0",0,0,0,NEUTRAL,News 0; event caution 0; risk LOW; type ; confidence ; reason . ,-3,HIGH,RISK_OFF,Nifty 20D return -5.771924924783489; 60D return -6.141522169043611; India VIX latest; 20D change 27.715355370472096; USDINR 20D change 0.8995466772440563; Crude 20D change 4.302699067276294,-3.0,SELL/AVOID,0,-3.5,SELL/AVOID,"Tech 0 | News 0 (, ) | Event caution 0 | Macro -3 | Sector 0 | Analytics -0.5 (E) | Risk LOW/HIGH | Analytics: Trend 1, Momentum -2, Volume 1, Liquidity -2 (0.0cr), VolRisk MEDIUM, Sector UNKNOWN 0",0,0,LOW,,,,,,,0,0,,,0,,0,67.6,HIGH,-1.74,SELL/AVOID,"AI overlay from completed recommendation outcomes; use as probability/risk input, not standalone advice."
LTF,2026-09-29,271.05,87146.0,0,NEUTRAL,27.91,-3.5653,22.93,301.66,309.82,291.19,9.64,-0.07,3.57,1.81,256.59,295.15,1.67,RSI oversold rebound candidate; MACD weak; Trend strength acceptable; Volume expansion,UNKNOWN,-12.56,-13.68,-11.38,0.0,3.56,1,-2,1,-2,0,MEDIUM,0,,,0,-2,-0.5,1.5,E,"Trend 1, Momentum -2, Volume 1, Liquidity -2 (0.0cr), VolRisk MEDIUM, Sector UNKNOWN 0",0,0,0,NEUTRAL,News 0; event caution 0; risk LOW; type ; confidence ; reason . ,-3,HIGH,RISK_OFF,Nifty 20D return -5.771924924783489; 60D return -6.141522169043611; India VIX latest; 20D change 27.715355370472096; USDINR 20D change 0.8995466772440563; Crude 20D change 4.302699067276294,-3.0,SELL/AVOID,0,-3.5,SELL/AVOID,"Tech 0 | News 0 (, ) | Event caution 0 | Macro -3 | Sector 0 | Analytics -0.5 (E) | Risk LOW/HIGH | Analytics: Trend 1, Momentum -2, Volume 1, Liquidity -2 (0.0cr), VolRisk MEDIUM, Sector UNKNOWN 0",0,0,LOW,,,,,,,0,0,,,0,,0,68.1,HIGH,-1.69,SELL/AVOID,"AI overlay from completed recommendation outcomes; use as probability/risk input, not standalone advice."
PREMIERENE,2026-09-29,870.0,58268.0,0,NEUTRAL,28.39,-4.0872,47.57,946.02,998.95,942.92,32.1,0.103,12.79,1.74,821.86,950.24,1.67,RSI oversold rebound candidate; MACD weak; Trend strength acceptable; Volume expansion,UNKNOWN,-3.55,-14.19,-16.89,0.0,3.69,1,-2,1,-2,0,MEDIUM,0,,,0,-2,-0.5,1.5,E,"Trend 1, Momentum -2, Volume 1, Liquidity -2 (0.0cr), VolRisk MEDIUM, Sector UNKNOWN 0",0,0,0,NEUTRAL,News 0; event caution 0; risk LOW; type ; confidence ; reason . ,-3,HIGH,RISK_OFF,Nifty 20D return -5.771924924783489; 60D return -6.141522169043611; India VIX latest; 20D change 27.715355370472096; USDINR 20D change 0.8995466772440563; Crude 20D change 4.302699067276294,-3.0,SELL/AVOID,0,-3.5,SELL/AVOID,"Tech 0 | News 0 (, ) | Event caution 0 | Macro -3 | Sector 0 | Analytics -0.5 (E) | Risk LOW/HIGH | Analytics: Trend 1, Momentum -2, Volume 1, Liquidity -2 (0.0cr), VolRisk MEDIUM, Sector UNKNOWN 0",0,0,LOW,,,,,,,0,0,,,0,,0,65.5,HIGH,-1.95,SELL/AVOID,"AI overlay from completed recommendation outcomes; use as probability/risk input, not standalone advice."
WAAREEENER,2026-09-29,2380.0,51147.0,0,NEUTRAL,28.56,-8.6521,31.94,2530.91,2609.38,2918.25,64.68,-0.095,0.0,1.3,2282.98,2541.7,1.67,RSI oversold rebound candidate; MACD weak; Trend strength acceptable; Volume expansion,UNKNOWN,-5.25,-9.68,-16.22,0.0,2.72,1,-2,1,-2,0,MEDIUM,0,,,0,-2,-0.5,1.5,E,"Trend 1, Momentum -2, Volume 1, Liquidity -2 (0.0cr), VolRisk MEDIUM, Sector UNKNOWN 0",0,0,0,NEUTRAL,News 0; event caution 0; risk LOW; type ; confidence ; reason . ,-3,HIGH,RISK_OFF,Nifty 20D return -5.771924924783489; 60D return -6.141522169043611; India VIX latest; 20D change 27.715355370472096; USDINR 20D change 0.8995466772440563; Crude 20D change 4.302699067276294,-3.0,SELL/AVOID,0,-3.5,SELL/AVOID,"Tech 0 | News 0 (, ) | Event caution 0 | Macro -3 | Sector 0 | Analytics -0.5 (E) | Risk LOW/HIGH | Analytics: Trend 1, Momentum -2, Volume 1, Liquidity -2 (0.0cr), VolRisk MEDIUM, Sector UNKNOWN 0",0,0,LOW,,,,,,,0,0,,,0,,0,66.8,HIGH,-1.82,SELL/AVOID,"AI overlay from completed recommendation outcomes; use as probability/risk input, not standalone advice."
NBCC,2026-09-29,78.01,42623.0,0,NEUTRAL,28.72,-0.0469,37.35,83.13,88.43,93.54,2.04,-0.107,0.0,1.52,74.95,83.11,1.67,RSI oversold rebound candidate; MACD weak; Trend strength acceptable; Volume expansion,UNKNOWN,-7.12,-10.85,-23.14,0.0,2.62,1,-2,1,-2,0,MEDIUM,0,,,0,-2,-0.5,1.5,E,"Trend 1, Momentum -2, Volume 1, Liquidity -2 (0.0cr), VolRisk MEDIUM, Sector UNKNOWN 0",0,0,0,NEUTRAL,News 0; event caution 0; risk LOW; type ; confidence ; reason . ,-3,HIGH,RISK_OFF,Nifty 20D return -5.771924924783489; 60D return -6.141522169043611; India VIX latest; 20D change 27.715355370472096; USDINR 20D change 0.8995466772440563; Crude 20D change 4.302699067276294,-3.0,SELL/AVOID,0,-3.5,SELL/AVOID,"Tech 0 | News 0 (, ) | Event caution 0 | Macro -3 | Sector 0 | Analytics -0.5 (E) | Risk LOW/HIGH | Analytics: Trend 1, Momentum -2, Volume 1, Liquidity -2 (0.0cr), VolRisk MEDIUM, Sector UNKNOWN 0",0,0,LOW,,,,,,,0,0,,,0,,0,65.1,HIGH,-1.99,SELL/AVOID,"AI overlay from completed recommendation outcomes; use as probability/risk input, not standalone advice."
PGEL,2026-09-29,493.15,40930.0,0,NEUTRAL,19.39,-7.5489,31.63,572.54,587.92,,20.5,-0.076,0.0,1.42,462.4,544.4,1.67,RSI oversold rebound candidate; MACD weak; Trend strength acceptable; Volume expansion,UNKNOWN,-9.1,-21.8,2.04,0.0,4.16,1,-2,1,-2,0,MEDIUM,0,,,0,-2,-0.5,1.5,E,"Trend 1, Momentum -2, Volume 1, Liquidity -2 (0.0cr), VolRisk MEDIUM, Sector UNKNOWN 0",0,0,0,NEUTRAL,News 0; event caution 0; risk LOW; type ; confidence ; reason . ,-3,HIGH,RISK_OFF,Nifty 20D return -5.771924924783489; 60D return -6.141522169043611; India VIX latest; 20D change 27.715355370472096; USDINR 20D change 0.8995466772440563; Crude 20D change 4.302699067276294,-3.0,SELL/AVOID,0,-3.5,SELL/AVOID,"Tech 0 | News 0 (, ) | Event caution 0 | Macro -3 | Sector 0 | Analytics -0.5 (E) | Risk LOW/HIGH | Analytics: Trend 1, Momentum -2, Volume 1, Liquidity -2 (0.0cr), VolRisk MEDIUM, Sector UNKNOWN 0",0,0,LOW,,,,,,,0,0,,,0,,0,67.5,HIGH,-1.75,SELL/AVOID,"AI overlay from completed recommendation outcomes; use as probability/risk input, not standalone advice."
GRSE,2026-09-29,2206.1,39095.0,0,NEUTRAL,24.22,-15.8348,29.49,2415.65,2526.5,2560.78,72.73,0.02,4.48,1.31,2097.01,2387.91,1.67,RSI oversold rebound candidate; MACD weak; Trend strength acceptable; Volume expansion,UNKNOWN,-8.53,-16.13,-19.73,0.0,3.3,1,-2,1,-2,0,MEDIUM,0,,,0,-2,-0.5,1.5,E,"Trend 1, Momentum -2, Volume 1, Liquidity -2 (0.0cr), VolRisk MEDIUM, Sector UNKNOWN 0",0,0,0,NEUTRAL,News 0; event caution 0; risk LOW; type ; confidence ; reason . ,-3,HIGH,RISK_OFF,Nifty 20D return -5.771924924783489; 60D return -6.141522169043611; India VIX latest; 20D change 27.715355370472096; USDINR 20D change 0.8995466772440563; Crude 20D change 4.302699067276294,-3.0,SELL/AVOID,0,-3.5,SELL/AVOID,"Tech 0 | News 0 (, ) | Event caution 0 | Macro -3 | Sector 0 | Analytics -0.5 (E) | Risk LOW/HIGH | Analytics: Trend 1, Momentum -2, Volume 1, Liquidity -2 (0.0cr), VolRisk MEDIUM, Sector UNKNOWN 0",0,0,LOW,,,,,,,0,0,,,0,,0,63.0,MEDIUM,-2.2,SELL/AVOID,"AI overlay from completed recommendation outcomes; use as probability/risk input, not standalone advice."
KNRCON,2026-09-20,124.8,26136.0,0,NEUTRAL,48.07,-0.1327,10.7,126.89,126.98,,6.89,0.421,75.64,0.92,114.47,142.02,1.67,RSI in swing zone; MACD weak; Weak trend; Bollinger position healthy,UNKNOWN,-0.68,-6.14,3.07,0.0,5.52,0,1,0,-2,-1,HIGH,0,,,0,-3,-0.5,1.0,E,"Trend 0, Momentum 1, Volume 0, Liquidity -2 (0.0cr), VolRisk HIGH, Sector UNKNOWN 0",0,0,0,NEUTRAL,News 0; event caution 0; risk LOW; type ; confidence ; reason . ,-3,HIGH,RISK_OFF,Nifty 20D return -5.771924924783489; 60D return -6.141522169043611; India VIX latest; 20D change 27.715355370472096; USDINR 20D change 0.8995466772440563; Crude 20D change 4.302699067276294,-3.0,SELL/AVOID,0,-3.5,SELL/AVOID,"Tech 0 | News 0 (, ) | Event caution 0 | Macro -3 | Sector 0 | Analytics -0.5 (E) | Risk LOW/HIGH | Analytics: Trend 0, Momentum 1, Volume 0, Liquidity -2 (0.0cr), VolRisk HIGH, Sector UNKNOWN 0",0,0,LOW,,,,,,,0,0,,,0,,0,64.5,MEDIUM,-2.05,SELL/AVOID,"AI overlay from completed recommendation outcomes; use as probability/risk input, not standalone advice."
EPL,2026-09-28,235.0,22453.0,0,NEUTRAL,42.9,-0.339,11.68,240.02,242.71,,8.44,0.248,41.92,0.72,222.34,256.09,1.67,RSI in swing zone; MACD weak; Weak trend; Bollinger position healthy,UNKNOWN,-0.7,-4.68,7.93,0.0,3.59,0,0,0,-2,0,MEDIUM,0,,,0,-2,-0.5,1.5,E,"Trend 0, Momentum 0, Volume 0, Liquidity -2 (0.0cr), VolRisk MEDIUM, Sector UNKNOWN 0",0,0,0,NEUTRAL,News 0; event caution 0; risk LOW; type ; confidence ; reason . ,-3,HIGH,RISK_OFF,Nifty 20D return -5.771924924783489; 60D return -6.141522169043611; India VIX latest; 20D change 27.715355370472096; USDINR 20D change 0.8995466772440563; Crude 20D change 4.302699067276294,-3.0,SELL/AVOID,0,-3.5,SELL/AVOID,"Tech 0 | News 0 (, ) | Event caution 0 | Macro -3 | Sector 0 | Analytics -0.5 (E) | Risk LOW/HIGH | Analytics: Trend 0, Momentum 0, Volume 0, Liquidity -2 (0.0cr), VolRisk MEDIUM, Sector UNKNOWN 0",0,0,LOW,,,,,,,0,0,,,0,,0,64.6,MEDIUM,-2.04,SELL/AVOID,"AI overlay from completed recommendation outcomes; use as probability/risk input, not standalone advice."
HCLTECH,2026-09-29,1222.0,97693.0,2,NEUTRAL,38.64,0.6927,11.48,1246.04,1297.33,1278.34,34.21,0.261,27.89,1.33,1170.68,1307.54,1.67,MACD bullish; Weak trend; Bollinger position healthy; Volume expansion,IT,-2.76,-5.52,-1.41,0.0,2.8,0,2,1,-2,0,MEDIUM,-3,8.3,-6.57,-2,-2,-0.6,1.25,D,"Trend 0, Momentum 2, Volume 1, Liquidity -2 (0.0cr), VolRisk MEDIUM, Sector IT -3",2,2,2,NEUTRAL,News 0; event caution 0; risk LOW; type ; confidence ; reason . ,-3,HIGH,RISK_OFF,Nifty 20D return -5.771924924783489; 60D return -6.141522169043611; India VIX latest; 20D change 27.715355370472096; USDINR 20D change 0.8995466772440563; Crude 20D change 4.302699067276294,-3.0,SELL/AVOID,2,-3.6,SELL/AVOID,"Tech 2 | News 0 (, ) | Event caution 0 | Macro -3 | Sector -2 | Analytics -0.6 (D) | Risk LOW/HIGH | Analytics: Trend 0, Momentum 2, Volume 1, Liquidity -2 (0.0cr), VolRisk MEDIUM, Sector IT -3",0,0,LOW,,,,,,,0,0,,,0,,0,66.2,HIGH,-1.98,SELL/AVOID,"AI overlay from completed recommendation outcomes; use as probability/risk input, not standalone advice."
SOLARINDS,2026-09-29,18650.0,46543.0,-1,NEUTRAL,38.49,-156.5588,23.96,20194.75,19727.72,,696.39,0.234,4.03,0.91,17605.41,20390.98,1.67,MACD weak; Trend strength acceptable; Bollinger position healthy,UNKNOWN,-5.47,-13.26,0.73,0.01,3.73,2,0,0,-2,0,MEDIUM,0,,,0,-2,0.4,1.5,E,"Trend 2, Momentum 0, Volume 0, Liquidity -2 (0.01cr), VolRisk MEDIUM, Sector UNKNOWN 0",-1,-1,-1,NEUTRAL,News 0; event caution 0; risk LOW; type ; confidence ; reason . ,-3,HIGH,RISK_OFF,Nifty 20D return -5.771924924783489; 60D return -6.141522169043611; India VIX latest; 20D change 27.715355370472096; USDINR 20D change 0.8995466772440563; Crude 20D change 4.302699067276294,-4.0,SELL/AVOID,-1,-3.6,SELL/AVOID,"Tech -1 | News 0 (, ) | Event caution 0 | Macro -3 | Sector 0 | Analytics 0.4 (E) | Risk LOW/HIGH | Analytics: Trend 2, Momentum 0, Volume 0, Liquidity -2 (0.01cr), VolRisk MEDIUM, Sector UNKNOWN 0",0,0,LOW,,,,,,,0,0,,,0,,0,68.6,HIGH,-1.74,SELL/AVOID,"AI overlay from completed recommendation outcomes; use as probability/risk input, not standalone advice."
INOXWIND,2026-09-29,71.5,30950.0,-1,NEUTRAL,40.0,-0.3878,16.89,74.92,74.9,86.54,2.51,0.071,11.18,0.78,67.74,77.77,1.67,RSI in swing zone; MACD weak,UNKNOWN,-4.69,2.88,-9.25,0.0,3.51,2,0,0,-2,0,MEDIUM,0,,,0,-2,0.4,1.5,E,"Trend 2, Momentum 0, Volume 0, Liquidity -2 (0.0cr), VolRisk MEDIUM, Sector UNKNOWN 0",-1,-1,-1,NEUTRAL,News 0; event caution 0; risk LOW; type ; confidence ; reason . ,-3,HIGH,RISK_OFF,Nifty 20D return -5.771924924783489; 60D return -6.141522169043611; India VIX latest; 20D change 27.715355370472096; USDINR 20D change 0.8995466772440563; Crude 20D change 4.302699067276294,-4.0,SELL/AVOID,-1,-3.6,SELL/AVOID,"Tech -1 | News 0 (, ) | Event caution 0 | Macro -3 | Sector 0 | Analytics 0.4 (E) | Risk LOW/HIGH | Analytics: Trend 2, Momentum 0, Volume 0, Liquidity -2 (0.0cr), VolRisk MEDIUM, Sector UNKNOWN 0",0,0,LOW,,,,,,,0,0,,,0,,0,69.4,HIGH,-1.66,SELL/AVOID,"AI overlay from completed recommendation outcomes; use as probability/risk input, not standalone advice."
AVANTEL,2026-09-27,155.94,22209.0,0,NEUTRAL,40.82,-3.6392,21.27,171.82,163.76,,10.16,0.157,23.63,0.53,140.69,181.35,1.67,RSI in swing zone; MACD weak,UNKNOWN,-5.36,-10.79,16.04,0.0,6.52,1,0,-1,-2,-1,HIGH,0,,,0,-3,-0.65,1.0,E,"Trend 1, Momentum 0, Volume -1, Liquidity -2 (0.0cr), VolRisk HIGH, Sector UNKNOWN 0",0,0,0,NEUTRAL,News 0; event caution 0; risk LOW; type ; confidence ; reason . ,-3,HIGH,RISK_OFF,Nifty 20D return -5.771924924783489; 60D return -6.141522169043611; India VIX latest; 20D change 27.715355370472096; USDINR 20D change 0.8995466772440563; Crude 20D change 4.302699067276294,-3.0,SELL/AVOID,0,-3.65,SELL/AVOID,"Tech 0 | News 0 (, ) | Event caution 0 | Macro -3 | Sector 0 | Analytics -0.65 (E) | Risk LOW/HIGH | Analytics: Trend 1, Momentum 0, Volume -1, Liquidity -2 (0.0cr), VolRisk HIGH, Sector UNKNOWN 0",0,0,LOW,,,,,,,0,0,,,0,,0,65.2,HIGH,-2.13,SELL/AVOID,"AI overlay from completed recommendation outcomes; use as probability/risk input, not standalone advice."
JPPOWER,2026-09-29,15.26,1580697.0,2,NEUTRAL,34.63,0.0064,20.54,15.9,16.73,17.06,0.48,0.141,4.7,2.48,14.53,16.47,1.66,RSI oversold rebound candidate; MACD bullish; Volume expansion,POWER,-4.86,-6.32,-14.03,0.0,3.17,0,1,2,-2,0,MEDIUM,-3,18.2,-0.06,-2,-2,-0.7,1.25,D,"Trend 0, Momentum 1, Volume 2, Liquidity -2 (0.0cr), VolRisk MEDIUM, Sector POWER -3",2,2,2,NEUTRAL,News 0; event caution 0; risk LOW; type ; confidence ; reason . ,-3,HIGH,RISK_OFF,Nifty 20D return -5.771924924783489; 60D return -6.141522169043611; India VIX latest; 20D change 27.715355370472096; USDINR 20D change 0.8995466772440563; Crude 20D change 4.302699067276294,-3.0,SELL/AVOID,2,-3.7,SELL/AVOID,"Tech 2 | News 0 (, ) | Event caution 0 | Macro -3 | Sector -2 | Analytics -0.7 (D) | Risk LOW/HIGH | Analytics: Trend 0, Momentum 1, Volume 2, Liquidity -2 (0.0cr), VolRisk MEDIUM, Sector POWER -3",0,0,LOW,,,,,,,0,0,,,0,,0,66.0,HIGH,-2.1,SELL/AVOID,"AI overlay from completed recommendation outcomes; use as probability/risk input, not standalone advice."
RUBICON,2026-09-29,1609.0,54306.0,-1,NEUTRAL,39.87,-35.7157,27.03,1758.38,1624.09,,83.81,0.033,11.5,1.72,1483.28,1818.54,1.67,MACD weak; Trend strength acceptable; Volume expansion,UNKNOWN,-7.13,-9.41,33.8,0.0,5.21,2,0,1,-2,-1,HIGH,0,,,0,-3,0.3,1.0,E,"Trend 2, Momentum 0, Volume 1, Liquidity -2 (0.0cr), VolRisk HIGH, Sector UNKNOWN 0",-1,-1,-1,NEUTRAL,News 0; event caution 0; risk LOW; type ; confidence ; reason . ,-3,HIGH,RISK_OFF,Nifty 20D return -5.771924924783489; 60D return -6.141522169043611; India VIX latest; 20D change 27.715355370472096; USDINR 20D change 0.8995466772440563; Crude 20D change 4.302699067276294,-4.0,SELL/AVOID,-1,-3.7,SELL/AVOID,"Tech -1 | News 0 (, ) | Event caution 0 | Macro -3 | Sector 0 | Analytics 0.3 (E) | Risk LOW/HIGH | Analytics: Trend 2, Momentum 0, Volume 1, Liquidity -2 (0.0cr), VolRisk HIGH, Sector UNKNOWN 0",0,0,LOW,,,,,,,0,0,,,0,,0,65.9,HIGH,-2.11,SELL/AVOID,"AI overlay from completed recommendation outcomes; use as probability/risk input, not standalone advice."
GODREJCP,2026-09-29,855.0,36472.0,2,NEUTRAL,26.83,2.5019,52.51,886.17,962.94,1054.65,20.14,0.192,8.98,1.09,824.8,905.34,1.67,RSI oversold rebound candidate; MACD bullish; Trend strength acceptable,FMCG,-1.71,-7.96,-20.63,0.0,2.36,1,0,0,-2,1,LOW,-3,16.7,-0.23,-2,-1,-0.75,1.25,D,"Trend 1, Momentum 0, Volume 0, Liquidity -2 (0.0cr), VolRisk LOW, Sector FMCG -3",2,2,2,NEUTRAL,News 0; event caution 0; risk LOW; type ; confidence ; reason . ,-3,HIGH,RISK_OFF,Nifty 20D return -5.771924924783489; 60D return -6.141522169043611; India VIX latest; 20D change 27.715355370472096; USDINR 20D change 0.8995466772440563; Crude 20D change 4.302699067276294,-3.0,SELL/AVOID,2,-3.75,SELL/AVOID,"Tech 2 | News 0 (, ) | Event caution 0 | Macro -3 | Sector -2 | Analytics -0.75 (D) | Risk LOW/HIGH | Analytics: Trend 1, Momentum 0, Volume 0, Liquidity -2 (0.0cr), VolRisk LOW, Sector FMCG -3",0,0,LOW,,,,,,,0,0,,,0,,0,70.3,HIGH,-1.72,SELL/AVOID,"AI overlay from completed recommendation outcomes; use as probability/risk input, not standalone advice."
SILVERIETF,2026-09-28,220.2,30543.0,-1,NEUTRAL,39.84,-1.1886,20.26,228.54,226.4,,6.37,0.25,4.34,1.34,210.64,236.13,1.67,MACD weak; Bollinger position healthy; Volume expansion,UNKNOWN,-3.2,-0.92,-15.64,0.0,2.89,1,0,1,-2,0,MEDIUM,0,,,0,-2,0.2,1.5,E,"Trend 1, Momentum 0, Volume 1, Liquidity -2 (0.0cr), VolRisk MEDIUM, Sector UNKNOWN 0",-1,-1,-1,NEUTRAL,News 0; event caution 0; risk LOW; type ; confidence ; reason . ,-3,HIGH,RISK_OFF,Nifty 20D return -5.771924924783489; 60D return -6.141522169043611; India VIX latest; 20D change 27.715355370472096; USDINR 20D change 0.8995466772440563; Crude 20D change 4.302699067276294,-4.0,SELL/AVOID,-1,-3.8,SELL/AVOID,"Tech -1 | News 0 (, ) | Event caution 0 | Macro -3 | Sector 0 | Analytics 0.2 (E) | Risk LOW/HIGH | Analytics: Trend 1, Momentum 0, Volume 1, Liquidity -2 (0.0cr), VolRisk MEDIUM, Sector UNKNOWN 0",0,0,LOW,,,,,,,0,0,,,0,,0,67.7,HIGH,-2.03,SELL/AVOID,"AI overlay from completed recommendation outcomes; use as probability/risk input, not standalone advice."
ADANIGREEN,2026-09-29,1260.0,41843.0,2,NEUTRAL,43.23,-1.6761,16.51,1290.58,1315.13,1246.14,39.04,0.183,31.85,1.26,1201.44,1357.6,1.67,RSI in swing zone; MACD weak; Long-term trend positive; Volume expansion,POWER,-3.14,-1.82,-16.77,0.0,3.1,1,0,1,-2,0,MEDIUM,-3,18.2,-0.06,-2,-2,-0.85,1.25,D,"Trend 1, Momentum 0, Volume 1, Liquidity -2 (0.0cr), VolRisk MEDIUM, Sector POWER -3",2,2,2,NEUTRAL,News 0; event caution 0; risk LOW; type ; confidence ; reason . ,-3,HIGH,RISK_OFF,Nifty 20D return -5.771924924783489; 60D return -6.141522169043611; India VIX latest; 20D change 27.715355370472096; USDINR 20D change 0.8995466772440563; Crude 20D change 4.302699067276294,-3.0,SELL/AVOID,2,-3.85,SELL/AVOID,"Tech 2 | News 0 (, ) | Event caution 0 | Macro -3 | Sector -2 | Analytics -0.85 (D) | Risk LOW/HIGH | Analytics: Trend 1, Momentum 0, Volume 1, Liquidity -2 (0.0cr), VolRisk MEDIUM, Sector POWER -3",0,0,LOW,,,,,,,0,0,,,0,,0,60.5,MEDIUM,-2.8,SELL/AVOID,"AI overlay from completed recommendation outcomes; use as probability/risk input, not standalone advice."
AVANTIFEED,2026-09-29,747.5,38406.0,0,NEUTRAL,25.06,-7.1451,44.98,857.19,952.23,,42.95,0.031,9.68,1.33,683.07,854.88,1.67,RSI oversold rebound candidate; MACD weak; Trend strength acceptable; Volume expansion,UNKNOWN,-9.59,-24.72,-42.39,0.0,5.75,1,-2,1,-2,-1,HIGH,0,,,0,-3,-0.85,1.0,E,"Trend 1, Momentum -2, Volume 1, Liquidity -2 (0.0cr), VolRisk HIGH, Sector UNKNOWN 0",0,0,0,NEUTRAL,News 0; event caution 0; risk LOW; type ; confidence ; reason . ,-3,HIGH,RISK_OFF,Nifty 20D return -5.771924924783489; 60D return -6.141522169043611; India VIX latest; 20D change 27.715355370472096; USDINR 20D change 0.8995466772440563; Crude 20D change 4.302699067276294,-3.0,SELL/AVOID,0,-3.85,SELL/AVOID,"Tech 0 | News 0 (, ) | Event caution 0 | Macro -3 | Sector 0 | Analytics -0.85 (E) | Risk LOW/HIGH | Analytics: Trend 1, Momentum -2, Volume 1, Liquidity -2 (0.0cr), VolRisk HIGH, Sector UNKNOWN 0",0,0,LOW,,,,,,,0,0,,,0,,0,60.1,MEDIUM,-2.84,SELL/AVOID,"AI overlay from completed recommendation outcomes; use as probability/risk input, not standalone advice."
RAILTEL,2026-09-17,259.25,36276.0,0,NEUTRAL,27.8,-3.2976,28.02,299.78,307.93,,13.32,-0.035,8.92,1.27,239.27,292.55,1.67,RSI oversold rebound candidate; MACD weak; Trend strength acceptable; Volume expansion,UNKNOWN,-8.88,-24.33,-4.51,0.0,5.14,1,-2,1,-2,-1,HIGH,0,,,0,-3,-0.85,1.0,E,"Trend 1, Momentum -2, Volume 1, Liquidity -2 (0.0cr), VolRisk HIGH, Sector UNKNOWN 0",0,0,0,NEUTRAL,News 0; event caution 0; risk LOW; type ; confidence ; reason . ,-3,HIGH,RISK_OFF,Nifty 20D return -5.771924924783489; 60D return -6.141522169043611; India VIX latest; 20D change 27.715355370472096; USDINR 20D change 0.8995466772440563; Crude 20D change 4.302699067276294,-3.0,SELL/AVOID,0,-3.85,SELL/AVOID,"Tech 0 | News 0 (, ) | Event caution 0 | Macro -3 | Sector 0 | Analytics -0.85 (E) | Risk LOW/HIGH | Analytics: Trend 1, Momentum -2, Volume 1, Liquidity -2 (0.0cr), VolRisk HIGH, Sector UNKNOWN 0",0,0,LOW,,,,,,,0,0,,,0,,0,68.4,HIGH,-2.01,SELL/AVOID,"AI overlay from completed recommendation outcomes; use as probability/risk input, not standalone advice."
OIL,2026-09-28,468.0,26680.0,1,NEUTRAL,43.4,-3.6867,28.24,485.56,469.29,467.4,14.78,0.039,9.28,0.66,445.82,504.96,1.67,RSI in swing zone; MACD weak; Trend strength acceptable; Long-term trend positive,OIL_GAS,-1.97,-3.08,9.98,0.0,3.16,3,0,0,-2,0,MEDIUM,-2,0.0,1.4,-2,-2,0.15,1.25,D,"Trend 3, Momentum 0, Volume 0, Liquidity -2 (0.0cr), VolRisk MEDIUM, Sector OIL_GAS -2",1,1,1,NEUTRAL,News 0; event caution 0; risk LOW; type ; confidence ; reason . ,-3,HIGH,RISK_OFF,Nifty 20D return -5.771924924783489; 60D return -6.141522169043611; India VIX latest; 20D change 27.715355370472096; USDINR 20D change 0.8995466772440563; Crude 20D change 4.302699067276294,-4.0,SELL/AVOID,1,-3.85,SELL/AVOID,"Tech 1 | News 0 (, ) | Event caution 0 | Macro -3 | Sector -2 | Analytics 0.15 (D) | Risk LOW/HIGH | Analytics: Trend 3, Momentum 0, Volume 0, Liquidity -2 (0.0cr), VolRisk MEDIUM, Sector OIL_GAS -2",0,0,LOW,,,,,,,0,0,,,0,,0,61.4,MEDIUM,-2.71,SELL/AVOID,"AI overlay from completed recommendation outcomes; use as probability/risk input, not standalone advice."
SAGILITY,2026-09-29,42.54,28044.0,-1,NEUTRAL,33.96,-0.3717,20.18,45.26,44.44,42.32,1.34,-0.139,9.37,0.92,40.54,45.88,1.67,RSI oversold rebound candidate; MACD weak; Long-term trend positive,UNKNOWN,-7.42,-8.91,1.89,0.0,3.14,2,-1,0,-2,0,MEDIUM,0,,,0,-2,0.05,1.5,E,"Trend 2, Momentum -1, Volume 0, Liquidity -2 (0.0cr), VolRisk MEDIUM, Sector UNKNOWN 0",-1,-1,-1,NEUTRAL,News 0; event caution 0; risk LOW; type ; confidence ; reason . ,-3,HIGH,RISK_OFF,Nifty 20D return -5.771924924783489; 60D return -6.141522169043611; India VIX latest; 20D change 27.715355370472096; USDINR 20D change 0.8995466772440563; Crude 20D change 4.302699067276294,-4.0,SELL/AVOID,-1,-3.95,SELL/AVOID,"Tech -1 | News 0 (, ) | Event caution 0 | Macro -3 | Sector 0 | Analytics 0.05 (E) | Risk LOW/HIGH | Analytics: Trend 2, Momentum -1, Volume 0, Liquidity -2 (0.0cr), VolRisk MEDIUM, Sector UNKNOWN 0",0,0,LOW,,,,,,,0,0,,,0,,0,71.5,HIGH,-1.8,SELL/AVOID,"AI overlay from completed recommendation outcomes; use as probability/risk input, not standalone advice."
INOXGREEN,2026-09-23,174.81,24860.0,2,NEUTRAL,41.16,-3.666,21.62,190.06,173.8,,11.55,0.204,12.52,0.92,157.49,203.68,1.67,RSI in swing zone; MACD weak; Above SMA50; Bollinger position healthy,POWER,-8.62,-1.69,10.19,0.0,6.61,2,0,0,-2,-1,HIGH,-3,18.2,-0.06,-2,-3,-1.0,0.75,D,"Trend 2, Momentum 0, Volume 0, Liquidity -2 (0.0cr), VolRisk HIGH, Sector POWER -3",2,2,2,NEUTRAL,News 0; event caution 0; risk LOW; type ; confidence ; reason . ,-3,HIGH,RISK_OFF,Nifty 20D return -5.771924924783489; 60D return -6.141522169043611; India VIX latest; 20D change 27.715355370472096; USDINR 20D change 0.8995466772440563; Crude 20D change 4.302699067276294,-3.0,SELL/AVOID,2,-4.0,SELL/AVOID,"Tech 2 | News 0 (, ) | Event caution 0 | Macro -3 | Sector -2 | Analytics -1 (D) | Risk LOW/HIGH | Analytics: Trend 2, Momentum 0, Volume 0, Liquidity -2 (0.0cr), VolRisk HIGH, Sector POWER -3",0,0,LOW,,,,,,,0,0,,,0,,0,62.2,MEDIUM,-2.78,SELL/AVOID,"AI overlay from completed recommendation outcomes; use as probability/risk input, not standalone advice."
NESTLEIND,2026-09-29,1345.7,57684.0,1,NEUTRAL,35.73,0.1063,36.46,1374.67,1437.6,1377.04,27.78,0.057,18.86,1.16,1304.03,1415.15,1.67,MACD bullish; Trend strength acceptable,FMCG,-2.99,-4.59,-7.31,0.0,2.06,1,2,0,-2,1,LOW,-3,16.7,-0.23,-2,-1,-0.05,1.25,E,"Trend 1, Momentum 2, Volume 0, Liquidity -2 (0.0cr), VolRisk LOW, Sector FMCG -3",1,1,1,NEUTRAL,News 0; event caution 0; risk LOW; type ; confidence ; reason . ,-3,HIGH,RISK_OFF,Nifty 20D return -5.771924924783489; 60D return -6.141522169043611; India VIX latest; 20D change 27.715355370472096; USDINR 20D change 0.8995466772440563; Crude 20D change 4.302699067276294,-4.0,SELL/AVOID,1,-4.05,SELL/AVOID,"Tech 1 | News 0 (, ) | Event caution 0 | Macro -3 | Sector -2 | Analytics -0.05 (E) | Risk LOW/HIGH | Analytics: Trend 1, Momentum 2, Volume 0, Liquidity -2 (0.0cr), VolRisk LOW, Sector FMCG -3",0,0,LOW,,,,,,,0,0,,,0,,0,65.5,HIGH,-2.5,SELL/AVOID,"AI overlay from completed recommendation outcomes; use as probability/risk input, not standalone advice."
MARICO,2026-09-29,787.15,37295.0,1,NEUTRAL,36.73,0.8242,34.26,811.06,835.15,808.61,16.56,0.009,0.0,0.75,762.31,828.55,1.67,MACD bullish; Trend strength acceptable,FMCG,-4.52,-4.86,-6.74,0.0,2.1,1,2,0,-2,1,LOW,-3,16.7,-0.23,-2,-1,-0.05,1.25,E,"Trend 1, Momentum 2, Volume 0, Liquidity -2 (0.0cr), VolRisk LOW, Sector FMCG -3",1,1,1,NEUTRAL,News 0; event caution 0; risk LOW; type ; confidence ; reason . ,-3,HIGH,RISK_OFF,Nifty 20D return -5.771924924783489; 60D return -6.141522169043611; India VIX latest; 20D change 27.715355370472096; USDINR 20D change 0.8995466772440563; Crude 20D change 4.302699067276294,-4.0,SELL/AVOID,1,-4.05,SELL/AVOID,"Tech 1 | News 0 (, ) | Event caution 0 | Macro -3 | Sector -2 | Analytics -0.05 (E) | Risk LOW/HIGH | Analytics: Trend 1, Momentum 2, Volume 0, Liquidity -2 (0.0cr), VolRisk LOW, Sector FMCG -3",0,0,LOW,,,,,,,0,0,,,0,,0,66.8,HIGH,-2.37,SELL/AVOID,"AI overlay from completed recommendation outcomes; use as probability/risk input, not standalone advice."
HAL,2026-09-29,4549.3,48346.0,-1,NEUTRAL,30.47,-20.8796,16.41,4822.73,4866.68,4395.84,101.65,-0.117,0.0,0.95,4396.82,4803.43,1.67,RSI oversold rebound candidate; MACD weak; Long-term trend positive,UNKNOWN,-5.93,-6.32,-0.71,0.0,2.23,1,-1,0,-2,1,LOW,0,,,0,-1,-0.05,1.5,E,"Trend 1, Momentum -1, Volume 0, Liquidity -2 (0.0cr), VolRisk LOW, Sector UNKNOWN 0",-1,-1,-1,NEUTRAL,News 0; event caution 0; risk LOW; type ; confidence ; reason . ,-3,HIGH,RISK_OFF,Nifty 20D return -5.771924924783489; 60D return -6.141522169043611; India VIX latest; 20D change 27.715355370472096; USDINR 20D change 0.8995466772440563; Crude 20D change 4.302699067276294,-4.0,SELL/AVOID,-1,-4.05,SELL/AVOID,"Tech -1 | News 0 (, ) | Event caution 0 | Macro -3 | Sector 0 | Analytics -0.05 (E) | Risk LOW/HIGH | Analytics: Trend 1, Momentum -1, Volume 0, Liquidity -2 (0.0cr), VolRisk LOW, Sector UNKNOWN 0",0,0,LOW,,,,,,,0,0,,,0,,0,86.7,HIGH,-0.38,SELL/AVOID,"AI overlay from completed recommendation outcomes; use as probability/risk input, not standalone advice."
STARHEALTH,2026-09-29,538.1,43649.0,-1,NEUTRAL,38.12,-0.4751,28.62,557.69,576.26,,20.03,0.098,37.6,1.14,508.06,588.17,1.67,MACD weak; Trend strength acceptable,UNKNOWN,-1.19,-7.68,2.3,0.0,3.72,1,0,0,-2,0,MEDIUM,0,,,0,-2,-0.05,1.5,E,"Trend 1, Momentum 0, Volume 0, Liquidity -2 (0.0cr), VolRisk MEDIUM, Sector UNKNOWN 0",-1,-1,-1,NEUTRAL,News 0; event caution 0; risk LOW; type ; confidence ; reason . ,-3,HIGH,RISK_OFF,Nifty 20D return -5.771924924783489; 60D return -6.141522169043611; India VIX latest; 20D change 27.715355370472096; USDINR 20D change 0.8995466772440563; Crude 20D change 4.302699067276294,-4.0,SELL/AVOID,-1,-4.05,SELL/AVOID,"Tech -1 | News 0 (, ) | Event caution 0 | Macro -3 | Sector 0 | Analytics -0.05 (E) | Risk LOW/HIGH | Analytics: Trend 1, Momentum 0, Volume 0, Liquidity -2 (0.0cr), VolRisk MEDIUM, Sector UNKNOWN 0",0,0,LOW,,,,,,,0,0,,,0,,0,74.8,HIGH,-1.57,SELL/AVOID,"AI overlay from completed recommendation outcomes; use as probability/risk input, not standalone advice."
MSUMI,2026-09-29,34.36,41803.0,-1,NEUTRAL,31.54,-0.0104,62.93,35.58,37.67,39.42,0.84,0.139,19.71,0.98,33.09,36.47,1.66,RSI oversold rebound candidate; MACD weak; Trend strength acceptable,UNKNOWN,-1.77,-5.91,-14.38,0.0,2.46,1,-1,0,-2,1,LOW,0,,,0,-1,-0.05,1.5,E,"Trend 1, Momentum -1, Volume 0, Liquidity -2 (0.0cr), VolRisk LOW, Sector UNKNOWN 0",-1,-1,-1,NEUTRAL,News 0; event caution 0; risk LOW; type ; confidence ; reason . ,-3,HIGH,RISK_OFF,Nifty 20D return -5.771924924783489; 60D return -6.141522169043611; India VIX latest; 20D change 27.715355370472096; USDINR 20D change 0.8995466772440563; Crude 20D change 4.302699067276294,-4.0,SELL/AVOID,-1,-4.05,SELL/AVOID,"Tech -1 | News 0 (, ) | Event caution 0 | Macro -3 | Sector 0 | Analytics -0.05 (E) | Risk LOW/HIGH | Analytics: Trend 1, Momentum -1, Volume 0, Liquidity -2 (0.0cr), VolRisk LOW, Sector UNKNOWN 0",0,0,LOW,,,,,,,0,0,,,0,,0,82.4,HIGH,-0.81,SELL/AVOID,"AI overlay from completed recommendation outcomes; use as probability/risk input, not standalone advice."
SBIFUNDS,2026-09-29,517.8,36052.0,-1,NEUTRAL,31.52,-2.4995,25.72,544.99,557.12,,12.83,0.014,2.53,1.0,498.55,549.88,1.67,RSI oversold rebound candidate; MACD weak; Trend strength acceptable,UNKNOWN,-6.09,-8.31,,0.0,2.48,1,-1,0,-2,1,LOW,0,,,0,-1,-0.05,1.5,E,"Trend 1, Momentum -1, Volume 0, Liquidity -2 (0.0cr), VolRisk LOW, Sector UNKNOWN 0",-1,-1,-1,NEUTRAL,News 0; event caution 0; risk LOW; type ; confidence ; reason . ,-3,HIGH,RISK_OFF,Nifty 20D return -5.771924924783489; 60D return -6.141522169043611; India VIX latest; 20D change 27.715355370472096; USDINR 20D change 0.8995466772440563; Crude 20D change 4.302699067276294,-4.0,SELL/AVOID,-1,-4.05,SELL/AVOID,"Tech -1 | News 0 (, ) | Event caution 0 | Macro -3 | Sector 0 | Analytics -0.05 (E) | Risk LOW/HIGH | Analytics: Trend 1, Momentum -1, Volume 0, Liquidity -2 (0.0cr), VolRisk LOW, Sector UNKNOWN 0",0,0,LOW,,,,,,,0,0,,,0,,0,86.2,HIGH,-0.43,SELL/AVOID,"AI overlay from completed recommendation outcomes; use as probability/risk input, not standalone advice."
IRCTC,2026-09-29,452.55,32804.0,-1,NEUTRAL,33.54,-0.306,33.5,469.06,486.91,529.5,9.92,0.095,18.06,1.03,437.67,477.35,1.67,RSI oversold rebound candidate; MACD weak; Trend strength acceptable,TRAVEL,-5.08,-7.18,-10.07,0.0,2.19,1,-1,0,-2,1,LOW,0,,,0,-1,-0.05,1.5,E,"Trend 1, Momentum -1, Volume 0, Liquidity -2 (0.0cr), VolRisk LOW, Sector TRAVEL 0",-1,-1,-1,NEUTRAL,News 0; event caution 0; risk LOW; type ; confidence ; reason . ,-3,HIGH,RISK_OFF,Nifty 20D return -5.771924924783489; 60D return -6.141522169043611; India VIX latest; 20D change 27.715355370472096; USDINR 20D change 0.8995466772440563; Crude 20D change 4.302699067276294,-4.0,SELL/AVOID,-1,-4.05,SELL/AVOID,"Tech -1 | News 0 (, ) | Event caution 0 | Macro -3 | Sector 0 | Analytics -0.05 (E) | Risk LOW/HIGH | Analytics: Trend 1, Momentum -1, Volume 0, Liquidity -2 (0.0cr), VolRisk LOW, Sector TRAVEL 0",0,0,LOW,,,,,,,0,0,,,0,,0,86.8,HIGH,-0.37,SELL/AVOID,"AI overlay from completed recommendation outcomes; use as probability/risk input, not standalone advice."
GOLDIETF,2026-09-29,124.94,28783.0,-1,NEUTRAL,34.87,-0.561,25.82,129.26,129.54,128.79,2.38,-0.106,11.54,0.88,121.36,130.9,1.66,RSI oversold rebound candidate; MACD weak; Trend strength acceptable,UNKNOWN,-3.46,-3.69,3.53,0.0,1.91,1,-1,0,-2,1,LOW,0,,,0,-1,-0.05,1.5,E,"Trend 1, Momentum -1, Volume 0, Liquidity -2 (0.0cr), VolRisk LOW, Sector UNKNOWN 0",-1,-1,-1,NEUTRAL,News 0; event caution 0; risk LOW; type ; confidence ; reason . ,-3,HIGH,RISK_OFF,Nifty 20D return -5.771924924783489; 60D return -6.141522169043611; India VIX latest; 20D change 27.715355370472096; USDINR 20D change 0.8995466772440563; Crude 20D change 4.302699067276294,-4.0,SELL/AVOID,-1,-4.05,SELL/AVOID,"Tech -1 | News 0 (, ) | Event caution 0 | Macro -3 | Sector 0 | Analytics -0.05 (E) | Risk LOW/HIGH | Analytics: Trend 1, Momentum -1, Volume 0, Liquidity -2 (0.0cr), VolRisk LOW, Sector UNKNOWN 0",0,0,LOW,,,,,,,0,0,,,0,,0,87.3,HIGH,-0.32,SELL/AVOID,"AI overlay from completed recommendation outcomes; use as probability/risk input, not standalone advice."
ITBEES,2026-09-28,31.23,20326.0,-1,NEUTRAL,40.12,-0.4281,21.18,33.38,31.85,,1.21,0.069,5.72,0.8,29.42,34.25,1.67,RSI in swing zone; MACD weak,UNKNOWN,-6.3,-1.51,1.79,0.0,3.86,1,0,0,-2,0,MEDIUM,0,,,0,-2,-0.05,1.5,E,"Trend 1, Momentum 0, Volume 0, Liquidity -2 (0.0cr), VolRisk MEDIUM, Sector UNKNOWN 0",-1,-1,-1,NEUTRAL,News 0; event caution 0; risk LOW; type ; confidence ; reason . ,-3,HIGH,RISK_OFF,Nifty 20D return -5.771924924783489; 60D return -6.141522169043611; India VIX latest; 20D change 27.715355370472096; USDINR 20D change 0.8995466772440563; Crude 20D change 4.302699067276294,-4.0,SELL/AVOID,-1,-4.05,SELL/AVOID,"Tech -1 | News 0 (, ) | Event caution 0 | Macro -3 | Sector 0 | Analytics -0.05 (E) | Risk LOW/HIGH | Analytics: Trend 1, Momentum 0, Volume 0, Liquidity -2 (0.0cr), VolRisk MEDIUM, Sector UNKNOWN 0",0,0,LOW,,,,,,,0,0,,,0,,0,74.5,HIGH,-1.6,SELL/AVOID,"AI overlay from completed recommendation outcomes; use as probability/risk input, not standalone advice."
UNITDSPR,2026-09-29,1363.0,93136.0,1,NEUTRAL,32.24,-2.0067,36.8,1427.62,1468.39,1362.57,30.93,0.126,8.03,3.18,1316.6,1440.33,1.67,RSI oversold rebound candidate; MACD weak; Trend strength acceptable; Long-term trend positive; Volume expansion,FMCG,-2.5,-10.45,-2.17,0.0,2.27,2,-1,2,-2,1,LOW,-3,16.7,-0.23,-2,-1,-0.15,1.25,E,"Trend 2, Momentum -1, Volume 2, Liquidity -2 (0.0cr), VolRisk LOW, Sector FMCG -3",1,1,1,NEUTRAL,News 0; event caution 0; risk LOW; type ; confidence ; reason . ,-3,HIGH,RISK_OFF,Nifty 20D return -5.771924924783489; 60D return -6.141522169043611; India VIX latest; 20D change 27.715355370472096; USDINR 20D change 0.8995466772440563; Crude 20D change 4.302699067276294,-4.0,SELL/AVOID,1,-4.15,SELL/AVOID,"Tech 1 | News 0 (, ) | Event caution 0 | Macro -3 | Sector -2 | Analytics -0.15 (E) | Risk LOW/HIGH | Analytics: Trend 2, Momentum -1, Volume 2, Liquidity -2 (0.0cr), VolRisk LOW, Sector FMCG -3",0,0,LOW,,,,,,,0,0,,,0,,0,71.4,HIGH,-2.01,SELL/AVOID,"AI overlay from completed recommendation outcomes; use as probability/risk input, not standalone advice."
BEL,2026-09-29,387.75,114895.0,-1,NEUTRAL,38.6,-0.6824,19.24,396.71,402.85,420.05,6.98,0.214,24.25,1.11,377.28,405.2,1.67,MACD weak; Bollinger position healthy,UNKNOWN,-2.1,-4.34,-5.44,0.0,1.8,0,0,0,-2,1,LOW,0,,,0,-1,-0.15,1.5,E,"Trend 0, Momentum 0, Volume 0, Liquidity -2 (0.0cr), VolRisk LOW, Sector UNKNOWN 0",-1,-1,-1,NEUTRAL,News 0; event caution 0; risk LOW; type ; confidence ; reason . ,-3,HIGH,RISK_OFF,Nifty 20D return -5.771924924783489; 60D return -6.141522169043611; India VIX latest; 20D change 27.715355370472096; USDINR 20D change 0.8995466772440563; Crude 20D change 4.302699067276294,-4.0,SELL/AVOID,-1,-4.15,SELL/AVOID,"Tech -1 | News 0 (, ) | Event caution 0 | Macro -3 | Sector 0 | Analytics -0.15 (E) | Risk LOW/HIGH | Analytics: Trend 0, Momentum 0, Volume 0, Liquidity -2 (0.0cr), VolRisk LOW, Sector UNKNOWN 0",0,0,LOW,,,,,,,0,0,,,0,,0,89.7,HIGH,-0.18,SELL/AVOID,"AI overlay from completed recommendation outcomes; use as probability/risk input, not standalone advice."
KPITTECH,2026-09-29,519.7,52998.0,2,NEUTRAL,33.75,-1.9869,27.57,547.25,579.93,698.57,16.9,0.238,28.32,1.58,494.36,561.94,1.67,RSI oversold rebound candidate; MACD weak; Trend strength acceptable; Bollinger position healthy; Volume expansion,IT,-1.39,-11.16,-5.19,0.0,3.25,1,-1,1,-2,0,MEDIUM,-3,8.3,-6.57,-2,-2,-1.2,1.25,E,"Trend 1, Momentum -1, Volume 1, Liquidity -2 (0.0cr), VolRisk MEDIUM, Sector IT -3",2,2,2,NEUTRAL,News 0; event caution 0; risk LOW; type ; confidence ; reason . ,-3,HIGH,RISK_OFF,Nifty 20D return -5.771924924783489; 60D return -6.141522169043611; India VIX latest; 20D change 27.715355370472096; USDINR 20D change 0.8995466772440563; Crude 20D change 4.302699067276294,-3.0,SELL/AVOID,2,-4.2,SELL/AVOID,"Tech 2 | News 0 (, ) | Event caution 0 | Macro -3 | Sector -2 | Analytics -1.2 (E) | Risk LOW/HIGH | Analytics: Trend 1, Momentum -1, Volume 1, Liquidity -2 (0.0cr), VolRisk MEDIUM, Sector IT -3",0,0,LOW,,,,,,,0,0,,,0,,0,67.3,HIGH,-2.47,SELL/AVOID,"AI overlay from completed recommendation outcomes; use as probability/risk input, not standalone advice."
BLS,2026-09-21,232.54,23032.0,-1,NEUTRAL,34.94,-3.0328,28.91,254.08,249.9,,10.07,0.153,14.53,0.45,217.44,257.71,1.67,RSI oversold rebound candidate; MACD weak; Trend strength acceptable,UNKNOWN,-2.32,-8.44,-11.7,0.0,4.33,2,-1,-1,-2,0,MEDIUM,0,,,0,-2,-0.2,1.5,E,"Trend 2, Momentum -1, Volume -1, Liquidity -2 (0.0cr), VolRisk MEDIUM, Sector UNKNOWN 0",-1,-1,-1,NEUTRAL,News 0; event caution 0; risk LOW; type ; confidence ; reason . ,-3,HIGH,RISK_OFF,Nifty 20D return -5.771924924783489; 60D return -6.141522169043611; India VIX latest; 20D change 27.715355370472096; USDINR 20D change 0.8995466772440563; Crude 20D change 4.302699067276294,-4.0,SELL/AVOID,-1,-4.2,SELL/AVOID,"Tech -1 | News 0 (, ) | Event caution 0 | Macro -3 | Sector 0 | Analytics -0.2 (E) | Risk LOW/HIGH | Analytics: Trend 2, Momentum -1, Volume -1, Liquidity -2 (0.0cr), VolRisk MEDIUM, Sector UNKNOWN 0",0,0,LOW,,,,,,,0,0,,,0,,0,77.5,HIGH,-1.45,SELL/AVOID,"AI overlay from completed recommendation outcomes; use as probability/risk input, not standalone advice."
EIDPARRY,2026-09-27,704.75,20388.0,-1,NEUTRAL,34.06,-12.4629,25.63,772.38,758.82,,31.03,0.107,12.04,0.57,658.21,782.32,1.67,RSI oversold rebound candidate; MACD weak; Trend strength acceptable,UNKNOWN,-9.44,-8.77,-12.71,0.0,4.4,2,-1,-1,-2,0,MEDIUM,0,,,0,-2,-0.2,1.5,E,"Trend 2, Momentum -1, Volume -1, Liquidity -2 (0.0cr), VolRisk MEDIUM, Sector UNKNOWN 0",-1,-1,-1,NEUTRAL,News 0; event caution 0; risk LOW; type ; confidence ; reason . ,-3,HIGH,RISK_OFF,Nifty 20D return -5.771924924783489; 60D return -6.141522169043611; India VIX latest; 20D change 27.715355370472096; USDINR 20D change 0.8995466772440563; Crude 20D change 4.302699067276294,-4.0,SELL/AVOID,-1,-4.2,SELL/AVOID,"Tech -1 | News 0 (, ) | Event caution 0 | Macro -3 | Sector 0 | Analytics -0.2 (E) | Risk LOW/HIGH | Analytics: Trend 2, Momentum -1, Volume -1, Liquidity -2 (0.0cr), VolRisk MEDIUM, Sector UNKNOWN 0",0,0,LOW,,,,,,,0,0,,,0,,0,76.4,HIGH,-1.56,SELL/AVOID,"AI overlay from completed recommendation outcomes; use as probability/risk input, not standalone advice."
GOLDBEES,2026-09-29,120.64,115558.0,-1,NEUTRAL,33.81,-0.4869,20.19,124.7,125.72,124.35,1.75,-0.159,11.75,1.23,118.02,125.01,1.67,RSI oversold rebound candidate; MACD weak; Volume expansion,UNKNOWN,-3.28,-5.13,2.47,0.0,1.45,0,-1,1,-2,1,LOW,0,,,0,-1,-0.25,1.5,E,"Trend 0, Momentum -1, Volume 1, Liquidity -2 (0.0cr), VolRisk LOW, Sector UNKNOWN 0",-1,-1,-1,NEUTRAL,News 0; event caution 0; risk LOW; type ; confidence ; reason . ,-3,HIGH,RISK_OFF,Nifty 20D return -5.771924924783489; 60D return -6.141522169043611; India VIX latest; 20D change 27.715355370472096; USDINR 20D change 0.8995466772440563; Crude 20D change 4.302699067276294,-4.0,SELL/AVOID,-1,-4.25,SELL/AVOID,"Tech -1 | News 0 (, ) | Event caution 0 | Macro -3 | Sector 0 | Analytics -0.25 (E) | Risk LOW/HIGH | Analytics: Trend 0, Momentum -1, Volume 1, Liquidity -2 (0.0cr), VolRisk LOW, Sector UNKNOWN 0",0,0,LOW,,,,,,,0,0,,,0,,0,89.0,HIGH,-0.35,SELL/AVOID,"AI overlay from completed recommendation outcomes; use as probability/risk input, not standalone advice."
ASTERDM,2026-09-29,733.95,78821.0,-1,NEUTRAL,35.41,-0.4444,19.7,760.57,783.86,,21.39,0.064,25.12,1.92,701.87,787.42,1.67,MACD weak; Volume expansion,UNKNOWN,-3.43,-6.59,-9.62,0.0,2.91,0,0,1,-2,0,MEDIUM,0,,,0,-2,-0.25,1.5,E,"Trend 0, Momentum 0, Volume 1, Liquidity -2 (0.0cr), VolRisk MEDIUM, Sector UNKNOWN 0",-1,-1,-1,NEUTRAL,News 0; event caution 0; risk LOW; type ; confidence ; reason . ,-3,HIGH,RISK_OFF,Nifty 20D return -5.771924924783489; 60D return -6.141522169043611; India VIX latest; 20D change 27.715355370472096; USDINR 20D change 0.8995466772440563; Crude 20D change 4.302699067276294,-4.0,SELL/AVOID,-1,-4.25,SELL/AVOID,"Tech -1 | News 0 (, ) | Event caution 0 | Macro -3 | Sector 0 | Analytics -0.25 (E) | Risk LOW/HIGH | Analytics: Trend 0, Momentum 0, Volume 1, Liquidity -2 (0.0cr), VolRisk MEDIUM, Sector UNKNOWN 0",0,0,LOW,,,,,,,0,0,,,0,,0,77.0,HIGH,-1.55,SELL/AVOID,"AI overlay from completed recommendation outcomes; use as probability/risk input, not standalone advice."
BSE,2026-09-29,3200.0,278349.0,2,NEUTRAL,44.41,-7.054,20.89,3273.04,3346.49,3443.44,104.41,0.299,33.08,1.66,3043.38,3461.03,1.67,RSI in swing zone; MACD weak; Bollinger position healthy; Volume expansion,FINANCIALS,-2.16,-6.15,-12.66,0.02,3.26,0,0,1,-2,0,MEDIUM,-3,22.7,-2.14,-2,-2,-1.3,1.25,E,"Trend 0, Momentum 0, Volume 1, Liquidity -2 (0.02cr), VolRisk MEDIUM, Sector FINANCIALS -3",2,2,2,NEUTRAL,News 0; event caution 0; risk LOW; type ; confidence ; reason . ,-3,HIGH,RISK_OFF,Nifty 20D return -5.771924924783489; 60D return -6.141522169043611; India VIX latest; 20D change 27.715355370472096; USDINR 20D change 0.8995466772440563; Crude 20D change 4.302699067276294,-3.0,SELL/AVOID,2,-4.3,SELL/AVOID,"Tech 2 | News 0 (, ) | Event caution 0 | Macro -3 | Sector -2 | Analytics -1.3 (E) | Risk LOW/HIGH | Analytics: Trend 0, Momentum 0, Volume 1, Liquidity -2 (0.02cr), VolRisk MEDIUM, Sector FINANCIALS -3",0,0,LOW,,,,,,,0,0,,,0,,0,61.8,MEDIUM,-3.12,SELL/AVOID,"AI overlay from completed recommendation outcomes; use as probability/risk input, not standalone advice."
VEDL,2026-09-29,260.0,79787.0,2,NEUTRAL,42.72,-0.0378,15.3,264.6,270.68,431.54,6.89,0.271,39.79,1.24,249.67,277.22,1.67,RSI in swing zone; MACD weak; Bollinger position healthy; Volume expansion,METALS,-4.06,-4.45,-1.83,0.0,2.65,0,0,1,-2,0,MEDIUM,-3,30.0,-0.49,-2,-2,-1.3,1.25,E,"Trend 0, Momentum 0, Volume 1, Liquidity -2 (0.0cr), VolRisk MEDIUM, Sector METALS -3",2,2,2,NEUTRAL,News 0; event caution 0; risk LOW; type ; confidence ; reason . ,-3,HIGH,RISK_OFF,Nifty 20D return -5.771924924783489; 60D return -6.141522169043611; India VIX latest; 20D change 27.715355370472096; USDINR 20D change 0.8995466772440563; Crude 20D change 4.302699067276294,-3.0,SELL/AVOID,2,-4.3,SELL/AVOID,"Tech 2 | News 0 (, ) | Event caution 0 | Macro -3 | Sector -2 | Analytics -1.3 (E) | Risk LOW/HIGH | Analytics: Trend 0, Momentum 0, Volume 1, Liquidity -2 (0.0cr), VolRisk MEDIUM, Sector METALS -3",0,0,LOW,,,,,,,0,0,,,0,,0,66.4,HIGH,-2.66,SELL/AVOID,"AI overlay from completed recommendation outcomes; use as probability/risk input, not standalone advice."
TANLA,2026-09-28,497.3,26660.0,-1,NEUTRAL,30.97,-13.7744,25.66,580.66,565.65,,27.64,-0.065,5.12,0.98,455.83,566.41,1.67,RSI oversold rebound candidate; MACD weak; Trend strength acceptable,UNKNOWN,-13.18,-17.08,17.63,0.0,5.56,2,-1,0,-2,-1,HIGH,0,,,0,-3,-0.3,1.0,E,"Trend 2, Momentum -1, Volume 0, Liquidity -2 (0.0cr), VolRisk HIGH, Sector UNKNOWN 0",-1,-1,-1,NEUTRAL,News 0; event caution 0; risk LOW; type ; confidence ; reason . ,-3,HIGH,RISK_OFF,Nifty 20D return -5.771924924783489; 60D return -6.141522169043611; India VIX latest; 20D change 27.715355370472096; USDINR 20D change 0.8995466772440563; Crude 20D change 4.302699067276294,-4.0,SELL/AVOID,-1,-4.3,SELL/AVOID,"Tech -1 | News 0 (, ) | Event caution 0 | Macro -3 | Sector 0 | Analytics -0.3 (E) | Risk LOW/HIGH | Analytics: Trend 2, Momentum -1, Volume 0, Liquidity -2 (0.0cr), VolRisk HIGH, Sector UNKNOWN 0",0,0,LOW,,,,,,,0,0,,,0,,0,71.8,HIGH,-2.12,SELL/AVOID,"AI overlay from completed recommendation outcomes; use as probability/risk input, not standalone advice."
OLECTRA,2026-09-27,1207.2,19608.0,-1,NEUTRAL,35.24,-7.854,29.2,1298.64,1373.34,,57.92,0.171,20.2,0.59,1120.33,1351.99,1.67,MACD weak; Trend strength acceptable,UNKNOWN,2.37,-10.36,-1.02,0.0,4.8,1,0,-1,-2,0,MEDIUM,0,,,0,-2,-0.3,1.5,E,"Trend 1, Momentum 0, Volume -1, Liquidity -2 (0.0cr), VolRisk MEDIUM, Sector UNKNOWN 0",-1,-1,-1,NEUTRAL,News 0; event caution 0; risk LOW; type ; confidence ; reason . ,-3,HIGH,RISK_OFF,Nifty 20D return -5.771924924783489; 60D return -6.141522169043611; India VIX latest; 20D change 27.715355370472096; USDINR 20D change 0.8995466772440563; Crude 20D change 4.302699067276294,-4.0,SELL/AVOID,-1,-4.3,SELL/AVOID,"Tech -1 | News 0 (, ) | Event caution 0 | Macro -3 | Sector 0 | Analytics -0.3 (E) | Risk LOW/HIGH | Analytics: Trend 1, Momentum 0, Volume -1, Liquidity -2 (0.0cr), VolRisk MEDIUM, Sector UNKNOWN 0",0,0,LOW,,,,,,,0,0,,,0,,0,73.9,HIGH,-1.91,SELL/AVOID,"AI overlay from completed recommendation outcomes; use as probability/risk input, not standalone advice."
TITAN,2026-09-29,4675.0,79606.0,1,NEUTRAL,30.68,-15.7796,30.54,4900.88,4994.76,4484.18,85.56,-0.1,0.0,1.58,4546.65,4888.91,1.67,RSI oversold rebound candidate; MACD weak; Trend strength acceptable; Long-term trend positive; Volume expansion,CONSUMER_DURABLES,-4.2,-6.87,-0.29,0.0,1.83,2,-1,1,-2,1,LOW,-3,25.0,-4.18,-2,-1,-0.4,1.25,E,"Trend 2, Momentum -1, Volume 1, Liquidity -2 (0.0cr), VolRisk LOW, Sector CONSUMER_DURABLES -3",1,1,1,NEUTRAL,News 0; event caution 0; risk LOW; type ; confidence ; reason . ,-3,HIGH,RISK_OFF,Nifty 20D return -5.771924924783489; 60D return -6.141522169043611; India VIX latest; 20D change 27.715355370472096; USDINR 20D change 0.8995466772440563; Crude 20D change 4.302699067276294,-4.0,SELL/AVOID,1,-4.4,SELL/AVOID,"Tech 1 | News 0 (, ) | Event caution 0 | Macro -3 | Sector -2 | Analytics -0.4 (E) | Risk LOW/HIGH | Analytics: Trend 2, Momentum -1, Volume 1, Liquidity -2 (0.0cr), VolRisk LOW, Sector CONSUMER_DURABLES -3",0,0,LOW,,,,,,,0,0,,,0,,0,74.1,HIGH,-1.99,SELL/AVOID,"AI overlay from completed recommendation outcomes; use as probability/risk input, not standalone advice."
DATAPATTNS,2026-09-29,4221.6,42230.0,-1,NEUTRAL,34.34,-34.1645,16.73,4546.99,4559.24,4003.38,161.75,0.13,11.53,0.66,3978.97,4625.98,1.67,RSI oversold rebound candidate; MACD weak; Long-term trend positive,UNKNOWN,-4.54,-7.93,-0.53,0.0,3.83,1,-1,0,-2,0,MEDIUM,0,,,0,-2,-0.4,1.5,E,"Trend 1, Momentum -1, Volume 0, Liquidity -2 (0.0cr), VolRisk MEDIUM, Sector UNKNOWN 0",-1,-1,-1,NEUTRAL,News 0; event caution 0; risk LOW; type ; confidence ; reason . ,-3,HIGH,RISK_OFF,Nifty 20D return -5.771924924783489; 60D return -6.141522169043611; India VIX latest; 20D change 27.715355370472096; USDINR 20D change 0.8995466772440563; Crude 20D change 4.302699067276294,-4.0,SELL/AVOID,-1,-4.4,SELL/AVOID,"Tech -1 | News 0 (, ) | Event caution 0 | Macro -3 | Sector 0 | Analytics -0.4 (E) | Risk LOW/HIGH | Analytics: Trend 1, Momentum -1, Volume 0, Liquidity -2 (0.0cr), VolRisk MEDIUM, Sector UNKNOWN 0",0,0,LOW,,,,,,,0,0,,,0,,0,75.6,HIGH,-1.84,SELL/AVOID,"AI overlay from completed recommendation outcomes; use as probability/risk input, not standalone advice."
SYNGENE,2026-09-29,367.2,30455.0,-1,NEUTRAL,33.7,-2.4966,28.76,393.36,402.24,,13.46,0.034,11.51,0.86,347.0,400.86,1.67,RSI oversold rebound candidate; MACD weak; Trend strength acceptable,UNKNOWN,-4.04,-8.53,-15.42,0.0,3.67,1,-1,0,-2,0,MEDIUM,0,,,0,-2,-0.4,1.5,E,"Trend 1, Momentum -1, Volume 0, Liquidity -2 (0.0cr), VolRisk MEDIUM, Sector UNKNOWN 0",-1,-1,-1,NEUTRAL,News 0; event caution 0; risk LOW; type ; confidence ; reason . ,-3,HIGH,RISK_OFF,Nifty 20D return -5.771924924783489; 60D return -6.141522169043611; India VIX latest; 20D change 27.715355370472096; USDINR 20D change 0.8995466772440563; Crude 20D change 4.302699067276294,-4.0,SELL/AVOID,-1,-4.4,SELL/AVOID,"Tech -1 | News 0 (, ) | Event caution 0 | Macro -3 | Sector 0 | Analytics -0.4 (E) | Risk LOW/HIGH | Analytics: Trend 1, Momentum -1, Volume 0, Liquidity -2 (0.0cr), VolRisk MEDIUM, Sector UNKNOWN 0",0,0,LOW,,,,,,,0,0,,,0,,0,75.9,HIGH,-1.81,SELL/AVOID,"AI overlay from completed recommendation outcomes; use as probability/risk input, not standalone advice."
DEEPAKFERT,2026-09-27,1363.8,25546.0,-1,NEUTRAL,34.91,-21.6977,24.66,1504.11,1514.12,,66.56,0.119,6.57,0.66,1263.97,1530.19,1.67,RSI oversold rebound candidate; MACD weak; Trend strength acceptable,UNKNOWN,-6.59,-11.56,7.79,0.0,4.88,1,-1,0,-2,0,MEDIUM,0,,,0,-2,-0.4,1.5,E,"Trend 1, Momentum -1, Volume 0, Liquidity -2 (0.0cr), VolRisk MEDIUM, Sector UNKNOWN 0",-1,-1,-1,NEUTRAL,News 0; event caution 0; risk LOW; type ; confidence ; reason . ,-3,HIGH,RISK_OFF,Nifty 20D return -5.771924924783489; 60D return -6.141522169043611; India VIX latest; 20D change 27.715355370472096; USDINR 20D change 0.8995466772440563; Crude 20D change 4.302699067276294,-4.0,SELL/AVOID,-1,-4.4,SELL/AVOID,"Tech -1 | News 0 (, ) | Event caution 0 | Macro -3 | Sector 0 | Analytics -0.4 (E) | Risk LOW/HIGH | Analytics: Trend 1, Momentum -1, Volume 0, Liquidity -2 (0.0cr), VolRisk MEDIUM, Sector UNKNOWN 0",0,0,LOW,,,,,,,0,0,,,0,,0,73.4,HIGH,-2.06,SELL/AVOID,"AI overlay from completed recommendation outcomes; use as probability/risk input, not standalone advice."
JKTYRE,2026-09-27,345.85,25067.0,-1,NEUTRAL,33.51,-6.6234,23.37,388.95,392.37,,16.39,0.071,8.75,0.89,321.26,386.83,1.67,RSI oversold rebound candidate; MACD weak; Trend strength acceptable,UNKNOWN,-11.51,-15.71,-8.52,0.0,4.74,1,-1,0,-2,0,MEDIUM,0,,,0,-2,-0.4,1.5,E,"Trend 1, Momentum -1, Volume 0, Liquidity -2 (0.0cr), VolRisk MEDIUM, Sector UNKNOWN 0",-1,-1,-1,NEUTRAL,News 0; event caution 0; risk LOW; type ; confidence ; reason . ,-3,HIGH,RISK_OFF,Nifty 20D return -5.771924924783489; 60D return -6.141522169043611; India VIX latest; 20D change 27.715355370472096; USDINR 20D change 0.8995466772440563; Crude 20D change 4.302699067276294,-4.0,SELL/AVOID,-1,-4.4,SELL/AVOID,"Tech -1 | News 0 (, ) | Event caution 0 | Macro -3 | Sector 0 | Analytics -0.4 (E) | Risk LOW/HIGH | Analytics: Trend 1, Momentum -1, Volume 0, Liquidity -2 (0.0cr), VolRisk MEDIUM, Sector UNKNOWN 0",0,0,LOW,,,,,,,0,0,,,0,,0,73.8,HIGH,-2.02,SELL/AVOID,"AI overlay from completed recommendation outcomes; use as probability/risk input, not standalone advice."
SILVERCASE,2026-06-28,21.88,20778.0,-1,NEUTRAL,39.05,-0.2958,23.24,23.82,24.93,,1.69,0.278,4.88,0.89,19.34,26.12,1.67,MACD weak; Trend strength acceptable; Bollinger position healthy,UNKNOWN,-6.7,-5.97,-29.94,0.0,7.74,1,0,0,-2,-1,HIGH,0,,,0,-3,-0.4,1.0,E,"Trend 1, Momentum 0, Volume 0, Liquidity -2 (0.0cr), VolRisk HIGH, Sector UNKNOWN 0",-1,-1,-1,NEUTRAL,News 0; event caution 0; risk LOW; type ; confidence ; reason . ,-3,HIGH,RISK_OFF,Nifty 20D return -5.771924924783489; 60D return -6.141522169043611; India VIX latest; 20D change 27.715355370472096; USDINR 20D change 0.8995466772440563; Crude 20D change 4.302699067276294,-4.0,SELL/AVOID,-1,-4.4,SELL/AVOID,"Tech -1 | News 0 (, ) | Event caution 0 | Macro -3 | Sector 0 | Analytics -0.4 (E) | Risk LOW/HIGH | Analytics: Trend 1, Momentum 0, Volume 0, Liquidity -2 (0.0cr), VolRisk HIGH, Sector UNKNOWN 0",0,0,LOW,,,,,,,0,0,,,0,,0,67.2,HIGH,-2.68,SELL/AVOID,"AI overlay from completed recommendation outcomes; use as probability/risk input, not standalone advice."
SANDUMA,2026-08-09,205.37,19952.0,-1,NEUTRAL,40.06,-3.9811,21.12,225.04,211.67,,12.35,0.022,1.87,0.69,186.84,236.25,1.67,RSI in swing zone; MACD weak,UNKNOWN,-10.4,-8.16,-7.44,0.0,6.01,1,0,0,-2,-1,HIGH,0,,,0,-3,-0.4,1.0,E,"Trend 1, Momentum 0, Volume 0, Liquidity -2 (0.0cr), VolRisk HIGH, Sector UNKNOWN 0",-1,-1,-1,NEUTRAL,News 0; event caution 0; risk LOW; type ; confidence ; reason . ,-3,HIGH,RISK_OFF,Nifty 20D return -5.771924924783489; 60D return -6.141522169043611; India VIX latest; 20D change 27.715355370472096; USDINR 20D change 0.8995466772440563; Crude 20D change 4.302699067276294,-4.0,SELL/AVOID,-1,-4.4,SELL/AVOID,"Tech -1 | News 0 (, ) | Event caution 0 | Macro -3 | Sector 0 | Analytics -0.4 (E) | Risk LOW/HIGH | Analytics: Trend 1, Momentum 0, Volume 0, Liquidity -2 (0.0cr), VolRisk HIGH, Sector UNKNOWN 0",0,0,LOW,,,,,,,0,0,,,0,,0,70.4,HIGH,-2.36,SELL/AVOID,"AI overlay from completed recommendation outcomes; use as probability/risk input, not standalone advice."
INFY,2026-09-29,1015.4,210984.0,1,NEUTRAL,35.18,-1.7351,30.09,1038.72,1104.68,1176.93,24.62,0.274,29.84,1.22,978.47,1076.94,1.67,MACD weak; Trend strength acceptable; Bollinger position healthy; Volume expansion,IT,-0.5,-10.14,-5.41,0.01,2.42,1,0,1,-2,1,LOW,-3,8.3,-6.57,-2,-1,-0.5,1.25,E,"Trend 1, Momentum 0, Volume 1, Liquidity -2 (0.01cr), VolRisk LOW, Sector IT -3",1,1,1,NEUTRAL,News 0; event caution 0; risk LOW; type ; confidence ; reason . ,-3,HIGH,RISK_OFF,Nifty 20D return -5.771924924783489; 60D return -6.141522169043611; India VIX latest; 20D change 27.715355370472096; USDINR 20D change 0.8995466772440563; Crude 20D change 4.302699067276294,-4.0,SELL/AVOID,1,-4.5,SELL/AVOID,"Tech 1 | News 0 (, ) | Event caution 0 | Macro -3 | Sector -2 | Analytics -0.5 (E) | Risk LOW/HIGH | Analytics: Trend 1, Momentum 0, Volume 1, Liquidity -2 (0.01cr), VolRisk LOW, Sector IT -3",0,0,LOW,,,,,,,0,0,,,0,,0,74.1,HIGH,-2.09,SELL/AVOID,"AI overlay from completed recommendation outcomes; use as probability/risk input, not standalone advice."
MAPMYINDIA,2026-09-22,922.0,62611.0,-1,NEUTRAL,34.73,-24.7627,21.68,1095.3,1003.31,,72.71,-0.068,6.68,1.75,812.93,1103.78,1.67,RSI oversold rebound candidate; MACD weak; Volume expansion,UNKNOWN,-11.89,-22.19,-20.01,0.0,7.89,1,-1,1,-2,-1,HIGH,0,,,0,-3,-0.5,1.0,E,"Trend 1, Momentum -1, Volume 1, Liquidity -2 (0.0cr), VolRisk HIGH, Sector UNKNOWN 0",-1,-1,-1,NEUTRAL,News 0; event caution 0; risk LOW; type ; confidence ; reason . ,-3,HIGH,RISK_OFF,Nifty 20D return -5.771924924783489; 60D return -6.141522169043611; India VIX latest; 20D change 27.715355370472096; USDINR 20D change 0.8995466772440563; Crude 20D change 4.302699067276294,-4.0,SELL/AVOID,-1,-4.5,SELL/AVOID,"Tech -1 | News 0 (, ) | Event caution 0 | Macro -3 | Sector 0 | Analytics -0.5 (E) | Risk LOW/HIGH | Analytics: Trend 1, Momentum -1, Volume 1, Liquidity -2 (0.0cr), VolRisk HIGH, Sector UNKNOWN 0",0,0,LOW,,,,,,,0,0,,,0,,0,62.7,MEDIUM,-3.23,SELL/AVOID,"AI overlay from completed recommendation outcomes; use as probability/risk input, not standalone advice."
SCI,2026-09-28,272.05,26526.0,-1,NEUTRAL,38.47,-0.2472,21.99,280.38,287.1,279.13,8.47,0.257,38.38,0.94,259.35,293.22,1.67,MACD weak; Bollinger position healthy,UNKNOWN,-3.03,-6.06,-2.02,0.0,3.11,0,0,0,-2,0,MEDIUM,0,,,0,-2,-0.5,1.5,E,"Trend 0, Momentum 0, Volume 0, Liquidity -2 (0.0cr), VolRisk MEDIUM, Sector UNKNOWN 0",-1,-1,-1,NEUTRAL,News 0; event caution 0; risk LOW; type ; confidence ; reason . ,-3,HIGH,RISK_OFF,Nifty 20D return -5.771924924783489; 60D return -6.141522169043611; India VIX latest; 20D change 27.715355370472096; USDINR 20D change 0.8995466772440563; Crude 20D change 4.302699067276294,-4.0,SELL/AVOID,-1,-4.5,SELL/AVOID,"Tech -1 | News 0 (, ) | Event caution 0 | Macro -3 | Sector 0 | Analytics -0.5 (E) | Risk LOW/HIGH | Analytics: Trend 0, Momentum 0, Volume 0, Liquidity -2 (0.0cr), VolRisk MEDIUM, Sector UNKNOWN 0",0,0,LOW,,,,,,,0,0,,,0,,0,75.5,HIGH,-1.95,SELL/AVOID,"AI overlay from completed recommendation outcomes; use as probability/risk input, not standalone advice."
ZENTEC,2026-09-27,1682.4,25850.0,-1,NEUTRAL,37.92,-11.5102,21.44,1764.31,1785.88,,66.24,0.245,34.67,1.0,1583.04,1848.0,1.67,MACD weak; Bollinger position healthy,UNKNOWN,2.65,-12.66,-5.01,0.0,3.94,0,0,0,-2,0,MEDIUM,0,,,0,-2,-0.5,1.5,E,"Trend 0, Momentum 0, Volume 0, Liquidity -2 (0.0cr), VolRisk MEDIUM, Sector UNKNOWN 0",-1,-1,-1,NEUTRAL,News 0; event caution 0; risk LOW; type ; confidence ; reason . ,-3,HIGH,RISK_OFF,Nifty 20D return -5.771924924783489; 60D return -6.141522169043611; India VIX latest; 20D change 27.715355370472096; USDINR 20D change 0.8995466772440563; Crude 20D change 4.302699067276294,-4.0,SELL/AVOID,-1,-4.5,SELL/AVOID,"Tech -1 | News 0 (, ) | Event caution 0 | Macro -3 | Sector 0 | Analytics -0.5 (E) | Risk LOW/HIGH | Analytics: Trend 0, Momentum 0, Volume 0, Liquidity -2 (0.0cr), VolRisk MEDIUM, Sector UNKNOWN 0",0,0,LOW,,,,,,,0,0,,,0,,0,73.5,HIGH,-2.15,SELL/AVOID,"AI overlay from completed recommendation outcomes; use as probability/risk input, not standalone advice."
NIFTYBEES,2026-09-29,259.47,128229.0,-1,NEUTRAL,21.55,-0.4074,17.82,266.05,272.56,272.53,3.8,-0.091,9.75,1.73,253.77,268.97,1.67,RSI oversold rebound candidate; MACD weak; Volume expansion,UNKNOWN,-3.03,-5.05,-5.69,0.0,1.46,0,-2,1,-2,1,LOW,0,,,0,-1,-0.6,1.5,E,"Trend 0, Momentum -2, Volume 1, Liquidity -2 (0.0cr), VolRisk LOW, Sector UNKNOWN 0",-1,-1,-1,NEUTRAL,News 0; event caution 0; risk LOW; type ; confidence ; reason . ,-3,HIGH,RISK_OFF,Nifty 20D return -5.771924924783489; 60D return -6.141522169043611; India VIX latest; 20D change 27.715355370472096; USDINR 20D change 0.8995466772440563; Crude 20D change 4.302699067276294,-4.0,SELL/AVOID,-1,-4.6,SELL/AVOID,"Tech -1 | News 0 (, ) | Event caution 0 | Macro -3 | Sector 0 | Analytics -0.6 (E) | Risk LOW/HIGH | Analytics: Trend 0, Momentum -2, Volume 1, Liquidity -2 (0.0cr), VolRisk LOW, Sector UNKNOWN 0",0,0,LOW,,,,,,,0,0,,,0,,0,90.8,HIGH,-0.52,SELL/AVOID,"AI overlay from completed recommendation outcomes; use as probability/risk input, not standalone advice."
RVNL,2026-09-29,197.9,59078.0,-1,NEUTRAL,34.53,-0.0826,20.65,206.25,216.27,254.14,5.56,0.072,14.37,1.43,189.55,211.81,1.67,RSI oversold rebound candidate; MACD weak; Volume expansion,UNKNOWN,-6.55,-6.87,-12.15,0.0,2.81,0,-1,1,-2,0,MEDIUM,0,,,0,-2,-0.6,1.5,E,"Trend 0, Momentum -1, Volume 1, Liquidity -2 (0.0cr), VolRisk MEDIUM, Sector UNKNOWN 0",-1,-1,-1,NEUTRAL,News 0; event caution 0; risk LOW; type ; confidence ; reason . ,-3,HIGH,RISK_OFF,Nifty 20D return -5.771924924783489; 60D return -6.141522169043611; India VIX latest; 20D change 27.715355370472096; USDINR 20D change 0.8995466772440563; Crude 20D change 4.302699067276294,-4.0,SELL/AVOID,-1,-4.6,SELL/AVOID,"Tech -1 | News 0 (, ) | Event caution 0 | Macro -3 | Sector 0 | Analytics -0.6 (E) | Risk LOW/HIGH | Analytics: Trend 0, Momentum -1, Volume 1, Liquidity -2 (0.0cr), VolRisk MEDIUM, Sector UNKNOWN 0",0,0,LOW,,,,,,,0,0,,,0,,0,78.3,HIGH,-1.77,SELL/AVOID,"AI overlay from completed recommendation outcomes; use as probability/risk input, not standalone advice."
VIYASH,2026-09-29,238.05,51903.0,-1,NEUTRAL,33.85,-1.1121,19.42,252.67,260.29,,8.3,0.102,8.38,1.59,225.61,258.79,1.67,RSI oversold rebound candidate; MACD weak; Volume expansion,UNKNOWN,-6.19,-8.6,-14.08,0.0,3.49,0,-1,1,-2,0,MEDIUM,0,,,0,-2,-0.6,1.5,E,"Trend 0, Momentum -1, Volume 1, Liquidity -2 (0.0cr), VolRisk MEDIUM, Sector UNKNOWN 0",-1,-1,-1,NEUTRAL,News 0; event caution 0; risk LOW; type ; confidence ; reason . ,-3,HIGH,RISK_OFF,Nifty 20D return -5.771924924783489; 60D return -6.141522169043611; India VIX latest; 20D change 27.715355370472096; USDINR 20D change 0.8995466772440563; Crude 20D change 4.302699067276294,-4.0,SELL/AVOID,-1,-4.6,SELL/AVOID,"Tech -1 | News 0 (, ) | Event caution 0 | Macro -3 | Sector 0 | Analytics -0.6 (E) | Risk LOW/HIGH | Analytics: Trend 0, Momentum -1, Volume 1, Liquidity -2 (0.0cr), VolRisk MEDIUM, Sector UNKNOWN 0",0,0,LOW,,,,,,,0,0,,,0,,0,76.3,HIGH,-1.97,SELL/AVOID,"AI overlay from completed recommendation outcomes; use as probability/risk input, not standalone advice."
NUVAMA,2026-09-29,1652.1,44034.0,-1,NEUTRAL,33.78,-11.6708,21.8,1746.64,1767.06,,60.15,0.151,19.2,1.37,1561.88,1802.47,1.67,RSI oversold rebound candidate; MACD weak; Volume expansion,UNKNOWN,-1.41,-8.47,-8.54,0.0,3.64,0,-1,1,-2,0,MEDIUM,0,,,0,-2,-0.6,1.5,E,"Trend 0, Momentum -1, Volume 1, Liquidity -2 (0.0cr), VolRisk MEDIUM, Sector UNKNOWN 0",-1,-1,-1,NEUTRAL,News 0; event caution 0; risk LOW; type ; confidence ; reason . ,-3,HIGH,RISK_OFF,Nifty 20D return -5.771924924783489; 60D return -6.141522169043611; India VIX latest; 20D change 27.715355370472096; USDINR 20D change 0.8995466772440563; Crude 20D change 4.302699067276294,-4.0,SELL/AVOID,-1,-4.6,SELL/AVOID,"Tech -1 | News 0 (, ) | Event caution 0 | Macro -3 | Sector 0 | Analytics -0.6 (E) | Risk LOW/HIGH | Analytics: Trend 0, Momentum -1, Volume 1, Liquidity -2 (0.0cr), VolRisk MEDIUM, Sector UNKNOWN 0",0,0,LOW,,,,,,,0,0,,,0,,0,76.3,HIGH,-1.97,SELL/AVOID,"AI overlay from completed recommendation outcomes; use as probability/risk input, not standalone advice."
FRACTAL,2026-09-29,753.15,34550.0,-1,NEUTRAL,33.14,-5.8621,19.18,817.38,872.8,,36.08,0.021,9.65,1.45,699.02,843.36,1.67,RSI oversold rebound candidate; MACD weak; Volume expansion,UNKNOWN,-10.8,-6.94,-17.89,0.0,4.79,0,-1,1,-2,0,MEDIUM,0,,,0,-2,-0.6,1.5,E,"Trend 0, Momentum -1, Volume 1, Liquidity -2 (0.0cr), VolRisk MEDIUM, Sector UNKNOWN 0",-1,-1,-1,NEUTRAL,News 0; event caution 0; risk LOW; type ; confidence ; reason . ,-3,HIGH,RISK_OFF,Nifty 20D return -5.771924924783489; 60D return -6.141522169043611; India VIX latest; 20D change 27.715355370472096; USDINR 20D change 0.8995466772440563; Crude 20D change 4.302699067276294,-4.0,SELL/AVOID,-1,-4.6,SELL/AVOID,"Tech -1 | News 0 (, ) | Event caution 0 | Macro -3 | Sector 0 | Analytics -0.6 (E) | Risk LOW/HIGH | Analytics: Trend 0, Momentum -1, Volume 1, Liquidity -2 (0.0cr), VolRisk MEDIUM, Sector UNKNOWN 0",0,0,LOW,,,,,,,0,0,,,0,,0,73.7,HIGH,-2.23,SELL/AVOID,"AI overlay from completed recommendation outcomes; use as probability/risk input, not standalone advice."
TRANSRAILL,2026-09-29,451.65,28822.0,-1,NEUTRAL,37.73,-0.7635,25.3,485.35,530.13,,27.25,0.115,28.31,0.55,410.77,519.78,1.67,MACD weak; Trend strength acceptable,UNKNOWN,-5.34,-9.09,-10.1,0.0,6.03,1,0,-1,-2,-1,HIGH,0,,,0,-3,-0.65,1.0,E,"Trend 1, Momentum 0, Volume -1, Liquidity -2 (0.0cr), VolRisk HIGH, Sector UNKNOWN 0",-1,-1,-1,NEUTRAL,News 0; event caution 0; risk LOW; type ; confidence ; reason . ,-3,HIGH,RISK_OFF,Nifty 20D return -5.771924924783489; 60D return -6.141522169043611; India VIX latest; 20D change 27.715355370472096; USDINR 20D change 0.8995466772440563; Crude 20D change 4.302699067276294,-4.0,SELL/AVOID,-1,-4.65,SELL/AVOID,"Tech -1 | News 0 (, ) | Event caution 0 | Macro -3 | Sector 0 | Analytics -0.65 (E) | Risk LOW/HIGH | Analytics: Trend 1, Momentum 0, Volume -1, Liquidity -2 (0.0cr), VolRisk HIGH, Sector UNKNOWN 0",0,0,LOW,,,,,,,0,0,,,0,,0,71.8,HIGH,-2.47,SELL/AVOID,"AI overlay from completed recommendation outcomes; use as probability/risk input, not standalone advice."
NCC,2026-09-29,128.27,186469.0,-1,NEUTRAL,29.32,-1.3492,19.49,140.95,144.11,,5.34,0.081,6.07,5.49,120.26,141.62,1.67,RSI oversold rebound candidate; MACD weak; Volume expansion,UNKNOWN,-5.7,-13.51,-12.25,0.0,4.16,0,-2,2,-2,0,MEDIUM,0,,,0,-2,-0.7,1.5,E,"Trend 0, Momentum -2, Volume 2, Liquidity -2 (0.0cr), VolRisk MEDIUM, Sector UNKNOWN 0",-1,-1,-1,NEUTRAL,News 0; event caution 0; risk LOW; type ; confidence ; reason . ,-3,HIGH,RISK_OFF,Nifty 20D return -5.771924924783489; 60D return -6.141522169043611; India VIX latest; 20D change 27.715355370472096; USDINR 20D change 0.8995466772440563; Crude 20D change 4.302699067276294,-4.0,SELL/AVOID,-1,-4.7,SELL/AVOID,"Tech -1 | News 0 (, ) | Event caution 0 | Macro -3 | Sector 0 | Analytics -0.7 (E) | Risk LOW/HIGH | Analytics: Trend 0, Momentum -2, Volume 2, Liquidity -2 (0.0cr), VolRisk MEDIUM, Sector UNKNOWN 0",0,0,LOW,,,,,,,0,0,,,0,,0,73.9,HIGH,-2.31,SELL/AVOID,"AI overlay from completed recommendation outcomes; use as probability/risk input, not standalone advice."
AXISBANK,2026-09-29,1212.1,159768.0,1,NEUTRAL,41.69,-3.5698,28.79,1237.03,1244.17,1285.41,24.91,0.171,44.92,1.18,1174.74,1274.37,1.67,RSI in swing zone; MACD weak; Trend strength acceptable,BANK,-2.5,-4.78,-3.66,0.01,2.05,1,0,0,-2,1,LOW,-3,19.2,-0.29,-2,-1,-0.75,1.25,E,"Trend 1, Momentum 0, Volume 0, Liquidity -2 (0.01cr), VolRisk LOW, Sector BANK -3",1,1,1,NEUTRAL,News 0; event caution 0; risk LOW; type ; confidence ; reason . ,-3,HIGH,RISK_OFF,Nifty 20D return -5.771924924783489; 60D return -6.141522169043611; India VIX latest; 20D change 27.715355370472096; USDINR 20D change 0.8995466772440563; Crude 20D change 4.302699067276294,-4.0,SELL/AVOID,1,-4.75,SELL/AVOID,"Tech 1 | News 0 (, ) | Event caution 0 | Macro -3 | Sector -2 | Analytics -0.75 (E) | Risk LOW/HIGH | Analytics: Trend 1, Momentum 0, Volume 0, Liquidity -2 (0.01cr), VolRisk LOW, Sector BANK -3",0,0,LOW,,,,,,,0,0,,,0,,0,76.1,HIGH,-2.14,SELL/AVOID,"AI overlay from completed recommendation outcomes; use as probability/risk input, not standalone advice."
FEDERALBNK,2026-09-29,320.2,114699.0,1,NEUTRAL,29.24,-1.273,30.55,335.13,346.11,311.51,7.58,0.083,2.64,1.68,308.83,339.16,1.67,RSI oversold rebound candidate; MACD weak; Trend strength acceptable; Long-term trend positive; Volume expansion,BANK,-3.35,-6.65,-10.07,0.0,2.37,2,-2,1,-2,1,LOW,-3,19.2,-0.29,-2,-1,-0.75,1.25,E,"Trend 2, Momentum -2, Volume 1, Liquidity -2 (0.0cr), VolRisk LOW, Sector BANK -3",1,1,1,NEUTRAL,News 0; event caution 0; risk LOW; type ; confidence ; reason . ,-3,HIGH,RISK_OFF,Nifty 20D return -5.771924924783489; 60D return -6.141522169043611; India VIX latest; 20D change 27.715355370472096; USDINR 20D change 0.8995466772440563; Crude 20D change 4.302699067276294,-4.0,SELL/AVOID,1,-4.75,SELL/AVOID,"Tech 1 | News 0 (, ) | Event caution 0 | Macro -3 | Sector -2 | Analytics -0.75 (E) | Risk LOW/HIGH | Analytics: Trend 2, Momentum -2, Volume 1, Liquidity -2 (0.0cr), VolRisk LOW, Sector BANK -3",0,0,LOW,,,,,,,0,0,,,0,,0,75.9,HIGH,-2.16,SELL/AVOID,"AI overlay from completed recommendation outcomes; use as probability/risk input, not standalone advice."
BAJAJ-AUTO,2026-09-29,10811.0,53481.0,1,NEUTRAL,26.22,-88.0926,34.05,11544.35,11647.12,10329.6,202.34,-0.085,0.65,1.64,10507.49,11316.85,1.67,RSI oversold rebound candidate; MACD weak; Trend strength acceptable; Long-term trend positive; Volume expansion,AUTO,-5.66,-12.54,4.73,0.0,1.87,2,-2,1,-2,1,LOW,-3,0.0,-1.69,-2,-1,-0.75,1.25,E,"Trend 2, Momentum -2, Volume 1, Liquidity -2 (0.0cr), VolRisk LOW, Sector AUTO -3",1,1,1,NEUTRAL,News 0; event caution 0; risk LOW; type ; confidence ; reason . ,-3,HIGH,RISK_OFF,Nifty 20D return -5.771924924783489; 60D return -6.141522169043611; India VIX latest; 20D change 27.715355370472096; USDINR 20D change 0.8995466772440563; Crude 20D change 4.302699067276294,-4.0,SELL/AVOID,1,-4.75,SELL/AVOID,"Tech 1 | News 0 (, ) | Event caution 0 | Macro -3 | Sector -2 | Analytics -0.75 (E) | Risk LOW/HIGH | Analytics: Trend 2, Momentum -2, Volume 1, Liquidity -2 (0.0cr), VolRisk LOW, Sector AUTO -3",0,0,LOW,,,,,,,0,0,,,0,,0,75.1,HIGH,-2.24,SELL/AVOID,"AI overlay from completed recommendation outcomes; use as probability/risk input, not standalone advice."
SUZLON,2026-09-29,39.5,106888.0,-1,NEUTRAL,18.62,-0.2381,44.55,42.86,45.43,48.92,1.18,0.04,9.88,1.11,37.73,42.45,1.67,RSI oversold rebound candidate; MACD weak; Trend strength acceptable,UNKNOWN,-6.82,-12.9,-25.71,0.0,2.99,1,-2,0,-2,0,MEDIUM,0,,,0,-2,-0.75,1.5,E,"Trend 1, Momentum -2, Volume 0, Liquidity -2 (0.0cr), VolRisk MEDIUM, Sector UNKNOWN 0",-1,-1,-1,NEUTRAL,News 0; event caution 0; risk LOW; type ; confidence ; reason . ,-3,HIGH,RISK_OFF,Nifty 20D return -5.771924924783489; 60D return -6.141522169043611; India VIX latest; 20D change 27.715355370472096; USDINR 20D change 0.8995466772440563; Crude 20D change 4.302699067276294,-4.0,SELL/AVOID,-1,-4.75,SELL/AVOID,"Tech -1 | News 0 (, ) | Event caution 0 | Macro -3 | Sector 0 | Analytics -0.75 (E) | Risk LOW/HIGH | Analytics: Trend 1, Momentum -2, Volume 0, Liquidity -2 (0.0cr), VolRisk MEDIUM, Sector UNKNOWN 0",0,0,LOW,,,,,,,0,0,,,0,,0,64.8,MEDIUM,-3.27,SELL/AVOID,"AI overlay from completed recommendation outcomes; use as probability/risk input, not standalone advice."
BDL,2026-09-29,1085.1,38204.0,-1,NEUTRAL,23.67,-4.2881,31.87,1175.47,1259.04,1288.74,35.31,-0.008,0.0,1.0,1032.13,1173.38,1.67,RSI oversold rebound candidate; MACD weak; Trend strength acceptable,UNKNOWN,-6.54,-13.54,-15.08,0.0,3.25,1,-2,0,-2,0,MEDIUM,0,,,0,-2,-0.75,1.5,E,"Trend 1, Momentum -2, Volume 0, Liquidity -2 (0.0cr), VolRisk MEDIUM, Sector UNKNOWN 0",-1,-1,-1,NEUTRAL,News 0; event caution 0; risk LOW; type ; confidence ; reason . ,-3,HIGH,RISK_OFF,Nifty 20D return -5.771924924783489; 60D return -6.141522169043611; India VIX latest; 20D change 27.715355370472096; USDINR 20D change 0.8995466772440563; Crude 20D change 4.302699067276294,-4.0,SELL/AVOID,-1,-4.75,SELL/AVOID,"Tech -1 | News 0 (, ) | Event caution 0 | Macro -3 | Sector 0 | Analytics -0.75 (E) | Risk LOW/HIGH | Analytics: Trend 1, Momentum -2, Volume 0, Liquidity -2 (0.0cr), VolRisk MEDIUM, Sector UNKNOWN 0",0,0,LOW,,,,,,,0,0,,,0,,0,73.5,HIGH,-2.4,SELL/AVOID,"AI overlay from completed recommendation outcomes; use as probability/risk input, not standalone advice."
MAZDOCK,2026-09-29,2087.1,37590.0,-1,NEUTRAL,19.45,-13.3999,42.61,2285.24,2427.32,2429.92,60.49,0.054,0.0,1.15,1996.36,2238.33,1.67,RSI oversold rebound candidate; MACD weak; Trend strength acceptable,UNKNOWN,-5.3,-15.67,-10.91,0.0,2.9,1,-2,0,-2,0,MEDIUM,0,,,0,-2,-0.75,1.5,E,"Trend 1, Momentum -2, Volume 0, Liquidity -2 (0.0cr), VolRisk MEDIUM, Sector UNKNOWN 0",-1,-1,-1,NEUTRAL,News 0; event caution 0; risk LOW; type ; confidence ; reason . ,-3,HIGH,RISK_OFF,Nifty 20D return -5.771924924783489; 60D return -6.141522169043611; India VIX latest; 20D change 27.715355370472096; USDINR 20D change 0.8995466772440563; Crude 20D change 4.302699067276294,-4.0,SELL/AVOID,-1,-4.75,SELL/AVOID,"Tech -1 | News 0 (, ) | Event caution 0 | Macro -3 | Sector 0 | Analytics -0.75 (E) | Risk LOW/HIGH | Analytics: Trend 1, Momentum -2, Volume 0, Liquidity -2 (0.0cr), VolRisk MEDIUM, Sector UNKNOWN 0",0,0,LOW,,,,,,,0,0,,,0,,0,72.1,HIGH,-2.54,SELL/AVOID,"AI overlay from completed recommendation outcomes; use as probability/risk input, not standalone advice."
MOIL,2026-08-31,247.8,37431.0,-1,NEUTRAL,31.39,-2.7017,29.46,280.12,287.99,,12.89,0.163,1.48,0.89,228.46,280.04,1.67,RSI oversold rebound candidate; MACD weak; Trend strength acceptable,UNKNOWN,-1.96,-20.3,-24.53,0.0,5.2,1,-1,0,-2,-1,HIGH,0,,,0,-3,-0.75,1.0,E,"Trend 1, Momentum -1, Volume 0, Liquidity -2 (0.0cr), VolRisk HIGH, Sector UNKNOWN 0",-1,-1,-1,NEUTRAL,News 0; event caution 0; risk LOW; type ; confidence ; reason . ,-3,HIGH,RISK_OFF,Nifty 20D return -5.771924924783489; 60D return -6.141522169043611; India VIX latest; 20D change 27.715355370472096; USDINR 20D change 0.8995466772440563; Crude 20D change 4.302699067276294,-4.0,SELL/AVOID,-1,-4.75,SELL/AVOID,"Tech -1 | News 0 (, ) | Event caution 0 | Macro -3 | Sector 0 | Analytics -0.75 (E) | Risk LOW/HIGH | Analytics: Trend 1, Momentum -1, Volume 0, Liquidity -2 (0.0cr), VolRisk HIGH, Sector UNKNOWN 0",0,0,LOW,,,,,,,0,0,,,0,,0,64.9,MEDIUM,-3.26,SELL/AVOID,"AI overlay from completed recommendation outcomes; use as probability/risk input, not standalone advice."
INDIAMART,2026-09-20,1646.3,33856.0,-1,NEUTRAL,23.28,-1.4066,35.86,1758.67,1969.0,,61.46,-0.1,12.41,1.12,1554.12,1799.94,1.67,RSI oversold rebound candidate; MACD weak; Trend strength acceptable,UNKNOWN,-8.02,-14.17,-27.3,0.0,3.73,1,-2,0,-2,0,MEDIUM,0,,,0,-2,-0.75,1.5,E,"Trend 1, Momentum -2, Volume 0, Liquidity -2 (0.0cr), VolRisk MEDIUM, Sector UNKNOWN 0",-1,-1,-1,NEUTRAL,News 0; event caution 0; risk LOW; type ; confidence ; reason . ,-3,HIGH,RISK_OFF,Nifty 20D return -5.771924924783489; 60D return -6.141522169043611; India VIX latest; 20D change 27.715355370472096; USDINR 20D change 0.8995466772440563; Crude 20D change 4.302699067276294,-4.0,SELL/AVOID,-1,-4.75,SELL/AVOID,"Tech -1 | News 0 (, ) | Event caution 0 | Macro -3 | Sector 0 | Analytics -0.75 (E) | Risk LOW/HIGH | Analytics: Trend 1, Momentum -2, Volume 0, Liquidity -2 (0.0cr), VolRisk MEDIUM, Sector UNKNOWN 0",0,0,LOW,,,,,,,0,0,,,0,,0,65.8,HIGH,-3.17,SELL/AVOID,"AI overlay from completed recommendation outcomes; use as probability/risk input, not standalone advice."
TIINDIA,2026-09-29,2413.0,30181.0,-1,NEUTRAL,25.85,-35.3012,25.58,2764.04,2828.91,,99.4,-0.143,2.57,0.8,2263.9,2661.49,1.67,RSI oversold rebound candidate; MACD weak; Trend strength acceptable,UNKNOWN,-11.79,-14.28,-23.2,0.0,4.12,1,-2,0,-2,0,MEDIUM,0,,,0,-2,-0.75,1.5,E,"Trend 1, Momentum -2, Volume 0, Liquidity -2 (0.0cr), VolRisk MEDIUM, Sector UNKNOWN 0",-1,-1,-1,NEUTRAL,News 0; event caution 0; risk LOW; type ; confidence ; reason . ,-3,HIGH,RISK_OFF,Nifty 20D return -5.771924924783489; 60D return -6.141522169043611; India VIX latest; 20D change 27.715355370472096; USDINR 20D change 0.8995466772440563; Crude 20D change 4.302699067276294,-4.0,SELL/AVOID,-1,-4.75,SELL/AVOID,"Tech -1 | News 0 (, ) | Event caution 0 | Macro -3 | Sector 0 | Analytics -0.75 (E) | Risk LOW/HIGH | Analytics: Trend 1, Momentum -2, Volume 0, Liquidity -2 (0.0cr), VolRisk MEDIUM, Sector UNKNOWN 0",0,0,LOW,,,,,,,0,0,,,0,,0,64.9,MEDIUM,-3.26,SELL/AVOID,"AI overlay from completed recommendation outcomes; use as probability/risk input, not standalone advice."
CIEINDIA,2026-09-23,384.2,26123.0,-1,NEUTRAL,25.85,-3.3678,30.35,424.29,449.31,,15.88,0.143,2.14,0.85,360.38,423.9,1.67,RSI oversold rebound candidate; MACD weak; Trend strength acceptable,UNKNOWN,-6.41,-15.97,,0.0,4.13,1,-2,0,-2,0,MEDIUM,0,,,0,-2,-0.75,1.5,E,"Trend 1, Momentum -2, Volume 0, Liquidity -2 (0.0cr), VolRisk MEDIUM, Sector UNKNOWN 0",-1,-1,-1,NEUTRAL,News 0; event caution 0; risk LOW; type ; confidence ; reason . ,-3,HIGH,RISK_OFF,Nifty 20D return -5.771924924783489; 60D return -6.141522169043611; India VIX latest; 20D change 27.715355370472096; USDINR 20D change 0.8995466772440563; Crude 20D change 4.302699067276294,-4.0,SELL/AVOID,-1,-4.75,SELL/AVOID,"Tech -1 | News 0 (, ) | Event caution 0 | Macro -3 | Sector 0 | Analytics -0.75 (E) | Risk LOW/HIGH | Analytics: Trend 1, Momentum -2, Volume 0, Liquidity -2 (0.0cr), VolRisk MEDIUM, Sector UNKNOWN 0",0,0,LOW,,,,,,,0,0,,,0,,0,75.0,HIGH,-2.25,SELL/AVOID,"AI overlay from completed recommendation outcomes; use as probability/risk input, not standalone advice."
GRAVITA,2026-09-24,1515.4,19988.0,-1,NEUTRAL,28.86,-26.7604,24.23,1697.23,1722.83,,66.61,0.066,1.55,0.78,1415.49,1681.92,1.67,RSI oversold rebound candidate; MACD weak; Trend strength acceptable,UNKNOWN,-8.8,-3.97,-2.6,0.0,4.4,1,-2,0,-2,0,MEDIUM,0,,,0,-2,-0.75,1.5,E,"Trend 1, Momentum -2, Volume 0, Liquidity -2 (0.0cr), VolRisk MEDIUM, Sector UNKNOWN 0",-1,-1,-1,NEUTRAL,News 0; event caution 0; risk LOW; type ; confidence ; reason . ,-3,HIGH,RISK_OFF,Nifty 20D return -5.771924924783489; 60D return -6.141522169043611; India VIX latest; 20D change 27.715355370472096; USDINR 20D change 0.8995466772440563; Crude 20D change 4.302699067276294,-4.0,SELL/AVOID,-1,-4.75,SELL/AVOID,"Tech -1 | News 0 (, ) | Event caution 0 | Macro -3 | Sector 0 | Analytics -0.75 (E) | Risk LOW/HIGH | Analytics: Trend 1, Momentum -2, Volume 0, Liquidity -2 (0.0cr), VolRisk MEDIUM, Sector UNKNOWN 0",0,0,LOW,,,,,,,0,0,,,0,,0,76.9,HIGH,-2.06,SELL/AVOID,"AI overlay from completed recommendation outcomes; use as probability/risk input, not standalone advice."
CUB,2026-09-28,215.99,69231.0,-2,NEUTRAL,38.59,-1.7844,19.86,229.49,221.91,241.57,8.42,-0.082,12.87,1.88,203.36,237.04,1.67,MACD weak; Volume expansion,UNKNOWN,-8.07,-7.84,-3.85,0.0,3.9,1,0,1,-2,0,MEDIUM,0,,,0,-2,0.2,1.5,E,"Trend 1, Momentum 0, Volume 1, Liquidity -2 (0.0cr), VolRisk MEDIUM, Sector UNKNOWN 0",-2,-2,-2,NEUTRAL,News 0; event caution 0; risk LOW; type ; confidence ; reason . ,-3,HIGH,RISK_OFF,Nifty 20D return -5.771924924783489; 60D return -6.141522169043611; India VIX latest; 20D change 27.715355370472096; USDINR 20D change 0.8995466772440563; Crude 20D change 4.302699067276294,-5.0,SELL/AVOID,-2,-4.8,SELL/AVOID,"Tech -2 | News 0 (, ) | Event caution 0 | Macro -3 | Sector 0 | Analytics 0.2 (E) | Risk LOW/HIGH | Analytics: Trend 1, Momentum 0, Volume 1, Liquidity -2 (0.0cr), VolRisk MEDIUM, Sector UNKNOWN 0",0,0,LOW,,,,,,,0,0,,,0,,0,70.6,HIGH,-2.74,SELL/AVOID,"AI overlay from completed recommendation outcomes; use as probability/risk input, not standalone advice."
SBIN,2026-09-29,964.7,282035.0,1,NEUTRAL,33.68,-1.0954,40.95,990.0,1028.32,1049.12,15.66,0.031,23.93,1.86,941.21,1003.84,1.67,RSI oversold rebound candidate; MACD weak; Trend strength acceptable; Volume expansion,BANK,-2.96,-5.06,-7.63,0.01,1.62,1,-1,1,-2,1,LOW,-3,19.2,-0.29,-2,-1,-0.85,1.25,E,"Trend 1, Momentum -1, Volume 1, Liquidity -2 (0.01cr), VolRisk LOW, Sector BANK -3",1,1,1,NEUTRAL,News 0; event caution 0; risk LOW; type ; confidence ; reason . ,-3,HIGH,RISK_OFF,Nifty 20D return -5.771924924783489; 60D return -6.141522169043611; India VIX latest; 20D change 27.715355370472096; USDINR 20D change 0.8995466772440563; Crude 20D change 4.302699067276294,-4.0,SELL/AVOID,1,-4.85,SELL/AVOID,"Tech 1 | News 0 (, ) | Event caution 0 | Macro -3 | Sector -2 | Analytics -0.85 (E) | Risk LOW/HIGH | Analytics: Trend 1, Momentum -1, Volume 1, Liquidity -2 (0.01cr), VolRisk LOW, Sector BANK -3",0,0,LOW,,,,,,,0,0,,,0,,0,78.1,HIGH,-2.04,SELL/AVOID,"AI overlay from completed recommendation outcomes; use as probability/risk input, not standalone advice."
DELHIVERY,2026-09-29,417.4,72157.0,1,NEUTRAL,37.2,-0.9342,33.74,433.02,451.96,453.18,11.4,0.22,29.16,1.69,400.3,445.9,1.67,MACD weak; Trend strength acceptable; Bollinger position healthy; Volume expansion,LOGISTICS,-4.05,-10.11,-15.96,0.0,2.73,1,0,1,-2,0,MEDIUM,-3,33.3,-5.62,-2,-2,-0.85,1.25,E,"Trend 1, Momentum 0, Volume 1, Liquidity -2 (0.0cr), VolRisk MEDIUM, Sector LOGISTICS -3",1,1,1,NEUTRAL,News 0; event caution 0; risk LOW; type ; confidence ; reason . ,-3,HIGH,RISK_OFF,Nifty 20D return -5.771924924783489; 60D return -6.141522169043611; India VIX latest; 20D change 27.715355370472096; USDINR 20D change 0.8995466772440563; Crude 20D change 4.302699067276294,-4.0,SELL/AVOID,1,-4.85,SELL/AVOID,"Tech 1 | News 0 (, ) | Event caution 0 | Macro -3 | Sector -2 | Analytics -0.85 (E) | Risk LOW/HIGH | Analytics: Trend 1, Momentum 0, Volume 1, Liquidity -2 (0.0cr), VolRisk MEDIUM, Sector LOGISTICS -3",0,0,LOW,,,,,,,0,0,,,0,,0,69.5,HIGH,-2.9,SELL/AVOID,"AI overlay from completed recommendation outcomes; use as probability/risk input, not standalone advice."
TATACONSUM,2026-09-29,967.7,68794.0,1,NEUTRAL,33.96,-0.6327,47.23,992.7,1033.48,1100.35,17.3,0.052,20.78,1.48,941.75,1010.95,1.67,RSI oversold rebound candidate; MACD weak; Trend strength acceptable; Volume expansion,FMCG,-2.68,-4.19,-10.52,0.0,1.79,1,-1,1,-2,1,LOW,-3,16.7,-0.23,-2,-1,-0.85,1.25,E,"Trend 1, Momentum -1, Volume 1, Liquidity -2 (0.0cr), VolRisk LOW, Sector FMCG -3",1,1,1,NEUTRAL,News 0; event caution 0; risk LOW; type ; confidence ; reason . ,-3,HIGH,RISK_OFF,Nifty 20D return -5.771924924783489; 60D return -6.141522169043611; India VIX latest; 20D change 27.715355370472096; USDINR 20D change 0.8995466772440563; Crude 20D change 4.302699067276294,-4.0,SELL/AVOID,1,-4.85,SELL/AVOID,"Tech 1 | News 0 (, ) | Event caution 0 | Macro -3 | Sector -2 | Analytics -0.85 (E) | Risk LOW/HIGH | Analytics: Trend 1, Momentum -1, Volume 1, Liquidity -2 (0.0cr), VolRisk LOW, Sector FMCG -3",0,0,LOW,,,,,,,0,0,,,0,,0,77.5,HIGH,-2.1,SELL/AVOID,"AI overlay from completed recommendation outcomes; use as probability/risk input, not standalone advice."
WALCHANNAG,2026-09-23,212.63,21672.0,-1,NEUTRAL,34.72,-7.9011,28.4,267.76,251.88,,21.87,0.009,10.95,0.57,179.82,267.31,1.67,RSI oversold rebound candidate; MACD weak; Trend strength acceptable,UNKNOWN,-11.4,-19.9,23.58,0.0,10.29,2,-1,-1,-2,-2,VERY_HIGH,0,,,0,-3,-0.9,1.0,E,"Trend 2, Momentum -1, Volume -1, Liquidity -2 (0.0cr), VolRisk VERY_HIGH, Sector UNKNOWN 0",-1,-1,-1,NEUTRAL,News 0; event caution 0; risk LOW; type ; confidence ; reason . ,-3,HIGH,RISK_OFF,Nifty 20D return -5.771924924783489; 60D return -6.141522169043611; India VIX latest; 20D change 27.715355370472096; USDINR 20D change 0.8995466772440563; Crude 20D change 4.302699067276294,-4.0,SELL/AVOID,-1,-4.9,SELL/AVOID,"Tech -1 | News 0 (, ) | Event caution 0 | Macro -3 | Sector 0 | Analytics -0.9 (E) | Risk LOW/HIGH | Analytics: Trend 2, Momentum -1, Volume -1, Liquidity -2 (0.0cr), VolRisk VERY_HIGH, Sector UNKNOWN 0",0,0,LOW,,,,,,,0,0,,,0,,0,72.4,HIGH,-2.66,SELL/AVOID,"AI overlay from completed recommendation outcomes; use as probability/risk input, not standalone advice."
BAJAJHFL,2026-09-29,81.26,31437.0,-2,NEUTRAL,35.34,-0.1401,15.5,83.66,85.08,,1.96,-0.068,3.71,1.21,78.31,86.17,1.66,MACD weak; Volume expansion,UNKNOWN,-5.05,-3.32,-7.61,0.0,2.42,0,0,1,-2,1,LOW,0,,,0,-1,0.1,1.5,E,"Trend 0, Momentum 0, Volume 1, Liquidity -2 (0.0cr), VolRisk LOW, Sector UNKNOWN 0",-2,-2,-2,NEUTRAL,News 0; event caution 0; risk LOW; type ; confidence ; reason . ,-3,HIGH,RISK_OFF,Nifty 20D return -5.771924924783489; 60D return -6.141522169043611; India VIX latest; 20D change 27.715355370472096; USDINR 20D change 0.8995466772440563; Crude 20D change 4.302699067276294,-5.0,SELL/AVOID,-2,-4.9,SELL/AVOID,"Tech -2 | News 0 (, ) | Event caution 0 | Macro -3 | Sector 0 | Analytics 0.1 (E) | Risk LOW/HIGH | Analytics: Trend 0, Momentum 0, Volume 1, Liquidity -2 (0.0cr), VolRisk LOW, Sector UNKNOWN 0",0,0,LOW,,,,,,,0,0,,,0,,0,81.7,HIGH,-1.73,SELL/AVOID,"AI overlay from completed recommendation outcomes; use as probability/risk input, not standalone advice."
LTM,2026-09-29,3936.0,63179.0,-1,NEUTRAL,26.69,-25.5433,21.13,4238.14,4450.32,,137.5,0.006,0.0,1.87,3729.74,4279.76,1.67,RSI oversold rebound candidate; MACD weak; Volume expansion,UNKNOWN,-3.65,-13.57,-3.12,0.0,3.49,0,-2,1,-2,0,MEDIUM,0,,,0,-2,-0.95,1.5,E,"Trend 0, Momentum -2, Volume 1, Liquidity -2 (0.0cr), VolRisk MEDIUM, Sector UNKNOWN 0",-1,-1,-1,NEUTRAL,News 0; event caution 0; risk LOW; type ; confidence ; reason . ,-3,HIGH,RISK_OFF,Nifty 20D return -5.771924924783489; 60D return -6.141522169043611; India VIX latest; 20D change 27.715355370472096; USDINR 20D change 0.8995466772440563; Crude 20D change 4.302699067276294,-4.0,SELL/AVOID,-1,-4.95,SELL/AVOID,"Tech -1 | News 0 (, ) | Event caution 0 | Macro -3 | Sector 0 | Analytics -0.95 (E) | Risk LOW/HIGH | Analytics: Trend 0, Momentum -2, Volume 1, Liquidity -2 (0.0cr), VolRisk MEDIUM, Sector UNKNOWN 0",0,0,LOW,,,,,,,0,0,,,0,,0,73.4,HIGH,-2.61,SELL/AVOID,"AI overlay from completed recommendation outcomes; use as probability/risk input, not standalone advice."
MMTC,2026-09-06,64.18,38101.0,-2,NEUTRAL,39.59,-1.0411,22.51,69.87,65.91,,4.06,0.172,11.27,0.62,58.08,74.34,1.67,MACD weak; Trend strength acceptable,UNKNOWN,1.18,-5.7,-10.34,0.0,6.33,2,0,0,-2,-1,HIGH,0,,,0,-3,0.05,1.0,E,"Trend 2, Momentum 0, Volume 0, Liquidity -2 (0.0cr), VolRisk HIGH, Sector UNKNOWN 0",-2,-2,-2,NEUTRAL,News 0; event caution 0; risk LOW; type ; confidence ; reason . ,-3,HIGH,RISK_OFF,Nifty 20D return -5.771924924783489; 60D return -6.141522169043611; India VIX latest; 20D change 27.715355370472096; USDINR 20D change 0.8995466772440563; Crude 20D change 4.302699067276294,-5.0,SELL/AVOID,-2,-4.95,SELL/AVOID,"Tech -2 | News 0 (, ) | Event caution 0 | Macro -3 | Sector 0 | Analytics 0.05 (E) | Risk LOW/HIGH | Analytics: Trend 2, Momentum 0, Volume 0, Liquidity -2 (0.0cr), VolRisk HIGH, Sector UNKNOWN 0",0,0,LOW,,,,,,,0,0,,,0,,0,71.1,HIGH,-2.84,SELL/AVOID,"AI overlay from completed recommendation outcomes; use as probability/risk input, not standalone advice."
JSFB,2026-09-28,499.2,36393.0,-2,NEUTRAL,39.67,-7.6663,25.77,549.15,510.79,,32.74,0.038,11.75,0.91,450.09,581.05,1.67,MACD weak; Trend strength acceptable,UNKNOWN,-4.02,-13.18,,0.0,6.56,2,0,0,-2,-1,HIGH,0,,,0,-3,0.05,1.0,E,"Trend 2, Momentum 0, Volume 0, Liquidity -2 (0.0cr), VolRisk HIGH, Sector UNKNOWN 0",-2,-2,-2,NEUTRAL,News 0; event caution 0; risk LOW; type ; confidence ; reason . ,-3,HIGH,RISK_OFF,Nifty 20D return -5.771924924783489; 60D return -6.141522169043611; India VIX latest; 20D change 27.715355370472096; USDINR 20D change 0.8995466772440563; Crude 20D change 4.302699067276294,-5.0,SELL/AVOID,-2,-4.95,SELL/AVOID,"Tech -2 | News 0 (, ) | Event caution 0 | Macro -3 | Sector 0 | Analytics 0.05 (E) | Risk LOW/HIGH | Analytics: Trend 2, Momentum 0, Volume 0, Liquidity -2 (0.0cr), VolRisk HIGH, Sector UNKNOWN 0",0,0,LOW,,,,,,,0,0,,,0,,0,68.7,HIGH,-3.08,SELL/AVOID,"AI overlay from completed recommendation outcomes; use as probability/risk input, not standalone advice."
GOKEX,2026-09-21,694.7,31450.0,-2,NEUTRAL,35.15,-17.2441,22.71,825.89,757.17,,47.57,-0.295,3.53,0.93,623.34,813.64,1.67,MACD weak; Trend strength acceptable,UNKNOWN,-16.35,-11.4,15.23,0.0,6.85,2,0,0,-2,-1,HIGH,0,,,0,-3,0.05,1.0,E,"Trend 2, Momentum 0, Volume 0, Liquidity -2 (0.0cr), VolRisk HIGH, Sector UNKNOWN 0",-2,-2,-2,NEUTRAL,News 0; event caution 0; risk LOW; type ; confidence ; reason . ,-3,HIGH,RISK_OFF,Nifty 20D return -5.771924924783489; 60D return -6.141522169043611; India VIX latest; 20D change 27.715355370472096; USDINR 20D change 0.8995466772440563; Crude 20D change 4.302699067276294,-5.0,SELL/AVOID,-2,-4.95,SELL/AVOID,"Tech -2 | News 0 (, ) | Event caution 0 | Macro -3 | Sector 0 | Analytics 0.05 (E) | Risk LOW/HIGH | Analytics: Trend 2, Momentum 0, Volume 0, Liquidity -2 (0.0cr), VolRisk HIGH, Sector UNKNOWN 0",0,0,LOW,,,,,,,0,0,,,0,,0,68.8,HIGH,-3.07,SELL/AVOID,"AI overlay from completed recommendation outcomes; use as probability/risk input, not standalone advice."
TTML,2026-09-29,35.18,40503.0,-1,NEUTRAL,28.41,-1.1724,34.31,42.73,40.6,,3.41,-0.016,8.8,0.64,30.06,43.71,1.67,RSI oversold rebound candidate; MACD weak; Trend strength acceptable,UNKNOWN,-9.75,-19.33,,0.0,9.7,2,-2,0,-2,-2,VERY_HIGH,0,,,0,-3,-1.0,1.0,E,"Trend 2, Momentum -2, Volume 0, Liquidity -2 (0.0cr), VolRisk VERY_HIGH, Sector UNKNOWN 0",-1,-1,-1,NEUTRAL,News 0; event caution 0; risk LOW; type ; confidence ; reason . ,-3,HIGH,RISK_OFF,Nifty 20D return -5.771924924783489; 60D return -6.141522169043611; India VIX latest; 20D change 27.715355370472096; USDINR 20D change 0.8995466772440563; Crude 20D change 4.302699067276294,-4.0,SELL/AVOID,-1,-5.0,SELL/AVOID,"Tech -1 | News 0 (, ) | Event caution 0 | Macro -3 | Sector 0 | Analytics -1 (E) | Risk LOW/HIGH | Analytics: Trend 2, Momentum -2, Volume 0, Liquidity -2 (0.0cr), VolRisk VERY_HIGH, Sector UNKNOWN 0",0,0,LOW,,,,,,,0,0,,,0,,0,70.3,HIGH,-2.97,SELL/AVOID,"AI overlay from completed recommendation outcomes; use as probability/risk input, not standalone advice."
WEBELSOLAR,2026-08-26,78.27,19775.0,-1,NEUTRAL,28.2,-4.4186,33.54,102.75,95.72,,6.94,-0.057,1.55,0.87,67.85,95.63,1.67,RSI oversold rebound candidate; MACD weak; Trend strength acceptable,UNKNOWN,-26.72,-34.7,45.08,0.0,8.87,2,-2,0,-2,-2,VERY_HIGH,0,,,0,-3,-1.0,1.0,E,"Trend 2, Momentum -2, Volume 0, Liquidity -2 (0.0cr), VolRisk VERY_HIGH, Sector UNKNOWN 0",-1,-1,-1,NEUTRAL,News 0; event caution 0; risk LOW; type ; confidence ; reason . ,-3,HIGH,RISK_OFF,Nifty 20D return -5.771924924783489; 60D return -6.141522169043611; India VIX latest; 20D change 27.715355370472096; USDINR 20D change 0.8995466772440563; Crude 20D change 4.302699067276294,-4.0,SELL/AVOID,-1,-5.0,SELL/AVOID,"Tech -1 | News 0 (, ) | Event caution 0 | Macro -3 | Sector 0 | Analytics -1 (E) | Risk LOW/HIGH | Analytics: Trend 2, Momentum -2, Volume 0, Liquidity -2 (0.0cr), VolRisk VERY_HIGH, Sector UNKNOWN 0",0,0,LOW,,,,,,,0,0,,,0,,0,70.3,HIGH,-2.97,SELL/AVOID,"AI overlay from completed recommendation outcomes; use as probability/risk input, not standalone advice."
APOLLOTYRE,2026-09-29,406.75,86708.0,1,NEUTRAL,42.62,-2.8478,14.43,421.64,429.25,,15.13,0.309,31.61,2.45,384.05,444.59,1.67,RSI in swing zone; MACD weak; Weak trend; Bollinger position healthy; Volume expansion,AUTO_ANC,1.04,-8.6,3.43,0.0,3.72,0,0,2,-2,0,MEDIUM,-3,14.3,-1.07,-2,-2,-1.05,1.25,E,"Trend 0, Momentum 0, Volume 2, Liquidity -2 (0.0cr), VolRisk MEDIUM, Sector AUTO_ANC -3",1,1,1,NEUTRAL,News 0; event caution 0; risk LOW; type ; confidence ; reason . ,-3,HIGH,RISK_OFF,Nifty 20D return -5.771924924783489; 60D return -6.141522169043611; India VIX latest; 20D change 27.715355370472096; USDINR 20D change 0.8995466772440563; Crude 20D change 4.302699067276294,-4.0,SELL/AVOID,1,-5.05,SELL/AVOID,"Tech 1 | News 0 (, ) | Event caution 0 | Macro -3 | Sector -2 | Analytics -1.05 (E) | Risk LOW/HIGH | Analytics: Trend 0, Momentum 0, Volume 2, Liquidity -2 (0.0cr), VolRisk MEDIUM, Sector AUTO_ANC -3",0,0,LOW,,,,,,,0,0,,,0,,0,62.7,MEDIUM,-3.78,SELL/AVOID,"AI overlay from completed recommendation outcomes; use as probability/risk input, not standalone advice."
MFSL,2026-09-29,1392.4,62576.0,-2,NEUTRAL,35.68,-9.9948,25.08,1490.88,1520.81,1613.87,56.09,0.037,13.94,1.04,1308.27,1532.62,1.67,MACD weak; Trend strength acceptable,UNKNOWN,-10.41,-10.07,-11.78,0.0,4.03,1,0,0,-2,0,MEDIUM,0,,,0,-2,-0.05,1.5,E,"Trend 1, Momentum 0, Volume 0, Liquidity -2 (0.0cr), VolRisk MEDIUM, Sector UNKNOWN 0",-2,-2,-2,NEUTRAL,News 0; event caution 0; risk LOW; type ; confidence ; reason . ,-3,HIGH,RISK_OFF,Nifty 20D return -5.771924924783489; 60D return -6.141522169043611; India VIX latest; 20D change 27.715355370472096; USDINR 20D change 0.8995466772440563; Crude 20D change 4.302699067276294,-5.0,SELL/AVOID,-2,-5.05,SELL/AVOID,"Tech -2 | News 0 (, ) | Event caution 0 | Macro -3 | Sector 0 | Analytics -0.05 (E) | Risk LOW/HIGH | Analytics: Trend 1, Momentum 0, Volume 0, Liquidity -2 (0.0cr), VolRisk MEDIUM, Sector UNKNOWN 0",0,0,LOW,,,,,,,0,0,,,0,,0,73.5,HIGH,-2.7,SELL/AVOID,"AI overlay from completed recommendation outcomes; use as probability/risk input, not standalone advice."
SBISILVER,2026-06-29,213.16,22801.0,-2,NEUTRAL,39.24,-2.9842,20.52,232.61,240.46,,13.36,0.262,6.61,0.88,193.12,246.56,1.67,MACD weak; Bollinger position healthy,UNKNOWN,-6.01,8.65,-25.16,0.0,6.27,1,1,0,-2,-1,HIGH,0,,,0,-3,-0.05,1.0,E,"Trend 1, Momentum 1, Volume 0, Liquidity -2 (0.0cr), VolRisk HIGH, Sector UNKNOWN 0",-2,-2,-2,NEUTRAL,News 0; event caution 0; risk LOW; type ; confidence ; reason . ,-3,HIGH,RISK_OFF,Nifty 20D return -5.771924924783489; 60D return -6.141522169043611; India VIX latest; 20D change 27.715355370472096; USDINR 20D change 0.8995466772440563; Crude 20D change 4.302699067276294,-5.0,SELL/AVOID,-2,-5.05,SELL/AVOID,"Tech -2 | News 0 (, ) | Event caution 0 | Macro -3 | Sector 0 | Analytics -0.05 (E) | Risk LOW/HIGH | Analytics: Trend 1, Momentum 1, Volume 0, Liquidity -2 (0.0cr), VolRisk HIGH, Sector UNKNOWN 0",0,0,LOW,,,,,,,0,0,,,0,,0,63.9,MEDIUM,-3.66,SELL/AVOID,"AI overlay from completed recommendation outcomes; use as probability/risk input, not standalone advice."
HDFCLIFE,2026-09-29,523.55,63711.0,1,NEUTRAL,41.6,-1.6573,24.98,536.33,540.29,592.9,15.53,0.282,17.88,0.89,500.26,562.36,1.67,RSI in swing zone; MACD weak; Trend strength acceptable; Bollinger position healthy,FINANCIALS,-6.76,-4.18,-6.68,0.0,2.97,1,0,0,-2,0,MEDIUM,-3,22.7,-2.14,-2,-2,-1.1,1.25,E,"Trend 1, Momentum 0, Volume 0, Liquidity -2 (0.0cr), VolRisk MEDIUM, Sector FINANCIALS -3",1,1,1,NEUTRAL,News 0; event caution 0; risk LOW; type ; confidence ; reason . ,-3,HIGH,RISK_OFF,Nifty 20D return -5.771924924783489; 60D return -6.141522169043611; India VIX latest; 20D change 27.715355370472096; USDINR 20D change 0.8995466772440563; Crude 20D change 4.302699067276294,-4.0,SELL/AVOID,1,-5.1,SELL/AVOID,"Tech 1 | News 0 (, ) | Event caution 0 | Macro -3 | Sector -2 | Analytics -1.1 (E) | Risk LOW/HIGH | Analytics: Trend 1, Momentum 0, Volume 0, Liquidity -2 (0.0cr), VolRisk MEDIUM, Sector FINANCIALS -3",0,0,LOW,,,,,,,0,0,,,0,,0,66.1,HIGH,-3.49,SELL/AVOID,"AI overlay from completed recommendation outcomes; use as probability/risk input, not standalone advice."
PERSISTENT,2026-09-28,5328.5,27171.0,1,NEUTRAL,41.7,-14.9452,14.74,5442.32,5534.24,5152.38,143.44,0.212,24.61,0.87,5113.34,5687.1,1.67,RSI in swing zone; MACD weak; Weak trend; Long-term trend positive; Bollinger position healthy,IT,-0.7,-5.57,2.79,0.0,2.69,1,0,0,-2,0,MEDIUM,-3,8.3,-6.57,-2,-2,-1.1,1.25,E,"Trend 1, Momentum 0, Volume 0, Liquidity -2 (0.0cr), VolRisk MEDIUM, Sector IT -3",1,1,1,NEUTRAL,News 0; event caution 0; risk LOW; type ; confidence ; reason . ,-3,HIGH,RISK_OFF,Nifty 20D return -5.771924924783489; 60D return -6.141522169043611; India VIX latest; 20D change 27.715355370472096; USDINR 20D change 0.8995466772440563; Crude 20D change 4.302699067276294,-4.0,SELL/AVOID,1,-5.1,SELL/AVOID,"Tech 1 | News 0 (, ) | Event caution 0 | Macro -3 | Sector -2 | Analytics -1.1 (E) | Risk LOW/HIGH | Analytics: Trend 1, Momentum 0, Volume 0, Liquidity -2 (0.0cr), VolRisk MEDIUM, Sector IT -3",0,0,LOW,,,,,,,0,0,,,0,,0,64.9,MEDIUM,-3.61,SELL/AVOID,"AI overlay from completed recommendation outcomes; use as probability/risk input, not standalone advice."
AGIIL,2026-09-28,271.6,32802.0,-1,NEUTRAL,17.98,-5.2448,44.4,322.3,356.47,,21.7,0.101,15.08,0.98,239.06,325.84,1.67,RSI oversold rebound candidate; MACD weak; Trend strength acceptable,UNKNOWN,-6.75,-26.64,-12.09,0.0,7.99,1,-2,0,-2,-1,HIGH,0,,,0,-3,-1.1,1.0,E,"Trend 1, Momentum -2, Volume 0, Liquidity -2 (0.0cr), VolRisk HIGH, Sector UNKNOWN 0",-1,-1,-1,NEUTRAL,News 0; event caution 0; risk LOW; type ; confidence ; reason . ,-3,HIGH,RISK_OFF,Nifty 20D return -5.771924924783489; 60D return -6.141522169043611; India VIX latest; 20D change 27.715355370472096; USDINR 20D change 0.8995466772440563; Crude 20D change 4.302699067276294,-4.0,SELL/AVOID,-1,-5.1,SELL/AVOID,"Tech -1 | News 0 (, ) | Event caution 0 | Macro -3 | Sector 0 | Analytics -1.1 (E) | Risk LOW/HIGH | Analytics: Trend 1, Momentum -2, Volume 0, Liquidity -2 (0.0cr), VolRisk HIGH, Sector UNKNOWN 0",0,0,LOW,,,,,,,0,0,,,0,,0,67.8,HIGH,-3.32,SELL/AVOID,"AI overlay from completed recommendation outcomes; use as probability/risk input, not standalone advice."
TRIVENI,2026-09-29,239.15,29176.0,-1,NEUTRAL,32.14,-2.0636,30.18,271.01,353.87,,22.64,0.157,12.12,0.95,205.19,295.75,1.67,RSI oversold rebound candidate; MACD weak; Trend strength acceptable,UNKNOWN,-15.38,-49.28,,0.0,9.47,1,-1,0,-2,-2,VERY_HIGH,0,,,0,-3,-1.1,1.0,E,"Trend 1, Momentum -1, Volume 0, Liquidity -2 (0.0cr), VolRisk VERY_HIGH, Sector UNKNOWN 0",-1,-1,-1,NEUTRAL,News 0; event caution 0; risk LOW; type ; confidence ; reason . ,-3,HIGH,RISK_OFF,Nifty 20D return -5.771924924783489; 60D return -6.141522169043611; India VIX latest; 20D change 27.715355370472096; USDINR 20D change 0.8995466772440563; Crude 20D change 4.302699067276294,-4.0,SELL/AVOID,-1,-5.1,SELL/AVOID,"Tech -1 | News 0 (, ) | Event caution 0 | Macro -3 | Sector 0 | Analytics -1.1 (E) | Risk LOW/HIGH | Analytics: Trend 1, Momentum -1, Volume 0, Liquidity -2 (0.0cr), VolRisk VERY_HIGH, Sector UNKNOWN 0",0,0,LOW,,,,,,,0,0,,,0,,0,71.8,HIGH,-2.92,SELL/AVOID,"AI overlay from completed recommendation outcomes; use as probability/risk input, not standalone advice."
ASHAPURMIN,2026-09-09,550.6,28866.0,-1,NEUTRAL,29.46,-13.7704,30.09,656.46,667.47,,34.9,0.079,3.93,1.12,498.25,637.84,1.67,RSI oversold rebound candidate; MACD weak; Trend strength acceptable,UNKNOWN,-8.76,-18.82,5.45,0.0,6.34,1,-2,0,-2,-1,HIGH,0,,,0,-3,-1.1,1.0,E,"Trend 1, Momentum -2, Volume 0, Liquidity -2 (0.0cr), VolRisk HIGH, Sector UNKNOWN 0",-1,-1,-1,NEUTRAL,News 0; event caution 0; risk LOW; type ; confidence ; reason . ,-3,HIGH,RISK_OFF,Nifty 20D return -5.771924924783489; 60D return -6.141522169043611; India VIX latest; 20D change 27.715355370472096; USDINR 20D change 0.8995466772440563; Crude 20D change 4.302699067276294,-4.0,SELL/AVOID,-1,-5.1,SELL/AVOID,"Tech -1 | News 0 (, ) | Event caution 0 | Macro -3 | Sector 0 | Analytics -1.1 (E) | Risk LOW/HIGH | Analytics: Trend 1, Momentum -2, Volume 0, Liquidity -2 (0.0cr), VolRisk HIGH, Sector UNKNOWN 0",0,0,LOW,,,,,,,0,0,,,0,,0,71.7,HIGH,-2.93,SELL/AVOID,"AI overlay from completed recommendation outcomes; use as probability/risk input, not standalone advice."
SEPC,2026-08-30,5.56,24068.0,-1,NEUTRAL,31.88,-0.1186,26.9,6.56,6.84,,0.59,0.059,18.11,0.68,4.67,7.04,1.66,RSI oversold rebound candidate; MACD weak; Trend strength acceptable,UNKNOWN,-14.98,-20.57,,0.0,10.65,1,-1,0,-2,-2,VERY_HIGH,0,,,0,-3,-1.1,1.0,E,"Trend 1, Momentum -1, Volume 0, Liquidity -2 (0.0cr), VolRisk VERY_HIGH, Sector UNKNOWN 0",-1,-1,-1,NEUTRAL,News 0; event caution 0; risk LOW; type ; confidence ; reason . ,-3,HIGH,RISK_OFF,Nifty 20D return -5.771924924783489; 60D return -6.141522169043611; India VIX latest; 20D change 27.715355370472096; USDINR 20D change 0.8995466772440563; Crude 20D change 4.302699067276294,-4.0,SELL/AVOID,-1,-5.1,SELL/AVOID,"Tech -1 | News 0 (, ) | Event caution 0 | Macro -3 | Sector 0 | Analytics -1.1 (E) | Risk LOW/HIGH | Analytics: Trend 1, Momentum -1, Volume 0, Liquidity -2 (0.0cr), VolRisk VERY_HIGH, Sector UNKNOWN 0",0,0,LOW,,,,,,,0,0,,,0,,0,71.9,HIGH,-2.91,SELL/AVOID,"AI overlay from completed recommendation outcomes; use as probability/risk input, not standalone advice."
TATAINVEST,2026-09-28,644.45,22442.0,-1,NEUTRAL,42.16,-0.6698,18.0,676.15,691.4,,34.7,0.194,18.74,0.27,592.39,731.21,1.67,RSI in swing zone; MACD weak,UNKNOWN,-10.41,-7.11,11.67,0.0,5.39,0,0,-1,-2,-1,HIGH,0,,,0,-3,-1.1,1.0,E,"Trend 0, Momentum 0, Volume -1, Liquidity -2 (0.0cr), VolRisk HIGH, Sector UNKNOWN 0",-1,-1,-1,NEUTRAL,News 0; event caution 0; risk LOW; type ; confidence ; reason . ,-3,HIGH,RISK_OFF,Nifty 20D return -5.771924924783489; 60D return -6.141522169043611; India VIX latest; 20D change 27.715355370472096; USDINR 20D change 0.8995466772440563; Crude 20D change 4.302699067276294,-4.0,SELL/AVOID,-1,-5.1,SELL/AVOID,"Tech -1 | News 0 (, ) | Event caution 0 | Macro -3 | Sector 0 | Analytics -1.1 (E) | Risk LOW/HIGH | Analytics: Trend 0, Momentum 0, Volume -1, Liquidity -2 (0.0cr), VolRisk HIGH, Sector UNKNOWN 0",0,0,LOW,,,,,,,0,0,,,0,,0,69.9,HIGH,-3.11,SELL/AVOID,"AI overlay from completed recommendation outcomes; use as probability/risk input, not standalone advice."
VTL,2026-09-24,563.6,66153.0,-2,NEUTRAL,36.1,-10.341,20.82,621.85,600.58,,31.45,0.075,14.0,1.36,516.42,642.23,1.67,MACD weak; Volume expansion,UNKNOWN,-3.79,-10.77,5.13,0.0,5.58,1,0,1,-2,-1,HIGH,0,,,0,-3,-0.15,1.0,E,"Trend 1, Momentum 0, Volume 1, Liquidity -2 (0.0cr), VolRisk HIGH, Sector UNKNOWN 0",-2,-2,-2,NEUTRAL,News 0; event caution 0; risk LOW; type ; confidence ; reason . ,-3,HIGH,RISK_OFF,Nifty 20D return -5.771924924783489; 60D return -6.141522169043611; India VIX latest; 20D change 27.715355370472096; USDINR 20D change 0.8995466772440563; Crude 20D change 4.302699067276294,-5.0,SELL/AVOID,-2,-5.15,SELL/AVOID,"Tech -2 | News 0 (, ) | Event caution 0 | Macro -3 | Sector 0 | Analytics -0.15 (E) | Risk LOW/HIGH | Analytics: Trend 1, Momentum 0, Volume 1, Liquidity -2 (0.0cr), VolRisk HIGH, Sector UNKNOWN 0",0,0,LOW,,,,,,,0,0,,,0,,0,71.7,HIGH,-2.98,SELL/AVOID,"AI overlay from completed recommendation outcomes; use as probability/risk input, not standalone advice."
SBFC,2026-09-29,84.46,39087.0,-2,NEUTRAL,38.81,-0.1599,20.8,94.42,92.14,,6.05,-0.108,4.09,1.22,75.38,99.59,1.67,MACD weak; Volume expansion,UNKNOWN,-6.32,-9.69,,0.0,7.16,1,0,1,-2,-1,HIGH,0,,,0,-3,-0.15,1.0,E,"Trend 1, Momentum 0, Volume 1, Liquidity -2 (0.0cr), VolRisk HIGH, Sector UNKNOWN 0",-2,-2,-2,NEUTRAL,News 0; event caution 0; risk LOW; type ; confidence ; reason . ,-3,HIGH,RISK_OFF,Nifty 20D return -5.771924924783489; 60D return -6.141522169043611; India VIX latest; 20D change 27.715355370472096; USDINR 20D change 0.8995466772440563; Crude 20D change 4.302699067276294,-5.0,SELL/AVOID,-2,-5.15,SELL/AVOID,"Tech -2 | News 0 (, ) | Event caution 0 | Macro -3 | Sector 0 | Analytics -0.15 (E) | Risk LOW/HIGH | Analytics: Trend 1, Momentum 0, Volume 1, Liquidity -2 (0.0cr), VolRisk HIGH, Sector UNKNOWN 0",0,0,LOW,,,,,,,0,0,,,0,,0,70.4,HIGH,-3.11,SELL/AVOID,"AI overlay from completed recommendation outcomes; use as probability/risk input, not standalone advice."
ABREL,2026-09-24,1211.8,36941.0,-2,NEUTRAL,35.34,-25.1577,20.6,1361.46,1302.85,,74.99,-0.019,7.49,1.39,1099.32,1399.27,1.67,MACD weak; Volume expansion,UNKNOWN,-11.99,-6.76,-2.89,0.0,6.19,1,0,1,-2,-1,HIGH,0,,,0,-3,-0.15,1.0,E,"Trend 1, Momentum 0, Volume 1, Liquidity -2 (0.0cr), VolRisk HIGH, Sector UNKNOWN 0",-2,-2,-2,NEUTRAL,News 0; event caution 0; risk LOW; type ; confidence ; reason . ,-3,HIGH,RISK_OFF,Nifty 20D return -5.771924924783489; 60D return -6.141522169043611; India VIX latest; 20D change 27.715355370472096; USDINR 20D change 0.8995466772440563; Crude 20D change 4.302699067276294,-5.0,SELL/AVOID,-2,-5.15,SELL/AVOID,"Tech -2 | News 0 (, ) | Event caution 0 | Macro -3 | Sector 0 | Analytics -0.15 (E) | Risk LOW/HIGH | Analytics: Trend 1, Momentum 0, Volume 1, Liquidity -2 (0.0cr), VolRisk HIGH, Sector UNKNOWN 0",0,0,LOW,,,,,,,0,0,,,0,,0,74.2,HIGH,-2.73,SELL/AVOID,"AI overlay from completed recommendation outcomes; use as probability/risk input, not standalone advice."
TRENT,2026-09-29,2635.0,74657.0,1,NEUTRAL,26.21,-12.513,40.97,2763.14,2875.88,3443.51,60.05,0.018,20.41,1.57,2544.92,2785.13,1.67,RSI oversold rebound candidate; MACD weak; Trend strength acceptable; Volume expansion,RETAIL,-5.01,-7.64,-8.97,0.0,2.28,1,-2,1,-2,1,LOW,-3,0.0,-0.35,-2,-1,-1.2,1.25,E,"Trend 1, Momentum -2, Volume 1, Liquidity -2 (0.0cr), VolRisk LOW, Sector RETAIL -3",1,1,1,NEUTRAL,News 0; event caution 0; risk LOW; type ; confidence ; reason . ,-3,HIGH,RISK_OFF,Nifty 20D return -5.771924924783489; 60D return -6.141522169043611; India VIX latest; 20D change 27.715355370472096; USDINR 20D change 0.8995466772440563; Crude 20D change 4.302699067276294,-4.0,SELL/AVOID,1,-5.2,SELL/AVOID,"Tech 1 | News 0 (, ) | Event caution 0 | Macro -3 | Sector -2 | Analytics -1.2 (E) | Risk LOW/HIGH | Analytics: Trend 1, Momentum -2, Volume 1, Liquidity -2 (0.0cr), VolRisk LOW, Sector RETAIL -3",0,0,LOW,,,,,,,0,0,,,0,,0,76.8,HIGH,-2.52,SELL/AVOID,"AI overlay from completed recommendation outcomes; use as probability/risk input, not standalone advice."
TATACAP,2026-09-29,331.35,59427.0,1,NEUTRAL,34.45,-2.4777,23.82,352.78,359.33,338.29,9.64,0.161,20.57,1.2,316.89,355.44,1.67,RSI oversold rebound candidate; MACD weak; Trend strength acceptable; Volume expansion,FINANCIALS,-5.34,-11.8,-8.11,0.0,2.91,1,-1,1,-2,0,MEDIUM,-3,22.7,-2.14,-2,-2,-1.2,1.25,E,"Trend 1, Momentum -1, Volume 1, Liquidity -2 (0.0cr), VolRisk MEDIUM, Sector FINANCIALS -3",1,1,1,NEUTRAL,News 0; event caution 0; risk LOW; type ; confidence ; reason . ,-3,HIGH,RISK_OFF,Nifty 20D return -5.771924924783489; 60D return -6.141522169043611; India VIX latest; 20D change 27.715355370472096; USDINR 20D change 0.8995466772440563; Crude 20D change 4.302699067276294,-4.0,SELL/AVOID,1,-5.2,SELL/AVOID,"Tech 1 | News 0 (, ) | Event caution 0 | Macro -3 | Sector -2 | Analytics -1.2 (E) | Risk LOW/HIGH | Analytics: Trend 1, Momentum -1, Volume 1, Liquidity -2 (0.0cr), VolRisk MEDIUM, Sector FINANCIALS -3",0,0,LOW,,,,,,,0,0,,,0,,0,69.4,HIGH,-3.26,SELL/AVOID,"AI overlay from completed recommendation outcomes; use as probability/risk input, not standalone advice."
NH,2026-09-29,1789.9,56107.0,-2,NEUTRAL,38.37,-3.1577,18.28,1890.69,1895.36,,58.59,-0.176,16.15,1.93,1702.02,1936.37,1.67,MACD weak; Volume expansion,UNKNOWN,-5.54,-5.98,-10.63,0.0,3.27,0,0,1,-2,0,MEDIUM,0,,,0,-2,-0.25,1.5,E,"Trend 0, Momentum 0, Volume 1, Liquidity -2 (0.0cr), VolRisk MEDIUM, Sector UNKNOWN 0",-2,-2,-2,NEUTRAL,News 0; event caution 0; risk LOW; type ; confidence ; reason . ,-3,HIGH,RISK_OFF,Nifty 20D return -5.771924924783489; 60D return -6.141522169043611; India VIX latest; 20D change 27.715355370472096; USDINR 20D change 0.8995466772440563; Crude 20D change 4.302699067276294,-5.0,SELL/AVOID,-2,-5.25,SELL/AVOID,"Tech -2 | News 0 (, ) | Event caution 0 | Macro -3 | Sector 0 | Analytics -0.25 (E) | Risk LOW/HIGH | Analytics: Trend 0, Momentum 0, Volume 1, Liquidity -2 (0.0cr), VolRisk MEDIUM, Sector UNKNOWN 0",0,0,LOW,,,,,,,0,0,,,0,,0,76.0,HIGH,-2.65,SELL/AVOID,"AI overlay from completed recommendation outcomes; use as probability/risk input, not standalone advice."
HDFCGOLD,2026-06-28,118.55,30356.0,-2,NEUTRAL,38.24,-0.8734,21.04,125.28,128.36,,4.0,0.078,3.77,1.25,112.55,128.56,1.67,MACD weak; Volume expansion,UNKNOWN,-4.23,-4.99,-6.36,0.0,3.38,0,0,1,-2,0,MEDIUM,0,,,0,-2,-0.25,1.5,E,"Trend 0, Momentum 0, Volume 1, Liquidity -2 (0.0cr), VolRisk MEDIUM, Sector UNKNOWN 0",-2,-2,-2,NEUTRAL,News 0; event caution 0; risk LOW; type ; confidence ; reason . ,-3,HIGH,RISK_OFF,Nifty 20D return -5.771924924783489; 60D return -6.141522169043611; India VIX latest; 20D change 27.715355370472096; USDINR 20D change 0.8995466772440563; Crude 20D change 4.302699067276294,-5.0,SELL/AVOID,-2,-5.25,SELL/AVOID,"Tech -2 | News 0 (, ) | Event caution 0 | Macro -3 | Sector 0 | Analytics -0.25 (E) | Risk LOW/HIGH | Analytics: Trend 0, Momentum 0, Volume 1, Liquidity -2 (0.0cr), VolRisk MEDIUM, Sector UNKNOWN 0",0,0,LOW,,,,,,,0,0,,,0,,0,77.1,HIGH,-2.54,SELL/AVOID,"AI overlay from completed recommendation outcomes; use as probability/risk input, not standalone advice."
MAXHEALTH,2026-09-29,982.1,47114.0,-1,NEUTRAL,34.17,-5.7936,23.51,1030.2,1025.72,1033.46,25.35,-0.004,3.31,1.06,944.08,1045.46,1.67,RSI oversold rebound candidate; MACD weak; Trend strength acceptable,HEALTHCARE,-7.34,-0.27,-10.75,0.0,2.58,2,-1,0,-2,0,MEDIUM,-1,25.0,4.4,-1,-2,-0.3,1.25,E,"Trend 2, Momentum -1, Volume 0, Liquidity -2 (0.0cr), VolRisk MEDIUM, Sector HEALTHCARE -1",-1,-1,-1,NEUTRAL,News 0; event caution 0; risk LOW; type ; confidence ; reason . ,-3,HIGH,RISK_OFF,Nifty 20D return -5.771924924783489; 60D return -6.141522169043611; India VIX latest; 20D change 27.715355370472096; USDINR 20D change 0.8995466772440563; Crude 20D change 4.302699067276294,-5.0,SELL/AVOID,-1,-5.3,SELL/AVOID,"Tech -1 | News 0 (, ) | Event caution 0 | Macro -3 | Sector -1 | Analytics -0.3 (E) | Risk LOW/HIGH | Analytics: Trend 2, Momentum -1, Volume 0, Liquidity -2 (0.0cr), VolRisk MEDIUM, Sector HEALTHCARE -1",0,0,LOW,,,,,,,0,0,,,0,,0,80.4,HIGH,-2.26,SELL/AVOID,"AI overlay from completed recommendation outcomes; use as probability/risk input, not standalone advice."
SHARDACROP,2026-08-26,795.8,22794.0,-1,NEUTRAL,32.11,-17.9649,26.05,967.41,1002.99,,70.12,0.121,5.86,0.5,690.62,971.11,1.67,RSI oversold rebound candidate; MACD weak; Trend strength acceptable,UNKNOWN,-13.81,-25.82,-29.94,0.0,8.81,1,-1,-1,-2,-2,VERY_HIGH,0,,,0,-3,-1.35,1.0,E,"Trend 1, Momentum -1, Volume -1, Liquidity -2 (0.0cr), VolRisk VERY_HIGH, Sector UNKNOWN 0",-1,-1,-1,NEUTRAL,News 0; event caution 0; risk LOW; type ; confidence ; reason . ,-3,HIGH,RISK_OFF,Nifty 20D return -5.771924924783489; 60D return -6.141522169043611; India VIX latest; 20D change 27.715355370472096; USDINR 20D change 0.8995466772440563; Crude 20D change 4.302699067276294,-4.0,SELL/AVOID,-1,-5.35,SELL/AVOID,"Tech -1 | News 0 (, ) | Event caution 0 | Macro -3 | Sector 0 | Analytics -1.35 (E) | Risk LOW/HIGH | Analytics: Trend 1, Momentum -1, Volume -1, Liquidity -2 (0.0cr), VolRisk VERY_HIGH, Sector UNKNOWN 0",0,0,LOW,,,,,,,0,0,,,0,,0,66.3,HIGH,-3.72,SELL/AVOID,"AI overlay from completed recommendation outcomes; use as probability/risk input, not standalone advice."
SHAKTIPUMP,2026-09-17,464.1,22070.0,-1,NEUTRAL,25.97,-9.1403,25.68,534.59,536.43,,23.93,0.078,7.84,0.43,428.2,523.93,1.67,RSI oversold rebound candidate; MACD weak; Trend strength acceptable,UNKNOWN,-7.77,-20.11,-17.87,0.0,5.16,1,-2,-1,-2,-1,HIGH,0,,,0,-3,-1.35,1.0,E,"Trend 1, Momentum -2, Volume -1, Liquidity -2 (0.0cr), VolRisk HIGH, Sector UNKNOWN 0",-1,-1,-1,NEUTRAL,News 0; event caution 0; risk LOW; type ; confidence ; reason . ,-3,HIGH,RISK_OFF,Nifty 20D return -5.771924924783489; 60D return -6.141522169043611; India VIX latest; 20D change 27.715355370472096; USDINR 20D change 0.8995466772440563; Crude 20D change 4.302699067276294,-4.0,SELL/AVOID,-1,-5.35,SELL/AVOID,"Tech -1 | News 0 (, ) | Event caution 0 | Macro -3 | Sector 0 | Analytics -1.35 (E) | Risk LOW/HIGH | Analytics: Trend 1, Momentum -2, Volume -1, Liquidity -2 (0.0cr), VolRisk HIGH, Sector UNKNOWN 0",0,0,LOW,,,,,,,0,0,,,0,,0,71.3,HIGH,-3.22,SELL/AVOID,"AI overlay from completed recommendation outcomes; use as probability/risk input, not standalone advice."
HAPPSTMNDS,2026-09-22,313.4,20690.0,-1,NEUTRAL,21.96,-5.6093,35.79,370.52,386.21,,16.41,0.173,1.83,0.43,288.78,354.44,1.67,RSI oversold rebound candidate; MACD weak; Trend strength acceptable,UNKNOWN,-5.72,-29.5,-10.67,0.0,5.24,1,-2,-1,-2,-1,HIGH,0,,,0,-3,-1.35,1.0,E,"Trend 1, Momentum -2, Volume -1, Liquidity -2 (0.0cr), VolRisk HIGH, Sector UNKNOWN 0",-1,-1,-1,NEUTRAL,News 0; event caution 0; risk LOW; type ; confidence ; reason . ,-3,HIGH,RISK_OFF,Nifty 20D return -5.771924924783489; 60D return -6.141522169043611; India VIX latest; 20D change 27.715355370472096; USDINR 20D change 0.8995466772440563; Crude 20D change 4.302699067276294,-4.0,SELL/AVOID,-1,-5.35,SELL/AVOID,"Tech -1 | News 0 (, ) | Event caution 0 | Macro -3 | Sector 0 | Analytics -1.35 (E) | Risk LOW/HIGH | Analytics: Trend 1, Momentum -2, Volume -1, Liquidity -2 (0.0cr), VolRisk HIGH, Sector UNKNOWN 0",0,0,LOW,,,,,,,0,0,,,0,,0,70.2,HIGH,-3.33,SELL/AVOID,"AI overlay from completed recommendation outcomes; use as probability/risk input, not standalone advice."
ANGELONE,2026-09-29,273.5,37006.0,-2,NEUTRAL,30.93,-2.4505,21.57,295.4,293.55,471.19,8.79,-0.161,0.0,0.98,260.31,295.48,1.67,RSI oversold rebound candidate; MACD weak,UNKNOWN,-8.83,-8.77,-15.04,0.0,3.21,1,-1,0,-2,0,MEDIUM,0,,,0,-2,-0.4,1.5,E,"Trend 1, Momentum -1, Volume 0, Liquidity -2 (0.0cr), VolRisk MEDIUM, Sector UNKNOWN 0",-2,-2,-2,NEUTRAL,News 0; event caution 0; risk LOW; type ; confidence ; reason . ,-3,HIGH,RISK_OFF,Nifty 20D return -5.771924924783489; 60D return -6.141522169043611; India VIX latest; 20D change 27.715355370472096; USDINR 20D change 0.8995466772440563; Crude 20D change 4.302699067276294,-5.0,SELL/AVOID,-2,-5.4,SELL/AVOID,"Tech -2 | News 0 (, ) | Event caution 0 | Macro -3 | Sector 0 | Analytics -0.4 (E) | Risk LOW/HIGH | Analytics: Trend 1, Momentum -1, Volume 0, Liquidity -2 (0.0cr), VolRisk MEDIUM, Sector UNKNOWN 0",0,0,LOW,,,,,,,0,0,,,0,,0,74.1,HIGH,-2.99,SELL/AVOID,"AI overlay from completed recommendation outcomes; use as probability/risk input, not standalone advice."
HCC,2026-09-28,20.55,21769.0,-2,NEUTRAL,34.32,-0.2338,19.8,22.39,22.03,,0.92,0.029,1.39,0.8,19.18,22.84,1.67,RSI oversold rebound candidate; MACD weak,UNKNOWN,-4.68,-13.76,-16.46,0.0,4.46,1,-1,0,-2,0,MEDIUM,0,,,0,-2,-0.4,1.5,E,"Trend 1, Momentum -1, Volume 0, Liquidity -2 (0.0cr), VolRisk MEDIUM, Sector UNKNOWN 0",-2,-2,-2,NEUTRAL,News 0; event caution 0; risk LOW; type ; confidence ; reason . ,-3,HIGH,RISK_OFF,Nifty 20D return -5.771924924783489; 60D return -6.141522169043611; India VIX latest; 20D change 27.715355370472096; USDINR 20D change 0.8995466772440563; Crude 20D change 4.302699067276294,-5.0,SELL/AVOID,-2,-5.4,SELL/AVOID,"Tech -2 | News 0 (, ) | Event caution 0 | Macro -3 | Sector 0 | Analytics -0.4 (E) | Risk LOW/HIGH | Analytics: Trend 1, Momentum -1, Volume 0, Liquidity -2 (0.0cr), VolRisk MEDIUM, Sector UNKNOWN 0",0,0,LOW,,,,,,,0,0,,,0,,0,71.1,HIGH,-3.29,SELL/AVOID,"AI overlay from completed recommendation outcomes; use as probability/risk input, not standalone advice."
BHARTIARTL,2026-09-29,1771.2,236952.0,0,NEUTRAL,34.51,-5.0164,29.69,1826.14,1884.46,1876.51,30.51,0.088,7.01,1.74,1725.43,1847.48,1.67,RSI oversold rebound candidate; MACD weak; Trend strength acceptable; Volume expansion,TELECOM,-3.38,-3.74,-9.09,0.01,1.72,1,-1,1,-2,1,LOW,-2,0.0,1.4,-2,-1,-0.5,1.25,E,"Trend 1, Momentum -1, Volume 1, Liquidity -2 (0.01cr), VolRisk LOW, Sector TELECOM -2",0,0,0,NEUTRAL,News 0; event caution 0; risk LOW; type ; confidence ; reason . ,-3,HIGH,RISK_OFF,Nifty 20D return -5.771924924783489; 60D return -6.141522169043611; India VIX latest; 20D change 27.715355370472096; USDINR 20D change 0.8995466772440563; Crude 20D change 4.302699067276294,-5.0,SELL/AVOID,0,-5.5,SELL/AVOID,"Tech 0 | News 0 (, ) | Event caution 0 | Macro -3 | Sector -2 | Analytics -0.5 (E) | Risk LOW/HIGH | Analytics: Trend 1, Momentum -1, Volume 1, Liquidity -2 (0.01cr), VolRisk LOW, Sector TELECOM -2",0,0,LOW,,,,,,,0,0,,,0,,0,77.2,HIGH,-2.78,SELL/AVOID,"AI overlay from completed recommendation outcomes; use as probability/risk input, not standalone advice."
NTPC,2026-09-29,323.5,126542.0,0,NEUTRAL,38.3,-0.1622,34.67,328.52,334.03,363.16,5.15,0.194,31.82,1.72,315.77,336.38,1.67,MACD weak; Trend strength acceptable; Volume expansion,POWER,-0.77,-2.71,-7.19,0.0,1.59,1,0,1,-2,1,LOW,-3,18.2,-0.06,-2,-1,-0.5,1.25,E,"Trend 1, Momentum 0, Volume 1, Liquidity -2 (0.0cr), VolRisk LOW, Sector POWER -3",0,0,0,NEUTRAL,News 0; event caution 0; risk LOW; type ; confidence ; reason . ,-3,HIGH,RISK_OFF,Nifty 20D return -5.771924924783489; 60D return -6.141522169043611; India VIX latest; 20D change 27.715355370472096; USDINR 20D change 0.8995466772440563; Crude 20D change 4.302699067276294,-5.0,SELL/AVOID,0,-5.5,SELL/AVOID,"Tech 0 | News 0 (, ) | Event caution 0 | Macro -3 | Sector -2 | Analytics -0.5 (E) | Risk LOW/HIGH | Analytics: Trend 1, Momentum 0, Volume 1, Liquidity -2 (0.0cr), VolRisk LOW, Sector POWER -3",0,0,LOW,,,,,,,0,0,,,0,,0,79.2,HIGH,-2.58,SELL/AVOID,"AI overlay from completed recommendation outcomes; use as probability/risk input, not standalone advice."
IOC,2026-09-29,131.33,84956.0,0,NEUTRAL,34.3,-0.2414,23.33,135.26,137.63,145.15,2.39,-0.073,3.74,1.67,127.75,137.29,1.66,RSI oversold rebound candidate; MACD weak; Trend strength acceptable; Volume expansion,OIL_GAS,-4.94,-4.56,-8.35,0.0,1.82,1,-1,1,-2,1,LOW,-2,0.0,1.4,-2,-1,-0.5,1.25,E,"Trend 1, Momentum -1, Volume 1, Liquidity -2 (0.0cr), VolRisk LOW, Sector OIL_GAS -2",0,0,0,NEUTRAL,News 0; event caution 0; risk LOW; type ; confidence ; reason . ,-3,HIGH,RISK_OFF,Nifty 20D return -5.771924924783489; 60D return -6.141522169043611; India VIX latest; 20D change 27.715355370472096; USDINR 20D change 0.8995466772440563; Crude 20D change 4.302699067276294,-5.0,SELL/AVOID,0,-5.5,SELL/AVOID,"Tech 0 | News 0 (, ) | Event caution 0 | Macro -3 | Sector -2 | Analytics -0.5 (E) | Risk LOW/HIGH | Analytics: Trend 1, Momentum -1, Volume 1, Liquidity -2 (0.0cr), VolRisk LOW, Sector OIL_GAS -2",0,0,LOW,,,,,,,0,0,,,0,,0,80.0,HIGH,-2.5,SELL/AVOID,"AI overlay from completed recommendation outcomes; use as probability/risk input, not standalone advice."
TATAGOLD,2026-09-29,14.19,68998.0,-2,NEUTRAL,33.49,-0.0557,16.49,14.66,14.77,14.6,0.23,-0.164,11.11,1.0,13.84,14.77,1.66,RSI oversold rebound candidate; MACD weak,UNKNOWN,-3.27,-5.02,2.6,0.0,1.62,0,-1,0,-2,1,LOW,0,,,0,-1,-0.5,1.5,E,"Trend 0, Momentum -1, Volume 0, Liquidity -2 (0.0cr), VolRisk LOW, Sector UNKNOWN 0",-2,-2,-2,NEUTRAL,News 0; event caution 0; risk LOW; type ; confidence ; reason . ,-3,HIGH,RISK_OFF,Nifty 20D return -5.771924924783489; 60D return -6.141522169043611; India VIX latest; 20D change 27.715355370472096; USDINR 20D change 0.8995466772440563; Crude 20D change 4.302699067276294,-5.0,SELL/AVOID,-2,-5.5,SELL/AVOID,"Tech -2 | News 0 (, ) | Event caution 0 | Macro -3 | Sector 0 | Analytics -0.5 (E) | Risk LOW/HIGH | Analytics: Trend 0, Momentum -1, Volume 0, Liquidity -2 (0.0cr), VolRisk LOW, Sector UNKNOWN 0",0,0,LOW,,,,,,,0,0,,,0,,0,89.3,HIGH,-1.57,SELL/AVOID,"AI overlay from completed recommendation outcomes; use as probability/risk input, not standalone advice."
TATAELXSI,2026-09-29,3211.7,35164.0,1,NEUTRAL,29.9,-27.8951,31.14,3481.86,3573.85,,104.26,0.225,15.91,1.27,3055.31,3472.35,1.67,RSI oversold rebound candidate; MACD weak; Trend strength acceptable; Bollinger position healthy; Volume expansion,IT,-2.29,-12.56,-24.56,0.0,3.25,1,-2,1,-2,0,MEDIUM,-3,8.3,-6.57,-2,-2,-1.55,1.25,E,"Trend 1, Momentum -2, Volume 1, Liquidity -2 (0.0cr), VolRisk MEDIUM, Sector IT -3",1,1,1,NEUTRAL,News 0; event caution 0; risk LOW; type ; confidence ; reason . ,-3,HIGH,RISK_OFF,Nifty 20D return -5.771924924783489; 60D return -6.141522169043611; India VIX latest; 20D change 27.715355370472096; USDINR 20D change 0.8995466772440563; Crude 20D change 4.302699067276294,-4.0,SELL/AVOID,1,-5.55,SELL/AVOID,"Tech 1 | News 0 (, ) | Event caution 0 | Macro -3 | Sector -2 | Analytics -1.55 (E) | Risk LOW/HIGH | Analytics: Trend 1, Momentum -2, Volume 1, Liquidity -2 (0.0cr), VolRisk MEDIUM, Sector IT -3",0,0,LOW,,,,,,,0,0,,,0,,0,63.0,MEDIUM,-4.25,SELL/AVOID,"AI overlay from completed recommendation outcomes; use as probability/risk input, not standalone advice."
HONASA,2026-09-29,441.65,88358.0,-3,SELL/AVOID,35.6,-2.2675,14.56,471.07,470.94,,17.68,-0.321,4.46,3.08,415.13,485.85,1.67,MACD weak; Weak trend; Volume expansion,UNKNOWN,-7.9,-8.16,-6.45,0.0,4.0,1,0,2,-2,0,MEDIUM,0,,,0,-2,0.45,1.5,E,"Trend 1, Momentum 0, Volume 2, Liquidity -2 (0.0cr), VolRisk MEDIUM, Sector UNKNOWN 0",-3,-3,-3,SELL/AVOID,News 0; event caution 0; risk LOW; type ; confidence ; reason . ,-3,HIGH,RISK_OFF,Nifty 20D return -5.771924924783489; 60D return -6.141522169043611; India VIX latest; 20D change 27.715355370472096; USDINR 20D change 0.8995466772440563; Crude 20D change 4.302699067276294,-6.0,SELL/AVOID,-3,-5.55,SELL/AVOID,"Tech -3 | News 0 (, ) | Event caution 0 | Macro -3 | Sector 0 | Analytics 0.45 (E) | Risk LOW/HIGH | Analytics: Trend 1, Momentum 0, Volume 2, Liquidity -2 (0.0cr), VolRisk MEDIUM, Sector UNKNOWN 0",0,0,LOW,,,,,,,0,0,,,0,,0,69.2,HIGH,-3.63,SELL/AVOID,"AI overlay from completed recommendation outcomes; use as probability/risk input, not standalone advice."
SHRIRAMFIN,2026-09-29,971.5,225808.0,0,NEUTRAL,30.4,-0.8759,35.04,1007.36,1065.92,1013.46,22.96,0.083,4.68,2.4,937.05,1028.91,1.67,RSI oversold rebound candidate; MACD weak; Trend strength acceptable; Volume expansion,NBFC,-3.89,-6.68,-8.48,0.0,2.36,1,-1,2,-2,1,LOW,-3,0.0,-3.02,-2,-1,-0.6,1.25,E,"Trend 1, Momentum -1, Volume 2, Liquidity -2 (0.0cr), VolRisk LOW, Sector NBFC -3",0,0,0,NEUTRAL,News 0; event caution 0; risk LOW; type ; confidence ; reason . ,-3,HIGH,RISK_OFF,Nifty 20D return -5.771924924783489; 60D return -6.141522169043611; India VIX latest; 20D change 27.715355370472096; USDINR 20D change 0.8995466772440563; Crude 20D change 4.302699067276294,-5.0,SELL/AVOID,0,-5.6,SELL/AVOID,"Tech 0 | News 0 (, ) | Event caution 0 | Macro -3 | Sector -2 | Analytics -0.6 (E) | Risk LOW/HIGH | Analytics: Trend 1, Momentum -1, Volume 2, Liquidity -2 (0.0cr), VolRisk LOW, Sector NBFC -3",0,0,LOW,,,,,,,0,0,,,0,,0,79.8,HIGH,-2.62,SELL/AVOID,"AI overlay from completed recommendation outcomes; use as probability/risk input, not standalone advice."
SONATSOFTW,2026-09-29,260.85,38984.0,-2,NEUTRAL,37.41,-3.5286,19.88,293.93,300.09,,16.91,0.153,5.05,1.21,235.49,303.12,1.67,MACD weak; Volume expansion,UNKNOWN,-1.88,-22.71,2.28,0.0,6.48,0,0,1,-2,-1,HIGH,0,,,0,-3,-0.6,1.0,E,"Trend 0, Momentum 0, Volume 1, Liquidity -2 (0.0cr), VolRisk HIGH, Sector UNKNOWN 0",-2,-2,-2,NEUTRAL,News 0; event caution 0; risk LOW; type ; confidence ; reason . ,-3,HIGH,RISK_OFF,Nifty 20D return -5.771924924783489; 60D return -6.141522169043611; India VIX latest; 20D change 27.715355370472096; USDINR 20D change 0.8995466772440563; Crude 20D change 4.302699067276294,-5.0,SELL/AVOID,-2,-5.6,SELL/AVOID,"Tech -2 | News 0 (, ) | Event caution 0 | Macro -3 | Sector 0 | Analytics -0.6 (E) | Risk LOW/HIGH | Analytics: Trend 0, Momentum 0, Volume 1, Liquidity -2 (0.0cr), VolRisk HIGH, Sector UNKNOWN 0",0,0,LOW,,,,,,,0,0,,,0,,0,71.0,HIGH,-3.5,SELL/AVOID,"AI overlay from completed recommendation outcomes; use as probability/risk input, not standalone advice."
EMMVEE,2026-09-29,314.55,40714.0,-3,SELL/AVOID,39.68,-2.3213,14.92,330.13,325.62,283.62,12.21,0.12,9.14,0.78,296.24,345.07,1.67,MACD weak; Weak trend; Long-term trend positive,UNKNOWN,-5.57,-3.27,-8.84,0.0,3.88,2,0,0,-2,0,MEDIUM,0,,,0,-2,0.4,1.5,E,"Trend 2, Momentum 0, Volume 0, Liquidity -2 (0.0cr), VolRisk MEDIUM, Sector UNKNOWN 0",-3,-3,-3,SELL/AVOID,News 0; event caution 0; risk LOW; type ; confidence ; reason . ,-3,HIGH,RISK_OFF,Nifty 20D return -5.771924924783489; 60D return -6.141522169043611; India VIX latest; 20D change 27.715355370472096; USDINR 20D change 0.8995466772440563; Crude 20D change 4.302699067276294,-6.0,SELL/AVOID,-3,-5.6,SELL/AVOID,"Tech -3 | News 0 (, ) | Event caution 0 | Macro -3 | Sector 0 | Analytics 0.4 (E) | Risk LOW/HIGH | Analytics: Trend 2, Momentum 0, Volume 0, Liquidity -2 (0.0cr), VolRisk MEDIUM, Sector UNKNOWN 0",0,0,LOW,,,,,,,0,0,,,0,,0,69.9,HIGH,-3.61,SELL/AVOID,"AI overlay from completed recommendation outcomes; use as probability/risk input, not standalone advice."
IDFCFIRSTB,2026-09-29,79.46,79319.0,0,NEUTRAL,30.17,-0.7144,23.02,85.14,85.29,75.74,1.87,-0.191,7.81,1.16,76.66,84.13,1.67,RSI oversold rebound candidate; MACD weak; Trend strength acceptable; Long-term trend positive,BANK,-9.6,-8.36,-2.69,0.0,2.35,2,-1,0,-2,1,LOW,-3,19.2,-0.29,-2,-1,-0.65,1.25,E,"Trend 2, Momentum -1, Volume 0, Liquidity -2 (0.0cr), VolRisk LOW, Sector BANK -3",0,0,0,NEUTRAL,News 0; event caution 0; risk LOW; type ; confidence ; reason . ,-3,HIGH,RISK_OFF,Nifty 20D return -5.771924924783489; 60D return -6.141522169043611; India VIX latest; 20D change 27.715355370472096; USDINR 20D change 0.8995466772440563; Crude 20D change 4.302699067276294,-5.0,SELL/AVOID,0,-5.65,SELL/AVOID,"Tech 0 | News 0 (, ) | Event caution 0 | Macro -3 | Sector -2 | Analytics -0.65 (E) | Risk LOW/HIGH | Analytics: Trend 2, Momentum -1, Volume 0, Liquidity -2 (0.0cr), VolRisk LOW, Sector BANK -3",0,0,LOW,,,,,,,0,0,,,0,,0,80.8,HIGH,-2.57,SELL/AVOID,"AI overlay from completed recommendation outcomes; use as probability/risk input, not standalone advice."
NMDC,2026-09-29,77.0,81832.0,0,NEUTRAL,30.88,-0.2838,26.35,81.16,83.65,84.66,1.9,0.058,12.61,1.92,74.14,81.76,1.66,RSI oversold rebound candidate; MACD weak; Trend strength acceptable; Volume expansion,METALS,-6.1,-9.09,-8.26,0.0,2.47,1,-1,1,-2,1,LOW,-3,30.0,-0.49,-2,-1,-0.85,1.25,E,"Trend 1, Momentum -1, Volume 1, Liquidity -2 (0.0cr), VolRisk LOW, Sector METALS -3",0,0,0,NEUTRAL,News 0; event caution 0; risk LOW; type ; confidence ; reason . ,-3,HIGH,RISK_OFF,Nifty 20D return -5.771924924783489; 60D return -6.141522169043611; India VIX latest; 20D change 27.715355370472096; USDINR 20D change 0.8995466772440563; Crude 20D change 4.302699067276294,-5.0,SELL/AVOID,0,-5.85,SELL/AVOID,"Tech 0 | News 0 (, ) | Event caution 0 | Macro -3 | Sector -2 | Analytics -0.85 (E) | Risk LOW/HIGH | Analytics: Trend 1, Momentum -1, Volume 1, Liquidity -2 (0.0cr), VolRisk LOW, Sector METALS -3",0,0,LOW,,,,,,,0,0,,,0,,0,80.8,HIGH,-2.77,SELL/AVOID,"AI overlay from completed recommendation outcomes; use as probability/risk input, not standalone advice."
ESCORTS,2026-09-24,2822.9,38822.0,0,NEUTRAL,41.11,-4.5414,15.11,2938.02,2964.19,,115.66,0.186,9.37,1.5,2649.4,3112.06,1.67,RSI in swing zone; MACD weak; Volume expansion,AUTO,-8.53,2.64,-17.41,0.0,4.1,1,0,1,-2,0,MEDIUM,-3,0.0,-1.69,-2,-2,-0.85,1.25,E,"Trend 1, Momentum 0, Volume 1, Liquidity -2 (0.0cr), VolRisk MEDIUM, Sector AUTO -3",0,0,0,NEUTRAL,News 0; event caution 0; risk LOW; type ; confidence ; reason . ,-3,HIGH,RISK_OFF,Nifty 20D return -5.771924924783489; 60D return -6.141522169043611; India VIX latest; 20D change 27.715355370472096; USDINR 20D change 0.8995466772440563; Crude 20D change 4.302699067276294,-5.0,SELL/AVOID,0,-5.85,SELL/AVOID,"Tech 0 | News 0 (, ) | Event caution 0 | Macro -3 | Sector -2 | Analytics -0.85 (E) | Risk LOW/HIGH | Analytics: Trend 1, Momentum 0, Volume 1, Liquidity -2 (0.0cr), VolRisk MEDIUM, Sector AUTO -3",0,0,LOW,,,,,,,0,0,,,0,,0,63.3,MEDIUM,-4.52,SELL/AVOID,"AI overlay from completed recommendation outcomes; use as probability/risk input, not standalone advice."
GROWW,2026-09-29,183.52,146956.0,-2,NEUTRAL,33.59,-0.9058,16.59,191.77,193.24,188.72,5.57,0.115,17.13,0.92,175.16,197.46,1.67,RSI oversold rebound candidate; MACD weak,UNKNOWN,-2.71,-5.4,-11.07,0.01,3.04,0,-1,0,-2,0,MEDIUM,0,,,0,-2,-0.85,1.5,E,"Trend 0, Momentum -1, Volume 0, Liquidity -2 (0.01cr), VolRisk MEDIUM, Sector UNKNOWN 0",-2,-2,-2,NEUTRAL,News 0; event caution 0; risk LOW; type ; confidence ; reason . ,-3,HIGH,RISK_OFF,Nifty 20D return -5.771924924783489; 60D return -6.141522169043611; India VIX latest; 20D change 27.715355370472096; USDINR 20D change 0.8995466772440563; Crude 20D change 4.302699067276294,-5.0,SELL/AVOID,-2,-5.85,SELL/AVOID,"Tech -2 | News 0 (, ) | Event caution 0 | Macro -3 | Sector 0 | Analytics -0.85 (E) | Risk LOW/HIGH | Analytics: Trend 0, Momentum -1, Volume 0, Liquidity -2 (0.01cr), VolRisk MEDIUM, Sector UNKNOWN 0",0,0,LOW,,,,,,,0,0,,,0,,0,77.2,HIGH,-3.13,SELL/AVOID,"AI overlay from completed recommendation outcomes; use as probability/risk input, not standalone advice."
HINDCOPPER,2026-09-29,474.35,123588.0,-2,NEUTRAL,33.91,-1.9678,16.19,503.16,524.25,526.58,15.16,0.073,8.41,1.17,451.6,512.26,1.67,RSI oversold rebound candidate; MACD weak,UNKNOWN,-7.53,-9.07,-3.68,0.0,3.2,0,-1,0,-2,0,MEDIUM,0,,,0,-2,-0.85,1.5,E,"Trend 0, Momentum -1, Volume 0, Liquidity -2 (0.0cr), VolRisk MEDIUM, Sector UNKNOWN 0",-2,-2,-2,NEUTRAL,News 0; event caution 0; risk LOW; type ; confidence ; reason . ,-3,HIGH,RISK_OFF,Nifty 20D return -5.771924924783489; 60D return -6.141522169043611; India VIX latest; 20D change 27.715355370472096; USDINR 20D change 0.8995466772440563; Crude 20D change 4.302699067276294,-5.0,SELL/AVOID,-2,-5.85,SELL/AVOID,"Tech -2 | News 0 (, ) | Event caution 0 | Macro -3 | Sector 0 | Analytics -0.85 (E) | Risk LOW/HIGH | Analytics: Trend 0, Momentum -1, Volume 0, Liquidity -2 (0.0cr), VolRisk MEDIUM, Sector UNKNOWN 0",0,0,LOW,,,,,,,0,0,,,0,,0,75.6,HIGH,-3.29,SELL/AVOID,"AI overlay from completed recommendation outcomes; use as probability/risk input, not standalone advice."
SWIGGY,2026-09-29,253.7,82695.0,-2,NEUTRAL,31.85,-2.3016,15.06,272.94,277.36,275.58,8.83,-0.097,6.99,1.0,240.46,275.77,1.67,RSI oversold rebound candidate; MACD weak,UNKNOWN,-8.9,-8.11,-6.12,0.0,3.48,0,-1,0,-2,0,MEDIUM,0,,,0,-2,-0.85,1.5,E,"Trend 0, Momentum -1, Volume 0, Liquidity -2 (0.0cr), VolRisk MEDIUM, Sector UNKNOWN 0",-2,-2,-2,NEUTRAL,News 0; event caution 0; risk LOW; type ; confidence ; reason . ,-3,HIGH,RISK_OFF,Nifty 20D return -5.771924924783489; 60D return -6.141522169043611; India VIX latest; 20D change 27.715355370472096; USDINR 20D change 0.8995466772440563; Crude 20D change 4.302699067276294,-5.0,SELL/AVOID,-2,-5.85,SELL/AVOID,"Tech -2 | News 0 (, ) | Event caution 0 | Macro -3 | Sector 0 | Analytics -0.85 (E) | Risk LOW/HIGH | Analytics: Trend 0, Momentum -1, Volume 0, Liquidity -2 (0.0cr), VolRisk MEDIUM, Sector UNKNOWN 0",0,0,LOW,,,,,,,0,0,,,0,,0,76.5,HIGH,-3.2,SELL/AVOID,"AI overlay from completed recommendation outcomes; use as probability/risk input, not standalone advice."
COROMANDEL,2026-09-29,1792.9,28703.0,-2,NEUTRAL,33.47,-16.48,15.32,1992.17,2003.62,,80.4,-0.13,5.83,1.12,1672.3,1993.9,1.67,RSI oversold rebound candidate; MACD weak,UNKNOWN,-7.03,-11.34,2.24,0.0,4.48,0,-1,0,-2,0,MEDIUM,0,,,0,-2,-0.85,1.5,E,"Trend 0, Momentum -1, Volume 0, Liquidity -2 (0.0cr), VolRisk MEDIUM, Sector UNKNOWN 0",-2,-2,-2,NEUTRAL,News 0; event caution 0; risk LOW; type ; confidence ; reason . ,-3,HIGH,RISK_OFF,Nifty 20D return -5.771924924783489; 60D return -6.141522169043611; India VIX latest; 20D change 27.715355370472096; USDINR 20D change 0.8995466772440563; Crude 20D change 4.302699067276294,-5.0,SELL/AVOID,-2,-5.85,SELL/AVOID,"Tech -2 | News 0 (, ) | Event caution 0 | Macro -3 | Sector 0 | Analytics -0.85 (E) | Risk LOW/HIGH | Analytics: Trend 0, Momentum -1, Volume 0, Liquidity -2 (0.0cr), VolRisk MEDIUM, Sector UNKNOWN 0",0,0,LOW,,,,,,,0,0,,,0,,0,72.7,HIGH,-3.58,SELL/AVOID,"AI overlay from completed recommendation outcomes; use as probability/risk input, not standalone advice."
VEDPOWER,2026-09-29,34.25,79004.0,6,WATCH,56.08,0.3269,28.59,32.64,34.64,,1.25,0.81,87.39,1.8,32.37,37.38,1.66,RSI in swing zone; MACD bullish; Trend strength acceptable; Above SMA20; Volume expansion,POWER,3.85,0.15,-9.37,0.0,3.65,3,3,1,-2,0,MEDIUM,-3,18.2,-0.06,-2,-2,1.1,1.25,B,"Trend 3, Momentum 3, Volume 1, Liquidity -2 (0.0cr), VolRisk MEDIUM, Sector POWER -3",1,-2,-2,NEUTRAL,News -5; event caution -3; risk HIGH; type GOVERNANCE_RISK; confidence HIGH; reason Material management/auditor/governance risk.. Negative catalyst: Resignation of Director/KMP/SMP,-3,HIGH,RISK_OFF,Nifty 20D return -5.771924924783489; 60D return -6.141522169043611; India VIX latest; 20D change 27.715355370472096; USDINR 20D change 0.8995466772440563; Crude 20D change 4.302699067276294,-7.0,SELL/AVOID,6,-5.9,AVOID_EVENT_RISK,"Tech 6 | News -5 (GOVERNANCE_RISK, HIGH) | Event caution -3 | Macro -3 | Sector -2 | Analytics 1.1 (B) | Risk HIGH/HIGH | Negative catalyst: Resignation of Director/KMP/SMP | Analytics: Trend 3, Momentum 3, Volume 1, Liquidity -2 (0.0cr), VolRisk MEDIUM, Sector POWER -3 | News logic: Material management/auditor/governance risk. | Upcoming event caution: Vedanta Power Q1 FY27 results today: Shares decline ahead of first earnings as a standalone company - Upstox",-5,-3,HIGH,Negative catalyst: Resignation of Director/KMP/SMP,Upcoming event caution: Vedanta Power Q1 FY27 results today: Shares decline ahead of first earnings as a standalone company - Upstox,Resignation of Director/KMP/SMP,Negative catalyst: Resignation of Director/KMP/SMP,NSE Corporate Announcements,https://nsearchives.nseindia.com/corporate/VEDPOWER_ROID_97789_KMP_Doc.zip,3,2,GOVERNANCE_RISK,HIGH,3,Material management/auditor/governance risk.,0,64.1,MEDIUM,-4.49,AVOID_EVENT_RISK,"AI overlay from completed recommendation outcomes; use as probability/risk input, not standalone advice."
POWERGRID,2026-09-29,261.5,130135.0,0,NEUTRAL,40.6,-0.2642,16.31,266.9,268.29,289.41,5.15,0.071,13.45,1.7,253.78,274.37,1.67,RSI in swing zone; MACD weak; Volume expansion,POWER,-3.22,-1.69,-8.79,0.0,1.97,0,0,1,-2,1,LOW,-3,18.2,-0.06,-2,-1,-0.95,1.25,E,"Trend 0, Momentum 0, Volume 1, Liquidity -2 (0.0cr), VolRisk LOW, Sector POWER -3",0,0,0,NEUTRAL,News 0; event caution 0; risk LOW; type ; confidence ; reason . ,-3,HIGH,RISK_OFF,Nifty 20D return -5.771924924783489; 60D return -6.141522169043611; India VIX latest; 20D change 27.715355370472096; USDINR 20D change 0.8995466772440563; Crude 20D change 4.302699067276294,-5.0,SELL/AVOID,0,-5.95,SELL/AVOID,"Tech 0 | News 0 (, ) | Event caution 0 | Macro -3 | Sector -2 | Analytics -0.95 (E) | Risk LOW/HIGH | Analytics: Trend 0, Momentum 0, Volume 1, Liquidity -2 (0.0cr), VolRisk LOW, Sector POWER -3",0,0,LOW,,,,,,,0,0,,,0,,0,79.5,HIGH,-3.0,SELL/AVOID,"AI overlay from completed recommendation outcomes; use as probability/risk input, not standalone advice."
COFORGE,2026-09-29,1722.0,68247.0,0,NEUTRAL,32.0,-11.1006,32.87,1818.4,1847.26,1465.43,54.26,0.059,2.83,0.76,1640.61,1857.65,1.67,RSI oversold rebound candidate; MACD weak; Trend strength acceptable; Long-term trend positive,IT,-3.39,-12.71,15.26,0.0,3.15,2,-1,0,-2,0,MEDIUM,-3,8.3,-6.57,-2,-2,-1.0,1.25,E,"Trend 2, Momentum -1, Volume 0, Liquidity -2 (0.0cr), VolRisk MEDIUM, Sector IT -3",0,0,0,NEUTRAL,News 0; event caution 0; risk LOW; type ; confidence ; reason . ,-3,HIGH,RISK_OFF,Nifty 20D return -5.771924924783489; 60D return -6.141522169043611; India VIX latest; 20D change 27.715355370472096; USDINR 20D change 0.8995466772440563; Crude 20D change 4.302699067276294,-5.0,SELL/AVOID,0,-6.0,SELL/AVOID,"Tech 0 | News 0 (, ) | Event caution 0 | Macro -3 | Sector -2 | Analytics -1 (E) | Risk LOW/HIGH | Analytics: Trend 2, Momentum -1, Volume 0, Liquidity -2 (0.0cr), VolRisk MEDIUM, Sector IT -3",0,0,LOW,,,,,,,0,0,,,0,,0,71.9,HIGH,-3.81,SELL/AVOID,"AI overlay from completed recommendation outcomes; use as probability/risk input, not standalone advice."
EXIDEIND,2026-09-29,407.0,49465.0,0,NEUTRAL,33.7,-0.2832,22.61,420.56,443.26,379.47,12.56,0.127,9.27,1.12,388.17,438.39,1.67,RSI oversold rebound candidate; MACD weak; Trend strength acceptable; Long-term trend positive,AUTO_ANC,-4.45,-4.09,-8.22,0.0,3.09,2,-1,0,-2,0,MEDIUM,-3,14.3,-1.07,-2,-2,-1.0,1.25,E,"Trend 2, Momentum -1, Volume 0, Liquidity -2 (0.0cr), VolRisk MEDIUM, Sector AUTO_ANC -3",0,0,0,NEUTRAL,News 0; event caution 0; risk LOW; type ; confidence ; reason . ,-3,HIGH,RISK_OFF,Nifty 20D return -5.771924924783489; 60D return -6.141522169043611; India VIX latest; 20D change 27.715355370472096; USDINR 20D change 0.8995466772440563; Crude 20D change 4.302699067276294,-5.0,SELL/AVOID,0,-6.0,SELL/AVOID,"Tech 0 | News 0 (, ) | Event caution 0 | Macro -3 | Sector -2 | Analytics -1 (E) | Risk LOW/HIGH | Analytics: Trend 2, Momentum -1, Volume 0, Liquidity -2 (0.0cr), VolRisk MEDIUM, Sector AUTO_ANC -3",0,0,LOW,,,,,,,0,0,,,0,,0,72.0,HIGH,-3.8,SELL/AVOID,"AI overlay from completed recommendation outcomes; use as probability/risk input, not standalone advice."
ARVINDFASN,2026-09-29,410.15,31524.0,-3,SELL/AVOID,35.86,-5.1119,14.13,450.04,440.48,,20.12,0.029,25.98,1.05,379.97,460.45,1.67,MACD weak; Weak trend,UNKNOWN,-8.14,-15.31,-5.75,0.0,4.91,1,0,0,-2,0,MEDIUM,0,,,0,-2,-0.05,1.5,E,"Trend 1, Momentum 0, Volume 0, Liquidity -2 (0.0cr), VolRisk MEDIUM, Sector UNKNOWN 0",-3,-3,-3,SELL/AVOID,News 0; event caution 0; risk LOW; type ; confidence ; reason . ,-3,HIGH,RISK_OFF,Nifty 20D return -5.771924924783489; 60D return -6.141522169043611; India VIX latest; 20D change 27.715355370472096; USDINR 20D change 0.8995466772440563; Crude 20D change 4.302699067276294,-6.0,SELL/AVOID,-3,-6.05,SELL/AVOID,"Tech -3 | News 0 (, ) | Event caution 0 | Macro -3 | Sector 0 | Analytics -0.05 (E) | Risk LOW/HIGH | Analytics: Trend 1, Momentum 0, Volume 0, Liquidity -2 (0.0cr), VolRisk MEDIUM, Sector UNKNOWN 0",0,0,LOW,,,,,,,0,0,,,0,,0,68.6,HIGH,-4.19,SELL/AVOID,"AI overlay from completed recommendation outcomes; use as probability/risk input, not standalone advice."
CCL,2026-09-22,1050.0,21241.0,-3,SELL/AVOID,35.33,-10.0055,19.63,1142.41,1141.41,,43.76,0.084,3.47,0.92,984.36,1159.39,1.67,MACD weak,UNKNOWN,-2.98,-13.51,-2.85,0.0,4.17,1,0,0,-2,0,MEDIUM,0,,,0,-2,-0.05,1.5,E,"Trend 1, Momentum 0, Volume 0, Liquidity -2 (0.0cr), VolRisk MEDIUM, Sector UNKNOWN 0",-3,-3,-3,SELL/AVOID,News 0; event caution 0; risk LOW; type ; confidence ; reason . ,-3,HIGH,RISK_OFF,Nifty 20D return -5.771924924783489; 60D return -6.141522169043611; India VIX latest; 20D change 27.715355370472096; USDINR 20D change 0.8995466772440563; Crude 20D change 4.302699067276294,-6.0,SELL/AVOID,-3,-6.05,SELL/AVOID,"Tech -3 | News 0 (, ) | Event caution 0 | Macro -3 | Sector 0 | Analytics -0.05 (E) | Risk LOW/HIGH | Analytics: Trend 1, Momentum 0, Volume 0, Liquidity -2 (0.0cr), VolRisk MEDIUM, Sector UNKNOWN 0",0,0,LOW,,,,,,,0,0,,,0,,0,72.8,HIGH,-3.77,SELL/AVOID,"AI overlay from completed recommendation outcomes; use as probability/risk input, not standalone advice."
ENDURANCE,2026-09-27,2645.9,19824.0,-3,SELL/AVOID,39.81,-38.6562,19.87,2846.73,2737.05,,100.83,0.14,6.35,0.81,2494.65,2897.98,1.67,MACD weak,UNKNOWN,-2.58,-6.79,5.62,0.0,3.81,1,0,0,-2,0,MEDIUM,0,,,0,-2,-0.05,1.5,E,"Trend 1, Momentum 0, Volume 0, Liquidity -2 (0.0cr), VolRisk MEDIUM, Sector UNKNOWN 0",-3,-3,-3,SELL/AVOID,News 0; event caution 0; risk LOW; type ; confidence ; reason . ,-3,HIGH,RISK_OFF,Nifty 20D return -5.771924924783489; 60D return -6.141522169043611; India VIX latest; 20D change 27.715355370472096; USDINR 20D change 0.8995466772440563; Crude 20D change 4.302699067276294,-6.0,SELL/AVOID,-3,-6.05,SELL/AVOID,"Tech -3 | News 0 (, ) | Event caution 0 | Macro -3 | Sector 0 | Analytics -0.05 (E) | Risk LOW/HIGH | Analytics: Trend 1, Momentum 0, Volume 0, Liquidity -2 (0.0cr), VolRisk MEDIUM, Sector UNKNOWN 0",0,0,LOW,,,,,,,0,0,,,0,,0,72.3,HIGH,-3.82,SELL/AVOID,"AI overlay from completed recommendation outcomes; use as probability/risk input, not standalone advice."
MOTHERSON,2026-09-29,158.56,55657.0,0,NEUTRAL,40.86,-0.1971,14.06,162.67,164.29,139.9,4.13,0.034,22.0,0.9,152.37,168.88,1.67,RSI in swing zone; MACD weak; Weak trend; Long-term trend positive,AUTO_ANC,-3.55,-1.33,9.19,0.0,2.6,1,0,0,-2,0,MEDIUM,-3,14.3,-1.07,-2,-2,-1.1,1.25,E,"Trend 1, Momentum 0, Volume 0, Liquidity -2 (0.0cr), VolRisk MEDIUM, Sector AUTO_ANC -3",0,0,0,NEUTRAL,News 0; event caution 0; risk LOW; type ; confidence ; reason . ,-3,HIGH,RISK_OFF,Nifty 20D return -5.771924924783489; 60D return -6.141522169043611; India VIX latest; 20D change 27.715355370472096; USDINR 20D change 0.8995466772440563; Crude 20D change 4.302699067276294,-5.0,SELL/AVOID,0,-6.1,SELL/AVOID,"Tech 0 | News 0 (, ) | Event caution 0 | Macro -3 | Sector -2 | Analytics -1.1 (E) | Risk LOW/HIGH | Analytics: Trend 1, Momentum 0, Volume 0, Liquidity -2 (0.0cr), VolRisk MEDIUM, Sector AUTO_ANC -3",0,0,LOW,,,,,,,0,0,,,0,,0,67.9,HIGH,-4.31,SELL/AVOID,"AI overlay from completed recommendation outcomes; use as probability/risk input, not standalone advice."
SARDAEN,2026-09-28,501.3,20490.0,-2,NEUTRAL,39.98,-0.6053,19.36,523.19,540.07,,26.25,0.113,23.18,0.42,461.92,566.93,1.67,MACD weak,UNKNOWN,-5.62,-3.88,-9.12,0.0,5.24,0,0,-1,-2,-1,HIGH,0,,,0,-3,-1.1,1.0,E,"Trend 0, Momentum 0, Volume -1, Liquidity -2 (0.0cr), VolRisk HIGH, Sector UNKNOWN 0",-2,-2,-2,NEUTRAL,News 0; event caution 0; risk LOW; type ; confidence ; reason . ,-3,HIGH,RISK_OFF,Nifty 20D return -5.771924924783489; 60D return -6.141522169043611; India VIX latest; 20D change 27.715355370472096; USDINR 20D change 0.8995466772440563; Crude 20D change 4.302699067276294,-5.0,SELL/AVOID,-2,-6.1,SELL/AVOID,"Tech -2 | News 0 (, ) | Event caution 0 | Macro -3 | Sector 0 | Analytics -1.1 (E) | Risk LOW/HIGH | Analytics: Trend 0, Momentum 0, Volume -1, Liquidity -2 (0.0cr), VolRisk HIGH, Sector UNKNOWN 0",0,0,LOW,,,,,,,0,0,,,0,,0,72.2,HIGH,-3.88,SELL/AVOID,"AI overlay from completed recommendation outcomes; use as probability/risk input, not standalone advice."
ICICIBANK,2026-09-29,1292.2,223405.0,0,NEUTRAL,19.05,-4.4792,42.67,1354.0,1398.21,1345.89,20.53,0.035,1.21,1.37,1261.41,1343.52,1.67,RSI oversold rebound candidate; MACD weak; Trend strength acceptable; Volume expansion,BANK,-3.57,-9.2,-11.68,0.01,1.59,1,-2,1,-2,1,LOW,-3,19.2,-0.29,-2,-1,-1.2,1.25,E,"Trend 1, Momentum -2, Volume 1, Liquidity -2 (0.01cr), VolRisk LOW, Sector BANK -3",0,0,0,NEUTRAL,News 0; event caution 0; risk LOW; type ; confidence ; reason . ,-3,HIGH,RISK_OFF,Nifty 20D return -5.771924924783489; 60D return -6.141522169043611; India VIX latest; 20D change 27.715355370472096; USDINR 20D change 0.8995466772440563; Crude 20D change 4.302699067276294,-5.0,SELL/AVOID,0,-6.2,SELL/AVOID,"Tech 0 | News 0 (, ) | Event caution 0 | Macro -3 | Sector -2 | Analytics -1.2 (E) | Risk LOW/HIGH | Analytics: Trend 1, Momentum -2, Volume 1, Liquidity -2 (0.01cr), VolRisk LOW, Sector BANK -3",0,0,LOW,,,,,,,0,0,,,0,,0,78.2,HIGH,-3.38,SELL/AVOID,"AI overlay from completed recommendation outcomes; use as probability/risk input, not standalone advice."
WIPRO,2026-09-29,156.79,147207.0,0,NEUTRAL,22.43,-0.397,26.44,166.11,175.63,188.95,3.45,-0.181,0.0,1.71,151.61,165.42,1.67,RSI oversold rebound candidate; MACD weak; Trend strength acceptable; Volume expansion,IT,-4.92,-11.12,-10.39,0.0,2.2,1,-2,1,-2,1,LOW,-3,8.3,-6.57,-2,-1,-1.2,1.25,E,"Trend 1, Momentum -2, Volume 1, Liquidity -2 (0.0cr), VolRisk LOW, Sector IT -3",0,0,0,NEUTRAL,News 0; event caution 0; risk LOW; type ; confidence ; reason . ,-3,HIGH,RISK_OFF,Nifty 20D return -5.771924924783489; 60D return -6.141522169043611; India VIX latest; 20D change 27.715355370472096; USDINR 20D change 0.8995466772440563; Crude 20D change 4.302699067276294,-5.0,SELL/AVOID,0,-6.2,SELL/AVOID,"Tech 0 | News 0 (, ) | Event caution 0 | Macro -3 | Sector -2 | Analytics -1.2 (E) | Risk LOW/HIGH | Analytics: Trend 1, Momentum -2, Volume 1, Liquidity -2 (0.0cr), VolRisk LOW, Sector IT -3",0,0,LOW,,,,,,,0,0,,,0,,0,79.3,HIGH,-3.27,SELL/AVOID,"AI overlay from completed recommendation outcomes; use as probability/risk input, not standalone advice."
M&M,2026-09-29,2947.8,142409.0,0,NEUTRAL,26.12,-1.0736,58.11,3066.26,3253.36,3196.1,60.14,-0.009,0.0,1.5,2857.59,3098.14,1.67,RSI oversold rebound candidate; MACD weak; Trend strength acceptable; Volume expansion,AUTO,-2.87,-7.01,-7.93,0.01,2.04,1,-2,1,-2,1,LOW,-3,0.0,-1.69,-2,-1,-1.2,1.25,E,"Trend 1, Momentum -2, Volume 1, Liquidity -2 (0.01cr), VolRisk LOW, Sector AUTO -3",0,0,0,NEUTRAL,News 0; event caution 0; risk LOW; type ; confidence ; reason . ,-3,HIGH,RISK_OFF,Nifty 20D return -5.771924924783489; 60D return -6.141522169043611; India VIX latest; 20D change 27.715355370472096; USDINR 20D change 0.8995466772440563; Crude 20D change 4.302699067276294,-5.0,SELL/AVOID,0,-6.2,SELL/AVOID,"Tech 0 | News 0 (, ) | Event caution 0 | Macro -3 | Sector -2 | Analytics -1.2 (E) | Risk LOW/HIGH | Analytics: Trend 1, Momentum -2, Volume 1, Liquidity -2 (0.01cr), VolRisk LOW, Sector AUTO -3",0,0,LOW,,,,,,,0,0,,,0,,0,80.0,HIGH,-3.2,SELL/AVOID,"AI overlay from completed recommendation outcomes; use as probability/risk input, not standalone advice."
ASHOKLEY,2026-09-29,153.44,142272.0,0,NEUTRAL,31.86,-0.5406,28.21,161.53,169.11,168.58,4.12,0.055,7.45,1.79,147.26,163.74,1.67,RSI oversold rebound candidate; MACD weak; Trend strength acceptable; Volume expansion,AUTO,-5.8,-9.21,-0.32,0.0,2.69,1,-1,1,-2,0,MEDIUM,-3,0.0,-1.69,-2,-2,-1.2,1.25,E,"Trend 1, Momentum -1, Volume 1, Liquidity -2 (0.0cr), VolRisk MEDIUM, Sector AUTO -3",0,0,0,NEUTRAL,News 0; event caution 0; risk LOW; type ; confidence ; reason . ,-3,HIGH,RISK_OFF,Nifty 20D return -5.771924924783489; 60D return -6.141522169043611; India VIX latest; 20D change 27.715355370472096; USDINR 20D change 0.8995466772440563; Crude 20D change 4.302699067276294,-5.0,SELL/AVOID,0,-6.2,SELL/AVOID,"Tech 0 | News 0 (, ) | Event caution 0 | Macro -3 | Sector -2 | Analytics -1.2 (E) | Risk LOW/HIGH | Analytics: Trend 1, Momentum -1, Volume 1, Liquidity -2 (0.0cr), VolRisk MEDIUM, Sector AUTO -3",0,0,LOW,,,,,,,0,0,,,0,,0,73.8,HIGH,-3.82,SELL/AVOID,"AI overlay from completed recommendation outcomes; use as probability/risk input, not standalone advice."
JIOFIN,2026-09-29,217.56,133006.0,0,NEUTRAL,24.07,-0.5531,31.57,228.51,239.92,241.45,4.2,-0.179,11.8,1.67,211.26,228.06,1.67,RSI oversold rebound candidate; MACD weak; Trend strength acceptable; Volume expansion,FINANCIALS,-6.28,-9.16,-9.36,0.0,1.93,1,-2,1,-2,1,LOW,-3,22.7,-2.14,-2,-1,-1.2,1.25,E,"Trend 1, Momentum -2, Volume 1, Liquidity -2 (0.0cr), VolRisk LOW, Sector FINANCIALS -3",0,0,0,NEUTRAL,News 0; event caution 0; risk LOW; type ; confidence ; reason . ,-3,HIGH,RISK_OFF,Nifty 20D return -5.771924924783489; 60D return -6.141522169043611; India VIX latest; 20D change 27.715355370472096; USDINR 20D change 0.8995466772440563; Crude 20D change 4.302699067276294,-5.0,SELL/AVOID,0,-6.2,SELL/AVOID,"Tech 0 | News 0 (, ) | Event caution 0 | Macro -3 | Sector -2 | Analytics -1.2 (E) | Risk LOW/HIGH | Analytics: Trend 1, Momentum -2, Volume 1, Liquidity -2 (0.0cr), VolRisk LOW, Sector FINANCIALS -3",0,0,LOW,,,,,,,0,0,,,0,,0,80.8,HIGH,-3.12,SELL/AVOID,"AI overlay from completed recommendation outcomes; use as probability/risk input, not standalone advice."
HINDUNILVR,2026-09-29,1863.8,80418.0,0,NEUTRAL,28.73,-1.8211,37.74,1936.22,1997.93,2148.78,30.11,-0.257,0.0,1.51,1818.64,1939.07,1.67,RSI oversold rebound candidate; MACD weak; Trend strength acceptable; Volume expansion,FMCG,-4.42,-5.55,-13.01,0.0,1.62,1,-2,1,-2,1,LOW,-3,16.7,-0.23,-2,-1,-1.2,1.25,E,"Trend 1, Momentum -2, Volume 1, Liquidity -2 (0.0cr), VolRisk LOW, Sector FMCG -3",0,0,0,NEUTRAL,News 0; event caution 0; risk LOW; type ; confidence ; reason . ,-3,HIGH,RISK_OFF,Nifty 20D return -5.771924924783489; 60D return -6.141522169043611; India VIX latest; 20D change 27.715355370472096; USDINR 20D change 0.8995466772440563; Crude 20D change 4.302699067276294,-5.0,SELL/AVOID,0,-6.2,SELL/AVOID,"Tech 0 | News 0 (, ) | Event caution 0 | Macro -3 | Sector -2 | Analytics -1.2 (E) | Risk LOW/HIGH | Analytics: Trend 1, Momentum -2, Volume 1, Liquidity -2 (0.0cr), VolRisk LOW, Sector FMCG -3",0,0,LOW,,,,,,,0,0,,,0,,0,79.6,HIGH,-3.24,SELL/AVOID,"AI overlay from completed recommendation outcomes; use as probability/risk input, not standalone advice."
HDFCAMC,2026-09-29,2223.3,76187.0,0,NEUTRAL,22.99,-11.8221,29.83,2399.46,2495.77,2591.22,52.28,-0.301,0.0,1.81,2144.88,2353.99,1.67,RSI oversold rebound candidate; MACD weak; Trend strength acceptable; Volume expansion,FINANCIALS,-9.19,-9.56,-16.14,0.0,2.35,1,-2,1,-2,1,LOW,-3,22.7,-2.14,-2,-1,-1.2,1.25,E,"Trend 1, Momentum -2, Volume 1, Liquidity -2 (0.0cr), VolRisk LOW, Sector FINANCIALS -3",0,0,0,NEUTRAL,News 0; event caution 0; risk LOW; type ; confidence ; reason . ,-3,HIGH,RISK_OFF,Nifty 20D return -5.771924924783489; 60D return -6.141522169043611; India VIX latest; 20D change 27.715355370472096; USDINR 20D change 0.8995466772440563; Crude 20D change 4.302699067276294,-5.0,SELL/AVOID,0,-6.2,SELL/AVOID,"Tech 0 | News 0 (, ) | Event caution 0 | Macro -3 | Sector -2 | Analytics -1.2 (E) | Risk LOW/HIGH | Analytics: Trend 1, Momentum -2, Volume 1, Liquidity -2 (0.0cr), VolRisk LOW, Sector FINANCIALS -3",0,0,LOW,,,,,,,0,0,,,0,,0,76.5,HIGH,-3.55,SELL/AVOID,"AI overlay from completed recommendation outcomes; use as probability/risk input, not standalone advice."
INDUSTOWER,2026-09-29,367.55,74451.0,0,NEUTRAL,42.14,-1.4473,16.26,377.41,378.86,411.64,9.97,0.146,33.99,1.19,352.6,392.47,1.67,RSI in swing zone; MACD weak,TELECOM,-4.48,-2.45,-9.12,0.0,2.71,0,0,0,-2,0,MEDIUM,-2,0.0,1.4,-2,-2,-1.2,1.25,E,"Trend 0, Momentum 0, Volume 0, Liquidity -2 (0.0cr), VolRisk MEDIUM, Sector TELECOM -2",0,0,0,NEUTRAL,News 0; event caution 0; risk LOW; type ; confidence ; reason . ,-3,HIGH,RISK_OFF,Nifty 20D return -5.771924924783489; 60D return -6.141522169043611; India VIX latest; 20D change 27.715355370472096; USDINR 20D change 0.8995466772440563; Crude 20D change 4.302699067276294,-5.0,SELL/AVOID,0,-6.2,SELL/AVOID,"Tech 0 | News 0 (, ) | Event caution 0 | Macro -3 | Sector -2 | Analytics -1.2 (E) | Risk LOW/HIGH | Analytics: Trend 0, Momentum 0, Volume 0, Liquidity -2 (0.0cr), VolRisk MEDIUM, Sector TELECOM -2",0,0,LOW,,,,,,,0,0,,,0,,0,64.5,MEDIUM,-4.75,SELL/AVOID,"AI overlay from completed recommendation outcomes; use as probability/risk input, not standalone advice."
EICHERMOT,2026-09-29,7179.0,66317.0,0,NEUTRAL,22.67,-21.679,44.58,7488.98,7781.55,7438.53,114.89,-0.007,3.09,1.88,7006.66,7466.23,1.67,RSI oversold rebound candidate; MACD weak; Trend strength acceptable; Volume expansion,AUTO,-3.9,-5.92,-6.64,0.0,1.6,1,-2,1,-2,1,LOW,-3,0.0,-1.69,-2,-1,-1.2,1.25,E,"Trend 1, Momentum -2, Volume 1, Liquidity -2 (0.0cr), VolRisk LOW, Sector AUTO -3",0,0,0,NEUTRAL,News 0; event caution 0; risk LOW; type ; confidence ; reason . ,-3,HIGH,RISK_OFF,Nifty 20D return -5.771924924783489; 60D return -6.141522169043611; India VIX latest; 20D change 27.715355370472096; USDINR 20D change 0.8995466772440563; Crude 20D change 4.302699067276294,-5.0,SELL/AVOID,0,-6.2,SELL/AVOID,"Tech 0 | News 0 (, ) | Event caution 0 | Macro -3 | Sector -2 | Analytics -1.2 (E) | Risk LOW/HIGH | Analytics: Trend 1, Momentum -2, Volume 1, Liquidity -2 (0.0cr), VolRisk LOW, Sector AUTO -3",0,0,LOW,,,,,,,0,0,,,0,,0,79.6,HIGH,-3.24,SELL/AVOID,"AI overlay from completed recommendation outcomes; use as probability/risk input, not standalone advice."
BAJAJFINSV,2026-09-29,1742.4,55986.0,0,NEUTRAL,23.12,-9.9835,55.67,1852.99,1952.42,1853.45,35.02,0.084,6.18,1.3,1689.87,1829.95,1.67,RSI oversold rebound candidate; MACD weak; Trend strength acceptable; Volume expansion,NBFC,-5.64,-11.55,-8.32,0.0,2.01,1,-2,1,-2,1,LOW,-3,0.0,-3.02,-2,-1,-1.2,1.25,E,"Trend 1, Momentum -2, Volume 1, Liquidity -2 (0.0cr), VolRisk LOW, Sector NBFC -3",0,0,0,NEUTRAL,News 0; event caution 0; risk LOW; type ; confidence ; reason . ,-3,HIGH,RISK_OFF,Nifty 20D return -5.771924924783489; 60D return -6.141522169043611; India VIX latest; 20D change 27.715355370472096; USDINR 20D change 0.8995466772440563; Crude 20D change 4.302699067276294,-5.0,SELL/AVOID,0,-6.2,SELL/AVOID,"Tech 0 | News 0 (, ) | Event caution 0 | Macro -3 | Sector -2 | Analytics -1.2 (E) | Risk LOW/HIGH | Analytics: Trend 1, Momentum -2, Volume 1, Liquidity -2 (0.0cr), VolRisk LOW, Sector NBFC -3",0,0,LOW,,,,,,,0,0,,,0,,0,77.4,HIGH,-3.46,SELL/AVOID,"AI overlay from completed recommendation outcomes; use as probability/risk input, not standalone advice."
PIDILITIND,2026-09-29,1461.0,42867.0,0,NEUTRAL,27.04,-7.3256,32.98,1556.89,1617.39,1500.84,34.6,-0.082,0.0,1.38,1409.1,1547.51,1.67,RSI oversold rebound candidate; MACD weak; Trend strength acceptable; Volume expansion,CHEMICALS,-8.0,-10.82,-6.71,0.0,2.37,1,-2,1,-2,1,LOW,-3,0.0,-2.26,-2,-1,-1.2,1.25,E,"Trend 1, Momentum -2, Volume 1, Liquidity -2 (0.0cr), VolRisk LOW, Sector CHEMICALS -3",0,0,0,NEUTRAL,News 0; event caution 0; risk LOW; type ; confidence ; reason . ,-3,HIGH,RISK_OFF,Nifty 20D return -5.771924924783489; 60D return -6.141522169043611; India VIX latest; 20D change 27.715355370472096; USDINR 20D change 0.8995466772440563; Crude 20D change 4.302699067276294,-5.0,SELL/AVOID,0,-6.2,SELL/AVOID,"Tech 0 | News 0 (, ) | Event caution 0 | Macro -3 | Sector -2 | Analytics -1.2 (E) | Risk LOW/HIGH | Analytics: Trend 1, Momentum -2, Volume 1, Liquidity -2 (0.0cr), VolRisk LOW, Sector CHEMICALS -3",0,0,LOW,,,,,,,0,0,,,0,,0,78.7,HIGH,-3.33,SELL/AVOID,"AI overlay from completed recommendation outcomes; use as probability/risk input, not standalone advice."
BERGEPAINT,2026-09-29,448.2,35707.0,0,NEUTRAL,30.8,-8.7727,30.61,508.25,513.76,,18.77,0.143,5.92,1.2,420.05,495.12,1.67,RSI oversold rebound candidate; MACD weak; Trend strength acceptable; Volume expansion,PAINTS,-0.09,-14.03,-7.39,0.0,4.19,1,-1,1,-2,0,MEDIUM,-3,0.0,-4.74,-2,-2,-1.2,1.25,E,"Trend 1, Momentum -1, Volume 1, Liquidity -2 (0.0cr), VolRisk MEDIUM, Sector PAINTS -3",0,0,0,NEUTRAL,News 0; event caution 0; risk LOW; type ; confidence ; reason . ,-3,HIGH,RISK_OFF,Nifty 20D return -5.771924924783489; 60D return -6.141522169043611; India VIX latest; 20D change 27.715355370472096; USDINR 20D change 0.8995466772440563; Crude 20D change 4.302699067276294,-5.0,SELL/AVOID,0,-6.2,SELL/AVOID,"Tech 0 | News 0 (, ) | Event caution 0 | Macro -3 | Sector -2 | Analytics -1.2 (E) | Risk LOW/HIGH | Analytics: Trend 1, Momentum -1, Volume 1, Liquidity -2 (0.0cr), VolRisk MEDIUM, Sector PAINTS -3",0,0,LOW,,,,,,,0,0,,,0,,0,70.8,HIGH,-4.12,SELL/AVOID,"AI overlay from completed recommendation outcomes; use as probability/risk input, not standalone advice."
AMBER,2026-09-29,6606.5,42070.0,-2,NEUTRAL,28.49,-71.8334,19.87,7289.1,7434.59,,234.22,-0.114,0.0,1.11,6255.17,7192.05,1.67,RSI oversold rebound candidate; MACD weak,UNKNOWN,-11.61,-6.89,-16.26,0.0,3.55,0,-2,0,-2,0,MEDIUM,0,,,0,-2,-1.2,1.5,E,"Trend 0, Momentum -2, Volume 0, Liquidity -2 (0.0cr), VolRisk MEDIUM, Sector UNKNOWN 0",-2,-2,-2,NEUTRAL,News 0; event caution 0; risk LOW; type ; confidence ; reason . ,-3,HIGH,RISK_OFF,Nifty 20D return -5.771924924783489; 60D return -6.141522169043611; India VIX latest; 20D change 27.715355370472096; USDINR 20D change 0.8995466772440563; Crude 20D change 4.302699067276294,-5.0,SELL/AVOID,-2,-6.2,SELL/AVOID,"Tech -2 | News 0 (, ) | Event caution 0 | Macro -3 | Sector 0 | Analytics -1.2 (E) | Risk LOW/HIGH | Analytics: Trend 0, Momentum -2, Volume 0, Liquidity -2 (0.0cr), VolRisk MEDIUM, Sector UNKNOWN 0",0,0,LOW,,,,,,,0,0,,,0,,0,74.0,HIGH,-3.8,SELL/AVOID,"AI overlay from completed recommendation outcomes; use as probability/risk input, not standalone advice."
LATENTVIEW,2026-09-16,252.15,41773.0,-2,NEUTRAL,32.82,-5.0883,17.48,288.48,301.79,,16.29,0.045,1.49,1.03,227.71,292.89,1.67,RSI oversold rebound candidate; MACD weak,UNKNOWN,-15.34,-15.36,-19.21,0.0,6.46,0,-1,0,-2,-1,HIGH,0,,,0,-3,-1.2,1.0,E,"Trend 0, Momentum -1, Volume 0, Liquidity -2 (0.0cr), VolRisk HIGH, Sector UNKNOWN 0",-2,-2,-2,NEUTRAL,News 0; event caution 0; risk LOW; type ; confidence ; reason . ,-3,HIGH,RISK_OFF,Nifty 20D return -5.771924924783489; 60D return -6.141522169043611; India VIX latest; 20D change 27.715355370472096; USDINR 20D change 0.8995466772440563; Crude 20D change 4.302699067276294,-5.0,SELL/AVOID,-2,-6.2,SELL/AVOID,"Tech -2 | News 0 (, ) | Event caution 0 | Macro -3 | Sector 0 | Analytics -1.2 (E) | Risk LOW/HIGH | Analytics: Trend 0, Momentum -1, Volume 0, Liquidity -2 (0.0cr), VolRisk HIGH, Sector UNKNOWN 0",0,0,LOW,,,,,,,0,0,,,0,,0,62.9,MEDIUM,-4.91,SELL/AVOID,"AI overlay from completed recommendation outcomes; use as probability/risk input, not standalone advice."
IRB,2026-09-29,16.98,29050.0,-2,NEUTRAL,23.17,-0.1564,20.34,18.83,20.13,,0.68,-0.011,5.97,0.83,15.96,18.68,1.67,RSI oversold rebound candidate; MACD weak,UNKNOWN,-6.19,-16.15,-20.73,0.0,3.99,0,-2,0,-2,0,MEDIUM,0,,,0,-2,-1.2,1.5,E,"Trend 0, Momentum -2, Volume 0, Liquidity -2 (0.0cr), VolRisk MEDIUM, Sector UNKNOWN 0",-2,-2,-2,NEUTRAL,News 0; event caution 0; risk LOW; type ; confidence ; reason . ,-3,HIGH,RISK_OFF,Nifty 20D return -5.771924924783489; 60D return -6.141522169043611; India VIX latest; 20D change 27.715355370472096; USDINR 20D change 0.8995466772440563; Crude 20D change 4.302699067276294,-5.0,SELL/AVOID,-2,-6.2,SELL/AVOID,"Tech -2 | News 0 (, ) | Event caution 0 | Macro -3 | Sector 0 | Analytics -1.2 (E) | Risk LOW/HIGH | Analytics: Trend 0, Momentum -2, Volume 0, Liquidity -2 (0.0cr), VolRisk MEDIUM, Sector UNKNOWN 0",0,0,LOW,,,,,,,0,0,,,0,,0,67.3,HIGH,-4.47,SELL/AVOID,"AI overlay from completed recommendation outcomes; use as probability/risk input, not standalone advice."
GMDCLTD,2026-09-29,513.2,28496.0,-2,NEUTRAL,24.35,-5.3923,17.5,560.26,571.7,,16.38,-0.109,3.46,0.93,488.63,554.15,1.67,RSI oversold rebound candidate; MACD weak,UNKNOWN,-7.27,-7.99,-17.3,0.0,3.19,0,-2,0,-2,0,MEDIUM,0,,,0,-2,-1.2,1.5,E,"Trend 0, Momentum -2, Volume 0, Liquidity -2 (0.0cr), VolRisk MEDIUM, Sector UNKNOWN 0",-2,-2,-2,NEUTRAL,News 0; event caution 0; risk LOW; type ; confidence ; reason . ,-3,HIGH,RISK_OFF,Nifty 20D return -5.771924924783489; 60D return -6.141522169043611; India VIX latest; 20D change 27.715355370472096; USDINR 20D change 0.8995466772440563; Crude 20D change 4.302699067276294,-5.0,SELL/AVOID,-2,-6.2,SELL/AVOID,"Tech -2 | News 0 (, ) | Event caution 0 | Macro -3 | Sector 0 | Analytics -1.2 (E) | Risk LOW/HIGH | Analytics: Trend 0, Momentum -2, Volume 0, Liquidity -2 (0.0cr), VolRisk MEDIUM, Sector UNKNOWN 0",0,0,LOW,,,,,,,0,0,,,0,,0,74.1,HIGH,-3.79,SELL/AVOID,"AI overlay from completed recommendation outcomes; use as probability/risk input, not standalone advice."
FIVESTAR,2026-09-29,497.25,57931.0,-3,SELL/AVOID,36.94,-3.9078,10.07,531.98,537.64,,21.62,-0.108,9.33,1.45,464.82,551.3,1.67,MACD weak; Weak trend; Volume expansion,UNKNOWN,-9.54,-6.99,-4.16,0.0,4.35,0,0,1,-2,0,MEDIUM,0,,,0,-2,-0.25,1.5,E,"Trend 0, Momentum 0, Volume 1, Liquidity -2 (0.0cr), VolRisk MEDIUM, Sector UNKNOWN 0",-3,-3,-3,SELL/AVOID,News 0; event caution 0; risk LOW; type ; confidence ; reason . ,-3,HIGH,RISK_OFF,Nifty 20D return -5.771924924783489; 60D return -6.141522169043611; India VIX latest; 20D change 27.715355370472096; USDINR 20D change 0.8995466772440563; Crude 20D change 4.302699067276294,-6.0,SELL/AVOID,-3,-6.25,SELL/AVOID,"Tech -3 | News 0 (, ) | Event caution 0 | Macro -3 | Sector 0 | Analytics -0.25 (E) | Risk LOW/HIGH | Analytics: Trend 0, Momentum 0, Volume 1, Liquidity -2 (0.0cr), VolRisk MEDIUM, Sector UNKNOWN 0",0,0,LOW,,,,,,,0,0,,,0,,0,74.2,HIGH,-3.83,SELL/AVOID,"AI overlay from completed recommendation outcomes; use as probability/risk input, not standalone advice."
SJVN,2026-09-29,59.83,67437.0,0,NEUTRAL,22.94,-0.5758,24.06,67.19,72.96,,2.21,0.073,4.11,2.46,56.51,65.37,1.67,RSI oversold rebound candidate; MACD weak; Trend strength acceptable; Volume expansion,POWER,-6.44,-19.38,-15.35,0.0,3.7,1,-2,2,-2,0,MEDIUM,-3,18.2,-0.06,-2,-2,-1.3,1.25,E,"Trend 1, Momentum -2, Volume 2, Liquidity -2 (0.0cr), VolRisk MEDIUM, Sector POWER -3",0,0,0,NEUTRAL,News 0; event caution 0; risk LOW; type ; confidence ; reason . ,-3,HIGH,RISK_OFF,Nifty 20D return -5.771924924783489; 60D return -6.141522169043611; India VIX latest; 20D change 27.715355370472096; USDINR 20D change 0.8995466772440563; Crude 20D change 4.302699067276294,-5.0,SELL/AVOID,0,-6.3,SELL/AVOID,"Tech 0 | News 0 (, ) | Event caution 0 | Macro -3 | Sector -2 | Analytics -1.3 (E) | Risk LOW/HIGH | Analytics: Trend 1, Momentum -2, Volume 2, Liquidity -2 (0.0cr), VolRisk MEDIUM, Sector POWER -3",0,0,LOW,,,,,,,0,0,,,0,,0,67.2,HIGH,-4.58,SELL/AVOID,"AI overlay from completed recommendation outcomes; use as probability/risk input, not standalone advice."
BANKBARODA,2026-09-29,227.68,56484.0,0,NEUTRAL,33.21,-0.3541,20.6,234.72,240.68,264.17,4.03,-0.087,26.28,1.24,221.63,237.76,1.67,RSI oversold rebound candidate; MACD weak; Volume expansion,BANK,-3.88,-4.74,-8.08,0.0,1.77,0,-1,1,-2,1,LOW,-3,19.2,-0.29,-2,-1,-1.3,1.25,E,"Trend 0, Momentum -1, Volume 1, Liquidity -2 (0.0cr), VolRisk LOW, Sector BANK -3",0,0,0,NEUTRAL,News 0; event caution 0; risk LOW; type ; confidence ; reason . ,-3,HIGH,RISK_OFF,Nifty 20D return -5.771924924783489; 60D return -6.141522169043611; India VIX latest; 20D change 27.715355370472096; USDINR 20D change 0.8995466772440563; Crude 20D change 4.302699067276294,-5.0,SELL/AVOID,0,-6.3,SELL/AVOID,"Tech 0 | News 0 (, ) | Event caution 0 | Macro -3 | Sector -2 | Analytics -1.3 (E) | Risk LOW/HIGH | Analytics: Trend 0, Momentum -1, Volume 1, Liquidity -2 (0.0cr), VolRisk LOW, Sector BANK -3",0,0,LOW,,,,,,,0,0,,,0,,0,83.3,HIGH,-2.97,SELL/AVOID,"AI overlay from completed recommendation outcomes; use as probability/risk input, not standalone advice."
FORTIS,2026-09-29,822.0,59377.0,-1,NEUTRAL,23.49,-6.213,20.61,881.73,908.13,915.36,23.02,-0.029,7.26,1.65,787.47,879.55,1.67,RSI oversold rebound candidate; MACD weak; Volume expansion,HEALTHCARE,-8.05,-10.16,-15.79,0.0,2.8,0,-2,1,-2,0,MEDIUM,-1,25.0,4.4,-1,-2,-1.3,1.25,E,"Trend 0, Momentum -2, Volume 1, Liquidity -2 (0.0cr), VolRisk MEDIUM, Sector HEALTHCARE -1",-1,-1,-1,NEUTRAL,News 0; event caution 0; risk LOW; type ; confidence ; reason . ,-3,HIGH,RISK_OFF,Nifty 20D return -5.771924924783489; 60D return -6.141522169043611; India VIX latest; 20D change 27.715355370472096; USDINR 20D change 0.8995466772440563; Crude 20D change 4.302699067276294,-5.0,SELL/AVOID,-1,-6.3,SELL/AVOID,"Tech -1 | News 0 (, ) | Event caution 0 | Macro -3 | Sector -1 | Analytics -1.3 (E) | Risk LOW/HIGH | Analytics: Trend 0, Momentum -2, Volume 1, Liquidity -2 (0.0cr), VolRisk MEDIUM, Sector HEALTHCARE -1",0,0,LOW,,,,,,,0,0,,,0,,0,72.4,HIGH,-4.06,SELL/AVOID,"AI overlay from completed recommendation outcomes; use as probability/risk input, not standalone advice."
JUBLFOOD,2026-09-29,463.0,61380.0,-1,NEUTRAL,37.95,-3.5628,26.42,488.68,475.61,468.23,14.98,-0.053,6.45,1.87,440.53,500.44,1.67,MACD weak; Trend strength acceptable; Volume expansion,QSR,-5.72,-8.84,5.65,0.0,3.23,2,0,1,-2,0,MEDIUM,-3,0.0,-7.99,-2,-2,-0.4,1.25,E,"Trend 2, Momentum 0, Volume 1, Liquidity -2 (0.0cr), VolRisk MEDIUM, Sector QSR -3",-1,-1,-1,NEUTRAL,News 0; event caution 0; risk LOW; type ; confidence ; reason . ,-3,HIGH,RISK_OFF,Nifty 20D return -5.771924924783489; 60D return -6.141522169043611; India VIX latest; 20D change 27.715355370472096; USDINR 20D change 0.8995466772440563; Crude 20D change 4.302699067276294,-6.0,SELL/AVOID,-1,-6.4,SELL/AVOID,"Tech -1 | News 0 (, ) | Event caution 0 | Macro -3 | Sector -2 | Analytics -0.4 (E) | Risk LOW/HIGH | Analytics: Trend 2, Momentum 0, Volume 1, Liquidity -2 (0.0cr), VolRisk MEDIUM, Sector QSR -3",0,0,LOW,,,,,,,0,0,,,0,,0,75.7,HIGH,-3.83,SELL/AVOID,"AI overlay from completed recommendation outcomes; use as probability/risk input, not standalone advice."
MGL,2026-09-23,1092.8,27195.0,-1,NEUTRAL,45.84,-7.2157,12.72,1130.92,1095.52,,44.55,0.275,17.89,0.79,1025.98,1204.17,1.67,RSI in swing zone; MACD weak; Weak trend; Bollinger position healthy,OIL_GAS,-0.78,-0.19,5.58,0.0,4.08,1,1,0,-2,0,MEDIUM,-2,0.0,1.4,-2,-2,-0.4,1.25,E,"Trend 1, Momentum 1, Volume 0, Liquidity -2 (0.0cr), VolRisk MEDIUM, Sector OIL_GAS -2",-1,-1,-1,NEUTRAL,News 0; event caution 0; risk LOW; type ; confidence ; reason . ,-3,HIGH,RISK_OFF,Nifty 20D return -5.771924924783489; 60D return -6.141522169043611; India VIX latest; 20D change 27.715355370472096; USDINR 20D change 0.8995466772440563; Crude 20D change 4.302699067276294,-6.0,SELL/AVOID,-1,-6.4,SELL/AVOID,"Tech -1 | News 0 (, ) | Event caution 0 | Macro -3 | Sector -2 | Analytics -0.4 (E) | Risk LOW/HIGH | Analytics: Trend 1, Momentum 1, Volume 0, Liquidity -2 (0.0cr), VolRisk MEDIUM, Sector OIL_GAS -2",0,0,LOW,,,,,,,0,0,,,0,,0,66.9,HIGH,-4.71,SELL/AVOID,"AI overlay from completed recommendation outcomes; use as probability/risk input, not standalone advice."
JBMA,2026-09-23,601.8,23838.0,-2,NEUTRAL,30.64,-9.0092,21.86,665.19,668.03,,32.03,-0.001,7.28,0.47,553.76,681.87,1.67,RSI oversold rebound candidate; MACD weak,UNKNOWN,-9.02,-14.58,-3.65,0.0,5.32,0,-1,-1,-2,-1,HIGH,0,,,0,-3,-1.45,1.0,E,"Trend 0, Momentum -1, Volume -1, Liquidity -2 (0.0cr), VolRisk HIGH, Sector UNKNOWN 0",-2,-2,-2,NEUTRAL,News 0; event caution 0; risk LOW; type ; confidence ; reason . ,-3,HIGH,RISK_OFF,Nifty 20D return -5.771924924783489; 60D return -6.141522169043611; India VIX latest; 20D change 27.715355370472096; USDINR 20D change 0.8995466772440563; Crude 20D change 4.302699067276294,-5.0,SELL/AVOID,-2,-6.45,SELL/AVOID,"Tech -2 | News 0 (, ) | Event caution 0 | Macro -3 | Sector 0 | Analytics -1.45 (E) | Risk LOW/HIGH | Analytics: Trend 0, Momentum -1, Volume -1, Liquidity -2 (0.0cr), VolRisk HIGH, Sector UNKNOWN 0",0,0,LOW,,,,,,,0,0,,,0,,0,73.0,HIGH,-4.15,SELL/AVOID,"AI overlay from completed recommendation outcomes; use as probability/risk input, not standalone advice."
MUTHOOTFIN,2026-09-29,2736.8,100621.0,-1,NEUTRAL,35.94,-0.6255,24.69,2814.64,2899.85,3197.27,65.77,0.082,18.07,1.81,2638.14,2901.24,1.67,MACD weak; Trend strength acceptable; Volume expansion,NBFC,-4.19,-6.07,-11.11,0.0,2.4,1,0,1,-2,1,LOW,-3,0.0,-3.02,-2,-1,-0.5,1.25,E,"Trend 1, Momentum 0, Volume 1, Liquidity -2 (0.0cr), VolRisk LOW, Sector NBFC -3",-1,-1,-1,NEUTRAL,News 0; event caution 0; risk LOW; type ; confidence ; reason . ,-3,HIGH,RISK_OFF,Nifty 20D return -5.771924924783489; 60D return -6.141522169043611; India VIX latest; 20D change 27.715355370472096; USDINR 20D change 0.8995466772440563; Crude 20D change 4.302699067276294,-6.0,SELL/AVOID,-1,-6.5,SELL/AVOID,"Tech -1 | News 0 (, ) | Event caution 0 | Macro -3 | Sector -2 | Analytics -0.5 (E) | Risk LOW/HIGH | Analytics: Trend 1, Momentum 0, Volume 1, Liquidity -2 (0.0cr), VolRisk LOW, Sector NBFC -3",0,0,LOW,,,,,,,0,0,,,0,,0,89.4,HIGH,-2.56,SELL/AVOID,"AI overlay from completed recommendation outcomes; use as probability/risk input, not standalone advice."
INTELLECT,2026-09-23,668.05,28879.0,-3,SELL/AVOID,39.03,-4.2689,10.76,703.44,730.06,,29.91,0.151,20.7,0.93,623.19,742.82,1.67,MACD weak; Weak trend,UNKNOWN,-3.84,-12.02,-14.83,0.0,4.48,0,0,0,-2,0,MEDIUM,0,,,0,-2,-0.5,1.5,E,"Trend 0, Momentum 0, Volume 0, Liquidity -2 (0.0cr), VolRisk MEDIUM, Sector UNKNOWN 0",-3,-3,-3,SELL/AVOID,News 0; event caution 0; risk LOW; type ; confidence ; reason . ,-3,HIGH,RISK_OFF,Nifty 20D return -5.771924924783489; 60D return -6.141522169043611; India VIX latest; 20D change 27.715355370472096; USDINR 20D change 0.8995466772440563; Crude 20D change 4.302699067276294,-6.0,SELL/AVOID,-3,-6.5,SELL/AVOID,"Tech -3 | News 0 (, ) | Event caution 0 | Macro -3 | Sector 0 | Analytics -0.5 (E) | Risk LOW/HIGH | Analytics: Trend 0, Momentum 0, Volume 0, Liquidity -2 (0.0cr), VolRisk MEDIUM, Sector UNKNOWN 0",0,0,LOW,,,,,,,0,0,,,0,,0,67.7,HIGH,-4.73,SELL/AVOID,"AI overlay from completed recommendation outcomes; use as probability/risk input, not standalone advice."
ICICIPRULI,2026-09-29,444.55,88308.0,0,NEUTRAL,29.93,-2.3389,25.5,472.79,492.46,,14.98,-0.006,2.74,1.79,422.07,482.01,1.67,RSI oversold rebound candidate; MACD weak; Trend strength acceptable; Volume expansion,FINANCIALS,-8.25,-10.11,-8.88,0.0,3.37,1,-2,1,-2,0,MEDIUM,-3,22.7,-2.14,-2,-2,-1.55,1.25,E,"Trend 1, Momentum -2, Volume 1, Liquidity -2 (0.0cr), VolRisk MEDIUM, Sector FINANCIALS -3",0,0,0,NEUTRAL,News 0; event caution 0; risk LOW; type ; confidence ; reason . ,-3,HIGH,RISK_OFF,Nifty 20D return -5.771924924783489; 60D return -6.141522169043611; India VIX latest; 20D change 27.715355370472096; USDINR 20D change 0.8995466772440563; Crude 20D change 4.302699067276294,-5.0,SELL/AVOID,0,-6.55,SELL/AVOID,"Tech 0 | News 0 (, ) | Event caution 0 | Macro -3 | Sector -2 | Analytics -1.55 (E) | Risk LOW/HIGH | Analytics: Trend 1, Momentum -2, Volume 1, Liquidity -2 (0.0cr), VolRisk MEDIUM, Sector FINANCIALS -3",0,0,LOW,,,,,,,0,0,,,0,,0,70.3,HIGH,-4.52,SELL/AVOID,"AI overlay from completed recommendation outcomes; use as probability/risk input, not standalone advice."
UNIONBANK,2026-09-29,166.0,76090.0,0,NEUTRAL,26.24,-0.9265,24.08,178.24,182.03,176.59,4.19,-0.224,0.0,1.78,159.72,176.47,1.67,RSI oversold rebound candidate; MACD weak; Trend strength acceptable; Volume expansion,BANK,-7.78,-11.33,-5.74,0.0,2.52,1,-2,1,-2,0,MEDIUM,-3,19.2,-0.29,-2,-2,-1.55,1.25,E,"Trend 1, Momentum -2, Volume 1, Liquidity -2 (0.0cr), VolRisk MEDIUM, Sector BANK -3",0,0,0,NEUTRAL,News 0; event caution 0; risk LOW; type ; confidence ; reason . ,-3,HIGH,RISK_OFF,Nifty 20D return -5.771924924783489; 60D return -6.141522169043611; India VIX latest; 20D change 27.715355370472096; USDINR 20D change 0.8995466772440563; Crude 20D change 4.302699067276294,-5.0,SELL/AVOID,0,-6.55,SELL/AVOID,"Tech 0 | News 0 (, ) | Event caution 0 | Macro -3 | Sector -2 | Analytics -1.55 (E) | Risk LOW/HIGH | Analytics: Trend 1, Momentum -2, Volume 1, Liquidity -2 (0.0cr), VolRisk MEDIUM, Sector BANK -3",0,0,LOW,,,,,,,0,0,,,0,,0,74.5,HIGH,-4.1,SELL/AVOID,"AI overlay from completed recommendation outcomes; use as probability/risk input, not standalone advice."
CAMS,2026-09-29,666.0,74648.0,0,NEUTRAL,26.49,-1.7032,25.72,709.74,744.3,740.91,17.84,-0.276,1.41,1.61,639.25,710.59,1.67,RSI oversold rebound candidate; MACD weak; Trend strength acceptable; Volume expansion,FINANCIALS,-8.0,-11.06,-13.2,0.0,2.68,1,-2,1,-2,0,MEDIUM,-3,22.7,-2.14,-2,-2,-1.55,1.25,E,"Trend 1, Momentum -2, Volume 1, Liquidity -2 (0.0cr), VolRisk MEDIUM, Sector FINANCIALS -3",0,0,0,NEUTRAL,News 0; event caution 0; risk LOW; type ; confidence ; reason . ,-3,HIGH,RISK_OFF,Nifty 20D return -5.771924924783489; 60D return -6.141522169043611; India VIX latest; 20D change 27.715355370472096; USDINR 20D change 0.8995466772440563; Crude 20D change 4.302699067276294,-5.0,SELL/AVOID,0,-6.55,SELL/AVOID,"Tech 0 | News 0 (, ) | Event caution 0 | Macro -3 | Sector -2 | Analytics -1.55 (E) | Risk LOW/HIGH | Analytics: Trend 1, Momentum -2, Volume 1, Liquidity -2 (0.0cr), VolRisk MEDIUM, Sector FINANCIALS -3",0,0,LOW,,,,,,,0,0,,,0,,0,69.9,HIGH,-4.56,SELL/AVOID,"AI overlay from completed recommendation outcomes; use as probability/risk input, not standalone advice."
CROMPTON,2026-09-29,211.37,49232.0,0,NEUTRAL,23.81,-0.7763,38.17,227.4,242.16,254.52,6.41,-0.148,0.0,1.44,201.76,227.38,1.67,RSI oversold rebound candidate; MACD weak; Trend strength acceptable; Volume expansion,CONSUMER_DURABLES,-6.1,-11.15,-18.36,0.0,3.03,1,-2,1,-2,0,MEDIUM,-3,25.0,-4.18,-2,-2,-1.55,1.25,E,"Trend 1, Momentum -2, Volume 1, Liquidity -2 (0.0cr), VolRisk MEDIUM, Sector CONSUMER_DURABLES -3",0,0,0,NEUTRAL,News 0; event caution 0; risk LOW; type ; confidence ; reason . ,-3,HIGH,RISK_OFF,Nifty 20D return -5.771924924783489; 60D return -6.141522169043611; India VIX latest; 20D change 27.715355370472096; USDINR 20D change 0.8995466772440563; Crude 20D change 4.302699067276294,-5.0,SELL/AVOID,0,-6.55,SELL/AVOID,"Tech 0 | News 0 (, ) | Event caution 0 | Macro -3 | Sector -2 | Analytics -1.55 (E) | Risk LOW/HIGH | Analytics: Trend 1, Momentum -2, Volume 1, Liquidity -2 (0.0cr), VolRisk MEDIUM, Sector CONSUMER_DURABLES -3",0,0,LOW,,,,,,,0,0,,,0,,0,65.5,HIGH,-5.0,SELL/AVOID,"AI overlay from completed recommendation outcomes; use as probability/risk input, not standalone advice."
CESC,2026-09-29,133.87,42768.0,0,NEUTRAL,19.23,-0.1369,35.83,143.56,157.17,,3.81,-0.018,6.86,1.39,128.16,143.39,1.67,RSI oversold rebound candidate; MACD weak; Trend strength acceptable; Volume expansion,POWER,-5.41,-13.68,-26.06,0.0,2.84,1,-2,1,-2,0,MEDIUM,-3,18.2,-0.06,-2,-2,-1.55,1.25,E,"Trend 1, Momentum -2, Volume 1, Liquidity -2 (0.0cr), VolRisk MEDIUM, Sector POWER -3",0,0,0,NEUTRAL,News 0; event caution 0; risk LOW; type ; confidence ; reason . ,-3,HIGH,RISK_OFF,Nifty 20D return -5.771924924783489; 60D return -6.141522169043611; India VIX latest; 20D change 27.715355370472096; USDINR 20D change 0.8995466772440563; Crude 20D change 4.302699067276294,-5.0,SELL/AVOID,0,-6.55,SELL/AVOID,"Tech 0 | News 0 (, ) | Event caution 0 | Macro -3 | Sector -2 | Analytics -1.55 (E) | Risk LOW/HIGH | Analytics: Trend 1, Momentum -2, Volume 1, Liquidity -2 (0.0cr), VolRisk MEDIUM, Sector POWER -3",0,0,LOW,,,,,,,0,0,,,0,,0,60.5,MEDIUM,-5.5,SELL/AVOID,"AI overlay from completed recommendation outcomes; use as probability/risk input, not standalone advice."
ABFRL,2026-09-29,46.24,41408.0,0,NEUTRAL,20.56,-0.4224,38.17,52.77,57.82,,2.18,-0.027,2.63,1.46,42.97,51.7,1.67,RSI oversold rebound candidate; MACD weak; Trend strength acceptable; Volume expansion,RETAIL,-8.33,-24.25,-31.79,0.0,4.72,1,-2,1,-2,0,MEDIUM,-3,0.0,-0.35,-2,-2,-1.55,1.25,E,"Trend 1, Momentum -2, Volume 1, Liquidity -2 (0.0cr), VolRisk MEDIUM, Sector RETAIL -3",0,0,0,NEUTRAL,News 0; event caution 0; risk LOW; type ; confidence ; reason . ,-3,HIGH,RISK_OFF,Nifty 20D return -5.771924924783489; 60D return -6.141522169043611; India VIX latest; 20D change 27.715355370472096; USDINR 20D change 0.8995466772440563; Crude 20D change 4.302699067276294,-5.0,SELL/AVOID,0,-6.55,SELL/AVOID,"Tech 0 | News 0 (, ) | Event caution 0 | Macro -3 | Sector -2 | Analytics -1.55 (E) | Risk LOW/HIGH | Analytics: Trend 1, Momentum -2, Volume 1, Liquidity -2 (0.0cr), VolRisk MEDIUM, Sector RETAIL -3",0,0,LOW,,,,,,,0,0,,,0,,0,58.8,MEDIUM,-5.67,SELL/AVOID,"AI overlay from completed recommendation outcomes; use as probability/risk input, not standalone advice."
TATACOMM,2026-09-29,1654.7,35955.0,-1,NEUTRAL,34.75,-11.7347,26.06,1740.06,1738.54,,53.53,0.033,12.26,1.19,1574.41,1788.52,1.67,RSI oversold rebound candidate; MACD weak; Trend strength acceptable,TELECOM,-7.04,-2.07,-16.93,0.0,3.23,2,-1,0,-2,0,MEDIUM,-2,0.0,1.4,-2,-2,-0.65,1.25,E,"Trend 2, Momentum -1, Volume 0, Liquidity -2 (0.0cr), VolRisk MEDIUM, Sector TELECOM -2",-1,-1,-1,NEUTRAL,News 0; event caution 0; risk LOW; type ; confidence ; reason . ,-3,HIGH,RISK_OFF,Nifty 20D return -5.771924924783489; 60D return -6.141522169043611; India VIX latest; 20D change 27.715355370472096; USDINR 20D change 0.8995466772440563; Crude 20D change 4.302699067276294,-6.0,SELL/AVOID,-1,-6.65,SELL/AVOID,"Tech -1 | News 0 (, ) | Event caution 0 | Macro -3 | Sector -2 | Analytics -0.65 (E) | Risk LOW/HIGH | Analytics: Trend 2, Momentum -1, Volume 0, Liquidity -2 (0.0cr), VolRisk MEDIUM, Sector TELECOM -2",0,0,LOW,,,,,,,0,0,,,0,,0,76.9,HIGH,-3.96,SELL/AVOID,"AI overlay from completed recommendation outcomes; use as probability/risk input, not standalone advice."
DEVYANI,2026-09-29,130.72,28382.0,-1,NEUTRAL,38.77,-1.2284,30.08,138.77,132.96,,5.8,-0.048,22.08,0.83,122.03,145.21,1.67,MACD weak; Trend strength acceptable,QSR,-7.04,-12.48,18.3,0.0,4.43,2,0,0,-2,0,MEDIUM,-3,0.0,-7.99,-2,-2,-0.65,1.25,E,"Trend 2, Momentum 0, Volume 0, Liquidity -2 (0.0cr), VolRisk MEDIUM, Sector QSR -3",-1,-1,-1,NEUTRAL,News 0; event caution 0; risk LOW; type ; confidence ; reason . ,-3,HIGH,RISK_OFF,Nifty 20D return -5.771924924783489; 60D return -6.141522169043611; India VIX latest; 20D change 27.715355370472096; USDINR 20D change 0.8995466772440563; Crude 20D change 4.302699067276294,-6.0,SELL/AVOID,-1,-6.65,SELL/AVOID,"Tech -1 | News 0 (, ) | Event caution 0 | Macro -3 | Sector -2 | Analytics -0.65 (E) | Risk LOW/HIGH | Analytics: Trend 2, Momentum 0, Volume 0, Liquidity -2 (0.0cr), VolRisk MEDIUM, Sector QSR -3",0,0,LOW,,,,,,,0,0,,,0,,0,71.6,HIGH,-4.49,SELL/AVOID,"AI overlay from completed recommendation outcomes; use as probability/risk input, not standalone advice."
SAPPHIRE,2026-09-29,211.05,53483.0,-1,NEUTRAL,39.4,-2.6926,22.86,233.28,213.49,,12.35,-0.054,13.64,1.73,192.52,241.93,1.67,MACD weak; Trend strength acceptable; Volume expansion,QSR,-6.51,-12.55,21.83,0.0,5.85,2,0,1,-2,-1,HIGH,-3,0.0,-7.99,-2,-3,-0.75,0.75,E,"Trend 2, Momentum 0, Volume 1, Liquidity -2 (0.0cr), VolRisk HIGH, Sector QSR -3",-1,-1,-1,NEUTRAL,News 0; event caution 0; risk LOW; type ; confidence ; reason . ,-3,HIGH,RISK_OFF,Nifty 20D return -5.771924924783489; 60D return -6.141522169043611; India VIX latest; 20D change 27.715355370472096; USDINR 20D change 0.8995466772440563; Crude 20D change 4.302699067276294,-6.0,SELL/AVOID,-1,-6.75,SELL/AVOID,"Tech -1 | News 0 (, ) | Event caution 0 | Macro -3 | Sector -2 | Analytics -0.75 (E) | Risk LOW/HIGH | Analytics: Trend 2, Momentum 0, Volume 1, Liquidity -2 (0.0cr), VolRisk HIGH, Sector QSR -3",0,0,LOW,,,,,,,0,0,,,0,,0,69.3,HIGH,-4.82,SELL/AVOID,"AI overlay from completed recommendation outcomes; use as probability/risk input, not standalone advice."
FORCEMOT,2026-09-17,17650.0,20705.0,-1,NEUTRAL,46.34,-16.7771,14.7,17870.1,18072.4,,689.23,0.395,17.22,0.65,16616.16,19373.07,1.67,RSI in swing zone; MACD weak; Weak trend; Bollinger position healthy,CEMENT,1.26,1.38,-12.68,0.0,3.9,1,1,0,-2,0,MEDIUM,-3,14.3,-0.59,-2,-2,-0.75,1.25,E,"Trend 1, Momentum 1, Volume 0, Liquidity -2 (0.0cr), VolRisk MEDIUM, Sector CEMENT -3",-1,-1,-1,NEUTRAL,News 0; event caution 0; risk LOW; type ; confidence ; reason . ,-3,HIGH,RISK_OFF,Nifty 20D return -5.771924924783489; 60D return -6.141522169043611; India VIX latest; 20D change 27.715355370472096; USDINR 20D change 0.8995466772440563; Crude 20D change 4.302699067276294,-6.0,SELL/AVOID,-1,-6.75,SELL/AVOID,"Tech -1 | News 0 (, ) | Event caution 0 | Macro -3 | Sector -2 | Analytics -0.75 (E) | Risk LOW/HIGH | Analytics: Trend 1, Momentum 1, Volume 0, Liquidity -2 (0.0cr), VolRisk MEDIUM, Sector CEMENT -3",0,0,LOW,,,,,,,0,0,,,0,,0,68.9,HIGH,-4.86,SELL/AVOID,"AI overlay from completed recommendation outcomes; use as probability/risk input, not standalone advice."
PNB,2026-09-29,111.75,60978.0,-1,NEUTRAL,33.62,-0.5816,21.38,116.24,116.06,112.14,2.34,-0.197,13.46,1.36,108.23,117.61,1.66,RSI oversold rebound candidate; MACD weak; Volume expansion,BANK,-5.54,-4.49,-0.29,0.0,2.1,1,-1,1,-2,1,LOW,-3,19.2,-0.29,-2,-1,-0.85,1.25,E,"Trend 1, Momentum -1, Volume 1, Liquidity -2 (0.0cr), VolRisk LOW, Sector BANK -3",-1,-1,-1,NEUTRAL,News 0; event caution 0; risk LOW; type ; confidence ; reason . ,-3,HIGH,RISK_OFF,Nifty 20D return -5.771924924783489; 60D return -6.141522169043611; India VIX latest; 20D change 27.715355370472096; USDINR 20D change 0.8995466772440563; Crude 20D change 4.302699067276294,-6.0,SELL/AVOID,-1,-6.85,SELL/AVOID,"Tech -1 | News 0 (, ) | Event caution 0 | Macro -3 | Sector -2 | Analytics -0.85 (E) | Risk LOW/HIGH | Analytics: Trend 1, Momentum -1, Volume 1, Liquidity -2 (0.0cr), VolRisk LOW, Sector BANK -3",0,0,LOW,,,,,,,0,0,,,0,,0,89.2,HIGH,-2.93,SELL/AVOID,"AI overlay from completed recommendation outcomes; use as probability/risk input, not standalone advice."
ABCAPITAL,2026-09-29,378.0,57438.0,-1,NEUTRAL,36.74,-1.6162,19.27,394.45,402.61,366.38,9.56,0.064,5.74,1.51,363.65,401.91,1.67,MACD weak; Long-term trend positive; Volume expansion,FINANCIALS,-6.08,-6.64,-7.59,0.0,2.53,1,0,1,-2,0,MEDIUM,-3,22.7,-2.14,-2,-2,-0.85,1.25,E,"Trend 1, Momentum 0, Volume 1, Liquidity -2 (0.0cr), VolRisk MEDIUM, Sector FINANCIALS -3",-1,-1,-1,NEUTRAL,News 0; event caution 0; risk LOW; type ; confidence ; reason . ,-3,HIGH,RISK_OFF,Nifty 20D return -5.771924924783489; 60D return -6.141522169043611; India VIX latest; 20D change 27.715355370472096; USDINR 20D change 0.8995466772440563; Crude 20D change 4.302699067276294,-6.0,SELL/AVOID,-1,-6.85,SELL/AVOID,"Tech -1 | News 0 (, ) | Event caution 0 | Macro -3 | Sector -2 | Analytics -0.85 (E) | Risk LOW/HIGH | Analytics: Trend 1, Momentum 0, Volume 1, Liquidity -2 (0.0cr), VolRisk MEDIUM, Sector FINANCIALS -3",0,0,LOW,,,,,,,0,0,,,0,,0,83.1,HIGH,-3.54,SELL/AVOID,"AI overlay from completed recommendation outcomes; use as probability/risk input, not standalone advice."
UNOMINDA,2026-09-29,1162.0,41904.0,-1,NEUTRAL,36.09,-6.0813,21.75,1217.43,1239.2,1149.68,34.84,0.088,9.29,1.53,1109.74,1249.1,1.67,MACD weak; Long-term trend positive; Volume expansion,AUTO_ANC,-5.0,-7.02,0.62,0.0,3.0,1,0,1,-2,0,MEDIUM,-3,14.3,-1.07,-2,-2,-0.85,1.25,E,"Trend 1, Momentum 0, Volume 1, Liquidity -2 (0.0cr), VolRisk MEDIUM, Sector AUTO_ANC -3",-1,-1,-1,NEUTRAL,News 0; event caution 0; risk LOW; type ; confidence ; reason . ,-3,HIGH,RISK_OFF,Nifty 20D return -5.771924924783489; 60D return -6.141522169043611; India VIX latest; 20D change 27.715355370472096; USDINR 20D change 0.8995466772440563; Crude 20D change 4.302699067276294,-6.0,SELL/AVOID,-1,-6.85,SELL/AVOID,"Tech -1 | News 0 (, ) | Event caution 0 | Macro -3 | Sector -2 | Analytics -0.85 (E) | Risk LOW/HIGH | Analytics: Trend 1, Momentum 0, Volume 1, Liquidity -2 (0.0cr), VolRisk MEDIUM, Sector AUTO_ANC -3",0,0,LOW,,,,,,,0,0,,,0,,0,77.4,HIGH,-4.11,SELL/AVOID,"AI overlay from completed recommendation outcomes; use as probability/risk input, not standalone advice."
BSOFT,2026-09-29,269.05,28596.0,-3,SELL/AVOID,34.17,-0.8197,12.63,281.71,292.83,,9.14,0.054,4.65,0.75,255.34,291.89,1.67,RSI oversold rebound candidate; MACD weak; Weak trend,UNKNOWN,-4.05,-7.62,-4.78,0.0,3.4,0,-1,0,-2,0,MEDIUM,0,,,0,-2,-0.85,1.5,E,"Trend 0, Momentum -1, Volume 0, Liquidity -2 (0.0cr), VolRisk MEDIUM, Sector UNKNOWN 0",-3,-3,-3,SELL/AVOID,News 0; event caution 0; risk LOW; type ; confidence ; reason . ,-3,HIGH,RISK_OFF,Nifty 20D return -5.771924924783489; 60D return -6.141522169043611; India VIX latest; 20D change 27.715355370472096; USDINR 20D change 0.8995466772440563; Crude 20D change 4.302699067276294,-6.0,SELL/AVOID,-3,-6.85,SELL/AVOID,"Tech -3 | News 0 (, ) | Event caution 0 | Macro -3 | Sector 0 | Analytics -0.85 (E) | Risk LOW/HIGH | Analytics: Trend 0, Momentum -1, Volume 0, Liquidity -2 (0.0cr), VolRisk MEDIUM, Sector UNKNOWN 0",0,0,LOW,,,,,,,0,0,,,0,,0,75.9,HIGH,-4.26,SELL/AVOID,"AI overlay from completed recommendation outcomes; use as probability/risk input, not standalone advice."
GODREJPROP,2026-09-28,1669.8,22518.0,0,NEUTRAL,26.28,-7.5529,33.45,1811.07,1961.43,1803.93,64.41,0.244,7.97,0.58,1573.19,1830.82,1.67,RSI oversold rebound candidate; MACD weak; Trend strength acceptable; Bollinger position healthy,REALTY,-0.5,-17.71,-15.65,0.0,3.86,1,-2,-1,-2,0,MEDIUM,-3,33.3,-1.26,-2,-2,-2.05,1.25,E,"Trend 1, Momentum -2, Volume -1, Liquidity -2 (0.0cr), VolRisk MEDIUM, Sector REALTY -3",0,0,0,NEUTRAL,News 0; event caution 0; risk LOW; type ; confidence ; reason . ,-3,HIGH,RISK_OFF,Nifty 20D return -5.771924924783489; 60D return -6.141522169043611; India VIX latest; 20D change 27.715355370472096; USDINR 20D change 0.8995466772440563; Crude 20D change 4.302699067276294,-5.0,SELL/AVOID,0,-7.05,SELL/AVOID,"Tech 0 | News 0 (, ) | Event caution 0 | Macro -3 | Sector -2 | Analytics -2.05 (E) | Risk LOW/HIGH | Analytics: Trend 1, Momentum -2, Volume -1, Liquidity -2 (0.0cr), VolRisk MEDIUM, Sector REALTY -3",0,0,LOW,,,,,,,0,0,,,0,,0,66.9,HIGH,-5.36,SELL/AVOID,"AI overlay from completed recommendation outcomes; use as probability/risk input, not standalone advice."
GVT&D,2026-09-29,4130.3,78922.0,-4,SELL/AVOID,37.46,-30.2981,11.36,4395.76,4336.33,4317.59,134.67,0.086,4.44,1.15,3928.3,4466.97,1.67,MACD weak; Weak trend,UNKNOWN,-6.49,-4.09,-7.96,0.0,3.26,1,0,0,-2,0,MEDIUM,0,,,0,-2,-0.05,1.5,E,"Trend 1, Momentum 0, Volume 0, Liquidity -2 (0.0cr), VolRisk MEDIUM, Sector UNKNOWN 0",-4,-4,-4,SELL/AVOID,News 0; event caution 0; risk LOW; type ; confidence ; reason . ,-3,HIGH,RISK_OFF,Nifty 20D return -5.771924924783489; 60D return -6.141522169043611; India VIX latest; 20D change 27.715355370472096; USDINR 20D change 0.8995466772440563; Crude 20D change 4.302699067276294,-7.0,SELL/AVOID,-4,-7.05,SELL/AVOID,"Tech -4 | News 0 (, ) | Event caution 0 | Macro -3 | Sector 0 | Analytics -0.05 (E) | Risk LOW/HIGH | Analytics: Trend 1, Momentum 0, Volume 0, Liquidity -2 (0.0cr), VolRisk MEDIUM, Sector UNKNOWN 0",0,0,LOW,,,,,,,0,0,,,0,,0,74.0,HIGH,-4.65,SELL/AVOID,"AI overlay from completed recommendation outcomes; use as probability/risk input, not standalone advice."
BAJFINANCE,2026-09-29,973.8,111666.0,-1,NEUTRAL,34.87,-3.6788,33.78,1020.97,1062.26,975.97,24.02,0.031,15.16,0.89,937.77,1033.85,1.67,RSI oversold rebound candidate; MACD weak; Trend strength acceptable,NBFC,-6.65,-8.18,-8.92,0.01,2.47,1,-1,0,-2,1,LOW,-3,0.0,-3.02,-2,-1,-1.1,1.25,E,"Trend 1, Momentum -1, Volume 0, Liquidity -2 (0.01cr), VolRisk LOW, Sector NBFC -3",-1,-1,-1,NEUTRAL,News 0; event caution 0; risk LOW; type ; confidence ; reason . ,-3,HIGH,RISK_OFF,Nifty 20D return -5.771924924783489; 60D return -6.141522169043611; India VIX latest; 20D change 27.715355370472096; USDINR 20D change 0.8995466772440563; Crude 20D change 4.302699067276294,-6.0,SELL/AVOID,-1,-7.1,SELL/AVOID,"Tech -1 | News 0 (, ) | Event caution 0 | Macro -3 | Sector -2 | Analytics -1.1 (E) | Risk LOW/HIGH | Analytics: Trend 1, Momentum -1, Volume 0, Liquidity -2 (0.01cr), VolRisk LOW, Sector NBFC -3",0,0,LOW,,,,,,,0,0,,,0,,0,87.0,HIGH,-3.4,SELL/AVOID,"AI overlay from completed recommendation outcomes; use as probability/risk input, not standalone advice."
JWL,2026-09-10,241.56,20312.0,-3,SELL/AVOID,32.57,-1.3817,13.84,257.73,272.92,,10.19,0.05,6.26,0.58,226.27,267.04,1.67,RSI oversold rebound candidate; MACD weak; Weak trend,UNKNOWN,-7.04,-9.73,-13.46,0.0,4.22,0,-1,-1,-2,0,MEDIUM,0,,,0,-2,-1.1,1.5,E,"Trend 0, Momentum -1, Volume -1, Liquidity -2 (0.0cr), VolRisk MEDIUM, Sector UNKNOWN 0",-3,-3,-3,SELL/AVOID,News 0; event caution 0; risk LOW; type ; confidence ; reason . ,-3,HIGH,RISK_OFF,Nifty 20D return -5.771924924783489; 60D return -6.141522169043611; India VIX latest; 20D change 27.715355370472096; USDINR 20D change 0.8995466772440563; Crude 20D change 4.302699067276294,-6.0,SELL/AVOID,-3,-7.1,SELL/AVOID,"Tech -3 | News 0 (, ) | Event caution 0 | Macro -3 | Sector 0 | Analytics -1.1 (E) | Risk LOW/HIGH | Analytics: Trend 0, Momentum -1, Volume -1, Liquidity -2 (0.0cr), VolRisk MEDIUM, Sector UNKNOWN 0",0,0,LOW,,,,,,,0,0,,,0,,0,71.6,HIGH,-4.94,SELL/AVOID,"AI overlay from completed recommendation outcomes; use as probability/risk input, not standalone advice."
SILVERBEES,2026-09-29,209.15,77710.0,-4,SELL/AVOID,36.12,-1.0263,11.68,218.57,220.78,228.28,4.57,-0.077,4.69,1.05,202.3,220.57,1.67,MACD weak; Weak trend,UNKNOWN,-5.04,-6.12,-1.45,0.0,2.18,0,0,0,-2,1,LOW,0,,,0,-1,-0.15,1.5,E,"Trend 0, Momentum 0, Volume 0, Liquidity -2 (0.0cr), VolRisk LOW, Sector UNKNOWN 0",-4,-4,-4,SELL/AVOID,News 0; event caution 0; risk LOW; type ; confidence ; reason . ,-3,HIGH,RISK_OFF,Nifty 20D return -5.771924924783489; 60D return -6.141522169043611; India VIX latest; 20D change 27.715355370472096; USDINR 20D change 0.8995466772440563; Crude 20D change 4.302699067276294,-7.0,SELL/AVOID,-4,-7.15,SELL/AVOID,"Tech -4 | News 0 (, ) | Event caution 0 | Macro -3 | Sector 0 | Analytics -0.15 (E) | Risk LOW/HIGH | Analytics: Trend 0, Momentum 0, Volume 0, Liquidity -2 (0.0cr), VolRisk LOW, Sector UNKNOWN 0",0,0,LOW,,,,,,,0,0,,,0,,0,89.9,HIGH,-3.16,SELL/AVOID,"AI overlay from completed recommendation outcomes; use as probability/risk input, not standalone advice."
TATSILV,2026-09-29,21.25,43974.0,-4,SELL/AVOID,36.51,-0.103,14.81,22.19,22.41,23.17,0.53,-0.067,5.26,0.89,20.45,22.58,1.66,MACD weak; Weak trend,UNKNOWN,-5.01,-6.06,-1.44,0.0,2.5,0,0,0,-2,1,LOW,0,,,0,-1,-0.15,1.5,E,"Trend 0, Momentum 0, Volume 0, Liquidity -2 (0.0cr), VolRisk LOW, Sector UNKNOWN 0",-4,-4,-4,SELL/AVOID,News 0; event caution 0; risk LOW; type ; confidence ; reason . ,-3,HIGH,RISK_OFF,Nifty 20D return -5.771924924783489; 60D return -6.141522169043611; India VIX latest; 20D change 27.715355370472096; USDINR 20D change 0.8995466772440563; Crude 20D change 4.302699067276294,-7.0,SELL/AVOID,-4,-7.15,SELL/AVOID,"Tech -4 | News 0 (, ) | Event caution 0 | Macro -3 | Sector 0 | Analytics -0.15 (E) | Risk LOW/HIGH | Analytics: Trend 0, Momentum 0, Volume 0, Liquidity -2 (0.0cr), VolRisk LOW, Sector UNKNOWN 0",0,0,LOW,,,,,,,0,0,,,0,,0,89.2,HIGH,-3.23,SELL/AVOID,"AI overlay from completed recommendation outcomes; use as probability/risk input, not standalone advice."
EASEMYTRIP,2026-09-22,5.99,37411.0,-3,SELL/AVOID,37.2,-0.1896,15.17,7.28,7.49,,0.67,0.071,7.08,0.78,4.99,7.66,1.67,MACD weak,UNKNOWN,-16.81,-23.4,,0.0,11.15,0,0,0,-2,-2,VERY_HIGH,0,,,0,-3,-1.2,1.0,E,"Trend 0, Momentum 0, Volume 0, Liquidity -2 (0.0cr), VolRisk VERY_HIGH, Sector UNKNOWN 0",-3,-3,-3,SELL/AVOID,News 0; event caution 0; risk LOW; type ; confidence ; reason . ,-3,HIGH,RISK_OFF,Nifty 20D return -5.771924924783489; 60D return -6.141522169043611; India VIX latest; 20D change 27.715355370472096; USDINR 20D change 0.8995466772440563; Crude 20D change 4.302699067276294,-6.0,SELL/AVOID,-3,-7.2,SELL/AVOID,"Tech -3 | News 0 (, ) | Event caution 0 | Macro -3 | Sector 0 | Analytics -1.2 (E) | Risk LOW/HIGH | Analytics: Trend 0, Momentum 0, Volume 0, Liquidity -2 (0.0cr), VolRisk VERY_HIGH, Sector UNKNOWN 0",0,0,LOW,,,,,,,0,0,,,0,,0,69.2,HIGH,-5.28,SELL/AVOID,"AI overlay from completed recommendation outcomes; use as probability/risk input, not standalone advice."
POLICYBZR,2026-09-29,1081.0,299033.0,0,NEUTRAL,20.29,-82.6725,39.72,1635.79,1701.88,1604.91,108.39,0.018,0.48,1.82,918.42,1351.97,1.67,RSI oversold rebound candidate; MACD weak; Trend strength acceptable; Volume expansion,FINTECH,-42.69,-41.12,-31.78,0.01,10.03,1,-2,1,-2,-2,VERY_HIGH,-3,0.0,-15.36,-2,-3,-2.25,0.75,E,"Trend 1, Momentum -2, Volume 1, Liquidity -2 (0.01cr), VolRisk VERY_HIGH, Sector FINTECH -3",0,0,0,NEUTRAL,News 0; event caution 0; risk LOW; type ; confidence ; reason . ,-3,HIGH,RISK_OFF,Nifty 20D return -5.771924924783489; 60D return -6.141522169043611; India VIX latest; 20D change 27.715355370472096; USDINR 20D change 0.8995466772440563; Crude 20D change 4.302699067276294,-5.0,SELL/AVOID,0,-7.25,SELL/AVOID,"Tech 0 | News 0 (, ) | Event caution 0 | Macro -3 | Sector -2 | Analytics -2.25 (E) | Risk LOW/HIGH | Analytics: Trend 1, Momentum -2, Volume 1, Liquidity -2 (0.01cr), VolRisk VERY_HIGH, Sector FINTECH -3",0,0,LOW,,,,,,,0,0,,,0,,0,54.4,LOW,-6.81,SELL/AVOID,"AI overlay from completed recommendation outcomes; use as probability/risk input, not standalone advice."
LT,2026-09-29,3749.1,135267.0,-1,NEUTRAL,32.51,-9.2586,19.96,3885.34,3980.18,3961.05,62.51,-0.042,4.07,1.54,3655.33,3905.38,1.67,RSI oversold rebound candidate; MACD weak; Volume expansion,CAPITAL_GOODS,-4.6,-5.42,-2.53,0.01,1.67,0,-1,1,-2,1,LOW,-3,0.0,-0.93,-2,-1,-1.3,1.25,E,"Trend 0, Momentum -1, Volume 1, Liquidity -2 (0.01cr), VolRisk LOW, Sector CAPITAL_GOODS -3",-1,-1,-1,NEUTRAL,News 0; event caution 0; risk LOW; type ; confidence ; reason . ,-3,HIGH,RISK_OFF,Nifty 20D return -5.771924924783489; 60D return -6.141522169043611; India VIX latest; 20D change 27.715355370472096; USDINR 20D change 0.8995466772440563; Crude 20D change 4.302699067276294,-6.0,SELL/AVOID,-1,-7.3,SELL/AVOID,"Tech -1 | News 0 (, ) | Event caution 0 | Macro -3 | Sector -2 | Analytics -1.3 (E) | Risk LOW/HIGH | Analytics: Trend 0, Momentum -1, Volume 1, Liquidity -2 (0.01cr), VolRisk LOW, Sector CAPITAL_GOODS -3",0,0,LOW,,,,,,,0,0,,,0,,0,89.8,HIGH,-3.32,SELL/AVOID,"AI overlay from completed recommendation outcomes; use as probability/risk input, not standalone advice."
CANBK,2026-09-29,119.51,101398.0,-1,NEUTRAL,30.38,-0.1984,15.36,123.75,126.9,132.98,2.25,-0.187,17.07,1.76,116.14,125.12,1.66,RSI oversold rebound candidate; MACD weak; Volume expansion,BANK,-5.15,-4.77,-6.28,0.0,1.88,0,-1,1,-2,1,LOW,-3,19.2,-0.29,-2,-1,-1.3,1.25,E,"Trend 0, Momentum -1, Volume 1, Liquidity -2 (0.0cr), VolRisk LOW, Sector BANK -3",-1,-1,-1,NEUTRAL,News 0; event caution 0; risk LOW; type ; confidence ; reason . ,-3,HIGH,RISK_OFF,Nifty 20D return -5.771924924783489; 60D return -6.141522169043611; India VIX latest; 20D change 27.715355370472096; USDINR 20D change 0.8995466772440563; Crude 20D change 4.302699067276294,-6.0,SELL/AVOID,-1,-7.3,SELL/AVOID,"Tech -1 | News 0 (, ) | Event caution 0 | Macro -3 | Sector -2 | Analytics -1.3 (E) | Risk LOW/HIGH | Analytics: Trend 0, Momentum -1, Volume 1, Liquidity -2 (0.0cr), VolRisk LOW, Sector BANK -3",0,0,LOW,,,,,,,0,0,,,0,,0,90.1,HIGH,-3.29,SELL/AVOID,"AI overlay from completed recommendation outcomes; use as probability/risk input, not standalone advice."
NATIONALUM,2026-09-29,346.65,67380.0,-1,NEUTRAL,36.52,-0.2089,19.83,358.69,374.98,380.05,10.1,0.143,23.54,1.22,331.5,371.9,1.67,MACD weak; Volume expansion,METALS,-4.62,-7.34,1.09,0.0,2.91,0,0,1,-2,0,MEDIUM,-3,30.0,-0.49,-2,-2,-1.3,1.25,E,"Trend 0, Momentum 0, Volume 1, Liquidity -2 (0.0cr), VolRisk MEDIUM, Sector METALS -3",-1,-1,-1,NEUTRAL,News 0; event caution 0; risk LOW; type ; confidence ; reason . ,-3,HIGH,RISK_OFF,Nifty 20D return -5.771924924783489; 60D return -6.141522169043611; India VIX latest; 20D change 27.715355370472096; USDINR 20D change 0.8995466772440563; Crude 20D change 4.302699067276294,-6.0,SELL/AVOID,-1,-7.3,SELL/AVOID,"Tech -1 | News 0 (, ) | Event caution 0 | Macro -3 | Sector -2 | Analytics -1.3 (E) | Risk LOW/HIGH | Analytics: Trend 0, Momentum 0, Volume 1, Liquidity -2 (0.0cr), VolRisk MEDIUM, Sector METALS -3",0,0,LOW,,,,,,,0,0,,,0,,0,75.6,HIGH,-4.74,SELL/AVOID,"AI overlay from completed recommendation outcomes; use as probability/risk input, not standalone advice."
UPL,2026-09-29,538.0,43801.0,-1,NEUTRAL,32.63,-2.1711,18.01,563.14,571.77,621.03,12.28,0.027,11.39,1.31,519.58,568.7,1.67,RSI oversold rebound candidate; MACD weak; Volume expansion,CHEMICALS,-2.74,-7.58,-9.3,0.0,2.28,0,-1,1,-2,1,LOW,-3,0.0,-2.26,-2,-1,-1.3,1.25,E,"Trend 0, Momentum -1, Volume 1, Liquidity -2 (0.0cr), VolRisk LOW, Sector CHEMICALS -3",-1,-1,-1,NEUTRAL,News 0; event caution 0; risk LOW; type ; confidence ; reason . ,-3,HIGH,RISK_OFF,Nifty 20D return -5.771924924783489; 60D return -6.141522169043611; India VIX latest; 20D change 27.715355370472096; USDINR 20D change 0.8995466772440563; Crude 20D change 4.302699067276294,-6.0,SELL/AVOID,-1,-7.3,SELL/AVOID,"Tech -1 | News 0 (, ) | Event caution 0 | Macro -3 | Sector -2 | Analytics -1.3 (E) | Risk LOW/HIGH | Analytics: Trend 0, Momentum -1, Volume 1, Liquidity -2 (0.0cr), VolRisk LOW, Sector CHEMICALS -3",0,0,LOW,,,,,,,0,0,,,0,,0,90.1,HIGH,-3.29,SELL/AVOID,"AI overlay from completed recommendation outcomes; use as probability/risk input, not standalone advice."
IDEA,2026-09-29,13.56,670939.0,-2,NEUTRAL,38.8,-0.1171,21.62,14.47,14.14,12.43,0.47,0.135,15.46,1.08,12.85,14.74,1.66,MACD weak; Long-term trend positive,TELECOM,-6.61,-9.72,0.52,0.01,3.48,2,0,0,-2,0,MEDIUM,-2,0.0,1.4,-2,-2,-0.3,1.25,E,"Trend 2, Momentum 0, Volume 0, Liquidity -2 (0.01cr), VolRisk MEDIUM, Sector TELECOM -2",-2,-2,-2,NEUTRAL,News 0; event caution 0; risk LOW; type ; confidence ; reason . ,-3,HIGH,RISK_OFF,Nifty 20D return -5.771924924783489; 60D return -6.141522169043611; India VIX latest; 20D change 27.715355370472096; USDINR 20D change 0.8995466772440563; Crude 20D change 4.302699067276294,-7.0,SELL/AVOID,-2,-7.3,SELL/AVOID,"Tech -2 | News 0 (, ) | Event caution 0 | Macro -3 | Sector -2 | Analytics -0.3 (E) | Risk LOW/HIGH | Analytics: Trend 2, Momentum 0, Volume 0, Liquidity -2 (0.01cr), VolRisk MEDIUM, Sector TELECOM -2",0,0,LOW,,,,,,,0,0,,,0,,0,75.5,HIGH,-4.75,SELL/AVOID,"AI overlay from completed recommendation outcomes; use as probability/risk input, not standalone advice."
YATRA,2026-09-28,101.67,20776.0,-4,SELL/AVOID,38.86,-0.1146,14.18,109.88,109.31,,9.21,0.192,3.0,0.71,87.85,124.7,1.67,MACD weak; Weak trend,UNKNOWN,-10.82,0.33,-31.01,0.0,9.06,2,0,0,-2,-2,VERY_HIGH,0,,,0,-3,-0.3,1.0,E,"Trend 2, Momentum 0, Volume 0, Liquidity -2 (0.0cr), VolRisk VERY_HIGH, Sector UNKNOWN 0",-4,-4,-4,SELL/AVOID,News 0; event caution 0; risk LOW; type ; confidence ; reason . ,-3,HIGH,RISK_OFF,Nifty 20D return -5.771924924783489; 60D return -6.141522169043611; India VIX latest; 20D change 27.715355370472096; USDINR 20D change 0.8995466772440563; Crude 20D change 4.302699067276294,-7.0,SELL/AVOID,-4,-7.3,SELL/AVOID,"Tech -4 | News 0 (, ) | Event caution 0 | Macro -3 | Sector 0 | Analytics -0.3 (E) | Risk LOW/HIGH | Analytics: Trend 2, Momentum 0, Volume 0, Liquidity -2 (0.0cr), VolRisk VERY_HIGH, Sector UNKNOWN 0",0,0,LOW,,,,,,,0,0,,,0,,0,67.1,HIGH,-5.59,SELL/AVOID,"AI overlay from completed recommendation outcomes; use as probability/risk input, not standalone advice."
YESBANK,2026-09-29,20.71,95584.0,-1,NEUTRAL,27.46,-0.2331,25.96,22.7,22.66,21.78,0.63,-0.181,0.0,0.93,19.77,22.28,1.67,RSI oversold rebound candidate; MACD weak; Trend strength acceptable,BANK,-10.89,-7.96,-10.5,0.0,3.04,2,-2,0,-2,0,MEDIUM,-3,19.2,-0.29,-2,-2,-1.35,1.25,E,"Trend 2, Momentum -2, Volume 0, Liquidity -2 (0.0cr), VolRisk MEDIUM, Sector BANK -3",-1,-1,-1,NEUTRAL,News 0; event caution 0; risk LOW; type ; confidence ; reason . ,-3,HIGH,RISK_OFF,Nifty 20D return -5.771924924783489; 60D return -6.141522169043611; India VIX latest; 20D change 27.715355370472096; USDINR 20D change 0.8995466772440563; Crude 20D change 4.302699067276294,-6.0,SELL/AVOID,-1,-7.35,SELL/AVOID,"Tech -1 | News 0 (, ) | Event caution 0 | Macro -3 | Sector -2 | Analytics -1.35 (E) | Risk LOW/HIGH | Analytics: Trend 2, Momentum -2, Volume 0, Liquidity -2 (0.0cr), VolRisk MEDIUM, Sector BANK -3",0,0,LOW,,,,,,,0,0,,,0,,0,75.6,HIGH,-4.79,SELL/AVOID,"AI overlay from completed recommendation outcomes; use as probability/risk input, not standalone advice."
CONCOR,2026-09-29,443.5,40517.0,-1,NEUTRAL,21.66,-8.6479,25.24,501.74,498.58,,14.11,-0.04,0.25,1.03,422.34,478.77,1.67,RSI oversold rebound candidate; MACD weak; Trend strength acceptable,LOGISTICS,-12.7,-11.64,-3.45,0.0,3.18,2,-2,0,-2,0,MEDIUM,-3,33.3,-5.62,-2,-2,-1.35,1.25,E,"Trend 2, Momentum -2, Volume 0, Liquidity -2 (0.0cr), VolRisk MEDIUM, Sector LOGISTICS -3",-1,-1,-1,NEUTRAL,News 0; event caution 0; risk LOW; type ; confidence ; reason . ,-3,HIGH,RISK_OFF,Nifty 20D return -5.771924924783489; 60D return -6.141522169043611; India VIX latest; 20D change 27.715355370472096; USDINR 20D change 0.8995466772440563; Crude 20D change 4.302699067276294,-6.0,SELL/AVOID,-1,-7.35,SELL/AVOID,"Tech -1 | News 0 (, ) | Event caution 0 | Macro -3 | Sector -2 | Analytics -1.35 (E) | Risk LOW/HIGH | Analytics: Trend 2, Momentum -2, Volume 0, Liquidity -2 (0.0cr), VolRisk MEDIUM, Sector LOGISTICS -3",0,0,LOW,,,,,,,0,0,,,0,,0,72.8,HIGH,-5.07,SELL/AVOID,"AI overlay from completed recommendation outcomes; use as probability/risk input, not standalone advice."
MAHABANK,2026-09-29,79.16,72529.0,-2,NEUTRAL,39.62,-0.3259,13.55,82.99,82.02,77.81,2.48,0.001,0.0,1.55,75.45,85.35,1.67,MACD weak; Weak trend; Long-term trend positive; Volume expansion,BANK,-5.89,-7.9,-3.17,0.0,3.13,2,0,1,-2,0,MEDIUM,-3,19.2,-0.29,-2,-2,-0.4,1.25,E,"Trend 2, Momentum 0, Volume 1, Liquidity -2 (0.0cr), VolRisk MEDIUM, Sector BANK -3",-2,-2,-2,NEUTRAL,News 0; event caution 0; risk LOW; type ; confidence ; reason . ,-3,HIGH,RISK_OFF,Nifty 20D return -5.771924924783489; 60D return -6.141522169043611; India VIX latest; 20D change 27.715355370472096; USDINR 20D change 0.8995466772440563; Crude 20D change 4.302699067276294,-7.0,SELL/AVOID,-2,-7.4,SELL/AVOID,"Tech -2 | News 0 (, ) | Event caution 0 | Macro -3 | Sector -2 | Analytics -0.4 (E) | Risk LOW/HIGH | Analytics: Trend 2, Momentum 0, Volume 1, Liquidity -2 (0.0cr), VolRisk MEDIUM, Sector BANK -3",0,0,LOW,,,,,,,0,0,,,0,,0,75.5,HIGH,-4.85,SELL/AVOID,"AI overlay from completed recommendation outcomes; use as probability/risk input, not standalone advice."
GAIL,2026-09-29,170.04,45255.0,-2,NEUTRAL,39.98,-0.1764,11.95,173.09,173.62,165.49,2.93,0.001,23.85,1.05,165.64,177.38,1.67,MACD weak; Weak trend; Long-term trend positive,OIL_GAS,-1.68,-1.94,-2.27,0.0,1.73,1,0,0,-2,1,LOW,-2,0.0,1.4,-2,-1,-0.4,1.25,E,"Trend 1, Momentum 0, Volume 0, Liquidity -2 (0.0cr), VolRisk LOW, Sector OIL_GAS -2",-2,-2,-2,NEUTRAL,News 0; event caution 0; risk LOW; type ; confidence ; reason . ,-3,HIGH,RISK_OFF,Nifty 20D return -5.771924924783489; 60D return -6.141522169043611; India VIX latest; 20D change 27.715355370472096; USDINR 20D change 0.8995466772440563; Crude 20D change 4.302699067276294,-7.0,SELL/AVOID,-2,-7.4,SELL/AVOID,"Tech -2 | News 0 (, ) | Event caution 0 | Macro -3 | Sector -2 | Analytics -0.4 (E) | Risk LOW/HIGH | Analytics: Trend 1, Momentum 0, Volume 0, Liquidity -2 (0.0cr), VolRisk LOW, Sector OIL_GAS -2",0,0,LOW,,,,,,,0,0,,,0,,0,88.8,HIGH,-3.52,SELL/AVOID,"AI overlay from completed recommendation outcomes; use as probability/risk input, not standalone advice."
NIACL,2026-09-29,168.29,53793.0,-4,SELL/AVOID,35.81,-3.2661,14.5,190.66,189.97,,10.99,0.109,18.85,0.69,151.81,195.76,1.67,MACD weak; Weak trend,UNKNOWN,-11.96,-26.8,0.57,0.0,6.53,1,0,0,-2,-1,HIGH,0,,,0,-3,-0.4,1.0,E,"Trend 1, Momentum 0, Volume 0, Liquidity -2 (0.0cr), VolRisk HIGH, Sector UNKNOWN 0",-4,-4,-4,SELL/AVOID,News 0; event caution 0; risk LOW; type ; confidence ; reason . ,-3,HIGH,RISK_OFF,Nifty 20D return -5.771924924783489; 60D return -6.141522169043611; India VIX latest; 20D change 27.715355370472096; USDINR 20D change 0.8995466772440563; Crude 20D change 4.302699067276294,-7.0,SELL/AVOID,-4,-7.4,SELL/AVOID,"Tech -4 | News 0 (, ) | Event caution 0 | Macro -3 | Sector 0 | Analytics -0.4 (E) | Risk LOW/HIGH | Analytics: Trend 1, Momentum 0, Volume 0, Liquidity -2 (0.0cr), VolRisk HIGH, Sector UNKNOWN 0",0,0,LOW,,,,,,,0,0,,,0,,0,69.0,HIGH,-5.5,SELL/AVOID,"AI overlay from completed recommendation outcomes; use as probability/risk input, not standalone advice."
INDUSINDBK,2026-09-29,878.0,55117.0,-1,NEUTRAL,20.44,-7.1839,27.7,956.16,989.52,929.34,21.0,-0.069,0.0,1.19,846.5,930.5,1.67,RSI oversold rebound candidate; MACD weak; Trend strength acceptable,BANK,-8.47,-12.94,-17.44,0.0,2.39,1,-2,0,-2,1,LOW,-3,19.2,-0.29,-2,-1,-1.45,1.25,E,"Trend 1, Momentum -2, Volume 0, Liquidity -2 (0.0cr), VolRisk LOW, Sector BANK -3",-1,-1,-1,NEUTRAL,News 0; event caution 0; risk LOW; type ; confidence ; reason . ,-3,HIGH,RISK_OFF,Nifty 20D return -5.771924924783489; 60D return -6.141522169043611; India VIX latest; 20D change 27.715355370472096; USDINR 20D change 0.8995466772440563; Crude 20D change 4.302699067276294,-6.0,SELL/AVOID,-1,-7.45,SELL/AVOID,"Tech -1 | News 0 (, ) | Event caution 0 | Macro -3 | Sector -2 | Analytics -1.45 (E) | Risk LOW/HIGH | Analytics: Trend 1, Momentum -2, Volume 0, Liquidity -2 (0.0cr), VolRisk LOW, Sector BANK -3",0,0,LOW,,,,,,,0,0,,,0,,0,83.4,HIGH,-4.11,SELL/AVOID,"AI overlay from completed recommendation outcomes; use as probability/risk input, not standalone advice."
VOLTAS,2026-09-29,1090.0,30136.0,-1,NEUTRAL,32.67,-0.8655,33.09,1152.33,1237.73,1332.87,33.3,-0.011,0.0,1.05,1040.04,1173.26,1.67,RSI oversold rebound candidate; MACD weak; Trend strength acceptable,CONSUMER_DURABLES,-4.56,-10.47,-16.31,0.0,3.06,1,-1,0,-2,0,MEDIUM,-3,25.0,-4.18,-2,-2,-1.45,1.25,E,"Trend 1, Momentum -1, Volume 0, Liquidity -2 (0.0cr), VolRisk MEDIUM, Sector CONSUMER_DURABLES -3",-1,-1,-1,NEUTRAL,News 0; event caution 0; risk LOW; type ; confidence ; reason . ,-3,HIGH,RISK_OFF,Nifty 20D return -5.771924924783489; 60D return -6.141522169043611; India VIX latest; 20D change 27.715355370472096; USDINR 20D change 0.8995466772440563; Crude 20D change 4.302699067276294,-6.0,SELL/AVOID,-1,-7.45,SELL/AVOID,"Tech -1 | News 0 (, ) | Event caution 0 | Macro -3 | Sector -2 | Analytics -1.45 (E) | Risk LOW/HIGH | Analytics: Trend 1, Momentum -1, Volume 0, Liquidity -2 (0.0cr), VolRisk MEDIUM, Sector CONSUMER_DURABLES -3",0,0,LOW,,,,,,,0,0,,,0,,0,74.1,HIGH,-5.04,SELL/AVOID,"AI overlay from completed recommendation outcomes; use as probability/risk input, not standalone advice."
AMBUJACEM,2026-09-29,365.75,29656.0,-1,NEUTRAL,21.36,-1.4105,28.2,393.14,413.44,443.75,8.68,-0.003,0.0,1.16,352.72,387.46,1.67,RSI oversold rebound candidate; MACD weak; Trend strength acceptable,CEMENT,-5.81,-11.76,-17.14,0.0,2.37,1,-2,0,-2,1,LOW,-3,14.3,-0.59,-2,-1,-1.45,1.25,E,"Trend 1, Momentum -2, Volume 0, Liquidity -2 (0.0cr), VolRisk LOW, Sector CEMENT -3",-1,-1,-1,NEUTRAL,News 0; event caution 0; risk LOW; type ; confidence ; reason . ,-3,HIGH,RISK_OFF,Nifty 20D return -5.771924924783489; 60D return -6.141522169043611; India VIX latest; 20D change 27.715355370472096; USDINR 20D change 0.8995466772440563; Crude 20D change 4.302699067276294,-6.0,SELL/AVOID,-1,-7.45,SELL/AVOID,"Tech -1 | News 0 (, ) | Event caution 0 | Macro -3 | Sector -2 | Analytics -1.45 (E) | Risk LOW/HIGH | Analytics: Trend 1, Momentum -2, Volume 0, Liquidity -2 (0.0cr), VolRisk LOW, Sector CEMENT -3",0,0,LOW,,,,,,,0,0,,,0,,0,84.1,HIGH,-4.04,SELL/AVOID,"AI overlay from completed recommendation outcomes; use as probability/risk input, not standalone advice."
BRITANNIA,2026-09-29,4835.0,29076.0,-1,NEUTRAL,23.19,-3.3051,48.23,5029.4,5287.65,5530.83,90.58,0.055,11.28,1.12,4699.14,5061.44,1.67,RSI oversold rebound candidate; MACD weak; Trend strength acceptable,FMCG,-2.95,-8.92,-10.03,0.0,1.87,1,-2,0,-2,1,LOW,-3,16.7,-0.23,-2,-1,-1.45,1.25,E,"Trend 1, Momentum -2, Volume 0, Liquidity -2 (0.0cr), VolRisk LOW, Sector FMCG -3",-1,-1,-1,NEUTRAL,News 0; event caution 0; risk LOW; type ; confidence ; reason . ,-3,HIGH,RISK_OFF,Nifty 20D return -5.771924924783489; 60D return -6.141522169043611; India VIX latest; 20D change 27.715355370472096; USDINR 20D change 0.8995466772440563; Crude 20D change 4.302699067276294,-6.0,SELL/AVOID,-1,-7.45,SELL/AVOID,"Tech -1 | News 0 (, ) | Event caution 0 | Macro -3 | Sector -2 | Analytics -1.45 (E) | Risk LOW/HIGH | Analytics: Trend 1, Momentum -2, Volume 0, Liquidity -2 (0.0cr), VolRisk LOW, Sector FMCG -3",0,0,LOW,,,,,,,0,0,,,0,,0,85.8,HIGH,-3.87,SELL/AVOID,"AI overlay from completed recommendation outcomes; use as probability/risk input, not standalone advice."
TECHM,2026-09-29,1510.5,84005.0,-2,NEUTRAL,35.87,-1.1767,12.98,1545.38,1588.49,1485.2,37.09,-0.016,0.0,1.39,1454.87,1603.22,1.67,MACD weak; Weak trend; Long-term trend positive; Volume expansion,IT,-2.99,-5.41,-4.17,0.0,2.46,1,0,1,-2,1,LOW,-3,8.3,-6.57,-2,-1,-0.5,1.25,E,"Trend 1, Momentum 0, Volume 1, Liquidity -2 (0.0cr), VolRisk LOW, Sector IT -3",-2,-2,-2,NEUTRAL,News 0; event caution 0; risk LOW; type ; confidence ; reason . ,-3,HIGH,RISK_OFF,Nifty 20D return -5.771924924783489; 60D return -6.141522169043611; India VIX latest; 20D change 27.715355370472096; USDINR 20D change 0.8995466772440563; Crude 20D change 4.302699067276294,-7.0,SELL/AVOID,-2,-7.5,SELL/AVOID,"Tech -2 | News 0 (, ) | Event caution 0 | Macro -3 | Sector -2 | Analytics -0.5 (E) | Risk LOW/HIGH | Analytics: Trend 1, Momentum 0, Volume 1, Liquidity -2 (0.0cr), VolRisk LOW, Sector IT -3",0,0,LOW,,,,,,,0,0,,,0,,0,89.1,HIGH,-3.59,SELL/AVOID,"AI overlay from completed recommendation outcomes; use as probability/risk input, not standalone advice."
KFINTECH,2026-09-29,838.2,52490.0,-1,NEUTRAL,25.25,-10.5737,21.8,928.19,920.1,,27.79,-0.088,0.0,1.73,796.52,907.66,1.67,RSI oversold rebound candidate; MACD weak; Volume expansion,FINANCIALS,-6.66,-14.47,-5.69,0.0,3.31,1,-2,1,-2,0,MEDIUM,-3,22.7,-2.14,-2,-2,-1.55,1.25,E,"Trend 1, Momentum -2, Volume 1, Liquidity -2 (0.0cr), VolRisk MEDIUM, Sector FINANCIALS -3",-1,-1,-1,NEUTRAL,News 0; event caution 0; risk LOW; type ; confidence ; reason . ,-3,HIGH,RISK_OFF,Nifty 20D return -5.771924924783489; 60D return -6.141522169043611; India VIX latest; 20D change 27.715355370472096; USDINR 20D change 0.8995466772440563; Crude 20D change 4.302699067276294,-6.0,SELL/AVOID,-1,-7.55,SELL/AVOID,"Tech -1 | News 0 (, ) | Event caution 0 | Macro -3 | Sector -2 | Analytics -1.55 (E) | Risk LOW/HIGH | Analytics: Trend 1, Momentum -2, Volume 1, Liquidity -2 (0.0cr), VolRisk MEDIUM, Sector FINANCIALS -3",0,0,LOW,,,,,,,0,0,,,0,,0,72.7,HIGH,-5.28,SELL/AVOID,"AI overlay from completed recommendation outcomes; use as probability/risk input, not standalone advice."
SRF,2026-09-28,2491.5,20298.0,-1,NEUTRAL,34.91,-1.696,17.84,2560.04,2660.52,,57.2,0.091,25.19,0.76,2405.7,2634.51,1.67,RSI oversold rebound candidate; MACD weak,CHEMICALS,-1.09,-3.05,-8.42,0.0,2.3,0,-1,0,-2,1,LOW,-3,0.0,-2.26,-2,-1,-1.55,1.25,E,"Trend 0, Momentum -1, Volume 0, Liquidity -2 (0.0cr), VolRisk LOW, Sector CHEMICALS -3",-1,-1,-1,NEUTRAL,News 0; event caution 0; risk LOW; type ; confidence ; reason . ,-3,HIGH,RISK_OFF,Nifty 20D return -5.771924924783489; 60D return -6.141522169043611; India VIX latest; 20D change 27.715355370472096; USDINR 20D change 0.8995466772440563; Crude 20D change 4.302699067276294,-6.0,SELL/AVOID,-1,-7.55,SELL/AVOID,"Tech -1 | News 0 (, ) | Event caution 0 | Macro -3 | Sector -2 | Analytics -1.55 (E) | Risk LOW/HIGH | Analytics: Trend 0, Momentum -1, Volume 0, Liquidity -2 (0.0cr), VolRisk LOW, Sector CHEMICALS -3",0,0,LOW,,,,,,,0,0,,,0,,0,88.3,HIGH,-3.72,SELL/AVOID,"AI overlay from completed recommendation outcomes; use as probability/risk input, not standalone advice."
CDSL,2026-09-29,1261.9,54101.0,-1,NEUTRAL,31.87,-9.4692,17.48,1348.42,1357.72,1299.89,34.87,-0.034,0.45,1.22,1209.6,1349.07,1.67,RSI oversold rebound candidate; MACD weak; Volume expansion,FINANCIALS,-6.39,-9.52,-8.9,0.0,2.76,0,-1,1,-2,0,MEDIUM,-3,22.7,-2.14,-2,-2,-1.65,1.25,E,"Trend 0, Momentum -1, Volume 1, Liquidity -2 (0.0cr), VolRisk MEDIUM, Sector FINANCIALS -3",-1,-1,-1,NEUTRAL,News 0; event caution 0; risk LOW; type ; confidence ; reason . ,-3,HIGH,RISK_OFF,Nifty 20D return -5.771924924783489; 60D return -6.141522169043611; India VIX latest; 20D change 27.715355370472096; USDINR 20D change 0.8995466772440563; Crude 20D change 4.302699067276294,-6.0,SELL/AVOID,-1,-7.65,SELL/AVOID,"Tech -1 | News 0 (, ) | Event caution 0 | Macro -3 | Sector -2 | Analytics -1.65 (E) | Risk LOW/HIGH | Analytics: Trend 0, Momentum -1, Volume 1, Liquidity -2 (0.0cr), VolRisk MEDIUM, Sector FINANCIALS -3",0,0,LOW,,,,,,,0,0,,,0,,0,73.5,HIGH,-5.3,SELL/AVOID,"AI overlay from completed recommendation outcomes; use as probability/risk input, not standalone advice."
BANKINDIA,2026-09-29,130.11,50486.0,-1,NEUTRAL,26.41,-1.0457,21.49,139.7,141.13,146.91,3.22,-0.082,9.2,1.62,125.28,138.16,1.67,RSI oversold rebound candidate; MACD weak; Volume expansion,BANK,-5.83,-9.65,-8.29,0.0,2.48,0,-2,1,-2,1,LOW,-3,19.2,-0.29,-2,-1,-1.65,1.25,E,"Trend 0, Momentum -2, Volume 1, Liquidity -2 (0.0cr), VolRisk LOW, Sector BANK -3",-1,-1,-1,NEUTRAL,News 0; event caution 0; risk LOW; type ; confidence ; reason . ,-3,HIGH,RISK_OFF,Nifty 20D return -5.771924924783489; 60D return -6.141522169043611; India VIX latest; 20D change 27.715355370472096; USDINR 20D change 0.8995466772440563; Crude 20D change 4.302699067276294,-6.0,SELL/AVOID,-1,-7.65,SELL/AVOID,"Tech -1 | News 0 (, ) | Event caution 0 | Macro -3 | Sector -2 | Analytics -1.65 (E) | Risk LOW/HIGH | Analytics: Trend 0, Momentum -2, Volume 1, Liquidity -2 (0.0cr), VolRisk LOW, Sector BANK -3",0,0,LOW,,,,,,,0,0,,,0,,0,86.6,HIGH,-3.99,SELL/AVOID,"AI overlay from completed recommendation outcomes; use as probability/risk input, not standalone advice."
J&KBANK,2026-09-29,138.52,41545.0,-1,NEUTRAL,30.65,-0.0202,21.76,147.46,159.75,,5.08,-0.283,3.51,1.38,130.9,151.22,1.67,RSI oversold rebound candidate; MACD weak; Volume expansion,BANK,-6.19,-7.8,-13.23,0.0,3.67,0,-1,1,-2,0,MEDIUM,-3,19.2,-0.29,-2,-2,-1.65,1.25,E,"Trend 0, Momentum -1, Volume 1, Liquidity -2 (0.0cr), VolRisk MEDIUM, Sector BANK -3",-1,-1,-1,NEUTRAL,News 0; event caution 0; risk LOW; type ; confidence ; reason . ,-3,HIGH,RISK_OFF,Nifty 20D return -5.771924924783489; 60D return -6.141522169043611; India VIX latest; 20D change 27.715355370472096; USDINR 20D change 0.8995466772440563; Crude 20D change 4.302699067276294,-6.0,SELL/AVOID,-1,-7.65,SELL/AVOID,"Tech -1 | News 0 (, ) | Event caution 0 | Macro -3 | Sector -2 | Analytics -1.65 (E) | Risk LOW/HIGH | Analytics: Trend 0, Momentum -1, Volume 1, Liquidity -2 (0.0cr), VolRisk MEDIUM, Sector BANK -3",0,0,LOW,,,,,,,0,0,,,0,,0,74.6,HIGH,-5.19,SELL/AVOID,"AI overlay from completed recommendation outcomes; use as probability/risk input, not standalone advice."
UBL,2026-09-20,1251.5,28351.0,-1,NEUTRAL,31.36,-10.0306,19.15,1342.2,1444.2,,51.41,0.103,13.33,1.21,1174.39,1380.02,1.67,RSI oversold rebound candidate; MACD weak; Volume expansion,FMCG,-7.55,-8.5,,0.0,4.11,0,-1,1,-2,0,MEDIUM,-3,16.7,-0.23,-2,-2,-1.65,1.25,E,"Trend 0, Momentum -1, Volume 1, Liquidity -2 (0.0cr), VolRisk MEDIUM, Sector FMCG -3",-1,-1,-1,NEUTRAL,News 0; event caution 0; risk LOW; type ; confidence ; reason . ,-3,HIGH,RISK_OFF,Nifty 20D return -5.771924924783489; 60D return -6.141522169043611; India VIX latest; 20D change 27.715355370472096; USDINR 20D change 0.8995466772440563; Crude 20D change 4.302699067276294,-6.0,SELL/AVOID,-1,-7.65,SELL/AVOID,"Tech -1 | News 0 (, ) | Event caution 0 | Macro -3 | Sector -2 | Analytics -1.65 (E) | Risk LOW/HIGH | Analytics: Trend 0, Momentum -1, Volume 1, Liquidity -2 (0.0cr), VolRisk MEDIUM, Sector FMCG -3",0,0,LOW,,,,,,,0,0,,,0,,0,75.3,HIGH,-5.12,SELL/AVOID,"AI overlay from completed recommendation outcomes; use as probability/risk input, not standalone advice."
CGPOWER,2026-09-29,858.05,44831.0,-2,NEUTRAL,39.68,-3.6761,14.93,891.53,885.54,831.08,23.58,0.098,22.27,0.9,822.68,916.99,1.67,MACD weak; Weak trend; Long-term trend positive,CAPITAL_GOODS,-4.13,-3.7,-5.96,0.0,2.75,2,0,0,-2,0,MEDIUM,-3,0.0,-0.93,-2,-2,-0.65,1.25,E,"Trend 2, Momentum 0, Volume 0, Liquidity -2 (0.0cr), VolRisk MEDIUM, Sector CAPITAL_GOODS -3",-2,-2,-2,NEUTRAL,News 0; event caution 0; risk LOW; type ; confidence ; reason . ,-3,HIGH,RISK_OFF,Nifty 20D return -5.771924924783489; 60D return -6.141522169043611; India VIX latest; 20D change 27.715355370472096; USDINR 20D change 0.8995466772440563; Crude 20D change 4.302699067276294,-7.0,SELL/AVOID,-2,-7.65,SELL/AVOID,"Tech -2 | News 0 (, ) | Event caution 0 | Macro -3 | Sector -2 | Analytics -0.65 (E) | Risk LOW/HIGH | Analytics: Trend 2, Momentum 0, Volume 0, Liquidity -2 (0.0cr), VolRisk MEDIUM, Sector CAPITAL_GOODS -3",0,0,LOW,,,,,,,0,0,,,0,,0,72.5,HIGH,-5.4,SELL/AVOID,"AI overlay from completed recommendation outcomes; use as probability/risk input, not standalone advice."
CEATLTD,2026-09-03,3315.3,20462.0,-1,NEUTRAL,41.18,-38.0351,20.9,3670.7,3532.76,,183.91,0.056,0.77,0.55,3039.43,3775.08,1.67,RSI in swing zone; MACD weak,AUTO_ANC,-2.7,-5.56,-11.33,0.0,5.55,1,0,-1,-2,-1,HIGH,-3,14.3,-1.07,-2,-3,-1.7,0.75,E,"Trend 1, Momentum 0, Volume -1, Liquidity -2 (0.0cr), VolRisk HIGH, Sector AUTO_ANC -3",-1,-1,-1,NEUTRAL,News 0; event caution 0; risk LOW; type ; confidence ; reason . ,-3,HIGH,RISK_OFF,Nifty 20D return -5.771924924783489; 60D return -6.141522169043611; India VIX latest; 20D change 27.715355370472096; USDINR 20D change 0.8995466772440563; Crude 20D change 4.302699067276294,-6.0,SELL/AVOID,-1,-7.7,SELL/AVOID,"Tech -1 | News 0 (, ) | Event caution 0 | Macro -3 | Sector -2 | Analytics -1.7 (E) | Risk LOW/HIGH | Analytics: Trend 1, Momentum 0, Volume -1, Liquidity -2 (0.0cr), VolRisk HIGH, Sector AUTO_ANC -3",0,0,LOW,,,,,,,0,0,,,0,,0,68.0,HIGH,-5.9,SELL/AVOID,"AI overlay from completed recommendation outcomes; use as probability/risk input, not standalone advice."
TCS,2026-09-29,2032.4,115910.0,-1,NEUTRAL,25.04,-7.8753,30.49,2152.86,2272.23,2350.29,58.36,0.077,0.0,0.99,1944.86,2178.3,1.67,RSI oversold rebound candidate; MACD weak; Trend strength acceptable,IT,-2.74,-11.79,-8.5,0.01,2.87,1,-2,0,-2,0,MEDIUM,-3,8.3,-6.57,-2,-2,-1.8,1.25,E,"Trend 1, Momentum -2, Volume 0, Liquidity -2 (0.01cr), VolRisk MEDIUM, Sector IT -3",-1,-1,-1,NEUTRAL,News 0; event caution 0; risk LOW; type ; confidence ; reason . ,-3,HIGH,RISK_OFF,Nifty 20D return -5.771924924783489; 60D return -6.141522169043611; India VIX latest; 20D change 27.715355370472096; USDINR 20D change 0.8995466772440563; Crude 20D change 4.302699067276294,-6.0,SELL/AVOID,-1,-7.8,SELL/AVOID,"Tech -1 | News 0 (, ) | Event caution 0 | Macro -3 | Sector -2 | Analytics -1.8 (E) | Risk LOW/HIGH | Analytics: Trend 1, Momentum -2, Volume 0, Liquidity -2 (0.01cr), VolRisk MEDIUM, Sector IT -3",0,0,LOW,,,,,,,0,0,,,0,,0,73.0,HIGH,-5.5,SELL/AVOID,"AI overlay from completed recommendation outcomes; use as probability/risk input, not standalone advice."
CHOLAFIN,2026-09-29,1627.3,61594.0,-1,NEUTRAL,23.35,-17.1322,29.53,1769.24,1832.48,1674.67,48.42,0.033,10.84,0.98,1554.66,1748.36,1.67,RSI oversold rebound candidate; MACD weak; Trend strength acceptable,NBFC,-8.27,-11.51,-7.48,0.0,2.98,1,-2,0,-2,0,MEDIUM,-3,0.0,-3.02,-2,-2,-1.8,1.25,E,"Trend 1, Momentum -2, Volume 0, Liquidity -2 (0.0cr), VolRisk MEDIUM, Sector NBFC -3",-1,-1,-1,NEUTRAL,News 0; event caution 0; risk LOW; type ; confidence ; reason . ,-3,HIGH,RISK_OFF,Nifty 20D return -5.771924924783489; 60D return -6.141522169043611; India VIX latest; 20D change 27.715355370472096; USDINR 20D change 0.8995466772440563; Crude 20D change 4.302699067276294,-6.0,SELL/AVOID,-1,-7.8,SELL/AVOID,"Tech -1 | News 0 (, ) | Event caution 0 | Macro -3 | Sector -2 | Analytics -1.8 (E) | Risk LOW/HIGH | Analytics: Trend 1, Momentum -2, Volume 0, Liquidity -2 (0.0cr), VolRisk MEDIUM, Sector NBFC -3",0,0,LOW,,,,,,,0,0,,,0,,0,73.5,HIGH,-5.45,SELL/AVOID,"AI overlay from completed recommendation outcomes; use as probability/risk input, not standalone advice."
M&MFIN,2026-09-29,328.05,52615.0,-1,NEUTRAL,24.8,-1.8063,27.72,349.97,372.26,336.66,10.07,0.073,8.22,1.17,312.95,353.22,1.67,RSI oversold rebound candidate; MACD weak; Trend strength acceptable,FINANCIALS,-5.9,-12.2,-6.23,0.0,3.07,1,-2,0,-2,0,MEDIUM,-3,22.7,-2.14,-2,-2,-1.8,1.25,E,"Trend 1, Momentum -2, Volume 0, Liquidity -2 (0.0cr), VolRisk MEDIUM, Sector FINANCIALS -3",-1,-1,-1,NEUTRAL,News 0; event caution 0; risk LOW; type ; confidence ; reason . ,-3,HIGH,RISK_OFF,Nifty 20D return -5.771924924783489; 60D return -6.141522169043611; India VIX latest; 20D change 27.715355370472096; USDINR 20D change 0.8995466772440563; Crude 20D change 4.302699067276294,-6.0,SELL/AVOID,-1,-7.8,SELL/AVOID,"Tech -1 | News 0 (, ) | Event caution 0 | Macro -3 | Sector -2 | Analytics -1.8 (E) | Risk LOW/HIGH | Analytics: Trend 1, Momentum -2, Volume 0, Liquidity -2 (0.0cr), VolRisk MEDIUM, Sector FINANCIALS -3",0,0,LOW,,,,,,,0,0,,,0,,0,72.8,HIGH,-5.52,SELL/AVOID,"AI overlay from completed recommendation outcomes; use as probability/risk input, not standalone advice."
SBICARD,2026-09-29,581.0,41953.0,-1,NEUTRAL,27.58,-6.5295,23.75,636.93,643.76,671.64,17.73,-0.03,0.0,1.06,554.4,625.33,1.67,RSI oversold rebound candidate; MACD weak; Trend strength acceptable,NBFC,-8.5,-11.74,-11.26,0.0,3.05,1,-2,0,-2,0,MEDIUM,-3,0.0,-3.02,-2,-2,-1.8,1.25,E,"Trend 1, Momentum -2, Volume 0, Liquidity -2 (0.0cr), VolRisk MEDIUM, Sector NBFC -3",-1,-1,-1,NEUTRAL,News 0; event caution 0; risk LOW; type ; confidence ; reason . ,-3,HIGH,RISK_OFF,Nifty 20D return -5.771924924783489; 60D return -6.141522169043611; India VIX latest; 20D change 27.715355370472096; USDINR 20D change 0.8995466772440563; Crude 20D change 4.302699067276294,-6.0,SELL/AVOID,-1,-7.8,SELL/AVOID,"Tech -1 | News 0 (, ) | Event caution 0 | Macro -3 | Sector -2 | Analytics -1.8 (E) | Risk LOW/HIGH | Analytics: Trend 1, Momentum -2, Volume 0, Liquidity -2 (0.0cr), VolRisk MEDIUM, Sector NBFC -3",0,0,LOW,,,,,,,0,0,,,0,,0,73.2,HIGH,-5.48,SELL/AVOID,"AI overlay from completed recommendation outcomes; use as probability/risk input, not standalone advice."
HAVELLS,2026-09-29,1043.3,39622.0,-1,NEUTRAL,23.15,-0.4328,42.25,1107.9,1200.47,1241.34,26.39,-0.122,0.0,0.95,1003.71,1109.28,1.67,RSI oversold rebound candidate; MACD weak; Trend strength acceptable,CAPITAL_GOODS,-4.85,-9.59,-12.13,0.0,2.53,1,-2,0,-2,0,MEDIUM,-3,0.0,-0.93,-2,-2,-1.8,1.25,E,"Trend 1, Momentum -2, Volume 0, Liquidity -2 (0.0cr), VolRisk MEDIUM, Sector CAPITAL_GOODS -3",-1,-1,-1,NEUTRAL,News 0; event caution 0; risk LOW; type ; confidence ; reason . ,-3,HIGH,RISK_OFF,Nifty 20D return -5.771924924783489; 60D return -6.141522169043611; India VIX latest; 20D change 27.715355370472096; USDINR 20D change 0.8995466772440563; Crude 20D change 4.302699067276294,-6.0,SELL/AVOID,-1,-7.8,SELL/AVOID,"Tech -1 | News 0 (, ) | Event caution 0 | Macro -3 | Sector -2 | Analytics -1.8 (E) | Risk LOW/HIGH | Analytics: Trend 1, Momentum -2, Volume 0, Liquidity -2 (0.0cr), VolRisk MEDIUM, Sector CAPITAL_GOODS -3",0,0,LOW,,,,,,,0,0,,,0,,0,76.0,HIGH,-5.2,SELL/AVOID,"AI overlay from completed recommendation outcomes; use as probability/risk input, not standalone advice."
JSWCEMENT,2026-09-29,112.58,33566.0,-1,NEUTRAL,24.51,-0.0656,31.62,117.8,126.91,,2.93,0.088,16.05,0.8,108.18,119.91,1.67,RSI oversold rebound candidate; MACD weak; Trend strength acceptable,CEMENT,-4.74,-8.75,-10.67,0.0,2.61,1,-2,0,-2,0,MEDIUM,-3,14.3,-0.59,-2,-2,-1.8,1.25,E,"Trend 1, Momentum -2, Volume 0, Liquidity -2 (0.0cr), VolRisk MEDIUM, Sector CEMENT -3",-1,-1,-1,NEUTRAL,News 0; event caution 0; risk LOW; type ; confidence ; reason . ,-3,HIGH,RISK_OFF,Nifty 20D return -5.771924924783489; 60D return -6.141522169043611; India VIX latest; 20D change 27.715355370472096; USDINR 20D change 0.8995466772440563; Crude 20D change 4.302699067276294,-6.0,SELL/AVOID,-1,-7.8,SELL/AVOID,"Tech -1 | News 0 (, ) | Event caution 0 | Macro -3 | Sector -2 | Analytics -1.8 (E) | Risk LOW/HIGH | Analytics: Trend 1, Momentum -2, Volume 0, Liquidity -2 (0.0cr), VolRisk MEDIUM, Sector CEMENT -3",0,0,LOW,,,,,,,0,0,,,0,,0,79.3,HIGH,-4.87,SELL/AVOID,"AI overlay from completed recommendation outcomes; use as probability/risk input, not standalone advice."
CREDITACC,2026-09-29,1216.3,31321.0,-1,NEUTRAL,20.3,-11.973,30.85,1405.21,1484.02,,58.63,-0.441,2.78,0.96,1128.36,1362.87,1.67,RSI oversold rebound candidate; MACD weak; Trend strength acceptable,FINANCIALS,-14.6,-18.7,-13.79,0.0,4.82,1,-2,0,-2,0,MEDIUM,-3,22.7,-2.14,-2,-2,-1.8,1.25,E,"Trend 1, Momentum -2, Volume 0, Liquidity -2 (0.0cr), VolRisk MEDIUM, Sector FINANCIALS -3",-1,-1,-1,NEUTRAL,News 0; event caution 0; risk LOW; type ; confidence ; reason . ,-3,HIGH,RISK_OFF,Nifty 20D return -5.771924924783489; 60D return -6.141522169043611; India VIX latest; 20D change 27.715355370472096; USDINR 20D change 0.8995466772440563; Crude 20D change 4.302699067276294,-6.0,SELL/AVOID,-1,-7.8,SELL/AVOID,"Tech -1 | News 0 (, ) | Event caution 0 | Macro -3 | Sector -2 | Analytics -1.8 (E) | Risk LOW/HIGH | Analytics: Trend 1, Momentum -2, Volume 0, Liquidity -2 (0.0cr), VolRisk MEDIUM, Sector FINANCIALS -3",0,0,LOW,,,,,,,0,0,,,0,,0,69.2,HIGH,-5.88,SELL/AVOID,"AI overlay from completed recommendation outcomes; use as probability/risk input, not standalone advice."
OFSS,2026-09-29,10406.0,29528.0,-1,NEUTRAL,25.6,-112.7113,23.52,11387.0,11610.3,,383.92,0.025,4.19,0.76,9830.11,11365.81,1.67,RSI oversold rebound candidate; MACD weak; Trend strength acceptable,IT,-4.08,-14.35,-10.92,0.0,3.69,1,-2,0,-2,0,MEDIUM,-3,8.3,-6.57,-2,-2,-1.8,1.25,E,"Trend 1, Momentum -2, Volume 0, Liquidity -2 (0.0cr), VolRisk MEDIUM, Sector IT -3",-1,-1,-1,NEUTRAL,News 0; event caution 0; risk LOW; type ; confidence ; reason . ,-3,HIGH,RISK_OFF,Nifty 20D return -5.771924924783489; 60D return -6.141522169043611; India VIX latest; 20D change 27.715355370472096; USDINR 20D change 0.8995466772440563; Crude 20D change 4.302699067276294,-6.0,SELL/AVOID,-1,-7.8,SELL/AVOID,"Tech -1 | News 0 (, ) | Event caution 0 | Macro -3 | Sector -2 | Analytics -1.8 (E) | Risk LOW/HIGH | Analytics: Trend 1, Momentum -2, Volume 0, Liquidity -2 (0.0cr), VolRisk MEDIUM, Sector IT -3",0,0,LOW,,,,,,,0,0,,,0,,0,70.7,HIGH,-5.73,SELL/AVOID,"AI overlay from completed recommendation outcomes; use as probability/risk input, not standalone advice."
SAMMAANCAP,2026-09-29,136.48,29473.0,-1,NEUTRAL,26.03,-0.7513,22.49,147.22,154.63,,4.74,0.069,3.16,0.96,129.37,148.34,1.67,RSI oversold rebound candidate; MACD weak; Trend strength acceptable,FINANCIALS,-4.02,-6.39,-18.59,0.0,3.47,1,-2,0,-2,0,MEDIUM,-3,22.7,-2.14,-2,-2,-1.8,1.25,E,"Trend 1, Momentum -2, Volume 0, Liquidity -2 (0.0cr), VolRisk MEDIUM, Sector FINANCIALS -3",-1,-1,-1,NEUTRAL,News 0; event caution 0; risk LOW; type ; confidence ; reason . ,-3,HIGH,RISK_OFF,Nifty 20D return -5.771924924783489; 60D return -6.141522169043611; India VIX latest; 20D change 27.715355370472096; USDINR 20D change 0.8995466772440563; Crude 20D change 4.302699067276294,-6.0,SELL/AVOID,-1,-7.8,SELL/AVOID,"Tech -1 | News 0 (, ) | Event caution 0 | Macro -3 | Sector -2 | Analytics -1.8 (E) | Risk LOW/HIGH | Analytics: Trend 1, Momentum -2, Volume 0, Liquidity -2 (0.0cr), VolRisk MEDIUM, Sector FINANCIALS -3",0,0,LOW,,,,,,,0,0,,,0,,0,74.2,HIGH,-5.38,SELL/AVOID,"AI overlay from completed recommendation outcomes; use as probability/risk input, not standalone advice."
ABB,2026-09-29,6660.5,28859.0,-1,NEUTRAL,27.73,-60.6249,24.86,7303.57,7425.26,,200.4,-0.178,0.0,1.11,6359.91,7161.49,1.67,RSI oversold rebound candidate; MACD weak; Trend strength acceptable,CAPITAL_GOODS,-6.59,-12.67,-5.27,0.0,3.01,1,-2,0,-2,0,MEDIUM,-3,0.0,-0.93,-2,-2,-1.8,1.25,E,"Trend 1, Momentum -2, Volume 0, Liquidity -2 (0.0cr), VolRisk MEDIUM, Sector CAPITAL_GOODS -3",-1,-1,-1,NEUTRAL,News 0; event caution 0; risk LOW; type ; confidence ; reason . ,-3,HIGH,RISK_OFF,Nifty 20D return -5.771924924783489; 60D return -6.141522169043611; India VIX latest; 20D change 27.715355370472096; USDINR 20D change 0.8995466772440563; Crude 20D change 4.302699067276294,-6.0,SELL/AVOID,-1,-7.8,SELL/AVOID,"Tech -1 | News 0 (, ) | Event caution 0 | Macro -3 | Sector -2 | Analytics -1.8 (E) | Risk LOW/HIGH | Analytics: Trend 1, Momentum -2, Volume 0, Liquidity -2 (0.0cr), VolRisk MEDIUM, Sector CAPITAL_GOODS -3",0,0,LOW,,,,,,,0,0,,,0,,0,71.7,HIGH,-5.63,SELL/AVOID,"AI overlay from completed recommendation outcomes; use as probability/risk input, not standalone advice."
HINDALCO,2026-09-29,955.2,96565.0,-2,NEUTRAL,37.02,-1.8553,17.56,984.52,1014.79,993.73,20.93,0.115,14.29,1.3,923.8,1007.53,1.67,MACD weak; Volume expansion,METALS,-4.84,-5.52,0.4,0.0,2.19,0,0,1,-2,1,LOW,-3,30.0,-0.49,-2,-1,-0.95,1.25,E,"Trend 0, Momentum 0, Volume 1, Liquidity -2 (0.0cr), VolRisk LOW, Sector METALS -3",-2,-2,-2,NEUTRAL,News 0; event caution 0; risk LOW; type ; confidence ; reason . ,-3,HIGH,RISK_OFF,Nifty 20D return -5.771924924783489; 60D return -6.141522169043611; India VIX latest; 20D change 27.715355370472096; USDINR 20D change 0.8995466772440563; Crude 20D change 4.302699067276294,-7.0,SELL/AVOID,-2,-7.95,SELL/AVOID,"Tech -2 | News 0 (, ) | Event caution 0 | Macro -3 | Sector -2 | Analytics -0.95 (E) | Risk LOW/HIGH | Analytics: Trend 0, Momentum 0, Volume 1, Liquidity -2 (0.0cr), VolRisk LOW, Sector METALS -3",0,0,LOW,,,,,,,0,0,,,0,,0,89.9,HIGH,-3.96,SELL/AVOID,"AI overlay from completed recommendation outcomes; use as probability/risk input, not standalone advice."
RPOWER,2026-09-29,19.77,49423.0,-1,NEUTRAL,21.09,-0.0709,18.29,21.09,22.23,24.78,0.59,-0.039,13.5,1.49,18.88,21.25,1.66,RSI oversold rebound candidate; MACD weak; Volume expansion,POWER,-5.99,-10.46,-18.64,0.0,3.0,0,-2,1,-2,0,MEDIUM,-3,18.2,-0.06,-2,-2,-2.0,1.25,E,"Trend 0, Momentum -2, Volume 1, Liquidity -2 (0.0cr), VolRisk MEDIUM, Sector POWER -3",-1,-1,-1,NEUTRAL,News 0; event caution 0; risk LOW; type ; confidence ; reason . ,-3,HIGH,RISK_OFF,Nifty 20D return -5.771924924783489; 60D return -6.141522169043611; India VIX latest; 20D change 27.715355370472096; USDINR 20D change 0.8995466772440563; Crude 20D change 4.302699067276294,-6.0,SELL/AVOID,-1,-8.0,SELL/AVOID,"Tech -1 | News 0 (, ) | Event caution 0 | Macro -3 | Sector -2 | Analytics -2 (E) | Risk LOW/HIGH | Analytics: Trend 0, Momentum -2, Volume 1, Liquidity -2 (0.0cr), VolRisk MEDIUM, Sector POWER -3",0,0,LOW,,,,,,,0,0,,,0,,0,71.6,HIGH,-5.84,SELL/AVOID,"AI overlay from completed recommendation outcomes; use as probability/risk input, not standalone advice."
DALBHARAT,2026-09-27,1700.2,20652.0,-2,NEUTRAL,41.58,-18.2041,13.51,1808.84,1758.21,,84.07,0.047,11.22,0.64,1574.09,1910.38,1.67,RSI in swing zone; MACD weak; Weak trend,CEMENT,-8.4,-1.06,-10.81,0.0,4.94,1,0,0,-2,0,MEDIUM,-3,14.3,-0.59,-2,-2,-1.1,1.25,E,"Trend 1, Momentum 0, Volume 0, Liquidity -2 (0.0cr), VolRisk MEDIUM, Sector CEMENT -3",-2,-2,-2,NEUTRAL,News 0; event caution 0; risk LOW; type ; confidence ; reason . ,-3,HIGH,RISK_OFF,Nifty 20D return -5.771924924783489; 60D return -6.141522169043611; India VIX latest; 20D change 27.715355370472096; USDINR 20D change 0.8995466772440563; Crude 20D change 4.302699067276294,-7.0,SELL/AVOID,-2,-8.1,SELL/AVOID,"Tech -2 | News 0 (, ) | Event caution 0 | Macro -3 | Sector -2 | Analytics -1.1 (E) | Risk LOW/HIGH | Analytics: Trend 1, Momentum 0, Volume 0, Liquidity -2 (0.0cr), VolRisk MEDIUM, Sector CEMENT -3",0,0,LOW,,,,,,,0,0,,,0,,0,69.5,HIGH,-6.15,SELL/AVOID,"AI overlay from completed recommendation outcomes; use as probability/risk input, not standalone advice."
RENUKA,2026-09-28,22.91,20896.0,-4,SELL/AVOID,38.29,-0.1154,14.13,24.27,25.24,,1.34,-0.018,5.37,0.59,20.89,26.27,1.66,MACD weak; Weak trend,UNKNOWN,-7.88,-10.05,-16.69,0.0,5.87,0,0,-1,-2,-1,HIGH,0,,,0,-3,-1.1,1.0,E,"Trend 0, Momentum 0, Volume -1, Liquidity -2 (0.0cr), VolRisk HIGH, Sector UNKNOWN 0",-4,-4,-4,SELL/AVOID,News 0; event caution 0; risk LOW; type ; confidence ; reason . ,-3,HIGH,RISK_OFF,Nifty 20D return -5.771924924783489; 60D return -6.141522169043611; India VIX latest; 20D change 27.715355370472096; USDINR 20D change 0.8995466772440563; Crude 20D change 4.302699067276294,-7.0,SELL/AVOID,-4,-8.1,SELL/AVOID,"Tech -4 | News 0 (, ) | Event caution 0 | Macro -3 | Sector 0 | Analytics -1.1 (E) | Risk LOW/HIGH | Analytics: Trend 0, Momentum 0, Volume -1, Liquidity -2 (0.0cr), VolRisk HIGH, Sector UNKNOWN 0",0,0,LOW,,,,,,,0,0,,,0,,0,67.1,HIGH,-6.39,SELL/AVOID,"AI overlay from completed recommendation outcomes; use as probability/risk input, not standalone advice."
RTNPOWER,2026-09-15,6.99,23412.0,-1,NEUTRAL,20.75,-0.2892,31.06,8.99,9.1,,0.54,0.051,1.24,0.89,6.18,8.34,1.67,RSI oversold rebound candidate; MACD weak; Trend strength acceptable,POWER,-10.5,-30.93,-15.17,0.0,7.71,1,-2,0,-2,-1,HIGH,-3,18.2,-0.06,-2,-3,-2.15,0.75,E,"Trend 1, Momentum -2, Volume 0, Liquidity -2 (0.0cr), VolRisk HIGH, Sector POWER -3",-1,-1,-1,NEUTRAL,News 0; event caution 0; risk LOW; type ; confidence ; reason . ,-3,HIGH,RISK_OFF,Nifty 20D return -5.771924924783489; 60D return -6.141522169043611; India VIX latest; 20D change 27.715355370472096; USDINR 20D change 0.8995466772440563; Crude 20D change 4.302699067276294,-6.0,SELL/AVOID,-1,-8.15,SELL/AVOID,"Tech -1 | News 0 (, ) | Event caution 0 | Macro -3 | Sector -2 | Analytics -2.15 (E) | Risk LOW/HIGH | Analytics: Trend 1, Momentum -2, Volume 0, Liquidity -2 (0.0cr), VolRisk HIGH, Sector POWER -3",0,0,LOW,,,,,,,0,0,,,0,,0,63.9,MEDIUM,-6.76,SELL/AVOID,"AI overlay from completed recommendation outcomes; use as probability/risk input, not standalone advice."
AUBANK,2026-09-29,1005.2,59747.0,-2,NEUTRAL,38.8,-4.6612,19.96,1041.45,1064.81,1006.98,25.02,0.113,25.49,1.2,967.67,1067.74,1.67,MACD weak,BANK,-4.54,-5.62,-2.43,0.0,2.49,0,0,0,-2,1,LOW,-3,19.2,-0.29,-2,-1,-1.2,1.25,E,"Trend 0, Momentum 0, Volume 0, Liquidity -2 (0.0cr), VolRisk LOW, Sector BANK -3",-2,-2,-2,NEUTRAL,News 0; event caution 0; risk LOW; type ; confidence ; reason . ,-3,HIGH,RISK_OFF,Nifty 20D return -5.771924924783489; 60D return -6.141522169043611; India VIX latest; 20D change 27.715355370472096; USDINR 20D change 0.8995466772440563; Crude 20D change 4.302699067276294,-7.0,SELL/AVOID,-2,-8.2,SELL/AVOID,"Tech -2 | News 0 (, ) | Event caution 0 | Macro -3 | Sector -2 | Analytics -1.2 (E) | Risk LOW/HIGH | Analytics: Trend 0, Momentum 0, Volume 0, Liquidity -2 (0.0cr), VolRisk LOW, Sector BANK -3",0,0,LOW,,,,,,,0,0,,,0,,0,85.1,HIGH,-4.69,SELL/AVOID,"AI overlay from completed recommendation outcomes; use as probability/risk input, not standalone advice."
JSWENERGY,2026-09-29,501.15,31627.0,-2,NEUTRAL,35.75,-1.9223,19.72,521.49,540.84,531.15,11.98,0.148,22.91,0.82,483.18,531.1,1.67,MACD weak,POWER,-3.81,-6.38,-9.45,0.0,2.39,0,0,0,-2,1,LOW,-3,18.2,-0.06,-2,-1,-1.2,1.25,E,"Trend 0, Momentum 0, Volume 0, Liquidity -2 (0.0cr), VolRisk LOW, Sector POWER -3",-2,-2,-2,NEUTRAL,News 0; event caution 0; risk LOW; type ; confidence ; reason . ,-3,HIGH,RISK_OFF,Nifty 20D return -5.771924924783489; 60D return -6.141522169043611; India VIX latest; 20D change 27.715355370472096; USDINR 20D change 0.8995466772440563; Crude 20D change 4.302699067276294,-7.0,SELL/AVOID,-2,-8.2,SELL/AVOID,"Tech -2 | News 0 (, ) | Event caution 0 | Macro -3 | Sector -2 | Analytics -1.2 (E) | Risk LOW/HIGH | Analytics: Trend 0, Momentum 0, Volume 0, Liquidity -2 (0.0cr), VolRisk LOW, Sector POWER -3",0,0,LOW,,,,,,,0,0,,,0,,0,85.8,HIGH,-4.62,SELL/AVOID,"AI overlay from completed recommendation outcomes; use as probability/risk input, not standalone advice."
ADANIPOWER,2026-09-29,196.3,133196.0,-2,NEUTRAL,36.14,-1.0214,18.78,205.52,206.61,197.85,5.77,0.038,19.22,1.64,187.64,210.73,1.67,MACD weak; Volume expansion,POWER,-4.15,-5.26,-10.92,0.0,2.94,0,0,1,-2,0,MEDIUM,-3,18.2,-0.06,-2,-2,-1.3,1.25,E,"Trend 0, Momentum 0, Volume 1, Liquidity -2 (0.0cr), VolRisk MEDIUM, Sector POWER -3",-2,-2,-2,NEUTRAL,News 0; event caution 0; risk LOW; type ; confidence ; reason . ,-3,HIGH,RISK_OFF,Nifty 20D return -5.771924924783489; 60D return -6.141522169043611; India VIX latest; 20D change 27.715355370472096; USDINR 20D change 0.8995466772440563; Crude 20D change 4.302699067276294,-7.0,SELL/AVOID,-2,-8.3,SELL/AVOID,"Tech -2 | News 0 (, ) | Event caution 0 | Macro -3 | Sector -2 | Analytics -1.3 (E) | Risk LOW/HIGH | Analytics: Trend 0, Momentum 0, Volume 1, Liquidity -2 (0.0cr), VolRisk MEDIUM, Sector POWER -3",0,0,LOW,,,,,,,0,0,,,0,,0,70.8,HIGH,-6.22,SELL/AVOID,"AI overlay from completed recommendation outcomes; use as probability/risk input, not standalone advice."
IGL,2026-09-29,142.02,59352.0,-2,NEUTRAL,32.49,-0.6073,12.72,148.61,150.46,,3.62,0.099,18.49,1.66,136.58,151.08,1.67,RSI oversold rebound candidate; MACD weak; Weak trend; Volume expansion,OIL_GAS,-3.45,-3.86,-16.13,0.0,2.55,0,-1,1,-2,0,MEDIUM,-2,0.0,1.4,-2,-2,-1.3,1.25,E,"Trend 0, Momentum -1, Volume 1, Liquidity -2 (0.0cr), VolRisk MEDIUM, Sector OIL_GAS -2",-2,-2,-2,NEUTRAL,News 0; event caution 0; risk LOW; type ; confidence ; reason . ,-3,HIGH,RISK_OFF,Nifty 20D return -5.771924924783489; 60D return -6.141522169043611; India VIX latest; 20D change 27.715355370472096; USDINR 20D change 0.8995466772440563; Crude 20D change 4.302699067276294,-7.0,SELL/AVOID,-2,-8.3,SELL/AVOID,"Tech -2 | News 0 (, ) | Event caution 0 | Macro -3 | Sector -2 | Analytics -1.3 (E) | Risk LOW/HIGH | Analytics: Trend 0, Momentum -1, Volume 1, Liquidity -2 (0.0cr), VolRisk MEDIUM, Sector OIL_GAS -2",0,0,LOW,,,,,,,0,0,,,0,,0,77.3,HIGH,-5.57,SELL/AVOID,"AI overlay from completed recommendation outcomes; use as probability/risk input, not standalone advice."
PRESTIGE,2026-09-28,1470.8,24213.0,-2,NEUTRAL,36.69,-14.6616,20.54,1560.43,1618.75,,60.35,0.154,25.9,0.86,1380.27,1621.68,1.67,MACD weak,REALTY,-1.82,-7.26,-1.77,0.0,4.1,0,0,0,-2,0,MEDIUM,-3,33.3,-1.26,-2,-2,-1.55,1.25,E,"Trend 0, Momentum 0, Volume 0, Liquidity -2 (0.0cr), VolRisk MEDIUM, Sector REALTY -3",-2,-2,-2,NEUTRAL,News 0; event caution 0; risk LOW; type ; confidence ; reason . ,-3,HIGH,RISK_OFF,Nifty 20D return -5.771924924783489; 60D return -6.141522169043611; India VIX latest; 20D change 27.715355370472096; USDINR 20D change 0.8995466772440563; Crude 20D change 4.302699067276294,-7.0,SELL/AVOID,-2,-8.55,SELL/AVOID,"Tech -2 | News 0 (, ) | Event caution 0 | Macro -3 | Sector -2 | Analytics -1.55 (E) | Risk LOW/HIGH | Analytics: Trend 0, Momentum 0, Volume 0, Liquidity -2 (0.0cr), VolRisk MEDIUM, Sector REALTY -3",0,0,LOW,,,,,,,0,0,,,0,,0,68.8,HIGH,-6.67,SELL/AVOID,"AI overlay from completed recommendation outcomes; use as probability/risk input, not standalone advice."
GENUSPOWER,2026-09-29,293.65,31410.0,-2,NEUTRAL,31.89,-4.0722,20.19,322.82,321.68,,13.58,0.055,6.15,0.52,273.28,327.6,1.67,RSI oversold rebound candidate; MACD weak,POWER,-2.62,-16.03,-9.78,0.0,4.63,1,-1,-1,-2,0,MEDIUM,-3,18.2,-0.06,-2,-2,-1.7,1.25,E,"Trend 1, Momentum -1, Volume -1, Liquidity -2 (0.0cr), VolRisk MEDIUM, Sector POWER -3",-2,-2,-2,NEUTRAL,News 0; event caution 0; risk LOW; type ; confidence ; reason . ,-3,HIGH,RISK_OFF,Nifty 20D return -5.771924924783489; 60D return -6.141522169043611; India VIX latest; 20D change 27.715355370472096; USDINR 20D change 0.8995466772440563; Crude 20D change 4.302699067276294,-7.0,SELL/AVOID,-2,-8.7,SELL/AVOID,"Tech -2 | News 0 (, ) | Event caution 0 | Macro -3 | Sector -2 | Analytics -1.7 (E) | Risk LOW/HIGH | Analytics: Trend 1, Momentum -1, Volume -1, Liquidity -2 (0.0cr), VolRisk MEDIUM, Sector POWER -3",0,0,LOW,,,,,,,0,0,,,0,,0,65.8,HIGH,-7.12,SELL/AVOID,"AI overlay from completed recommendation outcomes; use as probability/risk input, not standalone advice."
ATGL,2026-09-29,588.4,29213.0,-2,NEUTRAL,34.65,-1.0279,19.53,624.59,668.86,,25.07,0.147,12.2,0.32,550.8,651.07,1.67,RSI oversold rebound candidate; MACD weak,OIL_GAS,-6.04,-11.67,-18.28,0.0,4.26,0,-1,-1,-2,0,MEDIUM,-2,0.0,1.4,-2,-2,-1.8,1.25,E,"Trend 0, Momentum -1, Volume -1, Liquidity -2 (0.0cr), VolRisk MEDIUM, Sector OIL_GAS -2",-2,-2,-2,NEUTRAL,News 0; event caution 0; risk LOW; type ; confidence ; reason . ,-3,HIGH,RISK_OFF,Nifty 20D return -5.771924924783489; 60D return -6.141522169043611; India VIX latest; 20D change 27.715355370472096; USDINR 20D change 0.8995466772440563; Crude 20D change 4.302699067276294,-7.0,SELL/AVOID,-2,-8.8,SELL/AVOID,"Tech -2 | News 0 (, ) | Event caution 0 | Macro -3 | Sector -2 | Analytics -1.8 (E) | Risk LOW/HIGH | Analytics: Trend 0, Momentum -1, Volume -1, Liquidity -2 (0.0cr), VolRisk MEDIUM, Sector OIL_GAS -2",0,0,LOW,,,,,,,0,0,,,0,,0,66.7,HIGH,-7.13,SELL/AVOID,"AI overlay from completed recommendation outcomes; use as probability/risk input, not standalone advice."
ONGC,2026-09-29,230.0,99814.0,-3,SELL/AVOID,39.06,-0.2698,20.71,234.43,235.94,260.57,4.32,0.048,14.32,1.12,223.53,240.79,1.67,MACD weak,OIL_GAS,-2.91,-1.98,-7.96,0.0,1.88,0,0,0,-2,1,LOW,-2,0.0,1.4,-2,-1,-0.85,1.25,E,"Trend 0, Momentum 0, Volume 0, Liquidity -2 (0.0cr), VolRisk LOW, Sector OIL_GAS -2",-3,-3,-3,SELL/AVOID,News 0; event caution 0; risk LOW; type ; confidence ; reason . ,-3,HIGH,RISK_OFF,Nifty 20D return -5.771924924783489; 60D return -6.141522169043611; India VIX latest; 20D change 27.715355370472096; USDINR 20D change 0.8995466772440563; Crude 20D change 4.302699067276294,-8.0,SELL/AVOID,-3,-8.85,SELL/AVOID,"Tech -3 | News 0 (, ) | Event caution 0 | Macro -3 | Sector -2 | Analytics -0.85 (E) | Risk LOW/HIGH | Analytics: Trend 0, Momentum 0, Volume 0, Liquidity -2 (0.0cr), VolRisk LOW, Sector OIL_GAS -2",0,0,LOW,,,,,,,0,0,,,0,,0,86.7,HIGH,-5.18,SELL/AVOID,"AI overlay from completed recommendation outcomes; use as probability/risk input, not standalone advice."
BPCL,2026-09-29,299.35,44663.0,-3,SELL/AVOID,36.75,-0.4976,20.83,307.3,313.69,314.81,7.02,0.147,15.09,1.03,288.82,316.9,1.67,MACD weak,OIL_GAS,-4.54,-6.34,-5.13,0.0,2.34,0,0,0,-2,1,LOW,-2,0.0,1.4,-2,-1,-0.85,1.25,E,"Trend 0, Momentum 0, Volume 0, Liquidity -2 (0.0cr), VolRisk LOW, Sector OIL_GAS -2",-3,-3,-3,SELL/AVOID,News 0; event caution 0; risk LOW; type ; confidence ; reason . ,-3,HIGH,RISK_OFF,Nifty 20D return -5.771924924783489; 60D return -6.141522169043611; India VIX latest; 20D change 27.715355370472096; USDINR 20D change 0.8995466772440563; Crude 20D change 4.302699067276294,-8.0,SELL/AVOID,-3,-8.85,SELL/AVOID,"Tech -3 | News 0 (, ) | Event caution 0 | Macro -3 | Sector -2 | Analytics -0.85 (E) | Risk LOW/HIGH | Analytics: Trend 0, Momentum 0, Volume 0, Liquidity -2 (0.0cr), VolRisk LOW, Sector OIL_GAS -2",0,0,LOW,,,,,,,0,0,,,0,,0,85.5,HIGH,-5.3,SELL/AVOID,"AI overlay from completed recommendation outcomes; use as probability/risk input, not standalone advice."
TATACHEM,2026-09-29,613.85,81218.0,-2,NEUTRAL,38.75,-3.5523,19.82,657.04,688.59,,37.36,0.258,5.97,0.82,557.8,707.26,1.67,MACD weak; Bollinger position healthy,CHEMICALS,-8.37,-2.06,-24.12,0.0,6.09,0,0,0,-2,-1,HIGH,-3,0.0,-2.26,-2,-3,-1.9,0.75,E,"Trend 0, Momentum 0, Volume 0, Liquidity -2 (0.0cr), VolRisk HIGH, Sector CHEMICALS -3",-2,-2,-2,NEUTRAL,News 0; event caution 0; risk LOW; type ; confidence ; reason . ,-3,HIGH,RISK_OFF,Nifty 20D return -5.771924924783489; 60D return -6.141522169043611; India VIX latest; 20D change 27.715355370472096; USDINR 20D change 0.8995466772440563; Crude 20D change 4.302699067276294,-7.0,SELL/AVOID,-2,-8.9,SELL/AVOID,"Tech -2 | News 0 (, ) | Event caution 0 | Macro -3 | Sector -2 | Analytics -1.9 (E) | Risk LOW/HIGH | Analytics: Trend 0, Momentum 0, Volume 0, Liquidity -2 (0.0cr), VolRisk HIGH, Sector CHEMICALS -3",0,0,LOW,,,,,,,0,0,,,0,,0,60.4,MEDIUM,-7.86,SELL/AVOID,"AI overlay from completed recommendation outcomes; use as probability/risk input, not standalone advice."
DEEPAKNTR,2026-09-20,1586.3,26484.0,-2,NEUTRAL,33.24,-18.6108,21.36,1699.93,1717.92,,58.18,0.136,3.75,0.94,1499.04,1731.74,1.67,RSI oversold rebound candidate; MACD weak,CHEMICALS,-3.39,-11.7,7.66,0.0,3.67,0,-1,0,-2,0,MEDIUM,-3,0.0,-2.26,-2,-2,-1.9,1.25,E,"Trend 0, Momentum -1, Volume 0, Liquidity -2 (0.0cr), VolRisk MEDIUM, Sector CHEMICALS -3",-2,-2,-2,NEUTRAL,News 0; event caution 0; risk LOW; type ; confidence ; reason . ,-3,HIGH,RISK_OFF,Nifty 20D return -5.771924924783489; 60D return -6.141522169043611; India VIX latest; 20D change 27.715355370472096; USDINR 20D change 0.8995466772440563; Crude 20D change 4.302699067276294,-7.0,SELL/AVOID,-2,-8.9,SELL/AVOID,"Tech -2 | News 0 (, ) | Event caution 0 | Macro -3 | Sector -2 | Analytics -1.9 (E) | Risk LOW/HIGH | Analytics: Trend 0, Momentum -1, Volume 0, Liquidity -2 (0.0cr), VolRisk MEDIUM, Sector CHEMICALS -3",0,0,LOW,,,,,,,0,0,,,0,,0,65.7,HIGH,-7.33,SELL/AVOID,"AI overlay from completed recommendation outcomes; use as probability/risk input, not standalone advice."
SIEMENS,2026-09-29,3710.0,31488.0,-3,SELL/AVOID,36.95,-33.3406,19.84,3940.79,3833.4,,109.82,-0.012,0.0,0.92,3545.26,3984.56,1.67,MACD weak,CAPITAL_GOODS,-1.42,-5.84,0.65,0.0,2.96,1,0,0,-2,0,MEDIUM,-3,0.0,-0.93,-2,-2,-1.1,1.25,E,"Trend 1, Momentum 0, Volume 0, Liquidity -2 (0.0cr), VolRisk MEDIUM, Sector CAPITAL_GOODS -3",-3,-3,-3,SELL/AVOID,News 0; event caution 0; risk LOW; type ; confidence ; reason . ,-3,HIGH,RISK_OFF,Nifty 20D return -5.771924924783489; 60D return -6.141522169043611; India VIX latest; 20D change 27.715355370472096; USDINR 20D change 0.8995466772440563; Crude 20D change 4.302699067276294,-8.0,SELL/AVOID,-3,-9.1,SELL/AVOID,"Tech -3 | News 0 (, ) | Event caution 0 | Macro -3 | Sector -2 | Analytics -1.1 (E) | Risk LOW/HIGH | Analytics: Trend 1, Momentum 0, Volume 0, Liquidity -2 (0.0cr), VolRisk MEDIUM, Sector CAPITAL_GOODS -3",0,0,LOW,,,,,,,0,0,,,0,,0,69.3,HIGH,-7.17,SELL/AVOID,"AI overlay from completed recommendation outcomes; use as probability/risk input, not standalone advice."
CANFINHOME,2026-08-31,795.3,27531.0,-3,SELL/AVOID,37.43,-7.9366,20.55,860.61,859.78,,34.11,0.153,4.62,0.95,744.13,880.58,1.67,MACD weak,FINANCIALS,-2.29,-10.0,,0.0,4.29,1,0,0,-2,0,MEDIUM,-3,22.7,-2.14,-2,-2,-1.1,1.25,E,"Trend 1, Momentum 0, Volume 0, Liquidity -2 (0.0cr), VolRisk MEDIUM, Sector FINANCIALS -3",-3,-3,-3,SELL/AVOID,News 0; event caution 0; risk LOW; type ; confidence ; reason . ,-3,HIGH,RISK_OFF,Nifty 20D return -5.771924924783489; 60D return -6.141522169043611; India VIX latest; 20D change 27.715355370472096; USDINR 20D change 0.8995466772440563; Crude 20D change 4.302699067276294,-8.0,SELL/AVOID,-3,-9.1,SELL/AVOID,"Tech -3 | News 0 (, ) | Event caution 0 | Macro -3 | Sector -2 | Analytics -1.1 (E) | Risk LOW/HIGH | Analytics: Trend 1, Momentum 0, Volume 0, Liquidity -2 (0.0cr), VolRisk MEDIUM, Sector FINANCIALS -3",0,0,LOW,,,,,,,0,0,,,0,,0,68.1,HIGH,-7.29,SELL/AVOID,"AI overlay from completed recommendation outcomes; use as probability/risk input, not standalone advice."
LICI,2026-09-29,390.0,72675.0,-3,SELL/AVOID,35.43,-0.3057,18.31,403.84,408.44,612.91,9.03,-0.079,11.18,1.02,376.45,412.58,1.67,MACD weak,FINANCIALS,-4.29,-6.1,-11.31,0.0,2.32,0,0,0,-2,1,LOW,-3,22.7,-2.14,-2,-1,-1.2,1.25,E,"Trend 0, Momentum 0, Volume 0, Liquidity -2 (0.0cr), VolRisk LOW, Sector FINANCIALS -3",-3,-3,-3,SELL/AVOID,News 0; event caution 0; risk LOW; type ; confidence ; reason . ,-3,HIGH,RISK_OFF,Nifty 20D return -5.771924924783489; 60D return -6.141522169043611; India VIX latest; 20D change 27.715355370472096; USDINR 20D change 0.8995466772440563; Crude 20D change 4.302699067276294,-8.0,SELL/AVOID,-3,-9.2,SELL/AVOID,"Tech -3 | News 0 (, ) | Event caution 0 | Macro -3 | Sector -2 | Analytics -1.2 (E) | Risk LOW/HIGH | Analytics: Trend 0, Momentum 0, Volume 0, Liquidity -2 (0.0cr), VolRisk LOW, Sector FINANCIALS -3",0,0,LOW,,,,,,,0,0,,,0,,0,85.5,HIGH,-5.65,SELL/AVOID,"AI overlay from completed recommendation outcomes; use as probability/risk input, not standalone advice."
HINDZINC,2026-09-29,563.3,57875.0,-3,SELL/AVOID,39.5,-2.1541,16.79,584.24,587.01,576.18,15.37,0.08,5.73,0.91,540.24,601.73,1.67,MACD weak,METALS,-5.4,-6.27,5.41,0.0,2.73,0,0,0,-2,0,MEDIUM,-3,30.0,-0.49,-2,-2,-1.55,1.25,E,"Trend 0, Momentum 0, Volume 0, Liquidity -2 (0.0cr), VolRisk MEDIUM, Sector METALS -3",-3,-3,-3,SELL/AVOID,News 0; event caution 0; risk LOW; type ; confidence ; reason . ,-3,HIGH,RISK_OFF,Nifty 20D return -5.771924924783489; 60D return -6.141522169043611; India VIX latest; 20D change 27.715355370472096; USDINR 20D change 0.8995466772440563; Crude 20D change 4.302699067276294,-8.0,SELL/AVOID,-3,-9.55,SELL/AVOID,"Tech -3 | News 0 (, ) | Event caution 0 | Macro -3 | Sector -2 | Analytics -1.55 (E) | Risk LOW/HIGH | Analytics: Trend 0, Momentum 0, Volume 0, Liquidity -2 (0.0cr), VolRisk MEDIUM, Sector METALS -3",0,0,LOW,,,,,,,0,0,,,0,,0,66.7,HIGH,-7.88,SELL/AVOID,"AI overlay from completed recommendation outcomes; use as probability/risk input, not standalone advice."
BALKRISIND,2026-09-29,2126.2,37199.0,-3,SELL/AVOID,37.95,-6.2187,16.75,2239.53,2243.07,,77.53,0.098,4.51,0.75,2009.9,2320.03,1.67,MACD weak,AUTO_ANC,-0.13,-9.14,2.85,0.0,3.65,0,0,0,-2,0,MEDIUM,-3,14.3,-1.07,-2,-2,-1.55,1.25,E,"Trend 0, Momentum 0, Volume 0, Liquidity -2 (0.0cr), VolRisk MEDIUM, Sector AUTO_ANC -3",-3,-3,-3,SELL/AVOID,News 0; event caution 0; risk LOW; type ; confidence ; reason . ,-3,HIGH,RISK_OFF,Nifty 20D return -5.771924924783489; 60D return -6.141522169043611; India VIX latest; 20D change 27.715355370472096; USDINR 20D change 0.8995466772440563; Crude 20D change 4.302699067276294,-8.0,SELL/AVOID,-3,-9.55,SELL/AVOID,"Tech -3 | News 0 (, ) | Event caution 0 | Macro -3 | Sector -2 | Analytics -1.55 (E) | Risk LOW/HIGH | Analytics: Trend 0, Momentum 0, Volume 0, Liquidity -2 (0.0cr), VolRisk MEDIUM, Sector AUTO_ANC -3",0,0,LOW,,,,,,,0,0,,,0,,0,66.7,HIGH,-7.88,SELL/AVOID,"AI overlay from completed recommendation outcomes; use as probability/risk input, not standalone advice."
NHPC,2026-09-29,73.32,30644.0,-3,SELL/AVOID,31.83,-0.1982,14.76,75.96,76.59,77.5,1.32,-0.273,0.49,0.85,71.33,76.63,1.66,RSI oversold rebound candidate; MACD weak; Weak trend,POWER,-4.46,-3.84,-7.08,0.0,1.81,0,-1,0,-2,1,LOW,-3,18.2,-0.06,-2,-1,-1.55,1.25,E,"Trend 0, Momentum -1, Volume 0, Liquidity -2 (0.0cr), VolRisk LOW, Sector POWER -3",-3,-3,-3,SELL/AVOID,News 0; event caution 0; risk LOW; type ; confidence ; reason . ,-3,HIGH,RISK_OFF,Nifty 20D return -5.771924924783489; 60D return -6.141522169043611; India VIX latest; 20D change 27.715355370472096; USDINR 20D change 0.8995466772440563; Crude 20D change 4.302699067276294,-8.0,SELL/AVOID,-3,-9.55,SELL/AVOID,"Tech -3 | News 0 (, ) | Event caution 0 | Macro -3 | Sector -2 | Analytics -1.55 (E) | Risk LOW/HIGH | Analytics: Trend 0, Momentum -1, Volume 0, Liquidity -2 (0.0cr), VolRisk LOW, Sector POWER -3",0,0,LOW,,,,,,,0,0,,,0,,0,85.9,HIGH,-5.96,SELL/AVOID,"AI overlay from completed recommendation outcomes; use as probability/risk input, not standalone advice."
EQUITASBNK,2026-09-28,66.02,21681.0,-2,NEUTRAL,29.38,-1.1529,19.17,74.98,76.48,,3.33,-0.035,9.29,0.71,61.03,74.34,1.67,RSI oversold rebound candidate; MACD weak,BANK,-13.27,-16.73,-1.08,0.0,5.04,0,-2,0,-2,-1,HIGH,-3,19.2,-0.29,-2,-3,-2.6,0.75,E,"Trend 0, Momentum -2, Volume 0, Liquidity -2 (0.0cr), VolRisk HIGH, Sector BANK -3",-2,-2,-2,NEUTRAL,News 0; event caution 0; risk LOW; type ; confidence ; reason . ,-3,HIGH,RISK_OFF,Nifty 20D return -5.771924924783489; 60D return -6.141522169043611; India VIX latest; 20D change 27.715355370472096; USDINR 20D change 0.8995466772440563; Crude 20D change 4.302699067276294,-7.0,SELL/AVOID,-2,-9.6,SELL/AVOID,"Tech -2 | News 0 (, ) | Event caution 0 | Macro -3 | Sector -2 | Analytics -2.6 (E) | Risk LOW/HIGH | Analytics: Trend 0, Momentum -2, Volume 0, Liquidity -2 (0.0cr), VolRisk HIGH, Sector BANK -3",0,0,LOW,,,,,,,0,0,,,0,,0,62.5,MEDIUM,-8.35,SELL/AVOID,"AI overlay from completed recommendation outcomes; use as probability/risk input, not standalone advice."
MPHASIS,2026-09-27,2234.0,19367.0,-3,SELL/AVOID,33.37,-23.6153,13.84,2379.88,2394.64,,75.16,0.073,9.52,0.64,2121.26,2421.89,1.67,RSI oversold rebound candidate; MACD weak; Weak trend,IT,-2.89,-11.0,1.19,0.0,3.36,0,-1,0,-2,0,MEDIUM,-3,8.3,-6.57,-2,-2,-1.9,1.25,E,"Trend 0, Momentum -1, Volume 0, Liquidity -2 (0.0cr), VolRisk MEDIUM, Sector IT -3",-3,-3,-3,SELL/AVOID,News 0; event caution 0; risk LOW; type ; confidence ; reason . ,-3,HIGH,RISK_OFF,Nifty 20D return -5.771924924783489; 60D return -6.141522169043611; India VIX latest; 20D change 27.715355370472096; USDINR 20D change 0.8995466772440563; Crude 20D change 4.302699067276294,-8.0,SELL/AVOID,-3,-9.9,SELL/AVOID,"Tech -3 | News 0 (, ) | Event caution 0 | Macro -3 | Sector -2 | Analytics -1.9 (E) | Risk LOW/HIGH | Analytics: Trend 0, Momentum -1, Volume 0, Liquidity -2 (0.0cr), VolRisk MEDIUM, Sector IT -3",0,0,LOW,,,,,,,0,0,,,0,,0,66.8,HIGH,-8.22,SELL/AVOID,"AI overlay from completed recommendation outcomes; use as probability/risk input, not standalone advice."
